customer_id,total_orders,total_spent,average_order_value,last_order_date,recency_days,R_score,F_score,M_score,RFM_score,customer_segment,cluster
1489,3,197128.71,65709.57,2025-06-20,194,3,3,5,11,Potential Loyalists,0
4790,1,11607.9,11607.9,2024-09-22,465,1,1,1,3,Lost Customers,1
273,5,178841.98,35768.4,2025-10-31,61,4,5,5,14,Champions,0
3936,4,131346.75,32836.69,2025-10-21,71,4,4,4,12,Champions,0
2574,2,129572.0,64786.0,2025-09-13,109,4,2,4,10,New Customers,0
951,2,100834.12,50417.06,2025-06-12,202,3,2,4,9,Potential Loyalists,1
4326,5,146124.16,29224.83,2025-03-01,305,2,5,5,12,At Risk High Value,0
2614,3,146192.56,48730.85,2025-11-21,40,5,3,5,13,Loyal Customers,0
2520,4,111131.11,27782.78,2025-05-06,239,2,4,4,10,At Risk High Value,0
2466,2,26011.81,13005.91,2025-07-21,163,3,2,1,6,Potential Loyalists,1
2196,2,43195.11,21597.56,2024-12-24,372,1,2,2,5,Lost Customers,1
1750,2,87464.96,43732.48,2025-06-24,190,3,2,3,8,Potential Loyalists,1
4321,5,128087.9,25617.58,2025-03-07,299,2,5,4,11,At Risk High Value,0
176,2,90277.55,45138.78,2024-11-19,407,1,2,3,6,Lost Customers,1
576,3,68874.85,22958.28,2025-06-08,206,3,3,3,9,Potential Loyalists,1
4683,3,134549.99,44850.0,2025-07-10,174,3,3,4,10,Potential Loyalists,0
4993,3,133907.83,44635.94,2025-03-12,294,2,3,4,9,At Risk,0
4976,1,64059.8,64059.8,2025-04-01,274,2,1,3,6,Lost Customers,1
1003,1,3665.43,3665.43,2025-12-28,3,5,1,1,7,New Customers,1
292,1,94905.72,94905.72,2025-11-18,43,5,1,4,10,New Customers,1
1331,2,27260.79,13630.4,2025-04-18,257,2,2,1,5,Lost Customers,1
2784,5,152153.35,30430.67,2025-09-14,108,4,5,5,14,Champions,0
663,1,85011.13,85011.13,2025-11-07,54,5,1,3,9,New Customers,1
1552,2,41978.96,20989.48,2025-10-29,63,4,2,2,8,New Customers,1
1589,5,137087.12,27417.42,2024-10-26,431,1,5,4,10,At Risk High Value,0
3725,2,31586.66,15793.33,2025-11-04,57,4,2,2,8,New Customers,1
1811,4,116241.75,29060.44,2025-09-01,121,4,4,4,12,Champions,0
764,2,126125.32,63062.66,2025-09-27,95,4,2,4,10,New Customers,0
2204,3,140628.6,46876.2,2024-11-22,404,1,3,5,9,At Risk,1
1373,5,91367.59,18273.52,2025-12-07,24,5,5,3,13,Loyal Customers,0
556,3,103540.18,34513.39,2025-10-14,78,4,3,4,11,Loyal Customers,0
2469,1,10953.03,10953.03,2024-08-15,503,1,1,1,3,Lost Customers,1
3762,3,98514.6,32838.2,2024-09-23,464,1,3,4,8,At Risk,1
1268,3,94994.06,31664.69,2025-11-11,50,5,3,4,12,Loyal Customers,0
2749,4,148241.46,37060.37,2025-08-12,141,3,4,5,12,Potential Loyalists,0
3641,4,155720.8,38930.2,2025-12-16,15,5,4,5,14,Champions,0
173,5,189516.97,37903.39,2025-12-23,8,5,5,5,15,Champions,0
4221,2,68153.92,34076.96,2025-08-12,141,3,2,3,8,Potential Loyalists,1
876,1,2975.36,2975.36,2025-05-18,227,2,1,1,4,Lost Customers,1
161,2,40565.8,20282.9,2025-02-16,318,2,2,2,6,Lost Customers,1
4813,2,117497.46,58748.73,2025-11-07,54,5,2,4,11,New Customers,0
3202,2,71332.04,35666.02,2025-07-24,160,3,2,3,8,Potential Loyalists,1
113,2,58572.41,29286.21,2025-11-04,57,4,2,2,8,New Customers,1
2172,3,95862.08,31954.03,2025-09-18,104,4,3,4,11,Loyal Customers,0
2983,3,64603.04,21534.35,2025-11-03,58,4,3,3,10,Loyal Customers,1
1595,4,98489.48,24622.37,2025-05-21,224,2,4,4,10,At Risk High Value,0
3097,2,62668.3,31334.15,2025-12-08,23,5,2,3,10,New Customers,1
4519,4,96428.11,24107.03,2025-06-04,210,3,4,4,11,Potential Loyalists,0
4611,2,22776.93,11388.47,2025-08-07,146,3,2,1,6,Potential Loyalists,1
4095,5,132369.23,26473.85,2025-07-19,165,3,5,4,12,Potential Loyalists,0
4289,2,65080.42,32540.21,2024-04-09,631,1,2,3,6,Lost Customers,1
2990,2,24376.47,12188.24,2025-06-12,202,3,2,1,6,Potential Loyalists,1
815,4,76971.71,19242.93,2025-12-19,12,5,4,3,12,Loyal Customers,0
1422,4,111809.03,27952.26,2025-10-15,77,4,4,4,12,Champions,0
1004,1,1139.73,1139.73,2024-09-16,471,1,1,1,3,Lost Customers,1
3150,4,127533.82,31883.46,2025-12-03,28,5,4,4,13,Champions,0
2054,2,145598.36,72799.18,2024-08-31,487,1,2,5,8,Lost Customers,1
2702,4,73734.4,18433.6,2025-11-15,46,5,4,3,12,Loyal Customers,0
3837,1,69727.01,69727.01,2025-09-20,102,4,1,3,8,New Customers,1
2404,4,114594.87,28648.72,2025-11-23,38,5,4,4,13,Champions,0
3071,4,154611.93,38652.98,2025-03-06,300,2,4,5,11,At Risk High Value,0
57,4,182034.78,45508.7,2024-08-20,498,1,4,5,10,At Risk High Value,0
19,2,74841.0,37420.5,2024-03-30,641,1,2,3,6,Lost Customers,1
1313,2,93348.41,46674.21,2025-07-25,159,3,2,4,9,Potential Loyalists,1
2721,1,15734.4,15734.4,2025-11-09,52,5,1,1,7,New Customers,1
4452,2,16911.23,8455.62,2025-05-28,217,3,2,1,6,Potential Loyalists,1
824,4,69757.5,17439.38,2025-04-28,247,2,4,3,9,At Risk High Value,0
3834,3,147711.19,49237.06,2025-06-07,207,3,3,5,11,Potential Loyalists,0
3460,4,90403.19,22600.8,2025-06-17,197,3,4,3,10,Potential Loyalists,0
357,2,32353.37,16176.69,2024-09-30,457,1,2,2,5,Lost Customers,1
4634,2,32773.17,16386.59,2025-11-08,53,5,2,2,9,New Customers,1
769,4,75880.01,18970.0,2025-09-14,108,4,4,3,11,Loyal Customers,0
266,1,49890.71,49890.71,2025-05-13,232,2,1,2,5,Lost Customers,1
1287,5,148712.93,29742.59,2025-09-29,93,4,5,5,14,Champions,0
1550,5,177854.2,35570.84,2025-11-16,45,5,5,5,15,Champions,0
4669,3,99744.87,33248.29,2025-03-05,301,2,3,4,9,At Risk,1
3855,2,29913.71,14956.86,2025-08-02,151,3,2,1,6,Potential Loyalists,1
3840,2,42475.38,21237.69,2025-08-10,143,3,2,2,7,Potential Loyalists,1
366,3,161661.99,53887.33,2025-09-05,117,4,3,5,12,Loyal Customers,0
3199,2,65294.68,32647.34,2024-11-28,398,1,2,3,6,Lost Customers,1
4078,2,31518.77,15759.39,2025-12-10,21,5,2,2,9,New Customers,1
91,2,65971.69,32985.85,2025-04-12,263,2,2,3,7,Lost Customers,1
305,2,78709.96,39354.98,2025-07-10,174,3,2,3,8,Potential Loyalists,1
743,2,18068.32,9034.16,2025-01-20,345,2,2,1,5,Lost Customers,1
1484,5,226930.08,45386.02,2025-12-15,16,5,5,5,15,Champions,0
3986,3,66358.31,22119.44,2025-12-09,22,5,3,3,11,Loyal Customers,0
10,1,11812.65,11812.65,2024-11-29,397,1,1,1,3,Lost Customers,1
1940,4,141145.96,35286.49,2025-12-01,30,5,4,5,14,Champions,0
3068,3,12012.82,4004.27,2025-11-17,44,5,3,1,9,Loyal Customers,1
4643,3,94141.79,31380.6,2025-11-05,56,5,3,4,12,Loyal Customers,0
3582,3,85857.56,28619.19,2024-12-02,394,1,3,3,7,At Risk,1
2636,2,95198.86,47599.43,2024-09-12,475,1,2,4,7,Lost Customers,1
1602,4,217238.66,54309.67,2025-04-16,259,2,4,5,11,At Risk High Value,0
823,1,3347.28,3347.28,2025-08-30,123,4,1,1,6,New Customers,1
2544,2,35022.11,17511.06,2025-10-07,85,4,2,2,8,New Customers,1
3494,3,53164.54,17721.51,2025-02-03,331,2,3,2,7,At Risk,1
4356,1,8512.64,8512.64,2024-12-23,373,1,1,1,3,Lost Customers,1
4314,2,91411.98,45705.99,2024-09-06,481,1,2,3,6,Lost Customers,1
50,1,39591.04,39591.04,2024-02-29,671,1,1,2,4,Lost Customers,1
4754,2,87237.61,43618.81,2025-06-18,196,3,2,3,8,Potential Loyalists,1
13,3,129958.48,43319.49,2024-12-15,381,1,3,4,8,At Risk,1
4689,1,7600.57,7600.57,2024-04-11,629,1,1,1,3,Lost Customers,1
1319,5,196097.39,39219.48,2025-12-30,1,5,5,5,15,Champions,0
2,2,110870.58,55435.29,2025-06-13,201,3,2,4,9,Potential Loyalists,1
4579,6,121060.24,20176.71,2025-10-07,85,4,5,4,13,Champions,0
2770,2,35687.82,17843.91,2024-05-05,605,1,2,2,5,Lost Customers,1
246,1,21553.55,21553.55,2025-05-23,222,2,1,1,4,Lost Customers,1
1603,2,56069.47,28034.74,2025-10-02,90,4,2,2,8,New Customers,1
3735,2,39636.02,19818.01,2025-12-23,8,5,2,2,9,New Customers,1
1942,6,167951.75,27991.96,2025-10-03,89,4,5,5,14,Champions,0
4474,1,16619.86,16619.86,2025-10-21,71,4,1,1,6,New Customers,1
2857,1,8346.2,8346.2,2025-10-08,84,4,1,1,6,New Customers,1
2799,3,32389.47,10796.49,2025-12-21,10,5,3,2,10,Loyal Customers,1
3497,5,82274.35,16454.87,2025-04-01,274,2,5,3,10,At Risk High Value,0
2140,3,71248.6,23749.53,2025-09-07,115,4,3,3,10,Loyal Customers,1
1522,2,46388.86,23194.43,2025-05-10,235,2,2,2,6,Lost Customers,1
1967,1,51039.65,51039.65,2024-12-23,373,1,1,2,4,Lost Customers,1
2575,2,112672.3,56336.15,2024-06-01,578,1,2,4,7,Lost Customers,1
3442,2,67287.15,33643.58,2024-10-23,434,1,2,3,6,Lost Customers,1
4635,4,42194.48,10548.62,2025-06-10,204,3,4,2,9,Potential Loyalists,1
2952,5,139196.84,27839.37,2025-03-04,302,2,5,5,12,At Risk High Value,0
3755,5,61922.32,12384.46,2025-11-02,59,4,5,3,12,Loyal Customers,0
2742,2,29583.74,14791.87,2025-12-03,28,5,2,1,8,New Customers,1
1006,4,119904.22,29976.06,2025-04-18,257,2,4,4,10,At Risk High Value,0
4773,2,93821.65,46910.83,2025-08-08,145,3,2,4,9,Potential Loyalists,1
2683,2,165598.47,82799.24,2025-08-13,140,3,2,5,10,Potential Loyalists,0
3046,3,97158.49,32386.16,2025-12-13,18,5,3,4,12,Loyal Customers,0
453,2,17868.44,8934.22,2024-11-08,418,1,2,1,4,Lost Customers,1
2099,4,158876.04,39719.01,2025-12-18,13,5,4,5,14,Champions,0
3530,2,20465.78,10232.89,2024-09-17,470,1,2,1,4,Lost Customers,1
182,1,102212.35,102212.35,2025-09-30,92,4,1,4,9,New Customers,1
1950,2,57123.0,28561.5,2025-09-11,111,4,2,2,8,New Customers,1
528,3,132627.0,44209.0,2025-08-29,124,4,3,4,11,Loyal Customers,0
4351,2,23839.41,11919.71,2025-05-27,218,3,2,1,6,Potential Loyalists,1
1549,5,101663.7,20332.74,2025-08-23,130,3,5,4,12,Potential Loyalists,0
3463,1,133099.48,133099.48,2025-10-13,79,4,1,4,9,New Customers,1
1474,7,165825.74,23689.39,2025-12-27,4,5,5,5,15,Champions,0
1613,1,22126.87,22126.87,2025-11-24,37,5,1,1,7,New Customers,1
4102,1,25865.55,25865.55,2025-06-02,212,3,1,1,5,Potential Loyalists,1
3602,3,39442.03,13147.34,2024-08-28,490,1,3,2,6,At Risk,1
481,4,92561.2,23140.3,2025-12-06,25,5,4,3,12,Loyal Customers,0
4645,3,210089.87,70029.96,2025-06-07,207,3,3,5,11,Potential Loyalists,0
382,3,110205.22,36735.07,2025-03-08,298,2,3,4,9,At Risk,1
1804,2,24072.72,12036.36,2025-11-09,52,5,2,1,8,New Customers,1
438,3,71603.67,23867.89,2025-04-27,248,2,3,3,8,At Risk,1
2675,4,183050.61,45762.65,2025-07-05,179,3,4,5,12,Potential Loyalists,0
2579,2,65175.04,32587.52,2024-08-23,495,1,2,3,6,Lost Customers,1
2526,2,23775.6,11887.8,2025-03-24,282,2,2,1,5,Lost Customers,1
378,2,103934.78,51967.39,2025-05-27,218,3,2,4,9,Potential Loyalists,1
2073,1,31657.92,31657.92,2024-02-05,695,1,1,2,4,Lost Customers,1
3717,1,1812.7,1812.7,2024-09-04,483,1,1,1,3,Lost Customers,1
1349,4,44008.23,11002.06,2025-06-20,194,3,4,2,9,Potential Loyalists,1
4199,2,48160.62,24080.31,2025-11-13,48,5,2,2,9,New Customers,1
3378,5,147897.21,29579.44,2025-12-01,30,5,5,5,15,Champions,0
4808,1,5487.21,5487.21,2024-10-24,433,1,1,1,3,Lost Customers,1
4081,2,86481.73,43240.87,2025-07-07,177,3,2,3,8,Potential Loyalists,1
1044,3,100601.11,33533.7,2025-09-19,103,4,3,4,11,Loyal Customers,0
4893,1,9910.72,9910.72,2024-10-04,453,1,1,1,3,Lost Customers,1
4967,2,84499.59,42249.8,2025-02-08,326,2,2,3,7,Lost Customers,1
3786,1,136980.26,136980.26,2025-10-11,81,4,1,4,9,New Customers,1
4147,3,123388.05,41129.35,2025-04-29,246,2,3,4,9,At Risk,0
3671,1,33120.6,33120.6,2024-07-12,537,1,1,2,4,Lost Customers,1
1848,4,108209.92,27052.48,2025-10-27,65,4,4,4,12,Champions,0
589,1,61423.04,61423.04,2024-06-17,562,1,1,3,5,Lost Customers,1
2925,5,142970.96,28594.19,2025-07-01,183,3,5,5,13,Potential Loyalists,0
4150,1,13520.66,13520.66,2024-05-02,608,1,1,1,3,Lost Customers,1
1167,3,67726.76,22575.59,2025-08-04,149,3,3,3,9,Potential Loyalists,1
3702,2,58366.36,29183.18,2025-06-02,212,3,2,2,7,Potential Loyalists,1
329,3,78595.81,26198.6,2025-12-27,4,5,3,3,11,Loyal Customers,0
682,3,108785.63,36261.88,2025-03-07,299,2,3,4,9,At Risk,1
44,8,219834.63,27479.33,2025-12-13,18,5,5,5,15,Champions,0
1144,2,27610.3,13805.15,2024-10-10,447,1,2,1,4,Lost Customers,1
4719,1,3748.63,3748.63,2024-10-12,445,1,1,1,3,Lost Customers,1
3991,2,29418.67,14709.34,2025-12-12,19,5,2,1,8,New Customers,1
2150,4,241610.22,60402.56,2025-03-27,279,2,4,5,11,At Risk High Value,0
3523,2,29519.05,14759.53,2025-12-21,10,5,2,1,8,New Customers,1
1585,8,246821.94,30852.74,2025-09-29,93,4,5,5,14,Champions,0
2598,6,159728.3,26621.38,2025-03-28,278,2,5,5,12,At Risk High Value,0
2391,2,94342.26,47171.13,2025-06-01,213,3,2,4,9,Potential Loyalists,1
3950,6,137441.2,22906.87,2025-10-07,85,4,5,4,13,Champions,0
1987,1,13450.6,13450.6,2024-03-07,664,1,1,1,3,Lost Customers,1
1022,2,51546.9,25773.45,2025-11-01,60,4,2,2,8,New Customers,1
2951,1,12100.13,12100.13,2025-01-05,360,2,1,1,4,Lost Customers,1
944,2,76566.89,38283.45,2025-12-30,1,5,2,3,10,New Customers,1
3035,1,29241.03,29241.03,2025-05-25,220,3,1,1,5,Potential Loyalists,1
2601,4,76081.71,19020.43,2025-02-04,330,2,4,3,9,At Risk High Value,1
4371,2,39917.66,19958.83,2024-05-05,605,1,2,2,5,Lost Customers,1
2760,3,264372.1,88124.03,2024-10-19,438,1,3,5,9,At Risk,0
4430,2,103200.84,51600.42,2025-07-06,178,3,2,4,9,Potential Loyalists,1
551,1,9862.19,9862.19,2024-01-21,710,1,1,1,3,Lost Customers,1
4921,3,65330.64,21776.88,2025-12-27,4,5,3,3,11,Loyal Customers,0
4028,4,111378.34,27844.59,2025-06-09,205,3,4,4,11,Potential Loyalists,0
4429,1,36611.42,36611.42,2025-12-15,16,5,1,2,8,New Customers,1
948,5,248555.93,49711.19,2025-11-19,42,5,5,5,15,Champions,0
1540,4,127136.52,31784.13,2025-09-14,108,4,4,4,12,Champions,0
2540,1,24561.62,24561.62,2025-10-13,79,4,1,1,6,New Customers,1
3107,4,115437.5,28859.38,2025-08-11,142,3,4,4,11,Potential Loyalists,0
4533,1,29705.42,29705.42,2025-06-04,210,3,1,1,5,Potential Loyalists,1
30,2,9605.16,4802.58,2025-10-11,81,4,2,1,7,New Customers,1
521,1,22189.23,22189.23,2024-01-24,707,1,1,1,3,Lost Customers,1
2828,3,62587.47,20862.49,2025-11-12,49,5,3,3,11,Loyal Customers,1
936,3,108047.16,36015.72,2025-11-01,60,4,3,4,11,Loyal Customers,0
981,2,88473.13,44236.57,2025-08-29,124,4,2,3,9,New Customers,1
2149,8,332881.39,41610.17,2025-11-07,54,5,5,5,15,Champions,0
1334,4,6926.87,1731.72,2025-07-01,183,3,4,1,8,Potential Loyalists,1
2465,3,64495.62,21498.54,2025-04-11,264,2,3,3,8,At Risk,1
249,2,39669.36,19834.68,2024-08-24,494,1,2,2,5,Lost Customers,1
255,6,153778.8,25629.8,2025-11-29,32,5,5,5,15,Champions,0
3308,3,116886.21,38962.07,2025-04-10,265,2,3,4,9,At Risk,0
1678,1,60396.39,60396.39,2025-07-29,155,3,1,2,6,Potential Loyalists,1
209,5,207604.23,41520.85,2025-11-12,49,5,5,5,15,Champions,0
1747,3,163889.06,54629.69,2025-08-25,128,3,3,5,11,Potential Loyalists,0
2538,2,85519.57,42759.79,2024-09-18,469,1,2,3,6,Lost Customers,1
972,2,67933.03,33966.52,2025-12-13,18,5,2,3,10,New Customers,1
3890,2,49082.62,24541.31,2025-09-07,115,4,2,2,8,New Customers,1
761,4,127359.78,31839.95,2025-07-27,157,3,4,4,11,Potential Loyalists,0
2864,3,117997.75,39332.58,2024-10-30,427,1,3,4,8,At Risk,1
1084,5,131065.53,26213.11,2025-10-29,63,4,5,4,13,Champions,0
3374,3,226209.06,75403.02,2024-10-27,430,1,3,5,9,At Risk,0
90,3,160707.09,53569.03,2025-10-25,67,4,3,5,12,Loyal Customers,0
904,3,98605.35,32868.45,2025-11-08,53,5,3,4,12,Loyal Customers,0
2130,4,149789.94,37447.49,2025-12-19,12,5,4,5,14,Champions,0
4702,1,13974.86,13974.86,2024-08-17,501,1,1,1,3,Lost Customers,1
3682,3,111560.91,37186.97,2025-09-03,119,4,3,4,11,Loyal Customers,0
4343,4,131910.37,32977.59,2025-05-31,214,3,4,4,11,Potential Loyalists,0
3032,4,117829.33,29457.33,2025-11-18,43,5,4,4,13,Champions,0
3133,3,110330.34,36776.78,2025-09-13,109,4,3,4,11,Loyal Customers,0
3957,4,113668.12,28417.03,2025-02-05,329,2,4,4,10,At Risk High Value,0
4086,3,94337.55,31445.85,2025-08-10,143,3,3,4,10,Potential Loyalists,0
4391,2,142822.43,71411.22,2025-10-15,77,4,2,5,11,New Customers,0
4948,1,37140.81,37140.81,2025-08-03,150,3,1,2,6,Potential Loyalists,1
4157,3,31185.08,10395.03,2025-04-29,246,2,3,2,7,At Risk,1
524,2,59779.78,29889.89,2024-05-30,580,1,2,2,5,Lost Customers,1
4096,3,114468.68,38156.23,2025-12-04,27,5,3,4,12,Loyal Customers,0
4620,1,16291.31,16291.31,2024-07-17,532,1,1,1,3,Lost Customers,1
3311,2,89081.73,44540.87,2025-02-15,319,2,2,3,7,Lost Customers,1
312,4,84267.18,21066.8,2025-09-16,106,4,4,3,11,Loyal Customers,0
3809,4,229677.38,57419.35,2025-01-30,335,2,4,5,11,At Risk High Value,0
862,4,87315.74,21828.94,2025-10-21,71,4,4,3,11,Loyal Customers,0
4959,3,170282.46,56760.82,2025-10-11,81,4,3,5,12,Loyal Customers,0
1185,1,55634.42,55634.42,2025-12-16,15,5,1,2,8,New Customers,1
494,3,180123.05,60041.02,2025-07-23,161,3,3,5,11,Potential Loyalists,0
3689,1,25875.33,25875.33,2024-01-10,721,1,1,1,3,Lost Customers,1
3300,1,64027.9,64027.9,2024-09-24,463,1,1,3,5,Lost Customers,1
4587,2,57874.61,28937.31,2024-07-30,519,1,2,2,5,Lost Customers,1
488,4,189611.52,47402.88,2025-03-04,302,2,4,5,11,At Risk High Value,0
2255,8,213269.18,26658.65,2025-11-26,35,5,5,5,15,Champions,0
4548,2,33524.12,16762.06,2025-01-18,347,2,2,2,6,Lost Customers,1
4705,4,31067.87,7766.97,2025-10-15,77,4,4,1,9,Loyal Customers,0
1101,6,158224.76,26370.79,2025-07-18,166,3,5,5,13,Potential Loyalists,0
1048,1,84064.77,84064.77,2025-01-21,344,2,1,3,6,Lost Customers,1
360,3,57829.26,19276.42,2025-09-04,118,4,3,2,9,Loyal Customers,1
1770,1,43496.09,43496.09,2024-08-07,511,1,1,2,4,Lost Customers,1
99,2,88997.35,44498.68,2025-12-28,3,5,2,3,10,New Customers,1
629,4,94382.09,23595.52,2025-12-20,11,5,4,4,13,Champions,0
3057,2,154364.65,77182.33,2025-05-12,233,2,2,5,9,Lost Customers,0
1215,5,73129.93,14625.99,2025-10-31,61,4,5,3,12,Loyal Customers,0
3688,5,133383.98,26676.8,2025-03-03,303,2,5,4,11,At Risk High Value,0
4194,3,62513.08,20837.69,2025-12-15,16,5,3,3,11,Loyal Customers,0
4225,3,106906.05,35635.35,2025-09-24,98,4,3,4,11,Loyal Customers,0
3499,4,119082.74,29770.69,2025-10-06,86,4,4,4,12,Champions,0
3960,8,204272.73,25534.09,2025-08-30,123,4,5,5,14,Champions,0
4911,4,88298.2,22074.55,2025-10-17,75,4,4,3,11,Loyal Customers,0
2736,5,146547.11,29309.42,2025-12-14,17,5,5,5,15,Champions,0
2224,1,3737.02,3737.02,2025-12-05,26,5,1,1,7,New Customers,1
2410,2,16927.39,8463.7,2024-08-19,499,1,2,1,4,Lost Customers,1
442,2,3454.75,1727.38,2025-02-04,330,2,2,1,5,Lost Customers,1
2866,1,51469.64,51469.64,2024-04-08,632,1,1,2,4,Lost Customers,1
1238,2,76208.84,38104.42,2024-03-25,646,1,2,3,6,Lost Customers,1
2254,2,106161.67,53080.84,2025-11-12,49,5,2,4,11,New Customers,1
12,4,122311.15,30577.79,2025-09-05,117,4,4,4,12,Champions,0
2426,2,94744.63,47372.32,2025-10-25,67,4,2,4,10,New Customers,1
1354,5,130528.34,26105.67,2025-09-16,106,4,5,4,13,Champions,0
4082,1,116354.25,116354.25,2025-11-18,43,5,1,4,10,New Customers,1
2486,3,48329.86,16109.95,2025-09-11,111,4,3,2,9,Loyal Customers,1
1283,3,206046.09,68682.03,2025-12-23,8,5,3,5,13,Loyal Customers,0
1503,4,118864.51,29716.13,2025-02-08,326,2,4,4,10,At Risk High Value,0
4654,2,31798.94,15899.47,2024-04-11,629,1,2,2,5,Lost Customers,1
899,2,32792.87,16396.44,2025-06-07,207,3,2,2,7,Potential Loyalists,1
935,1,63006.73,63006.73,2025-09-01,121,4,1,3,8,New Customers,1
2477,5,154941.84,30988.37,2025-05-31,214,3,5,5,13,Potential Loyalists,0
4459,1,6111.66,6111.66,2024-08-31,487,1,1,1,3,Lost Customers,1
2498,4,91088.49,22772.12,2025-12-30,1,5,4,3,12,Loyal Customers,0
3495,4,312254.04,78063.51,2025-12-17,14,5,4,5,14,Champions,0
4173,2,62012.23,31006.12,2025-08-06,147,3,2,3,8,Potential Loyalists,1
264,5,160155.99,32031.2,2025-08-14,139,3,5,5,13,Potential Loyalists,0
2954,5,138254.64,27650.93,2025-12-17,14,5,5,5,15,Champions,0
4151,3,119448.25,39816.08,2025-03-25,281,2,3,4,9,At Risk,0
384,1,4115.25,4115.25,2025-11-10,51,5,1,1,7,New Customers,1
4433,5,123975.34,24795.07,2025-10-22,70,4,5,4,13,Champions,0
4487,1,17937.51,17937.51,2024-03-23,648,1,1,1,3,Lost Customers,1
3737,4,78856.85,19714.21,2025-05-13,232,2,4,3,9,At Risk High Value,0
4155,3,147597.99,49199.33,2024-08-05,513,1,3,5,9,At Risk,1
3274,2,79476.48,39738.24,2025-11-10,51,5,2,3,10,New Customers,1
2475,5,158034.23,31606.85,2025-09-24,98,4,5,5,14,Champions,0
4537,3,120557.99,40186.0,2025-09-29,93,4,3,4,11,Loyal Customers,0
3659,1,63441.26,63441.26,2025-06-22,192,3,1,3,7,Potential Loyalists,1
4668,4,76763.21,19190.8,2025-10-25,67,4,4,3,11,Loyal Customers,0
3675,5,122738.11,24547.62,2025-10-29,63,4,5,4,13,Champions,0
2894,4,130784.51,32696.13,2025-06-12,202,3,4,4,11,Potential Loyalists,0
2535,4,86574.57,21643.64,2025-09-26,96,4,4,3,11,Loyal Customers,0
3583,2,94403.79,47201.9,2024-11-30,396,1,2,4,7,Lost Customers,1
826,3,30538.24,10179.41,2024-06-08,571,1,3,1,5,At Risk,1
2737,1,12064.21,12064.21,2025-07-28,156,3,1,1,5,Potential Loyalists,1
431,1,96092.52,96092.52,2024-06-04,575,1,1,4,6,Lost Customers,1
4897,3,85759.9,28586.63,2025-03-05,301,2,3,3,8,At Risk,1
3505,3,73880.66,24626.89,2025-02-13,321,2,3,3,8,At Risk,1
4114,3,42042.44,14014.15,2025-11-20,41,5,3,2,10,Loyal Customers,1
4574,3,81843.01,27281.0,2024-07-19,530,1,3,3,7,At Risk,1
2297,3,46440.88,15480.29,2024-12-03,393,1,3,2,6,At Risk,1
4995,1,11253.41,11253.41,2025-09-03,119,4,1,1,6,New Customers,1
3339,4,157984.0,39496.0,2025-10-10,82,4,4,5,13,Champions,0
855,3,144665.29,48221.76,2025-07-16,168,3,3,5,11,Potential Loyalists,0
4581,3,71792.66,23930.89,2025-10-02,90,4,3,3,10,Loyal Customers,1
1615,1,4221.76,4221.76,2024-03-19,652,1,1,1,3,Lost Customers,1
4725,1,110180.43,110180.43,2024-01-31,700,1,1,4,6,Lost Customers,1
3780,3,122917.32,40972.44,2025-05-23,222,2,3,4,9,At Risk,0
1397,3,147613.45,49204.48,2025-06-26,188,3,3,5,11,Potential Loyalists,0
4291,3,79690.17,26563.39,2025-04-09,266,2,3,3,8,At Risk,1
4032,2,22606.81,11303.41,2025-08-01,152,3,2,1,6,Potential Loyalists,1
1579,8,178884.02,22360.5,2025-10-11,81,4,5,5,14,Champions,0
3987,2,63934.08,31967.04,2025-10-22,70,4,2,3,9,New Customers,1
768,2,51876.16,25938.08,2025-07-30,154,3,2,2,7,Potential Loyalists,1
2243,2,9787.92,4893.96,2024-04-09,631,1,2,1,4,Lost Customers,1
838,2,43190.21,21595.11,2025-01-02,363,2,2,2,6,Lost Customers,1
2817,5,205287.19,41057.44,2025-08-21,132,3,5,5,13,Potential Loyalists,0
3905,2,31732.51,15866.26,2025-12-28,3,5,2,2,9,New Customers,1
3130,2,117643.53,58821.77,2025-01-07,358,2,2,4,8,Lost Customers,1
2292,3,91238.82,30412.94,2025-08-14,139,3,3,3,9,Potential Loyalists,0
2089,3,105893.93,35297.98,2025-10-22,70,4,3,4,11,Loyal Customers,0
1928,1,22353.92,22353.92,2024-09-01,486,1,1,1,3,Lost Customers,1
88,2,46256.48,23128.24,2024-11-04,422,1,2,2,5,Lost Customers,1
3686,6,111209.91,18534.99,2025-09-16,106,4,5,4,13,Champions,0
4295,3,116933.41,38977.8,2025-10-01,91,4,3,4,11,Loyal Customers,0
188,5,127574.21,25514.84,2025-07-29,155,3,5,4,12,Potential Loyalists,0
461,1,5498.49,5498.49,2024-09-10,477,1,1,1,3,Lost Customers,1
240,3,28839.76,9613.25,2024-12-03,393,1,3,1,5,At Risk,1
3653,6,199379.32,33229.89,2025-01-19,346,2,5,5,12,At Risk High Value,0
1878,1,23253.43,23253.43,2024-08-06,512,1,1,1,3,Lost Customers,1
1467,3,104151.04,34717.01,2025-06-23,191,3,3,4,10,Potential Loyalists,0
3871,4,116310.61,29077.65,2025-05-15,230,2,4,4,10,At Risk High Value,0
4232,5,114949.86,22989.97,2025-09-20,102,4,5,4,13,Champions,0
2155,1,9507.25,9507.25,2025-11-26,35,5,1,1,7,New Customers,1
4723,5,59080.21,11816.04,2025-09-18,104,4,5,2,11,Loyal Customers,0
2792,5,228142.53,45628.51,2025-09-05,117,4,5,5,14,Champions,0
3549,5,145157.77,29031.55,2025-07-09,175,3,5,5,13,Potential Loyalists,0
3908,1,4416.0,4416.0,2024-05-21,589,1,1,1,3,Lost Customers,1
703,2,50313.09,25156.55,2024-09-27,460,1,2,2,5,Lost Customers,1
226,1,39610.91,39610.91,2025-07-27,157,3,1,2,6,Potential Loyalists,1
2413,2,44001.48,22000.74,2024-08-20,498,1,2,2,5,Lost Customers,1
1161,1,3932.57,3932.57,2025-02-03,331,2,1,1,4,Lost Customers,1
2428,6,168056.13,28009.36,2025-09-23,99,4,5,5,14,Champions,0
81,3,98158.69,32719.56,2024-04-03,637,1,3,4,8,At Risk,1
3541,1,6331.89,6331.89,2024-04-24,616,1,1,1,3,Lost Customers,1
2455,4,49046.06,12261.52,2025-12-11,20,5,4,2,11,Loyal Customers,0
4021,3,131065.53,43688.51,2025-02-08,326,2,3,4,9,At Risk,0
2153,6,157329.83,26221.64,2025-10-08,84,4,5,5,14,Champions,0
1021,2,33022.66,16511.33,2025-05-28,217,3,2,2,7,Potential Loyalists,1
5,2,45967.44,22983.72,2025-11-17,44,5,2,2,9,New Customers,1
4396,2,42995.93,21497.97,2025-07-26,158,3,2,2,7,Potential Loyalists,1
1165,7,201061.15,28723.02,2025-12-11,20,5,5,5,15,Champions,0
3406,4,48089.98,12022.5,2025-05-11,234,2,4,2,8,At Risk High Value,1
3753,4,42294.64,10573.66,2025-08-09,144,3,4,2,9,Potential Loyalists,0
4902,4,76808.33,19202.08,2025-10-08,84,4,4,3,11,Loyal Customers,0
3342,3,80726.87,26908.96,2025-09-28,94,4,3,3,10,Loyal Customers,0
1429,2,35847.36,17923.68,2025-08-06,147,3,2,2,7,Potential Loyalists,1
807,2,64943.97,32471.99,2025-07-12,172,3,2,3,8,Potential Loyalists,1
2705,3,61448.45,20482.82,2025-01-13,352,2,3,3,8,At Risk,1
361,6,284072.92,47345.49,2025-11-21,40,5,5,5,15,Champions,0
2971,3,99205.52,33068.51,2025-02-07,327,2,3,4,9,At Risk,1
2227,4,133257.21,33314.3,2025-08-17,136,3,4,4,11,Potential Loyalists,0
2865,3,71069.52,23689.84,2025-10-21,71,4,3,3,10,Loyal Customers,0
4607,2,36475.39,18237.7,2025-09-13,109,4,2,2,8,New Customers,1
785,5,87621.96,17524.39,2025-12-25,6,5,5,3,13,Loyal Customers,0
444,3,93419.95,31139.98,2025-10-22,70,4,3,4,11,Loyal Customers,0
537,3,47534.43,15844.81,2025-12-26,5,5,3,2,10,Loyal Customers,1
1914,1,6524.72,6524.72,2025-03-10,296,2,1,1,4,Lost Customers,1
1401,3,115374.2,38458.07,2025-11-12,49,5,3,4,12,Loyal Customers,0
4106,3,120674.3,40224.77,2025-01-15,350,2,3,4,9,At Risk,1
343,3,80452.25,26817.42,2025-04-29,246,2,3,3,8,At Risk,1
4700,1,10035.83,10035.83,2024-06-08,571,1,1,1,3,Lost Customers,1
3246,1,42368.07,42368.07,2025-12-23,8,5,1,2,8,New Customers,1
4516,5,98488.77,19697.75,2025-10-04,88,4,5,4,13,Champions,0
3880,3,211024.55,70341.52,2025-11-21,40,5,3,5,13,Loyal Customers,0
3876,5,157363.19,31472.64,2025-11-05,56,5,5,5,15,Champions,0
4245,3,196742.34,65580.78,2025-11-04,57,4,3,5,12,Loyal Customers,0
2695,1,25084.68,25084.68,2024-02-10,690,1,1,1,3,Lost Customers,1
2078,4,95667.5,23916.88,2025-11-25,36,5,4,4,13,Champions,0
722,4,151135.27,37783.82,2025-06-25,189,3,4,5,12,Potential Loyalists,0
3861,2,77997.87,38998.94,2024-12-06,390,1,2,3,6,Lost Customers,1
2474,3,74527.55,24842.52,2025-11-18,43,5,3,3,11,Loyal Customers,0
2288,2,50200.56,25100.28,2025-11-29,32,5,2,2,9,New Customers,1
199,1,3496.05,3496.05,2025-05-28,217,3,1,1,5,Potential Loyalists,1
4997,2,159376.36,79688.18,2025-11-16,45,5,2,5,12,New Customers,0
369,1,20975.77,20975.77,2024-06-18,561,1,1,1,3,Lost Customers,1
4477,5,203494.92,40698.98,2025-12-02,29,5,5,5,15,Champions,0
4198,2,16143.06,8071.53,2025-02-12,322,2,2,1,5,Lost Customers,1
2010,2,65036.93,32518.47,2025-07-29,155,3,2,3,8,Potential Loyalists,1
3350,2,59835.01,29917.51,2025-09-24,98,4,2,2,8,New Customers,1
3783,3,105361.1,35120.37,2025-11-27,34,5,3,4,12,Loyal Customers,0
3632,1,8173.78,8173.78,2024-05-24,586,1,1,1,3,Lost Customers,1
1142,4,181849.24,45462.31,2025-09-05,117,4,4,5,13,Champions,0
740,3,72733.52,24244.51,2025-07-28,156,3,3,3,9,Potential Loyalists,1
2166,4,67632.71,16908.18,2025-06-06,208,3,4,3,10,Potential Loyalists,0
2986,2,127825.71,63912.86,2025-10-03,89,4,2,4,10,New Customers,0
230,4,113149.17,28287.29,2025-11-16,45,5,4,4,13,Champions,0
3621,3,131344.05,43781.35,2025-06-10,204,3,3,4,10,Potential Loyalists,0
4618,1,61972.06,61972.06,2025-07-02,182,3,1,3,7,Potential Loyalists,1
1663,5,70692.49,14138.5,2025-12-04,27,5,5,3,13,Loyal Customers,0
573,5,76475.58,15295.12,2025-12-22,9,5,5,3,13,Loyal Customers,0
3792,1,51396.36,51396.36,2025-12-01,30,5,1,2,8,New Customers,1
1998,1,795.56,795.56,2024-05-08,602,1,1,1,3,Lost Customers,1
3865,1,108178.04,108178.04,2025-07-12,172,3,1,4,8,Potential Loyalists,1
4029,4,74817.06,18704.27,2025-12-09,22,5,4,3,12,Loyal Customers,0
4483,2,94560.15,47280.08,2024-09-29,458,1,2,4,7,Lost Customers,1
4169,1,38889.67,38889.67,2024-10-29,428,1,1,2,4,Lost Customers,1
1451,3,11760.94,3920.31,2025-10-13,79,4,3,1,8,Loyal Customers,1
2816,6,258314.75,43052.46,2025-04-08,267,2,5,5,12,At Risk High Value,0
2007,3,167612.93,55870.98,2025-05-09,236,2,3,5,10,At Risk,0
2881,3,43593.45,14531.15,2025-08-05,148,3,3,2,8,Potential Loyalists,1
2199,1,13939.98,13939.98,2025-08-12,141,3,1,1,5,Potential Loyalists,1
852,1,72197.25,72197.25,2024-11-10,416,1,1,3,5,Lost Customers,1
1927,1,18006.58,18006.58,2024-07-26,523,1,1,1,3,Lost Customers,1
611,5,85170.3,17034.06,2025-12-20,11,5,5,3,13,Loyal Customers,0
3772,1,40657.15,40657.15,2024-11-07,419,1,1,2,4,Lost Customers,1
2354,3,104010.83,34670.28,2025-10-05,87,4,3,4,11,Loyal Customers,0
1246,3,102214.9,34071.63,2025-10-20,72,4,3,4,11,Loyal Customers,0
2175,1,54659.56,54659.56,2025-06-20,194,3,1,2,6,Potential Loyalists,1
1852,2,112132.51,56066.26,2024-10-10,447,1,2,4,7,Lost Customers,1
4292,3,26151.57,8717.19,2025-10-15,77,4,3,1,8,Loyal Customers,1
4613,6,163855.1,27309.18,2025-12-01,30,5,5,5,15,Champions,0
3879,4,114086.53,28521.63,2024-11-26,400,1,4,4,9,At Risk High Value,0
4924,3,72305.81,24101.94,2025-12-22,9,5,3,3,11,Loyal Customers,0
1693,1,10447.19,10447.19,2025-08-31,122,4,1,1,6,New Customers,1
3331,4,167578.23,41894.56,2025-06-12,202,3,4,5,12,Potential Loyalists,0
448,2,110075.05,55037.53,2024-10-22,435,1,2,4,7,Lost Customers,1
1205,5,86897.9,17379.58,2025-08-15,138,3,5,3,11,Potential Loyalists,0
4231,7,180259.12,25751.3,2025-12-31,0,5,5,5,15,Champions,0
701,3,44537.93,14845.98,2025-01-29,336,2,3,2,7,At Risk,1
4000,3,60905.37,20301.79,2025-05-04,241,2,3,2,7,At Risk,1
4919,6,175976.59,29329.43,2025-05-31,214,3,5,5,13,Potential Loyalists,0
3953,4,76110.4,19027.6,2025-07-07,177,3,4,3,10,Potential Loyalists,0
2757,2,106221.07,53110.54,2025-06-18,196,3,2,4,9,Potential Loyalists,1
3956,2,34547.36,17273.68,2025-11-16,45,5,2,2,9,New Customers,1
3820,3,93709.71,31236.57,2025-02-11,323,2,3,4,9,At Risk,1
3082,6,161321.72,26886.95,2025-12-15,16,5,5,5,15,Champions,0
863,4,41317.24,10329.31,2025-06-17,197,3,4,2,9,Potential Loyalists,1
2688,3,33832.54,11277.51,2025-06-12,202,3,3,2,8,Potential Loyalists,1
3654,2,44062.81,22031.41,2025-11-27,34,5,2,2,9,New Customers,1
1886,2,92314.28,46157.14,2025-06-16,198,3,2,3,8,Potential Loyalists,1
4168,5,102487.86,20497.57,2025-04-15,260,2,5,4,11,At Risk High Value,0
289,1,45997.42,45997.42,2025-10-30,62,4,1,2,7,New Customers,1
3000,1,48465.03,48465.03,2025-08-09,144,3,1,2,6,Potential Loyalists,1
2450,2,12953.93,6476.97,2025-03-14,292,2,2,1,5,Lost Customers,1
4766,2,28992.96,14496.48,2024-07-29,520,1,2,1,4,Lost Customers,1
1400,1,41453.82,41453.82,2024-10-17,440,1,1,2,4,Lost Customers,1
2762,3,109151.53,36383.84,2025-08-09,144,3,3,4,10,Potential Loyalists,0
3852,1,42987.09,42987.09,2025-11-16,45,5,1,2,8,New Customers,1
527,2,74038.72,37019.36,2024-10-08,449,1,2,3,6,Lost Customers,1
1462,3,24216.25,8072.08,2025-02-20,314,2,3,1,6,At Risk,1
3543,4,128273.15,32068.29,2025-09-29,93,4,4,4,12,Champions,0
627,4,92033.43,23008.36,2025-07-01,183,3,4,3,10,Potential Loyalists,0
376,7,317844.41,45406.34,2025-11-20,41,5,5,5,15,Champions,0
4024,4,58865.33,14716.33,2025-09-10,112,4,4,2,10,Loyal Customers,0
147,1,55960.97,55960.97,2024-12-03,393,1,1,2,4,Lost Customers,1
2963,3,234954.84,78318.28,2025-09-06,116,4,3,5,12,Loyal Customers,0
4998,5,141296.05,28259.21,2025-12-09,22,5,5,5,15,Champions,0
2067,2,138905.59,69452.8,2025-06-27,187,3,2,5,10,Potential Loyalists,1
2711,2,109808.55,54904.28,2025-10-12,80,4,2,4,10,New Customers,1
4370,6,213502.61,35583.77,2025-11-03,58,4,5,5,14,Champions,0
1941,2,86848.3,43424.15,2025-09-29,93,4,2,3,9,New Customers,1
3019,4,192007.26,48001.82,2024-12-27,369,2,4,5,11,At Risk High Value,0
1470,5,103978.6,20795.72,2025-09-10,112,4,5,4,13,Champions,0
989,3,121214.78,40404.93,2025-06-12,202,3,3,4,10,Potential Loyalists,0
2278,4,88727.37,22181.84,2025-05-07,238,2,4,3,9,At Risk High Value,0
3788,3,99032.26,33010.75,2025-05-04,241,2,3,4,9,At Risk,1
3676,2,23460.45,11730.23,2024-11-28,398,1,2,1,4,Lost Customers,1
535,2,46822.27,23411.14,2025-12-08,23,5,2,2,9,New Customers,1
3720,1,39127.16,39127.16,2024-11-16,410,1,1,2,4,Lost Customers,1
1159,3,165883.21,55294.4,2025-12-29,2,5,3,5,13,Loyal Customers,0
4335,3,98092.84,32697.61,2025-03-29,277,2,3,4,9,At Risk,1
4882,4,154360.55,38590.14,2025-07-23,161,3,4,5,12,Potential Loyalists,0
4301,1,7270.89,7270.89,2025-03-01,305,2,1,1,4,Lost Customers,1
2117,1,26394.48,26394.48,2025-07-27,157,3,1,1,5,Potential Loyalists,1
642,1,36689.57,36689.57,2024-01-20,711,1,1,2,4,Lost Customers,1
3672,2,33950.18,16975.09,2025-10-14,78,4,2,2,8,New Customers,1
3056,1,2914.84,2914.84,2025-11-25,36,5,1,1,7,New Customers,1
3409,1,52733.54,52733.54,2024-03-04,667,1,1,2,4,Lost Customers,1
2698,6,234191.67,39031.95,2025-10-21,71,4,5,5,14,Champions,0
725,4,200748.41,50187.1,2025-12-19,12,5,4,5,14,Champions,0
3117,1,51518.35,51518.35,2024-03-20,651,1,1,2,4,Lost Customers,1
4107,5,175629.43,35125.89,2025-12-24,7,5,5,5,15,Champions,0
832,2,61159.86,30579.93,2025-08-05,148,3,2,2,7,Potential Loyalists,1
1784,5,111259.99,22252.0,2025-11-16,45,5,5,4,14,Champions,0
1001,2,72645.46,36322.73,2025-10-18,74,4,2,3,9,New Customers,1
3751,3,114331.53,38110.51,2025-08-20,133,3,3,4,10,Potential Loyalists,0
1469,4,133340.7,33335.18,2025-07-22,162,3,4,4,11,Potential Loyalists,0
2656,4,125783.82,31445.96,2025-01-12,353,2,4,4,10,At Risk High Value,0
4350,2,22383.55,11191.78,2025-05-11,234,2,2,1,5,Lost Customers,1
2242,5,298985.42,59797.08,2025-06-17,197,3,5,5,13,Potential Loyalists,0
4636,1,12232.78,12232.78,2025-06-11,203,3,1,1,5,Potential Loyalists,1
3645,4,123303.26,30825.82,2025-12-21,10,5,4,4,13,Champions,0
3441,4,157329.71,39332.43,2025-07-23,161,3,4,5,12,Potential Loyalists,0
1305,1,68843.8,68843.8,2025-11-18,43,5,1,3,9,New Customers,1
2679,4,127368.53,31842.13,2025-07-08,176,3,4,4,11,Potential Loyalists,0
4420,4,202191.45,50547.86,2025-09-03,119,4,4,5,13,Champions,0
2699,3,133682.5,44560.83,2025-06-09,205,3,3,4,10,Potential Loyalists,0
3192,4,104067.21,26016.8,2025-08-07,146,3,4,4,11,Potential Loyalists,0
1297,5,223818.63,44763.73,2025-11-27,34,5,5,5,15,Champions,0
3710,3,40058.18,13352.73,2025-09-02,120,4,3,2,9,Loyal Customers,1
1869,4,100165.83,25041.46,2025-09-19,103,4,4,4,12,Champions,0
4363,3,76036.58,25345.53,2025-10-02,90,4,3,3,10,Loyal Customers,0
4222,3,159480.63,53160.21,2025-12-20,11,5,3,5,13,Loyal Customers,0
1293,2,21180.31,10590.16,2024-08-13,505,1,2,1,4,Lost Customers,1
2050,2,65834.02,32917.01,2025-08-30,123,4,2,3,9,New Customers,1
2312,4,130400.32,32600.08,2025-07-01,183,3,4,4,11,Potential Loyalists,0
3766,1,48849.02,48849.02,2025-09-17,105,4,1,2,7,New Customers,1
2133,3,62438.5,20812.83,2024-11-03,423,1,3,3,7,At Risk,1
3079,3,111252.92,37084.31,2025-08-29,124,4,3,4,11,Loyal Customers,0
158,2,104450.4,52225.2,2025-12-11,20,5,2,4,11,New Customers,0
3269,2,17532.7,8766.35,2025-06-03,211,3,2,1,6,Potential Loyalists,1
4115,6,212209.1,35368.18,2025-10-10,82,4,5,5,14,Champions,0
2943,5,131020.01,26204.0,2024-11-17,409,1,5,4,10,At Risk High Value,0
3796,2,59567.57,29783.79,2025-03-03,303,2,2,2,6,Lost Customers,1
1783,1,55378.43,55378.43,2025-08-10,143,3,1,2,6,Potential Loyalists,1
1588,4,108862.88,27215.72,2025-08-20,133,3,4,4,11,Potential Loyalists,0
2939,2,69895.26,34947.63,2025-07-21,163,3,2,3,8,Potential Loyalists,1
2305,2,91482.13,45741.07,2025-06-19,195,3,2,3,8,Potential Loyalists,1
1180,8,220702.39,27587.8,2025-11-24,37,5,5,5,15,Champions,0
385,4,91158.45,22789.61,2025-07-23,161,3,4,3,10,Potential Loyalists,0
3744,1,16098.75,16098.75,2024-08-02,516,1,1,1,3,Lost Customers,1
4658,3,141216.73,47072.24,2025-11-07,54,5,3,5,13,Loyal Customers,0
4444,4,114199.8,28549.95,2025-09-14,108,4,4,4,12,Champions,0
3596,1,20002.11,20002.11,2025-08-27,126,3,1,1,5,Potential Loyalists,1
2375,7,254171.13,36310.16,2025-11-04,57,4,5,5,14,Champions,0
544,3,44543.79,14847.93,2025-06-04,210,3,3,2,8,Potential Loyalists,1
4262,1,73072.49,73072.49,2025-09-22,100,4,1,3,8,New Customers,1
1631,1,17373.74,17373.74,2024-04-10,630,1,1,1,3,Lost Customers,1
2120,3,101635.63,33878.54,2025-03-26,280,2,3,4,9,At Risk,1
2163,3,50026.69,16675.56,2025-09-24,98,4,3,2,9,Loyal Customers,1
4375,3,80541.57,26847.19,2025-12-15,16,5,3,3,11,Loyal Customers,0
606,4,78437.64,19609.41,2025-11-19,42,5,4,3,12,Loyal Customers,0
1667,1,82906.58,82906.58,2025-08-04,149,3,1,3,7,Potential Loyalists,1
3669,2,79680.58,39840.29,2025-01-31,334,2,2,3,7,Lost Customers,1
308,3,123688.26,41229.42,2025-06-15,199,3,3,4,10,Potential Loyalists,0
3781,2,45432.27,22716.14,2025-09-02,120,4,2,2,8,New Customers,1
2852,3,169934.11,56644.7,2025-04-05,270,2,3,5,10,At Risk,0
614,3,127579.96,42526.65,2024-12-30,366,2,3,4,9,At Risk,1
4421,1,7134.99,7134.99,2025-07-22,162,3,1,1,5,Potential Loyalists,1
2712,1,42183.09,42183.09,2024-07-20,529,1,1,2,4,Lost Customers,1
966,3,105241.49,35080.5,2024-11-07,419,1,3,4,8,At Risk,1
1607,5,88895.26,17779.05,2025-11-08,53,5,5,3,13,Loyal Customers,0
1055,2,86743.07,43371.54,2024-08-27,491,1,2,3,6,Lost Customers,1
3929,4,43468.71,10867.18,2025-12-19,12,5,4,2,11,Loyal Customers,0
3823,2,26050.97,13025.49,2025-05-06,239,2,2,1,5,Lost Customers,1
4272,2,21279.77,10639.89,2025-07-14,170,3,2,1,6,Potential Loyalists,1
2148,3,75744.57,25248.19,2025-04-01,274,2,3,3,8,At Risk,1
2110,1,30427.96,30427.96,2025-08-08,145,3,1,1,5,Potential Loyalists,1
1752,6,141161.02,23526.84,2025-12-22,9,5,5,5,15,Champions,0
846,2,44643.25,22321.63,2024-12-22,374,1,2,2,5,Lost Customers,1
2982,4,220698.25,55174.56,2025-05-17,228,2,4,5,11,At Risk High Value,0
1642,2,13334.74,6667.37,2024-03-23,648,1,2,1,4,Lost Customers,1
1580,1,43419.03,43419.03,2024-12-26,370,2,1,2,5,Lost Customers,1
3925,1,29467.98,29467.98,2024-11-26,400,1,1,1,3,Lost Customers,1
3344,1,44966.58,44966.58,2025-01-10,355,2,1,2,5,Lost Customers,1
2907,5,135224.89,27044.98,2025-12-12,19,5,5,4,14,Champions,0
3455,4,276053.57,69013.39,2025-12-28,3,5,4,5,14,Champions,0
1554,5,175843.76,35168.75,2025-10-26,66,4,5,5,14,Champions,0
2431,2,14489.22,7244.61,2025-12-12,19,5,2,1,8,New Customers,1
2606,3,26808.77,8936.26,2025-08-20,133,3,3,1,7,Potential Loyalists,1
3239,3,135658.46,45219.49,2025-07-24,160,3,3,4,10,Potential Loyalists,0
1799,3,55546.55,18515.52,2025-08-16,137,3,3,2,8,Potential Loyalists,1
3010,5,106293.54,21258.71,2025-12-18,13,5,5,4,14,Champions,0
1509,2,149055.66,74527.83,2024-12-30,366,2,2,5,9,Lost Customers,1
2075,4,199476.03,49869.01,2024-08-03,515,1,4,5,10,At Risk High Value,0
4798,2,144213.22,72106.61,2025-04-14,261,2,2,5,9,Lost Customers,1
4044,2,105624.99,52812.5,2025-08-04,149,3,2,4,9,Potential Loyalists,1
2124,3,84841.51,28280.5,2025-02-28,306,2,3,3,8,At Risk,1
4950,2,61989.58,30994.79,2025-10-20,72,4,2,3,9,New Customers,1
849,5,161158.66,32231.73,2025-10-23,69,4,5,5,14,Champions,0
2055,2,31464.78,15732.39,2025-11-29,32,5,2,2,9,New Customers,1
1905,7,150616.64,21516.66,2025-07-21,163,3,5,5,13,Potential Loyalists,0
1698,2,30674.41,15337.21,2025-02-26,308,2,2,1,5,Lost Customers,1
919,2,71277.62,35638.81,2025-06-24,190,3,2,3,8,Potential Loyalists,1
4255,2,75880.53,37940.27,2025-03-29,277,2,2,3,7,Lost Customers,1
4424,4,97550.19,24387.55,2025-07-16,168,3,4,4,11,Potential Loyalists,0
1894,4,142204.34,35551.09,2025-12-21,10,5,4,5,14,Champions,0
2841,4,41803.74,10450.94,2025-07-03,181,3,4,2,9,Potential Loyalists,1
1673,2,41512.36,20756.18,2025-04-19,256,2,2,2,6,Lost Customers,1
3170,2,54195.21,27097.61,2024-11-25,401,1,2,2,5,Lost Customers,1
961,4,167025.02,41756.26,2024-10-04,453,1,4,5,10,At Risk High Value,0
4020,4,92155.0,23038.75,2025-12-02,29,5,4,3,12,Loyal Customers,0
2215,3,60888.38,20296.13,2025-07-09,175,3,3,2,8,Potential Loyalists,1
2403,1,66088.68,66088.68,2025-06-25,189,3,1,3,7,Potential Loyalists,1
269,2,73916.68,36958.34,2025-05-22,223,2,2,3,7,Lost Customers,1
2311,2,49537.33,24768.67,2024-11-09,417,1,2,2,5,Lost Customers,1
1728,3,126855.69,42285.23,2025-03-08,298,2,3,4,9,At Risk,0
3743,2,45452.1,22726.05,2025-10-19,73,4,2,2,8,New Customers,1
3585,2,38117.54,19058.77,2024-12-28,368,2,2,2,6,Lost Customers,1
3507,2,88049.82,44024.91,2025-12-27,4,5,2,3,10,New Customers,1
4546,1,30312.2,30312.2,2025-02-06,328,2,1,1,4,Lost Customers,1
3818,4,160232.21,40058.05,2025-10-06,86,4,4,5,13,Champions,0
3787,3,95309.24,31769.75,2024-11-26,400,1,3,4,8,At Risk,1
2592,4,62399.03,15599.76,2025-08-19,134,3,4,3,10,Potential Loyalists,0
3191,3,72424.29,24141.43,2025-03-29,277,2,3,3,8,At Risk,1
1444,1,24017.79,24017.79,2024-09-25,462,1,1,1,3,Lost Customers,1
1090,5,116507.78,23301.56,2025-11-19,42,5,5,4,14,Champions,0
349,3,196045.12,65348.37,2025-06-04,210,3,3,5,11,Potential Loyalists,0
2756,3,67485.63,22495.21,2024-12-29,367,2,3,3,8,At Risk,1
2953,5,82327.15,16465.43,2025-04-06,269,2,5,3,10,At Risk High Value,0
766,3,150878.25,50292.75,2025-06-12,202,3,3,5,11,Potential Loyalists,0
1978,6,125157.12,20859.52,2025-09-20,102,4,5,4,13,Champions,0
1789,5,115770.84,23154.17,2025-12-08,23,5,5,4,14,Champions,0
2065,4,29153.37,7288.34,2025-12-16,15,5,4,1,10,Loyal Customers,0
3426,4,232132.14,58033.04,2025-06-11,203,3,4,5,12,Potential Loyalists,0
4480,2,63897.59,31948.8,2024-02-04,696,1,2,3,6,Lost Customers,1
4051,2,74056.81,37028.41,2025-09-10,112,4,2,3,9,New Customers,1
1024,1,13869.85,13869.85,2025-02-02,332,2,1,1,4,Lost Customers,1
4464,3,85228.29,28409.43,2025-02-26,308,2,3,3,8,At Risk,1
2690,4,80100.0,20025.0,2025-10-08,84,4,4,3,11,Loyal Customers,0
1954,2,62557.43,31278.72,2024-07-19,530,1,2,3,6,Lost Customers,1
3453,2,66694.73,33347.37,2025-06-10,204,3,2,3,8,Potential Loyalists,1
2826,6,158913.86,26485.64,2025-07-11,173,3,5,5,13,Potential Loyalists,0
3941,5,110576.01,22115.2,2025-11-06,55,5,5,4,14,Champions,0
1028,5,227642.95,45528.59,2025-08-31,122,4,5,5,14,Champions,0
29,2,39814.55,19907.28,2024-06-25,554,1,2,2,5,Lost Customers,1
3457,3,99494.37,33164.79,2025-11-02,59,4,3,4,11,Loyal Customers,0
4,2,67321.61,33660.81,2025-10-21,71,4,2,3,9,New Customers,1
3318,3,109482.88,36494.29,2024-12-07,389,1,3,4,8,At Risk,1
96,5,91861.75,18372.35,2025-09-28,94,4,5,3,12,Loyal Customers,0
844,5,154103.8,30820.76,2025-09-25,97,4,5,5,14,Champions,0
4872,6,89427.08,14904.51,2025-03-27,279,2,5,3,10,At Risk High Value,0
4917,2,57383.66,28691.83,2025-02-02,332,2,2,2,6,Lost Customers,1
1039,2,73047.41,36523.71,2025-09-04,118,4,2,3,9,New Customers,1
4915,2,72935.84,36467.92,2024-08-07,511,1,2,3,6,Lost Customers,1
3473,4,174476.75,43619.19,2025-06-11,203,3,4,5,12,Potential Loyalists,0
6,4,130619.15,32654.79,2024-09-03,484,1,4,4,9,At Risk High Value,0
1551,1,33440.78,33440.78,2024-09-08,479,1,1,2,4,Lost Customers,1
2628,3,142042.21,47347.4,2025-07-28,156,3,3,5,11,Potential Loyalists,0
1148,2,20917.01,10458.51,2025-11-04,57,4,2,1,7,New Customers,1
3642,2,79666.64,39833.32,2025-11-18,43,5,2,3,10,New Customers,1
4123,2,139793.89,69896.95,2025-07-01,183,3,2,5,10,Potential Loyalists,0
3509,2,5066.59,2533.3,2025-12-09,22,5,2,1,8,New Customers,1
4161,3,101235.28,33745.09,2025-08-04,149,3,3,4,10,Potential Loyalists,0
1979,2,119716.15,59858.08,2025-02-16,318,2,2,4,8,Lost Customers,1
1432,2,7400.53,3700.27,2025-08-04,149,3,2,1,6,Potential Loyalists,1
1650,4,99292.29,24823.07,2025-07-18,166,3,4,4,11,Potential Loyalists,0
66,1,5548.87,5548.87,2024-01-04,727,1,1,1,3,Lost Customers,1
3940,1,24271.07,24271.07,2025-05-20,225,2,1,1,4,Lost Customers,1
3501,1,24089.78,24089.78,2024-08-14,504,1,1,1,3,Lost Customers,1
1919,4,79891.54,19972.89,2025-10-10,82,4,4,3,11,Loyal Customers,0
4079,2,64554.96,32277.48,2025-02-20,314,2,2,3,7,Lost Customers,1
458,1,2437.21,2437.21,2025-06-01,213,3,1,1,5,Potential Loyalists,1
368,4,89619.12,22404.78,2025-04-10,265,2,4,3,9,At Risk High Value,0
3364,3,111390.05,37130.02,2025-10-13,79,4,3,4,11,Loyal Customers,0
4333,4,84068.81,21017.2,2025-04-27,248,2,4,3,9,At Risk High Value,0
1850,6,147956.74,24659.46,2025-11-18,43,5,5,5,15,Champions,0
4369,9,165116.35,18346.26,2025-12-06,25,5,5,5,15,Champions,0
538,3,43993.89,14664.63,2025-06-01,213,3,3,2,8,Potential Loyalists,1
3050,1,13239.59,13239.59,2024-09-29,458,1,1,1,3,Lost Customers,1
2470,2,12713.12,6356.56,2025-05-11,234,2,2,1,5,Lost Customers,1
2023,1,30144.14,30144.14,2025-04-24,251,2,1,1,4,Lost Customers,1
2167,2,62508.0,31254.0,2024-10-22,435,1,2,3,6,Lost Customers,1
2815,3,32628.4,10876.13,2025-12-07,24,5,3,2,10,Loyal Customers,1
872,3,25759.91,8586.64,2024-12-14,382,1,3,1,5,At Risk,1
3058,2,118346.55,59173.28,2025-09-21,101,4,2,4,10,New Customers,1
1140,4,176371.82,44092.96,2025-10-30,62,4,4,5,13,Champions,0
4531,3,189914.07,63304.69,2025-12-15,16,5,3,5,13,Loyal Customers,0
1054,2,45567.18,22783.59,2025-08-24,129,3,2,2,7,Potential Loyalists,1
3461,4,142812.72,35703.18,2025-06-17,197,3,4,5,12,Potential Loyalists,0
1005,3,85730.7,28576.9,2025-04-19,256,2,3,3,8,At Risk,1
1449,2,67046.86,33523.43,2025-12-11,20,5,2,3,10,New Customers,1
3009,1,17155.61,17155.61,2025-07-06,178,3,1,1,5,Potential Loyalists,1
4772,6,112528.14,18754.69,2025-06-17,197,3,5,4,12,Potential Loyalists,0
217,6,297697.07,49616.18,2024-11-13,413,1,5,5,11,At Risk High Value,0
4500,5,117050.13,23410.03,2025-05-28,217,3,5,4,12,Potential Loyalists,0
3678,6,94038.57,15673.1,2025-05-28,217,3,5,4,12,Potential Loyalists,0
4156,2,46796.03,23398.02,2025-12-10,21,5,2,2,9,New Customers,1
4638,7,323656.26,46236.61,2025-05-23,222,2,5,5,12,At Risk High Value,0
3490,3,62945.19,20981.73,2024-12-16,380,1,3,3,7,At Risk,1
3248,1,21764.48,21764.48,2024-12-18,378,1,1,1,3,Lost Customers,1
2877,7,230036.36,32862.34,2025-10-29,63,4,5,5,14,Champions,0
4714,4,169574.2,42393.55,2025-11-18,43,5,4,5,14,Champions,0
1601,1,42308.54,42308.54,2025-04-07,268,2,1,2,5,Lost Customers,1
3870,2,114059.61,57029.81,2025-12-06,25,5,2,4,11,New Customers,0
1737,4,210718.82,52679.71,2025-07-15,169,3,4,5,12,Potential Loyalists,0
2092,2,58325.3,29162.65,2024-09-10,477,1,2,2,5,Lost Customers,1
2658,2,13850.19,6925.1,2025-08-08,145,3,2,1,6,Potential Loyalists,1
1721,2,90657.04,45328.52,2025-06-26,188,3,2,3,8,Potential Loyalists,1
3948,4,205693.03,51423.26,2025-08-10,143,3,4,5,12,Potential Loyalists,0
2173,6,305044.85,50840.81,2025-11-13,48,5,5,5,15,Champions,0
931,2,86049.29,43024.65,2024-04-03,637,1,2,3,6,Lost Customers,1
2845,3,88554.72,29518.24,2025-10-15,77,4,3,3,10,Loyal Customers,0
3125,4,167735.49,41933.87,2025-10-17,75,4,4,5,13,Champions,0
1706,3,76201.91,25400.64,2025-07-23,161,3,3,3,9,Potential Loyalists,1
4068,2,68738.92,34369.46,2024-09-27,460,1,2,3,6,Lost Customers,1
2444,4,105943.59,26485.9,2025-04-10,265,2,4,4,10,At Risk High Value,0
3595,3,172091.77,57363.92,2025-06-27,187,3,3,5,11,Potential Loyalists,0
4732,4,180855.66,45213.92,2025-04-02,273,2,4,5,11,At Risk High Value,0
718,3,54342.7,18114.23,2024-11-17,409,1,3,2,6,At Risk,1
1712,1,46000.29,46000.29,2025-04-23,252,2,1,2,5,Lost Customers,1
1364,2,42740.78,21370.39,2024-08-07,511,1,2,2,5,Lost Customers,1
1654,3,137375.49,45791.83,2025-10-06,86,4,3,4,11,Loyal Customers,0
3590,1,18401.17,18401.17,2024-04-05,635,1,1,1,3,Lost Customers,1
1889,1,25887.97,25887.97,2024-09-23,464,1,1,1,3,Lost Customers,1
229,1,81805.15,81805.15,2025-11-19,42,5,1,3,9,New Customers,1
3668,4,52201.04,13050.26,2025-01-14,351,2,4,2,8,At Risk High Value,1
3906,3,127435.13,42478.38,2025-12-12,19,5,3,4,12,Loyal Customers,0
4717,4,182049.43,45512.36,2025-12-26,5,5,4,5,14,Champions,0
788,2,57198.62,28599.31,2025-10-20,72,4,2,2,8,New Customers,1
4137,3,99803.42,33267.81,2025-10-31,61,4,3,4,11,Loyal Customers,0
2234,4,226079.18,56519.8,2025-09-05,117,4,4,5,13,Champions,0
3481,1,59339.42,59339.42,2024-07-22,527,1,1,2,4,Lost Customers,1
2190,1,17436.82,17436.82,2024-01-30,701,1,1,1,3,Lost Customers,1
4588,2,39454.22,19727.11,2025-09-26,96,4,2,2,8,New Customers,1
2344,1,31551.81,31551.81,2024-09-10,477,1,1,2,4,Lost Customers,1
4016,2,31383.4,15691.7,2024-12-21,375,1,2,2,5,Lost Customers,1
900,2,93485.23,46742.62,2025-09-05,117,4,2,4,10,New Customers,1
4229,3,132951.5,44317.17,2025-08-13,140,3,3,4,10,Potential Loyalists,0
4010,2,74820.54,37410.27,2025-03-29,277,2,2,3,7,Lost Customers,1
762,1,6343.84,6343.84,2024-05-09,601,1,1,1,3,Lost Customers,1
996,5,188096.41,37619.28,2025-04-16,259,2,5,5,12,At Risk High Value,0
1197,4,231576.78,57894.2,2025-10-04,88,4,4,5,13,Champions,0
1063,4,75183.75,18795.94,2025-08-05,148,3,4,3,10,Potential Loyalists,0
69,3,150095.64,50031.88,2025-12-13,18,5,3,5,13,Loyal Customers,0
4052,2,75772.88,37886.44,2025-06-01,213,3,2,3,8,Potential Loyalists,1
2369,2,53952.49,26976.25,2025-04-20,255,2,2,2,6,Lost Customers,1
3644,7,230173.14,32881.88,2025-06-25,189,3,5,5,13,Potential Loyalists,0
2617,5,216257.25,43251.45,2025-03-22,284,2,5,5,12,At Risk High Value,0
1912,1,24530.61,24530.61,2024-12-10,386,1,1,1,3,Lost Customers,1
4385,2,33753.76,16876.88,2025-08-13,140,3,2,2,7,Potential Loyalists,1
2546,3,98392.79,32797.6,2025-09-25,97,4,3,4,11,Loyal Customers,0
2264,1,25229.97,25229.97,2024-10-27,430,1,1,1,3,Lost Customers,1
782,4,105170.8,26292.7,2025-04-22,253,2,4,4,10,At Risk High Value,0
3587,4,114220.98,28555.25,2025-05-21,224,2,4,4,10,At Risk High Value,0
1514,2,127997.26,63998.63,2025-04-02,273,2,2,4,8,Lost Customers,1
4193,1,19040.43,19040.43,2024-10-15,442,1,1,1,3,Lost Customers,1
4268,3,128072.36,42690.79,2025-01-08,357,2,3,4,9,At Risk,1
1338,3,50253.1,16751.03,2025-08-16,137,3,3,2,8,Potential Loyalists,1
1359,3,102587.75,34195.92,2025-07-24,160,3,3,4,10,Potential Loyalists,0
3100,3,156685.93,52228.64,2025-04-27,248,2,3,5,10,At Risk,0
4680,4,163961.46,40990.37,2025-11-17,44,5,4,5,14,Champions,0
4060,3,90587.11,30195.7,2025-09-04,118,4,3,3,10,Loyal Customers,0
1079,1,72103.57,72103.57,2024-12-28,368,2,1,3,6,Lost Customers,1
1445,3,97287.43,32429.14,2025-10-24,68,4,3,4,11,Loyal Customers,0
3701,1,21591.35,21591.35,2024-08-02,516,1,1,1,3,Lost Customers,1
4691,2,81493.26,40746.63,2025-01-04,361,2,2,3,7,Lost Customers,1
1141,1,20234.42,20234.42,2025-05-02,243,2,1,1,4,Lost Customers,1
659,1,4594.39,4594.39,2024-05-05,605,1,1,1,3,Lost Customers,1
1329,3,157062.8,52354.27,2025-12-14,17,5,3,5,13,Loyal Customers,0
279,3,71810.87,23936.96,2025-11-08,53,5,3,3,11,Loyal Customers,0
2233,3,114446.63,38148.88,2024-11-20,406,1,3,4,8,At Risk,1
2238,2,10731.74,5365.87,2025-11-30,31,5,2,1,8,New Customers,1
3588,1,4675.69,4675.69,2025-03-07,299,2,1,1,4,Lost Customers,1
3584,4,90047.34,22511.84,2025-07-11,173,3,4,3,10,Potential Loyalists,0
4806,4,48258.69,12064.67,2025-05-26,219,3,4,2,9,Potential Loyalists,1
1481,3,23724.58,7908.19,2024-10-06,451,1,3,1,5,At Risk,1
9,1,6654.06,6654.06,2024-05-22,588,1,1,1,3,Lost Customers,1
1480,5,215746.2,43149.24,2025-12-07,24,5,5,5,15,Champions,0
4926,2,35966.23,17983.12,2024-10-29,428,1,2,2,5,Lost Customers,1
3291,3,81270.13,27090.04,2024-07-07,542,1,3,3,7,At Risk,1
565,4,163847.35,40961.84,2025-05-28,217,3,4,5,12,Potential Loyalists,0
4087,2,91904.88,45952.44,2025-10-18,74,4,2,3,9,New Customers,1
4113,1,2296.16,2296.16,2025-09-15,107,4,1,1,6,New Customers,1
4334,4,113391.96,28347.99,2025-06-08,206,3,4,4,11,Potential Loyalists,0
4438,3,122056.59,40685.53,2024-10-18,439,1,3,4,8,At Risk,1
553,4,171932.13,42983.03,2024-10-21,436,1,4,5,10,At Risk High Value,0
1640,2,58850.46,29425.23,2025-10-31,61,4,2,2,8,New Customers,1
1520,1,85470.7,85470.7,2024-02-10,690,1,1,3,5,Lost Customers,1
4285,4,113473.15,28368.29,2025-07-08,176,3,4,4,11,Potential Loyalists,0
1968,3,114490.3,38163.43,2025-12-20,11,5,3,4,12,Loyal Customers,0
927,1,19494.04,19494.04,2024-03-23,648,1,1,1,3,Lost Customers,1
3315,1,4628.85,4628.85,2024-08-19,499,1,1,1,3,Lost Customers,1
2519,4,133115.49,33278.87,2025-12-22,9,5,4,4,13,Champions,0
398,1,84008.97,84008.97,2025-10-31,61,4,1,3,8,New Customers,1
2510,4,64492.39,16123.1,2025-12-20,11,5,4,3,12,Loyal Customers,0
1732,2,81394.39,40697.2,2025-09-19,103,4,2,3,9,New Customers,1
165,6,171181.93,28530.32,2025-12-10,21,5,5,5,15,Champions,0
2641,2,66157.88,33078.94,2025-06-26,188,3,2,3,8,Potential Loyalists,1
1233,4,97657.78,24414.45,2025-12-27,4,5,4,4,13,Champions,0
56,3,71561.44,23853.81,2025-12-31,0,5,3,3,11,Loyal Customers,0
2162,3,108747.96,36249.32,2024-07-26,523,1,3,4,8,At Risk,1
4237,3,143368.94,47789.65,2025-02-28,306,2,3,5,10,At Risk,0
4745,1,26224.29,26224.29,2025-10-29,63,4,1,1,6,New Customers,1
3226,2,86033.04,43016.52,2025-02-13,321,2,2,3,7,Lost Customers,1
4281,2,95838.36,47919.18,2024-06-25,554,1,2,4,7,Lost Customers,1
3059,3,99735.89,33245.3,2025-12-29,2,5,3,4,12,Loyal Customers,0
820,5,159129.18,31825.84,2024-12-18,378,1,5,5,11,At Risk High Value,0
4118,1,9946.06,9946.06,2025-05-30,215,3,1,1,5,Potential Loyalists,1
4759,6,143772.88,23962.15,2025-12-20,11,5,5,5,15,Champions,0
2427,5,158787.61,31757.52,2025-12-05,26,5,5,5,15,Champions,0
3522,3,42639.7,14213.23,2025-09-04,118,4,3,2,9,Loyal Customers,1
245,4,165451.41,41362.85,2025-06-18,196,3,4,5,12,Potential Loyalists,0
2615,4,119524.12,29881.03,2025-06-16,198,3,4,4,11,Potential Loyalists,0
3431,4,135225.92,33806.48,2025-03-31,275,2,4,4,10,At Risk High Value,0
2901,2,48811.84,24405.92,2025-10-01,91,4,2,2,8,New Customers,1
1326,5,36611.93,7322.39,2025-12-03,28,5,5,2,12,Loyal Customers,0
3016,6,156438.56,26073.09,2025-12-11,20,5,5,5,15,Champions,0
2670,1,733.21,733.21,2024-05-28,582,1,1,1,3,Lost Customers,1
1127,1,32285.01,32285.01,2024-09-16,471,1,1,2,4,Lost Customers,1
1807,1,5656.47,5656.47,2025-07-22,162,3,1,1,5,Potential Loyalists,1
1060,3,97611.86,32537.29,2025-04-08,267,2,3,4,9,At Risk,1
2348,5,142417.2,28483.44,2025-10-04,88,4,5,5,14,Champions,0
1017,4,110384.66,27596.17,2025-10-13,79,4,4,4,12,Champions,0
484,3,112254.66,37418.22,2025-09-19,103,4,3,4,11,Loyal Customers,0
3558,2,46836.69,23418.35,2025-10-20,72,4,2,2,8,New Customers,1
144,3,149423.81,49807.94,2025-08-12,141,3,3,5,11,Potential Loyalists,0
1885,5,141747.87,28349.57,2025-12-10,21,5,5,5,15,Champions,0
168,3,33139.76,11046.59,2025-10-26,66,4,3,2,9,Loyal Customers,1
1224,1,7384.47,7384.47,2024-04-27,613,1,1,1,3,Lost Customers,1
4280,1,3998.14,3998.14,2025-07-01,183,3,1,1,5,Potential Loyalists,1
3975,2,37236.78,18618.39,2024-05-21,589,1,2,2,5,Lost Customers,1
3222,1,14530.02,14530.02,2024-09-27,460,1,1,1,3,Lost Customers,1
2169,2,48482.86,24241.43,2025-09-25,97,4,2,2,8,New Customers,1
2417,2,25168.5,12584.25,2025-01-13,352,2,2,1,5,Lost Customers,1
4938,1,32944.63,32944.63,2025-08-21,132,3,1,2,6,Potential Loyalists,1
2868,4,153741.6,38435.4,2025-09-06,116,4,4,5,13,Champions,0
2625,2,54725.51,27362.76,2025-07-24,160,3,2,2,7,Potential Loyalists,1
3747,4,176398.29,44099.57,2025-10-12,80,4,4,5,13,Champions,0
2499,2,34847.84,17423.92,2025-08-17,136,3,2,2,7,Potential Loyalists,1
2497,5,93808.18,18761.64,2025-02-26,308,2,5,4,11,At Risk High Value,0
4534,1,44191.8,44191.8,2024-02-27,673,1,1,2,4,Lost Customers,1
3084,1,29334.11,29334.11,2024-09-07,480,1,1,1,3,Lost Customers,1
2886,3,154092.6,51364.2,2025-11-04,57,4,3,5,12,Loyal Customers,0
1859,2,61209.14,30604.57,2025-10-06,86,4,2,2,8,New Customers,1
3444,6,40274.24,6712.37,2025-09-26,96,4,5,2,11,Loyal Customers,0
2729,7,145536.38,20790.91,2025-11-02,59,4,5,5,14,Champions,0
2058,4,129247.39,32311.85,2025-08-07,146,3,4,4,11,Potential Loyalists,0
4121,2,45331.69,22665.85,2025-10-17,75,4,2,2,8,New Customers,1
3414,2,88690.71,44345.36,2025-03-15,291,2,2,3,7,Lost Customers,1
4939,1,2381.67,2381.67,2025-09-12,110,4,1,1,6,New Customers,1
3763,3,89296.53,29765.51,2025-02-20,314,2,3,3,8,At Risk,1
2718,3,81971.17,27323.72,2025-12-09,22,5,3,3,11,Loyal Customers,0
1035,2,33688.85,16844.43,2024-09-21,466,1,2,2,5,Lost Customers,1
2217,5,229260.92,45852.18,2025-10-08,84,4,5,5,14,Champions,0
3361,1,56235.78,56235.78,2025-12-10,21,5,1,2,8,New Customers,1
4220,2,36733.84,18366.92,2025-11-06,55,5,2,2,9,New Customers,1
32,3,77694.94,25898.31,2025-10-24,68,4,3,3,10,Loyal Customers,0
4293,3,59025.19,19675.06,2025-08-08,145,3,3,2,8,Potential Loyalists,1
247,6,106058.71,17676.45,2025-12-22,9,5,5,4,14,Champions,0
3027,3,97465.05,32488.35,2025-07-02,182,3,3,4,10,Potential Loyalists,0
423,4,44907.65,11226.91,2025-10-06,86,4,4,2,10,Loyal Customers,0
3329,5,107864.09,21572.82,2025-12-27,4,5,5,4,14,Champions,0
1881,2,48969.53,24484.77,2025-07-11,173,3,2,2,7,Potential Loyalists,1
1621,2,70266.37,35133.19,2025-06-07,207,3,2,3,8,Potential Loyalists,1
1182,4,155863.91,38965.98,2025-04-15,260,2,4,5,11,At Risk High Value,0
4685,4,93393.86,23348.47,2025-11-28,33,5,4,4,13,Champions,0
411,4,110927.12,27731.78,2025-10-13,79,4,4,4,12,Champions,0
2186,1,39427.68,39427.68,2024-08-21,497,1,1,2,4,Lost Customers,1
3267,1,3777.96,3777.96,2025-01-31,334,2,1,1,4,Lost Customers,1
2083,1,30795.39,30795.39,2024-06-22,557,1,1,1,3,Lost Customers,1
3387,1,858.84,858.84,2025-11-20,41,5,1,1,7,New Customers,1
4779,3,141831.51,47277.17,2025-09-07,115,4,3,5,12,Loyal Customers,0
4972,3,58542.03,19514.01,2025-11-21,40,5,3,2,10,Loyal Customers,1
1454,3,132874.75,44291.58,2025-11-03,58,4,3,4,11,Loyal Customers,0
316,5,85357.36,17071.47,2025-03-14,292,2,5,3,10,At Risk High Value,0
4030,7,149585.14,21369.31,2025-11-06,55,5,5,5,15,Champions,0
1282,4,92484.49,23121.12,2025-07-26,158,3,4,3,10,Potential Loyalists,0
256,4,60205.08,15051.27,2025-10-28,64,4,4,2,10,Loyal Customers,0
628,2,17416.33,8708.17,2025-09-03,119,4,2,1,7,New Customers,1
3337,1,13092.29,13092.29,2024-09-02,485,1,1,1,3,Lost Customers,1
3145,2,78957.14,39478.57,2025-09-02,120,4,2,3,9,New Customers,1
422,3,169717.82,56572.61,2025-08-16,137,3,3,5,11,Potential Loyalists,0
4415,3,135372.14,45124.05,2025-06-19,195,3,3,4,10,Potential Loyalists,0
3268,4,89858.77,22464.69,2025-04-06,269,2,4,3,9,At Risk High Value,0
185,1,62906.44,62906.44,2024-04-15,625,1,1,3,5,Lost Customers,1
215,1,6051.74,6051.74,2024-11-03,423,1,1,1,3,Lost Customers,1
3993,2,8090.53,4045.27,2025-04-20,255,2,2,1,5,Lost Customers,1
3148,1,9637.32,9637.32,2024-01-13,718,1,1,1,3,Lost Customers,1
3502,1,63074.92,63074.92,2024-03-27,644,1,1,3,5,Lost Customers,1
3581,2,26596.61,13298.31,2025-02-14,320,2,2,1,5,Lost Customers,1
4793,3,63331.85,21110.62,2025-05-23,222,2,3,3,8,At Risk,1
1526,4,67713.27,16928.32,2025-12-08,23,5,4,3,12,Loyal Customers,0
3850,1,21031.31,21031.31,2025-11-25,36,5,1,1,7,New Customers,1
3106,4,183052.12,45763.03,2025-06-28,186,3,4,5,12,Potential Loyalists,0
2759,4,89139.24,22284.81,2025-12-02,29,5,4,3,12,Loyal Customers,0
2253,5,192580.25,38516.05,2024-11-29,397,1,5,5,11,At Risk High Value,0
4757,2,29819.11,14909.56,2025-06-15,199,3,2,1,6,Potential Loyalists,1
1541,1,634.35,634.35,2025-03-02,304,2,1,1,4,Lost Customers,1
4994,3,111127.87,37042.62,2025-03-04,302,2,3,4,9,At Risk,1
1531,2,55441.72,27720.86,2025-12-29,2,5,2,2,9,New Customers,1
4014,3,128306.83,42768.94,2025-12-15,16,5,3,4,12,Loyal Customers,0
3797,3,124016.11,41338.7,2025-11-28,33,5,3,4,12,Loyal Customers,0
2607,3,92468.49,30822.83,2025-11-03,58,4,3,3,10,Loyal Customers,0
1671,4,28454.78,7113.7,2025-05-13,232,2,4,1,7,At Risk High Value,1
314,4,57618.87,14404.72,2025-07-25,159,3,4,2,9,Potential Loyalists,0
426,2,66016.08,33008.04,2025-12-26,5,5,2,3,10,New Customers,1
1274,6,191377.49,31896.25,2025-11-23,38,5,5,5,15,Champions,0
2808,2,43388.05,21694.03,2025-11-20,41,5,2,2,9,New Customers,1
1805,3,83200.76,27733.59,2025-10-05,87,4,3,3,10,Loyal Customers,0
877,2,91930.78,45965.39,2025-05-12,233,2,2,3,7,Lost Customers,1
3477,4,62949.17,15737.29,2025-07-25,159,3,4,3,10,Potential Loyalists,0
4441,2,36526.18,18263.09,2024-05-06,604,1,2,2,5,Lost Customers,1
1113,3,165663.79,55221.26,2025-12-10,21,5,3,5,13,Loyal Customers,0
2822,1,8181.45,8181.45,2024-02-23,677,1,1,1,3,Lost Customers,1
1317,6,169241.83,28206.97,2025-11-24,37,5,5,5,15,Champions,0
4257,3,54917.23,18305.74,2025-05-25,220,3,3,2,8,Potential Loyalists,1
1702,2,23515.72,11757.86,2025-01-30,335,2,2,1,5,Lost Customers,1
3135,3,165124.29,55041.43,2025-11-03,58,4,3,5,12,Loyal Customers,0
971,1,43182.7,43182.7,2025-11-11,50,5,1,2,8,New Customers,1
1825,1,66958.38,66958.38,2024-07-08,541,1,1,3,5,Lost Customers,1
2342,2,55895.23,27947.62,2025-05-17,228,2,2,2,6,Lost Customers,1
1759,6,123405.86,20567.64,2025-10-02,90,4,5,4,13,Champions,0
1707,3,196632.64,65544.21,2025-12-28,3,5,3,5,13,Loyal Customers,0
941,1,5028.78,5028.78,2024-04-08,632,1,1,1,3,Lost Customers,1
949,3,142438.54,47479.51,2025-10-20,72,4,3,5,12,Loyal Customers,0
2761,2,24453.0,12226.5,2025-08-30,123,4,2,1,7,New Customers,1
2707,3,46613.09,15537.7,2024-06-07,572,1,3,2,6,At Risk,1
2433,2,75447.84,37723.92,2025-11-01,60,4,2,3,9,New Customers,1
135,3,55823.0,18607.67,2025-05-30,215,3,3,2,8,Potential Loyalists,1
4752,1,18613.49,18613.49,2024-12-22,374,1,1,1,3,Lost Customers,1
4267,1,26047.98,26047.98,2024-11-10,416,1,1,1,3,Lost Customers,1
1064,3,126187.92,42062.64,2025-10-30,62,4,3,4,11,Loyal Customers,0
1193,6,138427.89,23071.32,2025-06-30,184,3,5,5,13,Potential Loyalists,0
3085,3,57622.42,19207.47,2025-02-19,315,2,3,2,7,At Risk,1
4928,3,87069.24,29023.08,2025-05-28,217,3,3,3,9,Potential Loyalists,1
2795,2,65780.56,32890.28,2025-12-16,15,5,2,3,10,New Customers,1
1169,3,71047.1,23682.37,2025-12-16,15,5,3,3,11,Loyal Customers,0
3440,2,25833.64,12916.82,2024-11-24,402,1,2,1,4,Lost Customers,1
1994,1,42879.24,42879.24,2024-06-20,559,1,1,2,4,Lost Customers,1
3203,1,62668.94,62668.94,2024-05-25,585,1,1,3,5,Lost Customers,1
1171,2,2941.29,1470.65,2025-08-25,128,3,2,1,6,Potential Loyalists,1
1138,5,163265.82,32653.16,2025-08-15,138,3,5,5,13,Potential Loyalists,0
239,4,47820.43,11955.11,2025-09-20,102,4,4,2,10,Loyal Customers,0
1353,6,108319.33,18053.22,2025-11-09,52,5,5,4,14,Champions,0
4724,3,65630.86,21876.95,2025-05-12,233,2,3,3,8,At Risk,1
4978,3,56209.57,18736.52,2025-08-17,136,3,3,2,8,Potential Loyalists,1
2418,3,148825.69,49608.56,2025-07-26,158,3,3,5,11,Potential Loyalists,0
1688,1,24943.27,24943.27,2024-03-02,669,1,1,1,3,Lost Customers,1
2937,2,38319.36,19159.68,2025-12-02,29,5,2,2,9,New Customers,1
2495,2,109064.64,54532.32,2024-10-12,445,1,2,4,7,Lost Customers,1
2946,1,5826.68,5826.68,2024-09-19,468,1,1,1,3,Lost Customers,1
755,3,64423.69,21474.56,2025-08-24,129,3,3,3,9,Potential Loyalists,1
1031,5,39263.1,7852.62,2025-10-27,65,4,5,2,11,Loyal Customers,0
1184,3,83291.71,27763.9,2025-11-04,57,4,3,3,10,Loyal Customers,0
4236,2,37678.5,18839.25,2025-11-26,35,5,2,2,9,New Customers,1
15,1,60049.76,60049.76,2025-03-09,297,2,1,2,5,Lost Customers,1
3013,6,139208.04,23201.34,2025-08-27,126,3,5,5,13,Potential Loyalists,0
3914,3,83646.85,27882.28,2025-09-01,121,4,3,3,10,Loyal Customers,0
1865,4,119562.94,29890.74,2025-12-20,11,5,4,4,13,Champions,0
859,1,15194.85,15194.85,2025-07-16,168,3,1,1,5,Potential Loyalists,1
1129,2,97301.72,48650.86,2025-12-07,24,5,2,4,11,New Customers,1
842,3,51060.08,17020.03,2025-12-12,19,5,3,2,10,Loyal Customers,1
767,3,174737.53,58245.84,2025-09-15,107,4,3,5,12,Loyal Customers,0
2062,2,194991.82,97495.91,2024-08-13,505,1,2,5,8,Lost Customers,1
1367,2,188423.1,94211.55,2025-12-11,20,5,2,5,12,New Customers,0
244,5,117849.19,23569.84,2025-12-21,10,5,5,4,14,Champions,0
1192,4,68307.25,17076.81,2025-12-17,14,5,4,3,12,Loyal Customers,0
2206,2,101744.36,50872.18,2025-03-12,294,2,2,4,8,Lost Customers,1
1124,2,123459.27,61729.64,2025-12-02,29,5,2,4,11,New Customers,0
1717,3,79779.72,26593.24,2025-07-05,179,3,3,3,9,Potential Loyalists,1
1725,3,46416.3,15472.1,2025-12-12,19,5,3,2,10,Loyal Customers,1
1243,2,43954.85,21977.43,2025-01-16,349,2,2,2,6,Lost Customers,1
1738,3,9203.95,3067.98,2025-11-11,50,5,3,1,9,Loyal Customers,1
2584,2,27281.09,13640.55,2024-09-19,468,1,2,1,4,Lost Customers,1
251,3,178902.57,59634.19,2025-12-27,4,5,3,5,13,Loyal Customers,0
2379,2,16379.98,8189.99,2024-03-16,655,1,2,1,4,Lost Customers,1
960,4,108508.04,27127.01,2025-11-30,31,5,4,4,13,Champions,0
1516,1,16400.38,16400.38,2024-07-22,527,1,1,1,3,Lost Customers,1
4495,4,160878.61,40219.65,2025-08-10,143,3,4,5,12,Potential Loyalists,0
2464,3,99652.3,33217.43,2025-02-28,306,2,3,4,9,At Risk,1
3802,1,13385.08,13385.08,2025-06-06,208,3,1,1,5,Potential Loyalists,1
786,3,42254.49,14084.83,2025-12-10,21,5,3,2,10,Loyal Customers,1
2008,2,35125.02,17562.51,2025-12-15,16,5,2,2,9,New Customers,1
3242,5,76002.95,15200.59,2025-12-26,5,5,5,3,13,Loyal Customers,0
3695,3,81726.74,27242.25,2024-03-12,659,1,3,3,7,At Risk,1
2210,2,108285.87,54142.94,2025-01-14,351,2,2,4,8,Lost Customers,1
3831,3,43286.32,14428.77,2025-10-05,87,4,3,2,9,Loyal Customers,1
4709,3,276427.01,92142.34,2025-06-11,203,3,3,5,11,Potential Loyalists,0
804,4,194725.26,48681.32,2025-02-02,332,2,4,5,11,At Risk High Value,0
1934,2,74198.0,37099.0,2025-05-04,241,2,2,3,7,Lost Customers,1
2947,6,159028.68,26504.78,2025-09-17,105,4,5,5,14,Champions,0
866,4,136882.51,34220.63,2025-06-26,188,3,4,4,11,Potential Loyalists,0
4240,1,68889.69,68889.69,2024-01-04,727,1,1,3,5,Lost Customers,1
1542,2,65062.17,32531.09,2025-12-03,28,5,2,3,10,New Customers,1
991,2,79989.51,39994.76,2024-12-22,374,1,2,3,6,Lost Customers,1
2844,4,46181.33,11545.33,2025-12-19,12,5,4,2,11,Loyal Customers,0
776,1,14423.98,14423.98,2025-02-19,315,2,1,1,4,Lost Customers,1
3332,3,37089.05,12363.02,2024-06-30,549,1,3,2,6,At Risk,1
3348,5,61053.64,12210.73,2025-10-25,67,4,5,2,11,Loyal Customers,0
1636,4,20451.6,5112.9,2025-09-05,117,4,4,1,9,Loyal Customers,1
2493,2,64255.96,32127.98,2024-08-28,490,1,2,3,6,Lost Customers,1
1882,1,37360.05,37360.05,2025-04-08,267,2,1,2,5,Lost Customers,1
3895,4,138087.35,34521.84,2025-10-19,73,4,4,5,13,Champions,0
2262,3,22321.51,7440.5,2025-08-01,152,3,3,1,7,Potential Loyalists,1
4895,3,82995.39,27665.13,2025-10-19,73,4,3,3,10,Loyal Customers,0
724,1,50496.89,50496.89,2024-05-15,595,1,1,2,4,Lost Customers,1
3219,4,176785.37,44196.34,2025-03-28,278,2,4,5,11,At Risk High Value,0
1323,2,62438.77,31219.39,2025-05-15,230,2,2,3,7,Lost Customers,1
1785,5,217370.1,43474.02,2025-09-26,96,4,5,5,14,Champions,0
2405,3,57849.46,19283.15,2025-10-15,77,4,3,2,9,Loyal Customers,1
1714,1,40862.24,40862.24,2024-04-16,624,1,1,2,4,Lost Customers,1
372,5,140964.14,28192.83,2025-10-29,63,4,5,5,14,Champions,0
339,5,66570.71,13314.14,2025-10-09,83,4,5,3,12,Loyal Customers,0
2041,4,131714.21,32928.55,2025-06-01,213,3,4,4,11,Potential Loyalists,0
2647,1,26945.81,26945.81,2025-11-27,34,5,1,1,7,New Customers,1
2287,1,685.11,685.11,2024-01-15,716,1,1,1,3,Lost Customers,1
3279,1,10360.36,10360.36,2025-12-21,10,5,1,1,7,New Customers,1
1931,4,67425.04,16856.26,2025-10-29,63,4,4,3,11,Loyal Customers,0
2521,2,74213.02,37106.51,2025-02-10,324,2,2,3,7,Lost Customers,1
591,3,96579.56,32193.19,2025-11-03,58,4,3,4,11,Loyal Customers,0
808,2,56374.62,28187.31,2024-08-03,515,1,2,2,5,Lost Customers,1
3470,10,431505.78,43150.58,2025-12-22,9,5,5,5,15,Champions,0
4203,2,159008.26,79504.13,2024-08-01,517,1,2,5,8,Lost Customers,1
4707,3,36229.78,12076.59,2025-11-26,35,5,3,2,10,Loyal Customers,1
3156,2,24815.37,12407.69,2025-11-26,35,5,2,1,8,New Customers,1
3704,4,96684.74,24171.19,2024-11-30,396,1,4,4,9,At Risk High Value,1
4562,2,135927.68,67963.84,2025-05-31,214,3,2,4,9,Potential Loyalists,1
1399,5,118698.27,23739.65,2025-08-22,131,3,5,4,12,Potential Loyalists,0
4092,3,71790.4,23930.13,2025-03-07,299,2,3,3,8,At Risk,1
2732,5,168968.86,33793.77,2025-10-18,74,4,5,5,14,Champions,0
857,3,113399.93,37799.98,2024-12-15,381,1,3,4,8,At Risk,1
986,1,1551.13,1551.13,2024-12-11,385,1,1,1,3,Lost Customers,1
4956,1,27934.08,27934.08,2024-10-28,429,1,1,1,3,Lost Customers,1
20,3,84763.15,28254.38,2025-06-01,213,3,3,3,9,Potential Loyalists,1
4489,3,92416.42,30805.47,2025-07-13,171,3,3,3,9,Potential Loyalists,0
1341,5,104404.64,20880.93,2025-06-22,192,3,5,4,12,Potential Loyalists,0
1074,1,6648.36,6648.36,2024-10-15,442,1,1,1,3,Lost Customers,1
4866,6,182653.74,30442.29,2025-11-22,39,5,5,5,15,Champions,0
1999,4,111587.22,27896.81,2025-12-08,23,5,4,4,13,Champions,0
2840,2,76404.2,38202.1,2025-01-06,359,2,2,3,7,Lost Customers,1
2482,4,99882.57,24970.64,2025-09-01,121,4,4,4,12,Champions,0
1082,2,70064.18,35032.09,2025-12-17,14,5,2,3,10,New Customers,1
4623,3,76743.82,25581.27,2024-12-13,383,1,3,3,7,At Risk,1
4831,2,127760.64,63880.32,2025-03-17,289,2,2,4,8,Lost Customers,1
203,2,120001.93,60000.97,2025-01-23,342,2,2,4,8,Lost Customers,1
3468,2,20300.69,10150.35,2024-09-14,473,1,2,1,4,Lost Customers,1
789,2,55699.05,27849.53,2025-12-11,20,5,2,2,9,New Customers,1
3650,3,123763.13,41254.38,2024-08-06,512,1,3,4,8,At Risk,1
2277,3,122387.14,40795.71,2025-09-05,117,4,3,4,11,Loyal Customers,0
4462,2,63881.31,31940.66,2025-03-27,279,2,2,3,7,Lost Customers,1
3297,5,169176.36,33835.27,2025-04-20,255,2,5,5,12,At Risk High Value,0
4528,2,103212.87,51606.44,2025-03-09,297,2,2,4,8,Lost Customers,1
2249,4,147995.62,36998.91,2025-04-28,247,2,4,5,11,At Risk High Value,0
2720,3,97790.61,32596.87,2025-10-23,69,4,3,4,11,Loyal Customers,0
511,1,2794.46,2794.46,2024-05-25,585,1,1,1,3,Lost Customers,1
3330,2,86711.45,43355.73,2024-12-22,374,1,2,3,6,Lost Customers,1
1351,4,79177.42,19794.36,2025-09-14,108,4,4,3,11,Loyal Customers,0
3319,4,81462.39,20365.6,2025-12-24,7,5,4,3,12,Loyal Customers,0
1660,4,75150.66,18787.67,2025-03-17,289,2,4,3,9,At Risk High Value,0
1183,4,134088.62,33522.16,2025-02-28,306,2,4,4,10,At Risk High Value,0
2914,4,187241.18,46810.3,2025-09-14,108,4,4,5,13,Champions,0
4165,3,71752.16,23917.39,2024-10-21,436,1,3,3,7,At Risk,1
1333,4,84972.23,21243.06,2025-10-28,64,4,4,3,11,Loyal Customers,0
1610,3,52124.15,17374.72,2025-12-20,11,5,3,2,10,Loyal Customers,1
3411,4,102837.87,25709.47,2025-11-28,33,5,4,4,13,Champions,0
943,6,158788.94,26464.82,2025-06-27,187,3,5,5,13,Potential Loyalists,0
4644,3,34100.18,11366.73,2025-03-16,290,2,3,2,7,At Risk,1
2929,2,19019.12,9509.56,2025-11-26,35,5,2,1,8,New Customers,1
2408,5,235252.36,47050.47,2025-08-18,135,3,5,5,13,Potential Loyalists,0
4573,5,111148.87,22229.77,2025-07-11,173,3,5,4,12,Potential Loyalists,0
323,4,81023.6,20255.9,2025-10-19,73,4,4,3,11,Loyal Customers,0
1466,6,111051.64,18508.61,2025-11-10,51,5,5,4,14,Champions,0
348,5,221974.21,44394.84,2025-08-17,136,3,5,5,13,Potential Loyalists,0
3273,2,39820.44,19910.22,2025-12-20,11,5,2,2,9,New Customers,1
112,3,93183.99,31061.33,2024-05-26,584,1,3,4,8,At Risk,1
560,2,27331.81,13665.91,2025-04-25,250,2,2,1,5,Lost Customers,1
4876,4,93584.61,23396.15,2025-06-22,192,3,4,4,11,Potential Loyalists,0
2113,5,100313.89,20062.78,2025-08-11,142,3,5,4,12,Potential Loyalists,0
268,3,27464.46,9154.82,2025-06-20,194,3,3,1,7,Potential Loyalists,1
2944,3,38786.35,12928.78,2024-08-17,501,1,3,2,6,At Risk,1
1745,3,44038.12,14679.37,2025-10-18,74,4,3,2,9,Loyal Customers,1
3683,1,42401.61,42401.61,2024-05-19,591,1,1,2,4,Lost Customers,1
2016,5,82647.5,16529.5,2025-11-11,50,5,5,3,13,Loyal Customers,0
2492,1,94320.16,94320.16,2025-12-06,25,5,1,4,10,New Customers,1
1657,1,22863.46,22863.46,2025-02-13,321,2,1,1,4,Lost Customers,1
988,3,31822.69,10607.56,2025-11-27,34,5,3,2,10,Loyal Customers,1
2730,4,92953.81,23238.45,2025-07-12,172,3,4,3,10,Potential Loyalists,0
4715,4,51134.49,12783.62,2025-01-16,349,2,4,2,8,At Risk High Value,1
590,3,143529.36,47843.12,2025-10-13,79,4,3,5,12,Loyal Customers,0
3074,4,210191.1,52547.78,2025-12-07,24,5,4,5,14,Champions,0
2908,5,140685.33,28137.07,2025-06-19,195,3,5,5,13,Potential Loyalists,0
82,3,101988.7,33996.23,2025-01-23,342,2,3,4,9,At Risk,1
4026,2,44513.44,22256.72,2025-10-24,68,4,2,2,8,New Customers,1
4899,2,95920.55,47960.28,2025-07-31,153,3,2,4,9,Potential Loyalists,1
2000,3,60898.28,20299.43,2025-10-18,74,4,3,2,9,Loyal Customers,1
1396,1,9063.5,9063.5,2025-12-17,14,5,1,1,7,New Customers,1
1534,1,12835.58,12835.58,2025-05-08,237,2,1,1,4,Lost Customers,1
202,5,99771.52,19954.3,2025-12-25,6,5,5,4,14,Champions,0
2203,2,41022.14,20511.07,2025-09-24,98,4,2,2,8,New Customers,1
4397,2,8920.87,4460.44,2024-10-04,453,1,2,1,4,Lost Customers,1
3252,2,37351.93,18675.97,2025-10-31,61,4,2,2,8,New Customers,1
1906,1,47019.49,47019.49,2024-06-07,572,1,1,2,4,Lost Customers,1
1981,3,37709.41,12569.8,2025-09-09,113,4,3,2,9,Loyal Customers,1
1176,1,15016.41,15016.41,2024-04-22,618,1,1,1,3,Lost Customers,1
4565,1,34507.72,34507.72,2024-05-20,590,1,1,2,4,Lost Customers,1
2587,3,113929.76,37976.59,2025-06-03,211,3,3,4,10,Potential Loyalists,0
1186,5,91344.91,18268.98,2025-05-07,238,2,5,3,10,At Risk High Value,0
2316,3,202113.07,67371.02,2025-12-03,28,5,3,5,13,Loyal Customers,0
1380,4,173350.1,43337.53,2025-04-26,249,2,4,5,11,At Risk High Value,0
4067,1,20456.18,20456.18,2025-05-16,229,2,1,1,4,Lost Customers,1
1147,1,13842.67,13842.67,2025-03-09,297,2,1,1,4,Lost Customers,1
3465,4,140480.8,35120.2,2024-12-10,386,1,4,5,10,At Risk High Value,0
917,1,19524.89,19524.89,2024-06-06,573,1,1,1,3,Lost Customers,1
489,1,79469.64,79469.64,2024-06-03,576,1,1,3,5,Lost Customers,1
3471,2,101600.31,50800.16,2025-11-27,34,5,2,4,11,New Customers,1
4423,3,140417.9,46805.97,2025-10-13,79,4,3,5,12,Loyal Customers,0
1555,2,44604.22,22302.11,2024-06-09,570,1,2,2,5,Lost Customers,1
3286,3,112337.84,37445.95,2025-04-24,251,2,3,4,9,At Risk,0
4063,3,137547.59,45849.2,2025-05-13,232,2,3,4,9,At Risk,0
2142,3,65200.7,21733.57,2025-08-14,139,3,3,3,9,Potential Loyalists,1
2927,3,109608.67,36536.22,2025-01-31,334,2,3,4,9,At Risk,1
4789,3,34469.93,11489.98,2025-10-31,61,4,3,2,9,Loyal Customers,1
2286,2,40316.34,20158.17,2025-04-14,261,2,2,2,6,Lost Customers,1
3575,2,17412.29,8706.15,2025-06-07,207,3,2,1,6,Potential Loyalists,1
1230,1,55670.11,55670.11,2025-11-09,52,5,1,2,8,New Customers,1
3972,2,69899.94,34949.97,2025-05-09,236,2,2,3,7,Lost Customers,1
666,1,3301.15,3301.15,2025-05-08,237,2,1,1,4,Lost Customers,1
216,2,29095.59,14547.8,2024-10-20,437,1,2,1,4,Lost Customers,1
295,1,7311.62,7311.62,2024-03-13,658,1,1,1,3,Lost Customers,1
958,5,245251.37,49050.27,2025-05-15,230,2,5,5,12,At Risk High Value,0
3412,2,91339.67,45669.84,2025-10-14,78,4,2,3,9,New Customers,1
1655,2,22600.13,11300.07,2024-04-01,639,1,2,1,4,Lost Customers,1
3450,2,28352.27,14176.14,2024-12-28,368,2,2,1,5,Lost Customers,1
4688,6,201315.55,33552.59,2025-12-06,25,5,5,5,15,Champions,0
4244,3,40241.86,13413.95,2025-12-25,6,5,3,2,10,Loyal Customers,1
499,4,117438.08,29359.52,2025-03-13,293,2,4,4,10,At Risk High Value,0
3924,2,34923.47,17461.74,2024-07-25,524,1,2,2,5,Lost Customers,1
62,4,77518.72,19379.68,2025-10-03,89,4,4,3,11,Loyal Customers,0
2724,4,50408.41,12602.1,2025-09-04,118,4,4,2,10,Loyal Customers,0
4641,5,241358.11,48271.62,2025-05-13,232,2,5,5,12,At Risk High Value,0
2213,2,34277.9,17138.95,2025-10-03,89,4,2,2,8,New Customers,1
1318,2,44753.85,22376.93,2025-10-23,69,4,2,2,8,New Customers,1
568,3,16473.74,5491.25,2025-10-30,62,4,3,1,8,Loyal Customers,1
4328,2,38595.08,19297.54,2025-01-27,338,2,2,2,6,Lost Customers,1
4742,3,81238.16,27079.39,2025-12-13,18,5,3,3,11,Loyal Customers,0
3454,2,44056.71,22028.36,2024-04-16,624,1,2,2,5,Lost Customers,1
4862,5,91268.19,18253.64,2025-07-28,156,3,5,3,11,Potential Loyalists,0
3554,5,119033.6,23806.72,2025-08-30,123,4,5,4,13,Champions,0
4013,3,92809.72,30936.57,2025-02-07,327,2,3,3,8,At Risk,1
3839,2,78011.46,39005.73,2025-06-26,188,3,2,3,8,Potential Loyalists,1
4649,1,14871.9,14871.9,2024-01-05,726,1,1,1,3,Lost Customers,1
100,1,12992.38,12992.38,2024-10-16,441,1,1,1,3,Lost Customers,1
2165,4,116168.97,29042.24,2025-06-12,202,3,4,4,11,Potential Loyalists,0
3599,3,114214.09,38071.36,2025-12-03,28,5,3,4,12,Loyal Customers,0
1223,2,34453.29,17226.65,2025-09-27,95,4,2,2,8,New Customers,1
925,3,145319.38,48439.79,2025-05-21,224,2,3,5,10,At Risk,0
2039,1,72284.09,72284.09,2025-03-31,275,2,1,3,6,Lost Customers,1
2933,3,75799.09,25266.36,2025-02-08,326,2,3,3,8,At Risk,1
2539,5,250154.26,50030.85,2025-04-23,252,2,5,5,12,At Risk High Value,0
4818,1,11945.05,11945.05,2025-02-20,314,2,1,1,4,Lost Customers,1
835,2,71809.59,35904.8,2025-07-07,177,3,2,3,8,Potential Loyalists,1
4159,4,88494.21,22123.55,2025-05-17,228,2,4,3,9,At Risk High Value,0
4945,3,70633.98,23544.66,2025-01-09,356,2,3,3,8,At Risk,1
3491,2,45484.88,22742.44,2025-04-15,260,2,2,2,6,Lost Customers,1
2207,3,83440.99,27813.66,2025-08-09,144,3,3,3,9,Potential Loyalists,1
2727,1,9260.98,9260.98,2025-03-18,288,2,1,1,4,Lost Customers,1
1026,3,81349.59,27116.53,2025-07-24,160,3,3,3,9,Potential Loyalists,1
434,2,50832.06,25416.03,2025-10-16,76,4,2,2,8,New Customers,1
211,3,70451.21,23483.74,2025-08-18,135,3,3,3,9,Potential Loyalists,1
3892,1,65444.12,65444.12,2024-09-18,469,1,1,3,5,Lost Customers,1
901,1,6568.75,6568.75,2025-10-03,89,4,1,1,6,New Customers,1
1191,2,47199.76,23599.88,2024-10-05,452,1,2,2,5,Lost Customers,1
2902,6,84441.21,14073.54,2025-12-24,7,5,5,3,13,Loyal Customers,0
3039,4,135917.19,33979.3,2025-03-02,304,2,4,4,10,At Risk High Value,0
3276,2,28124.7,14062.35,2024-07-24,525,1,2,1,4,Lost Customers,1
3734,4,185711.4,46427.85,2025-11-28,33,5,4,5,14,Champions,0
4201,8,270054.38,33756.8,2025-05-18,227,2,5,5,12,At Risk High Value,0
3230,1,40823.82,40823.82,2024-03-07,664,1,1,2,4,Lost Customers,1
1989,4,172667.23,43166.81,2025-10-29,63,4,4,5,13,Champions,0
4674,3,61643.15,20547.72,2024-09-20,467,1,3,3,7,At Risk,1
1091,1,6095.8,6095.8,2025-05-29,216,3,1,1,5,Potential Loyalists,1
4008,1,29735.82,29735.82,2024-10-22,435,1,1,1,3,Lost Customers,1
539,7,152863.92,21837.7,2025-12-01,30,5,5,5,15,Champions,0
3559,2,46329.5,23164.75,2025-06-08,206,3,2,2,7,Potential Loyalists,1
1108,2,18914.2,9457.1,2024-09-12,475,1,2,1,4,Lost Customers,1
278,3,133208.8,44402.93,2024-12-10,386,1,3,4,8,At Risk,1
3756,2,64382.21,32191.11,2025-04-24,251,2,2,3,7,Lost Customers,1
2009,3,113566.73,37855.58,2025-09-09,113,4,3,4,11,Loyal Customers,0
2299,3,16797.85,5599.28,2025-11-20,41,5,3,1,9,Loyal Customers,1
2331,4,113220.16,28305.04,2025-02-24,310,2,4,4,10,At Risk High Value,0
1494,2,61091.38,30545.69,2024-09-21,466,1,2,2,5,Lost Customers,1
3658,4,108774.15,27193.54,2025-07-23,161,3,4,4,11,Potential Loyalists,0
4176,3,79822.66,26607.55,2025-09-11,111,4,3,3,10,Loyal Customers,0
4348,2,37648.69,18824.35,2025-04-20,255,2,2,2,6,Lost Customers,1
3909,3,62214.35,20738.12,2025-01-11,354,2,3,3,8,At Risk,1
3535,5,139246.37,27849.27,2025-10-27,65,4,5,5,14,Champions,0
2182,3,28154.66,9384.89,2024-08-17,501,1,3,1,5,At Risk,1
1045,6,251541.27,41923.55,2025-10-19,73,4,5,5,14,Champions,0
4047,1,16721.33,16721.33,2025-07-16,168,3,1,1,5,Potential Loyalists,1
3464,3,137952.82,45984.27,2025-04-27,248,2,3,5,10,At Risk,0
4007,3,108152.62,36050.87,2025-09-07,115,4,3,4,11,Loyal Customers,0
1307,2,50061.36,25030.68,2024-09-21,466,1,2,2,5,Lost Customers,1
1883,2,92614.16,46307.08,2025-07-02,182,3,2,3,8,Potential Loyalists,1
1558,2,24350.86,12175.43,2025-08-12,141,3,2,1,6,Potential Loyalists,1
3020,4,94183.05,23545.76,2025-10-03,89,4,4,4,12,Champions,0
417,3,119829.22,39943.07,2025-10-27,65,4,3,4,11,Loyal Customers,0
3964,3,73998.97,24666.32,2024-12-26,370,2,3,3,8,At Risk,1
3031,2,69814.46,34907.23,2025-08-01,152,3,2,3,8,Potential Loyalists,1
775,1,52882.31,52882.31,2024-01-01,730,1,1,2,4,Lost Customers,1
791,2,21361.09,10680.55,2025-08-12,141,3,2,1,6,Potential Loyalists,1
1830,5,173707.53,34741.51,2025-05-30,215,3,5,5,13,Potential Loyalists,0
4792,2,85887.07,42943.54,2025-07-13,171,3,2,3,8,Potential Loyalists,1
2040,1,24433.05,24433.05,2024-02-07,693,1,1,1,3,Lost Customers,1
3211,1,11985.88,11985.88,2025-05-05,240,2,1,1,4,Lost Customers,1
1682,9,319594.07,35510.45,2025-12-20,11,5,5,5,15,Champions,0
4816,4,107162.83,26790.71,2025-12-11,20,5,4,4,13,Champions,0
4435,3,80514.04,26838.01,2025-10-17,75,4,3,3,10,Loyal Customers,0
4711,1,30900.74,30900.74,2025-06-22,192,3,1,1,5,Potential Loyalists,1
4974,2,106641.6,53320.8,2025-02-11,323,2,2,4,8,Lost Customers,1
3703,2,65194.5,32597.25,2025-05-30,215,3,2,3,8,Potential Loyalists,1
1289,4,52581.4,13145.35,2025-12-23,8,5,4,2,11,Loyal Customers,0
695,3,74442.56,24814.19,2025-08-04,149,3,3,3,9,Potential Loyalists,1
2357,3,34535.55,11511.85,2025-09-16,106,4,3,2,9,Loyal Customers,1
3521,1,33858.04,33858.04,2025-11-23,38,5,1,2,8,New Customers,1
3922,2,27789.3,13894.65,2025-12-28,3,5,2,1,8,New Customers,1
4692,5,218537.63,43707.53,2025-12-16,15,5,5,5,15,Champions,0
794,2,77737.79,38868.9,2025-11-11,50,5,2,3,10,New Customers,1
3954,2,78636.52,39318.26,2025-10-19,73,4,2,3,9,New Customers,1
3764,2,42002.59,21001.3,2025-03-03,303,2,2,2,6,Lost Customers,1
4784,1,39045.48,39045.48,2024-04-26,614,1,1,2,4,Lost Customers,1
1368,1,81458.32,81458.32,2024-10-20,437,1,1,3,5,Lost Customers,1
4650,3,114077.1,38025.7,2025-08-18,135,3,3,4,10,Potential Loyalists,0
508,3,116090.76,38696.92,2025-09-27,95,4,3,4,11,Loyal Customers,0
3451,3,114086.13,38028.71,2025-11-27,34,5,3,4,12,Loyal Customers,0
2504,1,2999.26,2999.26,2024-03-17,654,1,1,1,3,Lost Customers,1
3373,3,185987.21,61995.74,2025-08-09,144,3,3,5,11,Potential Loyalists,0
1705,5,269094.44,53818.89,2025-08-18,135,3,5,5,13,Potential Loyalists,0
2451,2,59743.65,29871.83,2025-11-19,42,5,2,2,9,New Customers,1
1829,2,41998.86,20999.43,2025-05-11,234,2,2,2,6,Lost Customers,1
2321,5,65748.45,13149.69,2025-05-09,236,2,5,3,10,At Risk High Value,0
2553,2,55530.79,27765.4,2025-10-06,86,4,2,2,8,New Customers,1
2593,4,111441.64,27860.41,2025-11-16,45,5,4,4,13,Champions,0
2610,4,60189.27,15047.32,2025-06-08,206,3,4,2,9,Potential Loyalists,0
841,2,94771.3,47385.65,2025-05-20,225,2,2,4,8,Lost Customers,1
1030,2,53743.1,26871.55,2024-07-01,548,1,2,2,5,Lost Customers,1
1694,3,162446.61,54148.87,2025-04-28,247,2,3,5,10,At Risk,0
4965,2,159318.43,79659.22,2025-05-27,218,3,2,5,10,Potential Loyalists,0
1614,5,166087.27,33217.45,2025-11-15,46,5,5,5,15,Champions,0
2921,5,166388.43,33277.69,2025-10-01,91,4,5,5,14,Champions,0
803,1,48161.64,48161.64,2024-04-01,639,1,1,2,4,Lost Customers,1
2057,3,49527.15,16509.05,2025-05-15,230,2,3,2,7,At Risk,1
35,3,50460.87,16820.29,2025-11-07,54,5,3,2,10,Loyal Customers,1
4252,2,100344.83,50172.42,2024-10-01,456,1,2,4,7,Lost Customers,1
2576,2,72829.81,36414.91,2024-09-02,485,1,2,3,6,Lost Customers,1
2063,3,84890.43,28296.81,2025-12-24,7,5,3,3,11,Loyal Customers,0
3244,3,34677.74,11559.25,2025-12-26,5,5,3,2,10,Loyal Customers,1
4625,2,68962.03,34481.02,2024-10-16,441,1,2,3,6,Lost Customers,1
220,6,190016.91,31669.49,2025-06-05,209,3,5,5,13,Potential Loyalists,0
2514,3,103751.28,34583.76,2025-08-26,127,3,3,4,10,Potential Loyalists,0
3952,4,111655.96,27913.99,2025-07-11,173,3,4,4,11,Potential Loyalists,0
1913,3,101050.32,33683.44,2025-10-12,80,4,3,4,11,Loyal Customers,0
2147,5,138362.62,27672.52,2025-09-30,92,4,5,5,14,Champions,0
4099,3,50420.59,16806.86,2025-05-27,218,3,3,2,8,Potential Loyalists,1
3591,1,21761.21,21761.21,2024-12-14,382,1,1,1,3,Lost Customers,1
400,4,65828.4,16457.1,2025-11-11,50,5,4,3,12,Loyal Customers,0
285,2,52833.28,26416.64,2025-10-29,63,4,2,2,8,New Customers,1
2116,7,313613.35,44801.91,2025-05-25,220,3,5,5,13,Potential Loyalists,0
2441,5,143190.95,28638.19,2025-10-22,70,4,5,5,14,Champions,0
4727,1,3481.27,3481.27,2025-12-10,21,5,1,1,7,New Customers,1
3190,3,150514.79,50171.6,2025-06-28,186,3,3,5,11,Potential Loyalists,0
4394,2,69435.71,34717.86,2025-12-25,6,5,2,3,10,New Customers,1
1266,3,125518.27,41839.42,2025-08-01,152,3,3,4,10,Potential Loyalists,0
3098,6,225855.71,37642.62,2025-10-15,77,4,5,5,14,Champions,0
4277,5,129866.76,25973.35,2025-09-03,119,4,5,4,13,Champions,0
1922,2,25271.8,12635.9,2025-07-11,173,3,2,1,6,Potential Loyalists,1
4406,1,53158.06,53158.06,2024-12-30,366,2,1,2,5,Lost Customers,1
714,1,320.11,320.11,2025-06-08,206,3,1,1,5,Potential Loyalists,1
4931,3,95157.31,31719.1,2025-12-23,8,5,3,4,12,Loyal Customers,0
4323,2,51211.93,25605.97,2025-03-01,305,2,2,2,6,Lost Customers,1
2397,4,57010.97,14252.74,2025-11-27,34,5,4,2,11,Loyal Customers,0
2296,2,69469.75,34734.88,2025-12-05,26,5,2,3,10,New Customers,1
3733,4,97133.78,24283.45,2025-10-31,61,4,4,4,12,Champions,0
906,7,210177.66,30025.38,2025-09-28,94,4,5,5,14,Champions,0
909,1,13055.49,13055.49,2025-08-10,143,3,1,1,5,Potential Loyalists,1
4667,1,27025.9,27025.9,2025-03-16,290,2,1,1,4,Lost Customers,1
4706,1,66214.4,66214.4,2025-02-24,310,2,1,3,6,Lost Customers,1
152,3,68198.5,22732.83,2025-08-06,147,3,3,3,9,Potential Loyalists,1
1049,1,797.77,797.77,2025-06-15,199,3,1,1,5,Potential Loyalists,1
1685,2,27027.35,13513.68,2024-04-07,633,1,2,1,4,Lost Customers,1
428,4,78169.11,19542.28,2025-06-26,188,3,4,3,10,Potential Loyalists,0
4164,5,256126.34,51225.27,2025-06-08,206,3,5,5,13,Potential Loyalists,0
747,2,34401.27,17200.64,2025-06-12,202,3,2,2,7,Potential Loyalists,1
2581,2,80709.55,40354.78,2025-10-06,86,4,2,3,9,New Customers,1
1008,1,19665.62,19665.62,2024-11-26,400,1,1,1,3,Lost Customers,1
3207,3,61094.36,20364.79,2025-07-01,183,3,3,2,8,Potential Loyalists,1
3040,4,163423.92,40855.98,2025-07-18,166,3,4,5,12,Potential Loyalists,0
4626,2,65538.33,32769.17,2025-04-03,272,2,2,3,7,Lost Customers,1
3794,2,90974.4,45487.2,2025-12-08,23,5,2,3,10,New Customers,1
164,1,22661.29,22661.29,2025-11-22,39,5,1,1,7,New Customers,1
4104,2,102613.38,51306.69,2024-08-08,510,1,2,4,7,Lost Customers,1
4566,4,195769.26,48942.32,2025-08-20,133,3,4,5,12,Potential Loyalists,0
1098,2,68461.47,34230.74,2025-11-23,38,5,2,3,10,New Customers,1
2719,3,110601.54,36867.18,2025-08-05,148,3,3,4,10,Potential Loyalists,0
2333,2,39358.73,19679.37,2025-02-14,320,2,2,2,6,Lost Customers,1
1929,4,137058.62,34264.66,2025-10-28,64,4,4,4,12,Champions,0
1548,2,23998.2,11999.1,2025-05-15,230,2,2,1,5,Lost Customers,1
2035,3,47367.88,15789.29,2024-10-27,430,1,3,2,6,At Risk,1
4511,2,76629.61,38314.81,2025-02-14,320,2,2,3,7,Lost Customers,1
4713,2,86465.37,43232.69,2025-08-12,141,3,2,3,8,Potential Loyalists,1
1507,5,142640.92,28528.18,2025-12-02,29,5,5,5,15,Champions,0
3430,5,112229.94,22445.99,2025-01-08,357,2,5,4,11,At Risk High Value,0
4204,2,98377.07,49188.54,2024-12-14,382,1,2,4,7,Lost Customers,1
1900,5,115706.34,23141.27,2025-11-30,31,5,5,4,14,Champions,0
2220,3,43772.91,14590.97,2025-09-05,117,4,3,2,9,Loyal Customers,1
1959,3,113708.99,37903.0,2025-12-13,18,5,3,4,12,Loyal Customers,0
496,2,83341.89,41670.95,2025-12-10,21,5,2,3,10,New Customers,1
1907,2,29425.03,14712.52,2025-11-06,55,5,2,1,8,New Customers,1
1762,5,197723.13,39544.63,2025-12-25,6,5,5,5,15,Champions,0
2803,1,81191.38,81191.38,2025-11-07,54,5,1,3,9,New Customers,1
668,1,12792.22,12792.22,2025-07-17,167,3,1,1,5,Potential Loyalists,1
814,3,129665.29,43221.76,2025-11-26,35,5,3,4,12,Loyal Customers,0
1845,5,239579.85,47915.97,2025-12-26,5,5,5,5,15,Champions,0
2701,1,1116.27,1116.27,2024-09-15,472,1,1,1,3,Lost Customers,1
4870,3,50029.53,16676.51,2025-05-22,223,2,3,2,7,At Risk,1
3903,3,60198.6,20066.2,2025-02-14,320,2,3,2,7,At Risk,1
645,2,92708.93,46354.47,2025-10-19,73,4,2,3,9,New Customers,1
926,1,58701.36,58701.36,2025-01-29,336,2,1,2,5,Lost Customers,1
1009,2,104040.25,52020.13,2025-03-13,293,2,2,4,8,Lost Customers,1
607,1,47326.93,47326.93,2025-03-22,284,2,1,2,5,Lost Customers,1
1460,1,13004.04,13004.04,2025-12-26,5,5,1,1,7,New Customers,1
1546,3,88743.0,29581.0,2025-01-22,343,2,3,3,8,At Risk,1
1816,1,1116.27,1116.27,2025-02-05,329,2,1,1,4,Lost Customers,1
2459,2,19375.43,9687.72,2025-01-05,360,2,2,1,5,Lost Customers,1
1619,7,271601.32,38800.19,2025-08-16,137,3,5,5,13,Potential Loyalists,0
3500,3,61287.6,20429.2,2025-12-30,1,5,3,3,11,Loyal Customers,0
4250,2,40367.6,20183.8,2025-10-13,79,4,2,2,8,New Customers,1
3651,2,33354.58,16677.29,2025-03-06,300,2,2,2,6,Lost Customers,1
2626,2,16640.72,8320.36,2025-07-31,153,3,2,1,6,Potential Loyalists,1
1877,2,55836.82,27918.41,2025-08-29,124,4,2,2,8,New Customers,1
1815,6,203407.49,33901.25,2025-12-17,14,5,5,5,15,Champions,0
4912,4,124388.57,31097.14,2025-12-24,7,5,4,4,13,Champions,0
942,3,82712.98,27570.99,2025-10-21,71,4,3,3,10,Loyal Customers,0
1062,1,5618.39,5618.39,2025-04-02,273,2,1,1,4,Lost Customers,1
1458,2,56957.25,28478.63,2025-03-08,298,2,2,2,6,Lost Customers,1
108,4,116602.92,29150.73,2025-08-10,143,3,4,4,11,Potential Loyalists,0
59,2,51178.18,25589.09,2024-05-17,593,1,2,2,5,Lost Customers,1
4536,3,42240.12,14080.04,2025-03-29,277,2,3,2,7,At Risk,1
1862,1,55625.54,55625.54,2025-12-06,25,5,1,2,8,New Customers,1
3034,2,52403.22,26201.61,2025-02-17,317,2,2,2,6,Lost Customers,1
1535,5,167771.08,33554.22,2025-12-31,0,5,5,5,15,Champions,0
2704,2,57683.12,28841.56,2024-11-29,397,1,2,2,5,Lost Customers,1
2232,2,44718.44,22359.22,2025-12-04,27,5,2,2,9,New Customers,1
2157,2,33891.43,16945.72,2025-08-22,131,3,2,2,7,Potential Loyalists,1
3404,2,32420.37,16210.19,2025-12-22,9,5,2,2,9,New Customers,1
3112,6,218215.76,36369.29,2025-08-06,147,3,5,5,13,Potential Loyalists,0
2302,5,76206.13,15241.23,2025-07-09,175,3,5,3,11,Potential Loyalists,0
4215,3,117598.24,39199.41,2025-01-01,364,2,3,4,9,At Risk,1
778,2,124234.36,62117.18,2025-06-29,185,3,2,4,9,Potential Loyalists,1
4358,2,52524.78,26262.39,2024-08-02,516,1,2,2,5,Lost Customers,1
4922,1,28277.36,28277.36,2025-12-23,8,5,1,1,7,New Customers,1
4259,2,47547.42,23773.71,2024-09-20,467,1,2,2,5,Lost Customers,1
3383,7,203275.16,29039.31,2025-12-15,16,5,5,5,15,Champions,0
532,6,161825.3,26970.88,2025-12-04,27,5,5,5,15,Champions,0
1170,3,104925.29,34975.1,2025-02-23,311,2,3,4,9,At Risk,1
1371,6,174942.97,29157.16,2025-11-08,53,5,5,5,15,Champions,0
4320,1,51273.76,51273.76,2025-10-27,65,4,1,2,7,New Customers,1
2370,6,202202.21,33700.37,2025-12-24,7,5,5,5,15,Champions,0
2567,2,7830.75,3915.38,2024-10-28,429,1,2,1,4,Lost Customers,1
1378,1,85143.8,85143.8,2024-11-10,416,1,1,3,5,Lost Customers,1
1038,4,164945.97,41236.49,2025-11-14,47,5,4,5,14,Champions,0
324,2,30252.76,15126.38,2024-06-10,569,1,2,1,4,Lost Customers,1
2273,4,90569.37,22642.34,2025-09-18,104,4,4,3,11,Loyal Customers,0
2745,1,18824.19,18824.19,2024-03-21,650,1,1,1,3,Lost Customers,1
1923,1,14612.88,14612.88,2025-12-24,7,5,1,1,7,New Customers,1
4342,2,75882.4,37941.2,2025-08-06,147,3,2,3,8,Potential Loyalists,1
1126,6,148428.82,24738.14,2025-06-03,211,3,5,5,13,Potential Loyalists,0
4361,4,163438.12,40859.53,2025-12-22,9,5,4,5,14,Champions,0
2965,3,58856.74,19618.91,2025-11-14,47,5,3,2,10,Loyal Customers,1
1217,1,6476.23,6476.23,2024-12-06,390,1,1,1,3,Lost Customers,1
4302,5,40807.63,8161.53,2025-11-25,36,5,5,2,12,Loyal Customers,0
984,4,65223.38,16305.85,2025-11-30,31,5,4,3,12,Loyal Customers,0
3758,2,50623.16,25311.58,2025-06-25,189,3,2,2,7,Potential Loyalists,1
1249,3,170362.41,56787.47,2025-11-19,42,5,3,5,13,Loyal Customers,0
4341,2,59771.28,29885.64,2025-06-17,197,3,2,2,7,Potential Loyalists,1
868,4,81206.83,20301.71,2025-07-26,158,3,4,3,10,Potential Loyalists,0
418,2,51709.3,25854.65,2025-01-07,358,2,2,2,6,Lost Customers,1
4494,1,3567.5,3567.5,2025-09-19,103,4,1,1,6,New Customers,1
3715,2,50741.95,25370.98,2025-02-15,319,2,2,2,6,Lost Customers,1
1524,1,27567.01,27567.01,2025-03-21,285,2,1,1,4,Lost Customers,1
4411,3,26511.35,8837.12,2025-04-12,263,2,3,1,6,At Risk,1
1229,3,124186.09,41395.36,2025-05-22,223,2,3,4,9,At Risk,0
407,5,297030.82,59406.16,2025-05-23,222,2,5,5,12,At Risk High Value,0
2244,5,86106.41,17221.28,2025-08-31,122,4,5,3,12,Loyal Customers,0
4368,1,1450.49,1450.49,2025-09-01,121,4,1,1,6,New Customers,1
4837,5,156357.54,31271.51,2024-10-23,434,1,5,5,11,At Risk High Value,0
3168,3,77517.65,25839.22,2025-11-15,46,5,3,3,11,Loyal Customers,0
2005,1,77282.85,77282.85,2025-09-20,102,4,1,3,8,New Customers,1
39,5,285784.13,57156.83,2025-10-07,85,4,5,5,14,Champions,0
4900,4,191372.92,47843.23,2025-09-20,102,4,4,5,13,Champions,0
690,4,261041.6,65260.4,2025-08-15,138,3,4,5,12,Potential Loyalists,0
1477,2,43812.64,21906.32,2025-02-17,317,2,2,2,6,Lost Customers,1
3263,4,171927.7,42981.93,2025-09-04,118,4,4,5,13,Champions,0
2977,6,211749.32,35291.55,2025-10-22,70,4,5,5,14,Champions,0
2919,5,81792.68,16358.54,2024-11-16,410,1,5,3,9,At Risk High Value,0
3666,3,46226.26,15408.75,2025-08-03,150,3,3,2,8,Potential Loyalists,1
1837,4,181911.14,45477.79,2025-11-14,47,5,4,5,14,Champions,0
1569,2,42132.62,21066.31,2024-10-13,444,1,2,2,5,Lost Customers,1
683,3,86314.27,28771.42,2025-05-17,228,2,3,3,8,At Risk,1
1674,3,69163.06,23054.35,2025-11-10,51,5,3,3,11,Loyal Customers,0
317,1,3679.64,3679.64,2025-03-19,287,2,1,1,4,Lost Customers,1
608,2,60233.84,30116.92,2025-12-17,14,5,2,2,9,New Customers,1
2726,7,156217.35,22316.76,2025-12-03,28,5,5,5,15,Champions,0
2281,6,170508.03,28418.01,2024-12-18,378,1,5,5,11,At Risk High Value,0
126,3,67106.42,22368.81,2025-12-11,20,5,3,3,11,Loyal Customers,0
463,1,66886.12,66886.12,2025-06-05,209,3,1,3,7,Potential Loyalists,1
1570,1,55205.74,55205.74,2025-10-21,71,4,1,2,7,New Customers,1
4735,4,148343.35,37085.84,2024-10-24,433,1,4,5,10,At Risk High Value,0
2093,5,255055.9,51011.18,2025-06-08,206,3,5,5,13,Potential Loyalists,0
1146,2,20248.29,10124.15,2025-10-01,91,4,2,1,7,New Customers,1
4149,6,143550.44,23925.07,2025-10-12,80,4,5,5,14,Champions,0
3525,1,67916.27,67916.27,2025-05-20,225,2,1,3,6,Lost Customers,1
3428,4,152758.73,38189.68,2025-09-19,103,4,4,5,13,Champions,0
4065,1,61873.62,61873.62,2025-06-29,185,3,1,3,7,Potential Loyalists,1
224,2,46027.24,23013.62,2025-06-24,190,3,2,2,7,Potential Loyalists,1
4181,2,44931.71,22465.86,2025-07-04,180,3,2,2,7,Potential Loyalists,1
2804,3,46605.75,15535.25,2025-03-27,279,2,3,2,7,At Risk,1
4463,5,131390.06,26278.01,2025-08-10,143,3,5,4,12,Potential Loyalists,0
3539,4,143594.53,35898.63,2025-09-10,112,4,4,5,13,Champions,0
756,2,87838.35,43919.18,2025-10-31,61,4,2,3,9,New Customers,1
1665,4,73667.85,18416.96,2025-03-08,298,2,4,3,9,At Risk High Value,1
3011,4,115345.28,28836.32,2025-02-02,332,2,4,4,10,At Risk High Value,0
4402,4,69550.29,17387.57,2025-09-04,118,4,4,3,11,Loyal Customers,0
4666,5,163055.79,32611.16,2025-10-12,80,4,5,5,14,Champions,0
4647,1,7419.8,7419.8,2024-08-20,498,1,1,1,3,Lost Customers,1
1296,3,88613.58,29537.86,2025-11-02,59,4,3,3,10,Loyal Customers,0
2087,3,37828.53,12609.51,2025-04-01,274,2,3,2,7,At Risk,1
1808,1,25620.58,25620.58,2025-07-30,154,3,1,1,5,Potential Loyalists,1
4896,4,115717.73,28929.43,2025-05-11,234,2,4,4,10,At Risk High Value,0
1120,3,33008.88,11002.96,2025-07-19,165,3,3,2,8,Potential Loyalists,1
3680,2,129234.37,64617.19,2025-12-23,8,5,2,4,11,New Customers,0
3692,3,82955.74,27651.91,2025-08-14,139,3,3,3,9,Potential Loyalists,1
495,2,16578.74,8289.37,2024-08-05,513,1,2,1,4,Lost Customers,1
3198,5,82813.0,16562.6,2025-10-26,66,4,5,3,12,Loyal Customers,0
1257,2,7587.86,3793.93,2025-12-20,11,5,2,1,8,New Customers,1
3250,1,12225.15,12225.15,2024-07-01,548,1,1,1,3,Lost Customers,1
657,4,79817.48,19954.37,2025-08-05,148,3,4,3,10,Potential Loyalists,0
3249,5,201905.48,40381.1,2025-12-10,21,5,5,5,15,Champions,0
4455,4,83542.69,20885.67,2025-03-18,288,2,4,3,9,At Risk High Value,0
1306,1,71510.31,71510.31,2024-06-06,573,1,1,3,5,Lost Customers,1
1645,1,24472.28,24472.28,2025-11-11,50,5,1,1,7,New Customers,1
474,4,102942.72,25735.68,2025-12-05,26,5,4,4,13,Champions,0
1961,1,18819.29,18819.29,2024-02-20,680,1,1,1,3,Lost Customers,1
748,4,114281.39,28570.35,2025-09-29,93,4,4,4,12,Champions,0
4660,2,22431.99,11216.0,2025-09-09,113,4,2,1,7,New Customers,1
4395,4,27102.01,6775.5,2025-10-05,87,4,4,1,9,Loyal Customers,1
1847,6,261464.0,43577.33,2025-10-24,68,4,5,5,14,Champions,0
1700,3,75033.57,25011.19,2025-05-08,237,2,3,3,8,At Risk,1
4712,3,48978.7,16326.23,2025-09-18,104,4,3,2,9,Loyal Customers,1
4015,2,9785.14,4892.57,2025-12-27,4,5,2,1,8,New Customers,1
3845,3,125122.87,41707.62,2025-10-25,67,4,3,4,11,Loyal Customers,0
4490,4,168876.44,42219.11,2025-08-03,150,3,4,5,12,Potential Loyalists,0
3322,1,28595.84,28595.84,2025-02-06,328,2,1,1,4,Lost Customers,1
116,3,185838.79,61946.26,2025-12-03,28,5,3,5,13,Loyal Customers,0
1791,6,162073.34,27012.22,2025-09-26,96,4,5,5,14,Champions,0
4918,1,97441.02,97441.02,2025-01-19,346,2,1,4,7,Lost Customers,1
2680,5,272526.87,54505.37,2025-09-05,117,4,5,5,14,Champions,0
3384,1,40407.26,40407.26,2024-11-27,399,1,1,2,4,Lost Customers,1
2936,7,259034.94,37004.99,2025-12-05,26,5,5,5,15,Champions,0
1977,3,19592.75,6530.92,2025-03-17,289,2,3,1,6,At Risk,1
2722,1,11329.44,11329.44,2024-05-30,580,1,1,1,3,Lost Customers,1
2979,2,18068.0,9034.0,2024-10-21,436,1,2,1,4,Lost Customers,1
1856,2,43576.7,21788.35,2025-09-08,114,4,2,2,8,New Customers,1
2685,3,72045.26,24015.09,2025-07-29,155,3,3,3,9,Potential Loyalists,1
2819,5,192785.42,38557.08,2025-11-30,31,5,5,5,15,Champions,0
2314,3,110852.58,36950.86,2024-12-28,368,2,3,4,9,At Risk,1
2037,1,48704.09,48704.09,2024-09-28,459,1,1,2,4,Lost Customers,1
1767,3,94122.45,31374.15,2025-10-23,69,4,3,4,11,Loyal Customers,0
2390,2,68816.75,34408.38,2025-09-17,105,4,2,3,9,New Customers,1
1272,1,18991.9,18991.9,2024-11-13,413,1,1,1,3,Lost Customers,1
180,5,96416.37,19283.27,2025-02-09,325,2,5,4,11,At Risk High Value,0
3245,1,46669.75,46669.75,2025-01-20,345,2,1,2,5,Lost Customers,1
1567,2,55907.94,27953.97,2025-11-10,51,5,2,2,9,New Customers,1
2193,3,41724.87,13908.29,2025-09-21,101,4,3,2,9,Loyal Customers,1
4894,1,44338.02,44338.02,2025-09-05,117,4,1,2,7,New Customers,1
4675,3,139749.05,46583.02,2025-09-24,98,4,3,5,12,Loyal Customers,0
967,5,277855.81,55571.16,2025-08-20,133,3,5,5,13,Potential Loyalists,0
4276,6,147786.75,24631.13,2025-10-30,62,4,5,5,14,Champions,0
3627,1,25887.97,25887.97,2025-03-01,305,2,1,1,4,Lost Customers,1
3220,1,19624.48,19624.48,2024-04-17,623,1,1,1,3,Lost Customers,1
4746,2,20195.19,10097.6,2025-06-30,184,3,2,1,6,Potential Loyalists,1
836,5,122166.08,24433.22,2025-11-01,60,4,5,4,13,Champions,0
1571,1,54300.31,54300.31,2025-04-20,255,2,1,2,5,Lost Customers,1
780,5,283418.89,56683.78,2025-10-07,85,4,5,5,14,Champions,0
2034,4,180430.47,45107.62,2025-10-30,62,4,4,5,13,Champions,0
1668,5,93720.29,18744.06,2025-03-21,285,2,5,4,11,At Risk High Value,0
4904,3,141839.84,47279.95,2025-12-13,18,5,3,5,13,Loyal Customers,0
4238,3,70535.31,23511.77,2025-07-23,161,3,3,3,9,Potential Loyalists,1
2878,1,7881.74,7881.74,2024-06-18,561,1,1,1,3,Lost Customers,1
4830,3,120112.97,40037.66,2025-11-16,45,5,3,4,12,Loyal Customers,0
1301,5,96734.51,19346.9,2025-04-03,272,2,5,4,11,At Risk High Value,0
505,1,67120.08,67120.08,2024-10-04,453,1,1,3,5,Lost Customers,1
3122,2,61245.09,30622.55,2025-09-25,97,4,2,2,8,New Customers,1
3996,2,74391.69,37195.85,2025-04-27,248,2,2,3,7,Lost Customers,1
328,5,324246.54,64849.31,2025-09-23,99,4,5,5,14,Champions,0
525,3,135615.5,45205.17,2025-11-15,46,5,3,4,12,Loyal Customers,0
717,4,121792.76,30448.19,2024-11-12,414,1,4,4,9,At Risk High Value,0
2506,3,191048.93,63682.98,2025-05-12,233,2,3,5,10,At Risk,0
2580,1,30118.91,30118.91,2024-08-17,501,1,1,1,3,Lost Customers,1
4319,2,137493.13,68746.57,2025-08-24,129,3,2,4,9,Potential Loyalists,0
1938,1,105156.56,105156.56,2025-11-25,36,5,1,4,10,New Customers,1
710,2,71017.1,35508.55,2025-08-30,123,4,2,3,9,New Customers,1
48,2,68086.32,34043.16,2025-08-17,136,3,2,3,8,Potential Loyalists,1
4907,1,5770.16,5770.16,2025-09-14,108,4,1,1,6,New Customers,1
2530,2,36011.75,18005.88,2025-12-22,9,5,2,2,9,New Customers,1
4243,4,174775.23,43693.81,2025-12-11,20,5,4,5,14,Champions,0
1015,2,96022.01,48011.01,2024-03-22,649,1,2,4,7,Lost Customers,1
3081,7,206854.55,29550.65,2025-09-01,121,4,5,5,14,Champions,0
3340,2,126270.82,63135.41,2024-08-28,490,1,2,4,7,Lost Customers,1
4100,2,63221.59,31610.8,2024-08-30,488,1,2,3,6,Lost Customers,1
3835,2,91095.56,45547.78,2025-08-06,147,3,2,3,8,Potential Loyalists,1
2766,2,84622.87,42311.44,2024-09-13,474,1,2,3,6,Lost Customers,1
1218,3,125007.9,41669.3,2025-07-26,158,3,3,4,10,Potential Loyalists,0
4547,4,193412.95,48353.24,2025-07-05,179,3,4,5,12,Potential Loyalists,0
1077,3,78370.21,26123.4,2025-06-10,204,3,3,3,9,Potential Loyalists,1
456,4,173210.91,43302.73,2025-11-09,52,5,4,5,14,Champions,0
4780,4,133740.4,33435.1,2025-08-23,130,3,4,4,11,Potential Loyalists,0
3959,3,64092.4,21364.13,2025-10-29,63,4,3,3,10,Loyal Customers,1
2145,5,166142.97,33228.59,2025-10-26,66,4,5,5,14,Champions,0
1896,3,82569.03,27523.01,2024-05-22,588,1,3,3,7,At Risk,1
1281,1,4661.76,4661.76,2025-03-06,300,2,1,1,4,Lost Customers,1
531,2,34316.75,17158.38,2025-01-29,336,2,2,2,6,Lost Customers,1
2731,1,99102.72,99102.72,2024-10-02,455,1,1,4,6,Lost Customers,1
4318,1,1668.85,1668.85,2024-01-29,702,1,1,1,3,Lost Customers,1
3420,5,189505.76,37901.15,2025-08-22,131,3,5,5,13,Potential Loyalists,0
3028,3,145155.6,48385.2,2025-02-05,329,2,3,5,10,At Risk,0
4909,2,109329.01,54664.51,2024-12-11,385,1,2,4,7,Lost Customers,1
297,4,233163.26,58290.82,2025-11-12,49,5,4,5,14,Champions,0
4846,4,191351.08,47837.77,2025-11-22,39,5,4,5,14,Champions,0
1622,4,130529.62,32632.41,2025-11-29,32,5,4,4,13,Champions,0
1261,1,18562.98,18562.98,2024-09-26,461,1,1,1,3,Lost Customers,1
4755,2,35132.94,17566.47,2025-12-25,6,5,2,2,9,New Customers,1
2395,6,163313.14,27218.86,2025-09-24,98,4,5,5,14,Champions,0
1741,5,168139.82,33627.96,2025-12-04,27,5,5,5,15,Champions,0
3791,4,62633.16,15658.29,2024-12-05,391,1,4,3,8,At Risk High Value,1
2854,2,51160.22,25580.11,2025-06-28,186,3,2,2,7,Potential Loyalists,1
4346,3,29204.53,9734.84,2024-05-21,589,1,3,1,5,At Risk,1
233,3,148558.22,49519.41,2025-08-03,150,3,3,5,11,Potential Loyalists,0
1370,3,78139.36,26046.45,2025-09-03,119,4,3,3,10,Loyal Customers,1
3235,2,68607.6,34303.8,2025-12-24,7,5,2,3,10,New Customers,1
2290,1,63109.72,63109.72,2024-02-24,676,1,1,3,5,Lost Customers,1
3665,2,32425.91,16212.96,2025-12-17,14,5,2,2,9,New Customers,1
1115,1,22617.92,22617.92,2025-03-16,290,2,1,1,4,Lost Customers,1
4629,2,14576.29,7288.15,2025-08-07,146,3,2,1,6,Potential Loyalists,1
4616,4,90676.36,22669.09,2025-06-05,209,3,4,3,10,Potential Loyalists,0
3897,1,74382.95,74382.95,2024-06-17,562,1,1,3,5,Lost Customers,1
3304,5,197142.88,39428.58,2025-07-25,159,3,5,5,13,Potential Loyalists,0
2781,3,72920.32,24306.77,2025-12-16,15,5,3,3,11,Loyal Customers,0
1383,1,28550.71,28550.71,2024-09-14,473,1,1,1,3,Lost Customers,1
1345,4,93853.74,23463.44,2025-10-14,78,4,4,4,12,Champions,0
723,3,90373.95,30124.65,2025-09-17,105,4,3,3,10,Loyal Customers,0
3144,3,115219.35,38406.45,2025-08-26,127,3,3,4,10,Potential Loyalists,0
4119,2,71119.33,35559.67,2025-10-15,77,4,2,3,9,New Customers,1
4228,6,178139.71,29689.95,2025-07-23,161,3,5,5,13,Potential Loyalists,0
2678,5,255833.59,51166.72,2025-12-29,2,5,5,5,15,Champions,0
497,3,38176.8,12725.6,2025-05-15,230,2,3,2,7,At Risk,1
4352,2,196004.47,98002.24,2025-02-20,314,2,2,5,9,Lost Customers,0
2668,5,194446.08,38889.22,2025-09-19,103,4,5,5,14,Champions,0
155,3,69118.73,23039.58,2025-11-16,45,5,3,3,11,Loyal Customers,0
884,4,176718.3,44179.58,2025-10-11,81,4,4,5,13,Champions,0
4185,2,100819.1,50409.55,2025-03-30,276,2,2,4,8,Lost Customers,1
2950,2,37324.73,18662.37,2025-03-03,303,2,2,2,6,Lost Customers,1
953,4,217388.8,54347.2,2025-06-12,202,3,4,5,12,Potential Loyalists,0
416,4,77608.0,19402.0,2024-12-30,366,2,4,3,9,At Risk High Value,1
3931,2,28226.36,14113.18,2025-06-20,194,3,2,1,6,Potential Loyalists,1
1137,4,126108.56,31527.14,2025-11-24,37,5,4,4,13,Champions,0
3670,4,136342.42,34085.61,2025-12-01,30,5,4,4,13,Champions,0
4408,3,60109.34,20036.45,2024-09-21,466,1,3,2,6,At Risk,1
2507,1,23613.7,23613.7,2024-10-09,448,1,1,1,3,Lost Customers,1
441,2,74140.37,37070.19,2025-10-14,78,4,2,3,9,New Customers,1
2673,2,20753.94,10376.97,2025-10-23,69,4,2,1,7,New Customers,1
4331,3,75610.82,25203.61,2025-06-13,201,3,3,3,9,Potential Loyalists,1
3224,2,54442.87,27221.44,2025-02-26,308,2,2,2,6,Lost Customers,1
2315,2,107846.71,53923.36,2025-11-27,34,5,2,4,11,New Customers,0
4796,3,80241.48,26747.16,2025-11-22,39,5,3,3,11,Loyal Customers,0
2620,4,85164.08,21291.02,2025-12-16,15,5,4,3,12,Loyal Customers,0
4863,2,26489.9,13244.95,2024-05-05,605,1,2,1,4,Lost Customers,1
3891,2,38109.53,19054.77,2025-06-03,211,3,2,2,7,Potential Loyalists,1
2421,5,156277.11,31255.42,2025-11-03,58,4,5,5,14,Champions,0
1949,3,93822.92,31274.31,2025-12-30,1,5,3,4,12,Loyal Customers,0
4720,3,120057.27,40019.09,2024-11-06,420,1,3,4,8,At Risk,1
2295,4,49785.92,12446.48,2025-08-21,132,3,4,2,9,Potential Loyalists,0
2677,3,25455.26,8485.09,2025-10-17,75,4,3,1,8,Loyal Customers,1
4045,2,43661.38,21830.69,2025-09-11,111,4,2,2,8,New Customers,1
3933,2,97136.57,48568.29,2025-09-06,116,4,2,4,10,New Customers,1
4856,4,57279.01,14319.75,2025-05-09,236,2,4,2,8,At Risk High Value,1
2323,6,233727.66,38954.61,2025-06-23,191,3,5,5,13,Potential Loyalists,0
865,3,66443.74,22147.91,2025-02-19,315,2,3,3,8,At Risk,1
2257,1,45603.4,45603.4,2025-12-24,7,5,1,2,8,New Customers,1
2824,5,73692.61,14738.52,2025-12-03,28,5,5,3,13,Loyal Customers,0
3336,3,141678.68,47226.23,2025-10-14,78,4,3,5,12,Loyal Customers,0
809,4,95899.03,23974.76,2025-11-26,35,5,4,4,13,Champions,0
908,1,6252.31,6252.31,2024-04-15,625,1,1,1,3,Lost Customers,1
3961,3,71494.28,23831.43,2025-12-13,18,5,3,3,11,Loyal Customers,0
2377,6,167865.95,27977.66,2025-07-11,173,3,5,5,13,Potential Loyalists,0
684,7,188560.75,26937.25,2025-12-31,0,5,5,5,15,Champions,0
3928,5,154130.41,30826.08,2025-12-11,20,5,5,5,15,Champions,0
1156,1,20687.98,20687.98,2024-11-14,412,1,1,1,3,Lost Customers,1
1935,2,59761.09,29880.55,2025-06-26,188,3,2,2,7,Potential Loyalists,1
3606,3,171680.47,57226.82,2025-08-19,134,3,3,5,11,Potential Loyalists,0
396,1,19037.04,19037.04,2024-08-02,516,1,1,1,3,Lost Customers,1
2402,1,7961.48,7961.48,2025-09-22,100,4,1,1,6,New Customers,1
1395,1,45998.97,45998.97,2025-12-25,6,5,1,2,8,New Customers,1
1472,7,132697.27,18956.75,2025-10-19,73,4,5,4,13,Champions,0
4072,4,189255.19,47313.8,2025-03-11,295,2,4,5,11,At Risk High Value,0
514,2,58471.37,29235.69,2024-07-11,538,1,2,2,5,Lost Customers,1
2356,1,8391.78,8391.78,2025-01-27,338,2,1,1,4,Lost Customers,1
2308,4,122419.78,30604.95,2025-10-22,70,4,4,4,12,Champions,0
3053,5,246487.02,49297.4,2025-05-15,230,2,5,5,12,At Risk High Value,0
2767,4,85982.79,21495.7,2024-12-08,388,1,4,3,8,At Risk High Value,1
3538,2,60049.06,30024.53,2024-10-15,442,1,2,2,5,Lost Customers,1
2097,2,25539.16,12769.58,2024-08-28,490,1,2,1,4,Lost Customers,1
1056,2,147562.28,73781.14,2025-03-14,292,2,2,5,9,Lost Customers,1
916,4,157224.92,39306.23,2025-11-02,59,4,4,5,13,Champions,0
2435,5,217683.42,43536.68,2025-07-15,169,3,5,5,13,Potential Loyalists,0
3215,1,28370.55,28370.55,2024-07-14,535,1,1,1,3,Lost Customers,1
3552,1,27893.63,27893.63,2024-03-24,647,1,1,1,3,Lost Customers,1
114,1,3944.54,3944.54,2025-12-30,1,5,1,1,7,New Customers,1
2750,3,77541.45,25847.15,2025-12-06,25,5,3,3,11,Loyal Customers,0
754,2,103122.57,51561.29,2025-11-04,57,4,2,4,10,New Customers,1
4478,5,198679.57,39735.91,2025-12-28,3,5,5,5,15,Champions,0
3768,5,170187.3,34037.46,2025-04-07,268,2,5,5,12,At Risk High Value,0
3474,1,19141.75,19141.75,2025-06-20,194,3,1,1,5,Potential Loyalists,1
4162,2,143378.12,71689.06,2025-10-31,61,4,2,5,11,New Customers,0
2349,2,137750.55,68875.28,2025-10-30,62,4,2,4,10,New Customers,0
98,1,2187.07,2187.07,2024-02-20,680,1,1,1,3,Lost Customers,1
2833,1,28125.0,28125.0,2025-01-22,343,2,1,1,4,Lost Customers,1
3025,3,199120.88,66373.63,2025-12-20,11,5,3,5,13,Loyal Customers,0
3622,4,208285.54,52071.39,2025-12-11,20,5,4,5,14,Champions,0
2476,1,42260.36,42260.36,2025-08-11,142,3,1,2,6,Potential Loyalists,1
2650,3,58207.22,19402.41,2025-01-16,349,2,3,2,7,At Risk,1
4630,3,208286.8,69428.93,2025-04-08,267,2,3,5,10,At Risk,0
1132,5,184715.85,36943.17,2025-12-18,13,5,5,5,15,Champions,0
4877,2,109378.57,54689.29,2025-05-16,229,2,2,4,8,Lost Customers,1
3904,2,64986.08,32493.04,2025-09-14,108,4,2,3,9,New Customers,1
306,3,31685.98,10561.99,2025-10-30,62,4,3,2,9,Loyal Customers,1
1809,6,146171.2,24361.87,2025-08-16,137,3,5,5,13,Potential Loyalists,0
2634,2,10186.68,5093.34,2025-11-09,52,5,2,1,8,New Customers,1
412,3,8114.71,2704.9,2025-01-23,342,2,3,1,6,At Risk,1
2336,4,176726.28,44181.57,2025-12-01,30,5,4,5,14,Champions,0
4337,3,131328.22,43776.07,2025-02-17,317,2,3,4,9,At Risk,0
26,1,78937.25,78937.25,2025-12-09,22,5,1,3,9,New Customers,1
3312,3,108388.53,36129.51,2024-05-17,593,1,3,4,8,At Risk,1
564,1,10207.93,10207.93,2025-03-30,276,2,1,1,4,Lost Customers,1
3842,3,97370.41,32456.8,2025-09-16,106,4,3,4,11,Loyal Customers,0
72,5,304736.42,60947.28,2025-11-11,50,5,5,5,15,Champions,0
1960,1,703.59,703.59,2024-04-30,610,1,1,1,3,Lost Customers,1
3618,2,8799.13,4399.57,2025-09-19,103,4,2,1,7,New Customers,1
4090,2,74059.86,37029.93,2025-09-14,108,4,2,3,9,New Customers,1
1916,1,10667.79,10667.79,2024-01-12,719,1,1,1,3,Lost Customers,1
4076,1,3882.08,3882.08,2025-06-24,190,3,1,1,5,Potential Loyalists,1
4327,1,43370.94,43370.94,2025-04-06,269,2,1,2,5,Lost Customers,1
37,3,73503.59,24501.2,2025-10-07,85,4,3,3,10,Loyal Customers,0
310,2,133480.5,66740.25,2024-05-30,580,1,2,4,7,Lost Customers,1
3609,3,93535.76,31178.59,2025-02-22,312,2,3,4,9,At Risk,1
3033,2,67534.03,33767.02,2024-07-30,519,1,2,3,6,Lost Customers,1
1962,2,45040.06,22520.03,2024-03-30,641,1,2,2,5,Lost Customers,1
3974,4,50078.62,12519.66,2025-08-16,137,3,4,2,9,Potential Loyalists,0
584,2,57981.07,28990.54,2025-07-19,165,3,2,2,7,Potential Loyalists,1
2454,2,57187.18,28593.59,2025-12-03,28,5,2,2,9,New Customers,1
2935,6,149311.28,24885.21,2025-10-08,84,4,5,5,14,Champions,0
1821,7,355402.33,50771.76,2025-10-22,70,4,5,5,14,Champions,0
806,5,158261.14,31652.23,2025-12-29,2,5,5,5,15,Champions,0
4468,2,98749.66,49374.83,2025-11-21,40,5,2,4,11,New Customers,1
831,4,75543.54,18885.89,2025-11-05,56,5,4,3,12,Loyal Customers,0
813,4,91507.48,22876.87,2025-11-08,53,5,4,3,12,Loyal Customers,0
2861,1,10134.09,10134.09,2024-05-27,583,1,1,1,3,Lost Customers,1
1298,1,32236.61,32236.61,2025-10-18,74,4,1,2,7,New Customers,1
574,2,80648.76,40324.38,2025-03-05,301,2,2,3,7,Lost Customers,1
2293,4,93832.69,23458.17,2025-10-03,89,4,4,4,12,Champions,0
4146,2,24098.85,12049.43,2025-01-04,361,2,2,1,5,Lost Customers,1
4637,1,13427.6,13427.6,2024-09-24,463,1,1,1,3,Lost Customers,1
225,1,6846.42,6846.42,2024-05-01,609,1,1,1,3,Lost Customers,1
4961,2,63435.1,31717.55,2025-07-17,167,3,2,3,8,Potential Loyalists,1
4955,5,218609.53,43721.91,2025-07-23,161,3,5,5,13,Potential Loyalists,0
4836,2,73430.36,36715.18,2025-07-20,164,3,2,3,8,Potential Loyalists,1
4578,1,49583.01,49583.01,2025-06-26,188,3,1,2,6,Potential Loyalists,1
1496,2,27774.55,13887.28,2025-07-06,178,3,2,1,6,Potential Loyalists,1
174,4,146951.83,36737.96,2025-08-26,127,3,4,5,12,Potential Loyalists,0
45,2,40743.73,20371.87,2025-09-11,111,4,2,2,8,New Customers,1
1375,2,83809.33,41904.67,2025-11-13,48,5,2,3,10,New Customers,1
891,3,82522.97,27507.66,2025-12-07,24,5,3,3,11,Loyal Customers,0
4698,1,16143.65,16143.65,2025-11-17,44,5,1,1,7,New Customers,1
1419,2,52612.57,26306.29,2025-12-08,23,5,2,2,9,New Customers,1
2508,3,91834.53,30611.51,2024-11-30,396,1,3,3,7,At Risk,1
3002,1,11569.45,11569.45,2025-03-20,286,2,1,1,4,Lost Customers,1
2619,1,41554.83,41554.83,2025-06-08,206,3,1,2,6,Potential Loyalists,1
3294,3,141274.22,47091.41,2025-09-23,99,4,3,5,12,Loyal Customers,0
3994,5,79327.8,15865.56,2025-11-27,34,5,5,3,13,Loyal Customers,0
4378,3,137405.65,45801.88,2025-03-24,282,2,3,4,9,At Risk,0
1790,2,71212.88,35606.44,2024-12-12,384,1,2,3,6,Lost Customers,1
36,4,55753.55,13938.39,2025-09-26,96,4,4,2,10,Loyal Customers,0
975,4,104506.44,26126.61,2025-10-28,64,4,4,4,12,Champions,0
1577,2,23079.73,11539.87,2025-02-10,324,2,2,1,5,Lost Customers,1
4089,1,22481.2,22481.2,2025-05-17,228,2,1,1,4,Lost Customers,1
1802,6,140583.69,23430.62,2025-10-23,69,4,5,5,14,Champions,0
2558,1,46282.85,46282.85,2025-08-16,137,3,1,2,6,Potential Loyalists,1
2064,2,68563.29,34281.65,2025-12-21,10,5,2,3,10,New Customers,1
2283,1,35523.26,35523.26,2024-09-18,469,1,1,2,4,Lost Customers,1
3557,2,48055.89,24027.95,2024-06-26,553,1,2,2,5,Lost Customers,1
4914,3,29820.64,9940.21,2024-04-17,623,1,3,1,5,At Risk,1
533,2,41527.7,20763.85,2025-10-06,86,4,2,2,8,New Customers,1
3116,2,59589.31,29794.66,2025-12-10,21,5,2,2,9,New Customers,1
915,3,104472.96,34824.32,2025-12-05,26,5,3,4,12,Loyal Customers,0
3738,6,190660.54,31776.76,2025-10-29,63,4,5,5,14,Champions,0
207,1,13198.95,13198.95,2024-01-13,718,1,1,1,3,Lost Customers,1
979,4,99389.45,24847.36,2025-04-21,254,2,4,4,10,At Risk High Value,0
2103,1,62329.56,62329.56,2025-03-21,285,2,1,3,6,Lost Customers,1
871,1,17152.84,17152.84,2025-08-22,131,3,1,1,5,Potential Loyalists,1
3624,3,52048.31,17349.44,2025-11-21,40,5,3,2,10,Loyal Customers,1
4012,2,16927.67,8463.84,2024-09-24,463,1,2,1,4,Lost Customers,1
1996,2,221149.32,110574.66,2025-06-30,184,3,2,5,10,Potential Loyalists,0
3687,5,187186.38,37437.28,2025-03-04,302,2,5,5,12,At Risk High Value,0
3262,2,139720.43,69860.22,2025-03-15,291,2,2,5,9,Lost Customers,1
2042,1,79344.38,79344.38,2024-04-03,637,1,1,3,5,Lost Customers,1
4043,3,71450.27,23816.76,2024-07-19,530,1,3,3,7,At Risk,1
4039,3,64212.02,21404.01,2025-08-19,134,3,3,3,9,Potential Loyalists,1
1909,3,136140.88,45380.29,2025-09-06,116,4,3,4,11,Loyal Customers,0
3746,2,54525.5,27262.75,2025-11-30,31,5,2,2,9,New Customers,1
1080,1,23946.16,23946.16,2024-12-02,394,1,1,1,3,Lost Customers,1
2364,1,14931.3,14931.3,2025-08-06,147,3,1,1,5,Potential Loyalists,1
2031,3,161821.67,53940.56,2025-11-29,32,5,3,5,13,Loyal Customers,0
3400,5,295934.31,59186.86,2025-10-08,84,4,5,5,14,Champions,0
3643,2,100920.43,50460.22,2024-12-02,394,1,2,4,7,Lost Customers,1
2309,3,96243.81,32081.27,2025-09-16,106,4,3,4,11,Loyal Customers,0
2399,1,92026.93,92026.93,2025-01-25,340,2,1,3,6,Lost Customers,1
392,1,43293.65,43293.65,2024-06-18,561,1,1,2,4,Lost Customers,1
4930,2,140683.46,70341.73,2025-10-15,77,4,2,5,11,New Customers,0
760,2,98149.02,49074.51,2025-12-25,6,5,2,4,11,New Customers,1
218,1,18194.57,18194.57,2024-06-08,571,1,1,1,3,Lost Customers,1
1515,4,130241.68,32560.42,2025-11-28,33,5,4,4,13,Champions,0
1500,3,37040.58,12346.86,2025-04-26,249,2,3,2,7,At Risk,1
2931,3,105620.43,35206.81,2025-07-25,159,3,3,4,10,Potential Loyalists,0
671,1,76039.11,76039.11,2024-07-15,534,1,1,3,5,Lost Customers,1
3443,3,198085.4,66028.47,2025-03-06,300,2,3,5,10,At Risk,0
580,4,153458.1,38364.53,2025-02-15,319,2,4,5,11,At Risk High Value,0
3719,4,137871.29,34467.82,2025-02-19,315,2,4,4,10,At Risk High Value,0
4804,1,17425.89,17425.89,2025-12-18,13,5,1,1,7,New Customers,1
3630,1,74300.97,74300.97,2024-04-16,624,1,1,3,5,Lost Customers,1
2949,5,148469.63,29693.93,2025-11-25,36,5,5,5,15,Champions,0
4748,5,157955.75,31591.15,2024-11-18,408,1,5,5,11,At Risk High Value,0
2623,1,846.63,846.63,2025-05-27,218,3,1,1,5,Potential Loyalists,1
912,3,95995.63,31998.54,2025-06-13,201,3,3,4,10,Potential Loyalists,1
3179,1,25310.77,25310.77,2025-06-29,185,3,1,1,5,Potential Loyalists,1
1478,3,174618.48,58206.16,2025-09-07,115,4,3,5,12,Loyal Customers,0
4018,4,80017.42,20004.36,2025-08-15,138,3,4,3,10,Potential Loyalists,0
1964,6,217313.9,36218.98,2025-08-16,137,3,5,5,13,Potential Loyalists,0
938,3,75204.87,25068.29,2025-06-18,196,3,3,3,9,Potential Loyalists,1
2723,2,88898.72,44449.36,2025-03-18,288,2,2,3,7,Lost Customers,1
3656,4,95185.63,23796.41,2025-12-31,0,5,4,4,13,Champions,0
190,1,26593.46,26593.46,2024-03-01,670,1,1,1,3,Lost Customers,1
3177,4,128122.27,32030.57,2025-08-29,124,4,4,4,12,Champions,0
867,1,29103.96,29103.96,2024-06-01,578,1,1,1,3,Lost Customers,1
3472,4,56289.49,14072.37,2025-04-14,261,2,4,2,8,At Risk High Value,1
4304,3,141491.17,47163.72,2025-07-14,170,3,3,5,11,Potential Loyalists,0
2870,2,24915.3,12457.65,2025-12-16,15,5,2,1,8,New Customers,1
554,6,301537.5,50256.25,2025-04-26,249,2,5,5,12,At Risk High Value,0
3478,3,68945.72,22981.91,2025-04-03,272,2,3,3,8,At Risk,1
2491,4,43255.52,10813.88,2025-07-13,171,3,4,2,9,Potential Loyalists,1
4853,2,35638.59,17819.3,2024-07-21,528,1,2,2,5,Lost Customers,1
670,4,151373.03,37843.26,2025-08-07,146,3,4,5,12,Potential Loyalists,0
1933,4,200742.11,50185.53,2025-12-02,29,5,4,5,14,Champions,0
3825,4,117342.92,29335.73,2025-08-06,147,3,4,4,11,Potential Loyalists,0
4736,1,48472.6,48472.6,2025-12-26,5,5,1,2,8,New Customers,1
3550,1,23563.47,23563.47,2024-01-30,701,1,1,1,3,Lost Customers,1
4258,4,129423.94,32355.99,2025-11-23,38,5,4,4,13,Champions,0
509,3,160956.09,53652.03,2025-10-01,91,4,3,5,12,Loyal Customers,0
3798,1,88961.06,88961.06,2025-04-27,248,2,1,3,6,Lost Customers,1
4234,1,13158.71,13158.71,2024-11-30,396,1,1,1,3,Lost Customers,1
1067,6,94197.57,15699.6,2025-10-20,72,4,5,4,13,Champions,0
4316,3,134289.78,44763.26,2025-04-04,271,2,3,4,9,At Risk,0
1599,3,75235.17,25078.39,2025-10-21,71,4,3,3,10,Loyal Customers,0
4036,4,158100.08,39525.02,2025-12-14,17,5,4,5,14,Champions,0
3569,3,168284.66,56094.89,2025-12-14,17,5,3,5,13,Loyal Customers,0
3885,4,87874.03,21968.51,2025-09-19,103,4,4,3,11,Loyal Customers,0
1408,3,106733.02,35577.67,2025-11-21,40,5,3,4,12,Loyal Customers,0
641,3,155858.25,51952.75,2025-12-27,4,5,3,5,13,Loyal Customers,0
475,2,80250.83,40125.42,2025-04-29,246,2,2,3,7,Lost Customers,1
2392,3,27768.6,9256.2,2024-08-08,510,1,3,1,5,At Risk,1
2463,4,70625.38,17656.35,2025-12-11,20,5,4,3,12,Loyal Customers,0
1475,5,89321.48,17864.3,2025-12-08,23,5,5,3,13,Loyal Customers,0
888,1,7178.91,7178.91,2025-02-08,326,2,1,1,4,Lost Customers,1
3868,1,37481.47,37481.47,2025-11-04,57,4,1,2,7,New Customers,1
1604,4,211781.88,52945.47,2025-11-18,43,5,4,5,14,Champions,0
502,1,38777.2,38777.2,2025-10-22,70,4,1,2,7,New Customers,1
4708,1,4681.13,4681.13,2024-07-19,530,1,1,1,3,Lost Customers,1
3382,4,126462.34,31615.59,2025-06-02,212,3,4,4,11,Potential Loyalists,0
4988,2,60462.87,30231.44,2025-08-25,128,3,2,2,7,Potential Loyalists,1
4499,5,59826.0,11965.2,2024-08-24,494,1,5,2,8,At Risk High Value,1
4559,1,15896.86,15896.86,2024-01-03,728,1,1,1,3,Lost Customers,1
2523,5,154177.73,30835.55,2025-07-03,181,3,5,5,13,Potential Loyalists,0
40,1,7700.18,7700.18,2024-02-11,689,1,1,1,3,Lost Customers,1
257,2,18121.35,9060.68,2025-12-04,27,5,2,1,8,New Customers,1
4640,2,39511.86,19755.93,2024-12-11,385,1,2,2,5,Lost Customers,1
1122,4,60093.39,15023.35,2025-06-18,196,3,4,2,9,Potential Loyalists,0
1485,1,4447.47,4447.47,2024-02-03,697,1,1,1,3,Lost Customers,1
4208,1,11037.02,11037.02,2024-10-07,450,1,1,1,3,Lost Customers,1
1166,3,89266.67,29755.56,2025-09-21,101,4,3,3,10,Loyal Customers,0
2300,2,29396.23,14698.12,2025-07-19,165,3,2,1,6,Potential Loyalists,1
4182,2,115672.17,57836.09,2025-01-05,360,2,2,4,8,Lost Customers,1
2115,3,84133.83,28044.61,2025-10-10,82,4,3,3,10,Loyal Customers,0
3955,2,133534.33,66767.17,2025-06-07,207,3,2,4,9,Potential Loyalists,1
3601,2,8978.41,4489.21,2025-09-05,117,4,2,1,7,New Customers,1
728,4,158782.94,39695.74,2025-06-12,202,3,4,5,12,Potential Loyalists,0
3218,5,129496.28,25899.26,2025-10-06,86,4,5,4,13,Champions,0
2547,3,54631.53,18210.51,2025-05-15,230,2,3,2,7,At Risk,1
4190,4,182316.31,45579.08,2025-01-19,346,2,4,5,11,At Risk High Value,0
3770,2,60802.05,30401.03,2025-01-17,348,2,2,2,6,Lost Customers,1
3577,2,67862.51,33931.26,2025-11-12,49,5,2,3,10,New Customers,1
1501,2,38710.72,19355.36,2025-04-13,262,2,2,2,6,Lost Customers,1
3707,2,92399.12,46199.56,2025-02-14,320,2,2,3,7,Lost Customers,1
4781,2,111130.54,55565.27,2025-11-03,58,4,2,4,10,New Customers,0
3206,1,10528.01,10528.01,2024-02-21,679,1,1,1,3,Lost Customers,1
1468,1,17149.12,17149.12,2025-12-06,25,5,1,1,7,New Customers,1
4419,2,27000.15,13500.08,2025-04-19,256,2,2,1,5,Lost Customers,1
4307,2,76943.78,38471.89,2024-09-18,469,1,2,3,6,Lost Customers,1
2867,2,63135.78,31567.89,2025-11-27,34,5,2,3,10,New Customers,1
2071,1,54145.9,54145.9,2025-12-07,24,5,1,2,8,New Customers,1
1464,4,106099.78,26524.95,2025-09-14,108,4,4,4,12,Champions,0
4091,3,23323.09,7774.36,2025-01-13,352,2,3,1,6,At Risk,1
2735,1,38921.72,38921.72,2025-07-22,162,3,1,2,6,Potential Loyalists,1
3945,4,107438.74,26859.69,2025-09-20,102,4,4,4,12,Champions,0
698,2,48174.49,24087.25,2024-09-21,466,1,2,2,5,Lost Customers,1
4425,3,76307.43,25435.81,2025-11-10,51,5,3,3,11,Loyal Customers,0
2814,2,26008.04,13004.02,2025-05-30,215,3,2,1,6,Potential Loyalists,1
2910,2,21579.82,10789.91,2025-12-29,2,5,2,1,8,New Customers,1
2853,3,109906.29,36635.43,2025-12-15,16,5,3,4,12,Loyal Customers,0
2439,10,217444.18,21744.42,2025-12-11,20,5,5,5,15,Champions,0
2176,6,237076.56,39512.76,2025-08-29,124,4,5,5,14,Champions,0
2059,1,45696.03,45696.03,2024-05-12,598,1,1,2,4,Lost Customers,1
1201,4,37651.01,9412.75,2025-09-01,121,4,4,2,10,Loyal Customers,0
1196,3,22747.6,7582.53,2025-09-07,115,4,3,1,8,Loyal Customers,1
446,5,80749.61,16149.92,2025-09-01,121,4,5,3,12,Loyal Customers,0
3757,4,124208.53,31052.13,2025-01-08,357,2,4,4,10,At Risk High Value,0
2229,5,185586.82,37117.36,2025-11-21,40,5,5,5,15,Champions,0
219,5,104562.74,20912.55,2025-10-08,84,4,5,4,13,Champions,0
2618,1,9120.68,9120.68,2024-09-09,478,1,1,1,3,Lost Customers,1
3667,6,207724.4,34620.73,2025-08-30,123,4,5,5,14,Champions,0
2524,1,3266.03,3266.03,2024-08-25,493,1,1,1,3,Lost Customers,1
3153,3,46367.11,15455.7,2025-10-07,85,4,3,2,9,Loyal Customers,1
414,3,47776.58,15925.53,2025-06-01,213,3,3,2,8,Potential Loyalists,1
4111,1,14108.79,14108.79,2025-11-04,57,4,1,1,6,New Customers,1
3164,3,76434.61,25478.2,2025-06-11,203,3,3,3,9,Potential Loyalists,1
1452,1,33959.24,33959.24,2025-05-26,219,3,1,2,6,Potential Loyalists,1
2672,3,142494.76,47498.25,2025-09-03,119,4,3,5,12,Loyal Customers,0
1846,4,90921.81,22730.45,2025-12-09,22,5,4,3,12,Loyal Customers,0
3072,2,16578.45,8289.23,2025-02-05,329,2,2,1,5,Lost Customers,1
2045,5,234473.48,46894.7,2025-09-03,119,4,5,5,14,Champions,0
2529,3,102686.16,34228.72,2025-03-08,298,2,3,4,9,At Risk,1
410,3,142406.25,47468.75,2025-10-05,87,4,3,5,12,Loyal Customers,0
3005,2,78804.91,39402.46,2024-11-05,421,1,2,3,6,Lost Customers,1
3338,2,44545.95,22272.98,2025-06-03,211,3,2,2,7,Potential Loyalists,1
4034,3,99601.24,33200.41,2025-06-05,209,3,3,4,10,Potential Loyalists,1
1381,2,113188.2,56594.1,2024-10-30,427,1,2,4,7,Lost Customers,1
3978,11,427157.02,38832.46,2025-10-08,84,4,5,5,14,Champions,0
381,2,67044.75,33522.38,2025-12-05,26,5,2,3,10,New Customers,1
2044,1,98539.5,98539.5,2024-09-09,478,1,1,4,6,Lost Customers,1
597,1,3241.32,3241.32,2025-09-20,102,4,1,1,6,New Customers,1
193,3,142645.36,47548.45,2025-03-16,290,2,3,5,10,At Risk,0
1291,2,89610.13,44805.07,2025-11-23,38,5,2,3,10,New Customers,1
4241,6,111472.47,18578.75,2025-09-16,106,4,5,4,13,Champions,0
1012,3,47291.41,15763.8,2024-11-13,413,1,3,2,6,At Risk,1
3045,1,5296.88,5296.88,2025-12-10,21,5,1,1,7,New Customers,1
1087,5,148435.91,29687.18,2025-10-21,71,4,5,5,14,Champions,0
4027,3,119558.22,39852.74,2025-01-26,339,2,3,4,9,At Risk,1
1457,3,119094.75,39698.25,2025-11-03,58,4,3,4,11,Loyal Customers,0
709,2,35765.46,17882.73,2024-12-11,385,1,2,2,5,Lost Customers,1
1635,1,32693.68,32693.68,2024-01-20,711,1,1,2,4,Lost Customers,1
1105,1,25900.89,25900.89,2024-08-26,492,1,1,1,3,Lost Customers,1
886,4,193820.39,48455.1,2025-09-02,120,4,4,5,13,Champions,0
2665,3,66772.39,22257.46,2025-05-06,239,2,3,3,8,At Risk,1
3390,3,91596.91,30532.3,2025-07-30,154,3,3,3,9,Potential Loyalists,0
2001,1,11477.35,11477.35,2024-02-28,672,1,1,1,3,Lost Customers,1
2856,1,10758.66,10758.66,2025-09-04,118,4,1,1,6,New Customers,1
4390,2,40114.14,20057.07,2024-11-28,398,1,2,2,5,Lost Customers,1
810,3,11977.34,3992.45,2025-06-21,193,3,3,1,7,Potential Loyalists,1
2710,1,26224.29,26224.29,2025-10-29,63,4,1,1,6,New Customers,1
3425,1,40907.23,40907.23,2024-03-13,658,1,1,2,4,Lost Customers,1
1117,1,64834.67,64834.67,2024-07-25,524,1,1,3,5,Lost Customers,1
3804,4,101184.94,25296.24,2025-07-11,173,3,4,4,11,Potential Loyalists,0
2897,2,71125.99,35563.0,2025-05-31,214,3,2,3,8,Potential Loyalists,1
3445,5,95429.65,19085.93,2025-12-14,17,5,5,4,14,Champions,0
1710,4,170985.44,42746.36,2025-09-18,104,4,4,5,13,Champions,0
557,2,38578.38,19289.19,2025-12-10,21,5,2,2,9,New Customers,1
4864,2,145073.12,72536.56,2025-11-28,33,5,2,5,12,New Customers,0
4362,5,208323.44,41664.69,2025-07-19,165,3,5,5,13,Potential Loyalists,0
3180,2,14519.88,7259.94,2025-06-18,196,3,2,1,6,Potential Loyalists,1
2552,2,30842.03,15421.02,2025-08-23,130,3,2,1,6,Potential Loyalists,1
1102,4,65000.27,16250.07,2025-08-24,129,3,4,3,10,Potential Loyalists,0
2915,1,20793.31,20793.31,2025-12-26,5,5,1,1,7,New Customers,1
4166,6,191061.24,31843.54,2025-11-08,53,5,5,5,15,Champions,0
4979,3,70661.89,23553.96,2025-06-12,202,3,3,3,9,Potential Loyalists,1
2818,4,133757.62,33439.41,2025-10-19,73,4,4,4,12,Champions,0
4665,1,23447.13,23447.13,2024-08-06,512,1,1,1,3,Lost Customers,1
3394,4,150060.98,37515.25,2025-10-24,68,4,4,5,13,Champions,0
3579,1,16098.38,16098.38,2024-10-14,443,1,1,1,3,Lost Customers,1
2017,2,30773.01,15386.51,2025-08-28,125,3,2,1,6,Potential Loyalists,1
4642,3,116839.8,38946.6,2025-06-15,199,3,3,4,10,Potential Loyalists,0
1506,4,65500.24,16375.06,2025-08-01,152,3,4,3,10,Potential Loyalists,0
170,1,124527.51,124527.51,2025-04-05,270,2,1,4,7,Lost Customers,1
4828,6,207324.8,34554.13,2025-11-06,55,5,5,5,15,Champions,0
3564,2,8808.26,4404.13,2025-07-08,176,3,2,1,6,Potential Loyalists,1
3514,2,32044.65,16022.33,2025-05-19,226,2,2,2,6,Lost Customers,1
1696,2,90770.63,45385.32,2025-12-05,26,5,2,3,10,New Customers,1
1740,4,58033.56,14508.39,2025-10-11,81,4,4,2,10,Loyal Customers,0
513,3,88954.34,29651.45,2025-11-19,42,5,3,3,11,Loyal Customers,0
473,6,193509.67,32251.61,2025-11-08,53,5,5,5,15,Champions,0
4108,2,85311.2,42655.6,2025-06-30,184,3,2,3,8,Potential Loyalists,1
1824,5,179794.51,35958.9,2024-12-25,371,1,5,5,11,At Risk High Value,0
4598,2,61101.07,30550.54,2025-09-17,105,4,2,2,8,New Customers,1
415,3,44630.15,14876.72,2025-12-12,19,5,3,2,10,Loyal Customers,1
4525,3,111620.45,37206.82,2025-05-05,240,2,3,4,9,At Risk,0
2131,2,70574.04,35287.02,2025-12-27,4,5,2,3,10,New Customers,1
3142,3,47078.02,15692.67,2025-12-07,24,5,3,2,10,Loyal Customers,1
4466,3,189040.15,63013.38,2025-06-01,213,3,3,5,11,Potential Loyalists,0
1835,3,95966.36,31988.79,2025-03-11,295,2,3,4,9,At Risk,1
1365,1,54066.74,54066.74,2024-12-07,389,1,1,2,4,Lost Customers,1
1376,3,63418.74,21139.58,2024-12-24,372,1,3,3,7,At Risk,1
3435,3,32880.35,10960.12,2025-06-15,199,3,3,2,8,Potential Loyalists,1
1897,4,141974.03,35493.51,2025-05-30,215,3,4,5,12,Potential Loyalists,0
2985,2,78410.37,39205.19,2025-09-20,102,4,2,3,9,New Customers,1
2272,5,137062.96,27412.59,2025-11-09,52,5,5,4,14,Champions,0
630,5,111742.89,22348.58,2025-04-27,248,2,5,4,11,At Risk High Value,0
575,1,6434.04,6434.04,2024-10-04,453,1,1,1,3,Lost Customers,1
1704,2,14623.67,7311.84,2025-11-11,50,5,2,1,8,New Customers,1
4465,4,98536.01,24634.0,2025-12-28,3,5,4,4,13,Champions,0
2496,2,58314.57,29157.29,2025-02-17,317,2,2,2,6,Lost Customers,1
3479,5,202409.99,40482.0,2025-10-30,62,4,5,5,14,Champions,0
3883,5,168615.63,33723.13,2025-10-18,74,4,5,5,14,Champions,0
1701,1,47812.19,47812.19,2025-12-17,14,5,1,2,8,New Customers,1
1456,3,54294.9,18098.3,2025-01-01,364,2,3,2,7,At Risk,1
3174,2,83123.64,41561.82,2025-12-03,28,5,2,3,10,New Customers,1
4392,1,453.49,453.49,2024-07-20,529,1,1,1,3,Lost Customers,1
4209,4,135354.72,33838.68,2025-11-28,33,5,4,4,13,Champions,0
543,1,4327.62,4327.62,2024-08-10,508,1,1,1,3,Lost Customers,1
3498,1,35919.14,35919.14,2025-01-24,341,2,1,2,5,Lost Customers,1
1562,1,63197.14,63197.14,2024-03-18,653,1,1,3,5,Lost Customers,1
4300,3,67318.2,22439.4,2025-02-27,307,2,3,3,8,At Risk,1
1473,2,16615.22,8307.61,2025-06-08,206,3,2,1,6,Potential Loyalists,1
4186,1,9209.79,9209.79,2025-05-24,221,3,1,1,5,Potential Loyalists,1
1440,4,74792.56,18698.14,2025-04-15,260,2,4,3,9,At Risk High Value,0
687,2,120906.02,60453.01,2025-09-05,117,4,2,4,10,New Customers,1
2136,4,24117.03,6029.26,2025-12-24,7,5,4,1,10,Loyal Customers,0
3209,2,93018.61,46509.31,2025-05-05,240,2,2,3,7,Lost Customers,1
3295,2,62378.38,31189.19,2025-11-16,45,5,2,3,10,New Customers,1
2662,1,58841.63,58841.63,2024-11-18,408,1,1,2,4,Lost Customers,1
2798,1,790.33,790.33,2025-04-19,256,2,1,1,4,Lost Customers,1
2294,7,191181.43,27311.63,2025-08-22,131,3,5,5,13,Potential Loyalists,0
2457,4,91517.53,22879.38,2025-07-19,165,3,4,3,10,Potential Loyalists,0
288,1,73326.16,73326.16,2025-04-09,266,2,1,3,6,Lost Customers,1
4572,3,74343.76,24781.25,2025-09-12,110,4,3,3,10,Loyal Customers,1
1765,7,249926.02,35703.72,2025-09-05,117,4,5,5,14,Champions,0
1479,3,70364.09,23454.7,2024-11-05,421,1,3,3,7,At Risk,1
1593,3,95035.19,31678.4,2024-11-03,423,1,3,4,8,At Risk,1
1926,1,21538.64,21538.64,2024-08-11,507,1,1,1,3,Lost Customers,1
388,2,31431.64,15715.82,2025-06-09,205,3,2,2,7,Potential Loyalists,1
1672,3,147003.72,49001.24,2024-07-18,531,1,3,5,9,At Risk,1
3421,3,173922.93,57974.31,2025-04-20,255,2,3,5,10,At Risk,0
4721,2,121539.89,60769.95,2025-07-30,154,3,2,4,9,Potential Loyalists,1
4535,1,104053.37,104053.37,2024-05-08,602,1,1,4,6,Lost Customers,1
2378,3,48071.74,16023.91,2025-09-05,117,4,3,2,9,Loyal Customers,1
3021,2,54462.85,27231.43,2025-03-26,280,2,2,2,6,Lost Customers,1
3740,6,138245.12,23040.85,2025-08-13,140,3,5,5,13,Potential Loyalists,0
2753,2,98200.27,49100.14,2024-10-28,429,1,2,4,7,Lost Customers,1
4888,4,71041.35,17760.34,2025-05-03,242,2,4,3,9,At Risk High Value,0
2717,1,81724.48,81724.48,2024-03-24,647,1,1,3,5,Lost Customers,1
2838,3,145111.86,48370.62,2025-08-23,130,3,3,5,11,Potential Loyalists,0
205,5,117726.63,23545.33,2025-10-02,90,4,5,4,13,Champions,0
2085,5,124509.01,24901.8,2025-02-21,313,2,5,4,11,At Risk High Value,0
325,3,95168.07,31722.69,2025-06-09,205,3,3,4,10,Potential Loyalists,1
4764,1,657.22,657.22,2024-05-22,588,1,1,1,3,Lost Customers,1
895,3,108819.26,36273.09,2025-10-19,73,4,3,4,11,Loyal Customers,0
1794,5,121856.36,24371.27,2025-12-29,2,5,5,4,14,Champions,0
2874,8,353260.64,44157.58,2025-12-20,11,5,5,5,15,Champions,0
4127,1,70540.74,70540.74,2024-03-12,659,1,1,3,5,Lost Customers,1
334,1,15163.67,15163.67,2025-09-22,100,4,1,1,6,New Customers,1
2347,2,10681.25,5340.63,2024-11-15,411,1,2,1,4,Lost Customers,1
2793,4,112500.19,28125.05,2025-12-31,0,5,4,4,13,Champions,0
2566,1,39397.08,39397.08,2025-06-30,184,3,1,2,6,Potential Loyalists,1
3723,3,145205.93,48401.98,2025-08-23,130,3,3,5,11,Potential Loyalists,0
2462,2,7169.92,3584.96,2025-12-20,11,5,2,1,8,New Customers,1
1109,1,58085.44,58085.44,2025-04-28,247,2,1,2,5,Lost Customers,1
3496,3,58824.97,19608.32,2025-07-15,169,3,3,2,8,Potential Loyalists,1
4622,3,94551.24,31517.08,2024-11-29,397,1,3,4,8,At Risk,1
2516,4,107354.79,26838.7,2025-09-06,116,4,4,4,12,Champions,0
2411,1,21784.79,21784.79,2024-01-14,717,1,1,1,3,Lost Customers,1
2261,7,145186.3,20740.9,2025-01-25,340,2,5,5,12,At Risk High Value,0
1777,1,50975.2,50975.2,2025-04-07,268,2,1,2,5,Lost Customers,1
1842,3,121863.81,40621.27,2025-06-16,198,3,3,4,10,Potential Loyalists,0
300,3,91626.73,30542.24,2025-08-13,140,3,3,3,9,Potential Loyalists,0
4551,2,39454.98,19727.49,2025-06-02,212,3,2,2,7,Potential Loyalists,1
2898,5,254639.61,50927.92,2024-07-27,522,1,5,5,11,At Risk High Value,0
342,3,45212.46,15070.82,2025-01-03,362,2,3,2,7,At Risk,1
1133,5,232573.62,46514.72,2025-09-03,119,4,5,5,14,Champions,0
3661,3,46981.56,15660.52,2025-04-09,266,2,3,2,7,At Risk,1
2137,1,19569.55,19569.55,2024-04-01,639,1,1,1,3,Lost Customers,1
4589,3,104130.75,34710.25,2025-07-11,173,3,3,4,10,Potential Loyalists,0
4152,3,109309.84,36436.61,2025-12-04,27,5,3,4,12,Loyal Customers,0
4569,3,98942.99,32981.0,2025-09-09,113,4,3,4,11,Loyal Customers,0
1271,1,4657.59,4657.59,2025-06-19,195,3,1,1,5,Potential Loyalists,1
2955,1,10683.07,10683.07,2024-01-05,726,1,1,1,3,Lost Customers,1
3381,1,6529.45,6529.45,2024-06-13,566,1,1,1,3,Lost Customers,1
3874,2,126119.85,63059.93,2025-03-21,285,2,2,4,8,Lost Customers,1
2912,1,2357.12,2357.12,2024-02-07,693,1,1,1,3,Lost Customers,1
2118,1,16226.17,16226.17,2025-03-05,301,2,1,1,4,Lost Customers,1
46,2,31759.17,15879.59,2025-08-24,129,3,2,2,7,Potential Loyalists,1
586,4,84434.57,21108.64,2025-08-07,146,3,4,3,10,Potential Loyalists,0
53,1,5547.42,5547.42,2025-10-04,88,4,1,1,6,New Customers,1
336,3,143131.03,47710.34,2025-11-14,47,5,3,5,13,Loyal Customers,0
2317,4,113066.44,28266.61,2025-10-09,83,4,4,4,12,Champions,0
3513,2,33210.01,16605.01,2025-04-22,253,2,2,2,6,Lost Customers,1
260,3,47821.62,15940.54,2024-10-24,433,1,3,2,6,At Risk,1
1412,2,35033.23,17516.62,2024-09-11,476,1,2,2,5,Lost Customers,1
2666,3,96077.13,32025.71,2025-09-12,110,4,3,4,11,Loyal Customers,0
2820,3,142488.95,47496.32,2025-03-14,292,2,3,5,10,At Risk,0
2184,1,28342.34,28342.34,2025-10-04,88,4,1,1,6,New Customers,1
4256,2,73844.75,36922.38,2024-07-31,518,1,2,3,6,Lost Customers,1
139,4,131796.91,32949.23,2025-02-17,317,2,4,4,10,At Risk High Value,0
2959,3,64115.87,21371.96,2025-01-09,356,2,3,3,8,At Risk,1
3873,6,292988.68,48831.45,2025-09-16,106,4,5,5,14,Champions,0
2515,2,129033.75,64516.88,2024-08-04,514,1,2,4,7,Lost Customers,1
1033,3,113271.46,37757.15,2024-07-07,542,1,3,4,8,At Risk,1
4315,1,114323.08,114323.08,2025-03-28,278,2,1,4,7,Lost Customers,1
1734,2,53099.17,26549.59,2025-12-30,1,5,2,2,9,New Customers,1
825,4,80773.43,20193.36,2025-05-19,226,2,4,3,9,At Risk High Value,0
731,3,16251.97,5417.32,2025-01-08,357,2,3,1,6,At Risk,1
2072,2,37978.51,18989.26,2025-12-25,6,5,2,2,9,New Customers,1
2219,3,75167.74,25055.91,2025-10-12,80,4,3,3,10,Loyal Customers,0
1350,3,94742.85,31580.95,2024-08-19,499,1,3,4,8,At Risk,1
3015,2,60232.48,30116.24,2025-11-09,52,5,2,2,9,New Customers,1
2801,1,29832.19,29832.19,2025-10-26,66,4,1,1,6,New Customers,1
4889,3,108219.48,36073.16,2025-10-15,77,4,3,4,11,Loyal Customers,0
549,6,286952.88,47825.48,2025-12-01,30,5,5,5,15,Champions,0
2436,2,76569.93,38284.97,2025-08-10,143,3,2,3,8,Potential Loyalists,1
380,2,83745.28,41872.64,2025-10-26,66,4,2,3,9,New Customers,1
653,2,119873.16,59936.58,2024-05-20,590,1,2,4,7,Lost Customers,1
2964,1,51930.69,51930.69,2024-09-26,461,1,1,2,4,Lost Customers,1
4422,7,150373.55,21481.94,2025-09-16,106,4,5,5,14,Champions,0
130,2,58921.92,29460.96,2024-11-08,418,1,2,2,5,Lost Customers,1
612,3,62933.48,20977.83,2024-12-04,392,1,3,3,7,At Risk,1
486,2,87685.85,43842.93,2025-01-03,362,2,2,3,7,Lost Customers,1
2341,2,104212.66,52106.33,2024-09-19,468,1,2,4,7,Lost Customers,1
3141,2,31085.51,15542.76,2025-01-17,348,2,2,2,6,Lost Customers,1
1528,6,88960.32,14826.72,2025-09-18,104,4,5,3,12,Loyal Customers,0
765,4,108880.42,27220.11,2025-04-04,271,2,4,4,10,At Risk High Value,0
1277,6,126590.57,21098.43,2025-12-08,23,5,5,4,14,Champions,0
4064,2,119416.69,59708.35,2025-01-09,356,2,2,4,8,Lost Customers,1
4305,1,5038.36,5038.36,2025-10-12,80,4,1,1,6,New Customers,1
887,2,28159.36,14079.68,2025-02-14,320,2,2,1,5,Lost Customers,1
3265,3,13242.3,4414.1,2025-03-20,286,2,3,1,6,At Risk,1
4957,3,66975.3,22325.1,2025-04-15,260,2,3,3,8,At Risk,1
1772,6,217051.8,36175.3,2025-07-14,170,3,5,5,13,Potential Loyalists,0
1669,1,38893.77,38893.77,2025-08-06,147,3,1,2,6,Potential Loyalists,1
4775,3,44729.16,14909.72,2025-12-11,20,5,3,2,10,Loyal Customers,1
4073,1,8800.81,8800.81,2024-03-20,651,1,1,1,3,Lost Customers,1
4432,1,9359.81,9359.81,2025-12-24,7,5,1,1,7,New Customers,1
1797,1,22863.38,22863.38,2025-10-10,82,4,1,1,6,New Customers,1
364,3,28244.95,9414.98,2025-07-24,160,3,3,1,7,Potential Loyalists,1
433,4,231730.39,57932.6,2025-12-11,20,5,4,5,14,Champions,0
1123,3,110102.64,36700.88,2025-04-22,253,2,3,4,9,At Risk,1
92,3,168744.61,56248.2,2025-10-08,84,4,3,5,12,Loyal Customers,0
541,4,144109.9,36027.48,2025-12-03,28,5,4,5,14,Champions,0
2471,4,153094.8,38273.7,2025-08-29,124,4,4,5,13,Champions,0
1517,3,26869.56,8956.52,2025-11-30,31,5,3,1,9,Loyal Customers,1
1598,3,126799.71,42266.57,2025-12-18,13,5,3,4,12,Loyal Customers,0
437,7,311062.61,44437.52,2025-09-22,100,4,5,5,14,Champions,0
4859,4,155999.2,38999.8,2025-04-30,245,2,4,5,11,At Risk High Value,0
2271,2,83841.09,41920.55,2024-05-23,587,1,2,3,6,Lost Customers,1
998,2,46491.37,23245.69,2025-07-20,164,3,2,2,7,Potential Loyalists,1
2502,2,40544.82,20272.41,2024-05-07,603,1,2,2,5,Lost Customers,1
3829,3,79026.14,26342.05,2025-07-28,156,3,3,3,9,Potential Loyalists,1
1719,4,273115.68,68278.92,2025-12-31,0,5,4,5,14,Champions,0
4445,4,141868.95,35467.24,2025-07-25,159,3,4,5,12,Potential Loyalists,0
3546,4,89813.28,22453.32,2025-11-23,38,5,4,3,12,Loyal Customers,0
4681,3,77030.78,25676.93,2025-11-09,52,5,3,3,11,Loyal Customers,0
493,4,68417.09,17104.27,2025-07-11,173,3,4,3,10,Potential Loyalists,0
2624,1,9620.55,9620.55,2024-08-21,497,1,1,1,3,Lost Customers,1
665,1,9820.29,9820.29,2024-10-16,441,1,1,1,3,Lost Customers,1
2270,2,88074.01,44037.01,2024-11-02,424,1,2,3,6,Lost Customers,1
3197,2,82783.2,41391.6,2025-06-03,211,3,2,3,8,Potential Loyalists,1
1547,1,9043.32,9043.32,2025-02-04,330,2,1,1,4,Lost Customers,1
311,4,67882.63,16970.66,2025-12-22,9,5,4,3,12,Loyal Customers,0
4324,4,138595.77,34648.94,2025-08-16,137,3,4,5,12,Potential Loyalists,0
103,5,216057.99,43211.6,2025-08-13,140,3,5,5,13,Potential Loyalists,0
4431,2,129213.0,64606.5,2025-07-25,159,3,2,4,9,Potential Loyalists,1
4839,3,30717.69,10239.23,2025-12-26,5,5,3,1,9,Loyal Customers,1
4509,4,141341.53,35335.38,2025-10-15,77,4,4,5,13,Champions,0
2406,4,125104.02,31276.01,2025-08-20,133,3,4,4,11,Potential Loyalists,0
1252,3,43076.94,14358.98,2025-12-17,14,5,3,2,10,Loyal Customers,1
3448,3,65200.49,21733.5,2025-12-10,21,5,3,3,11,Loyal Customers,0
875,1,40672.38,40672.38,2024-12-06,390,1,1,2,4,Lost Customers,1
2738,2,112600.44,56300.22,2024-09-02,485,1,2,4,7,Lost Customers,1
2888,2,42873.11,21436.56,2025-04-06,269,2,2,2,6,Lost Customers,1
3889,4,88194.46,22048.62,2025-11-12,49,5,4,3,12,Loyal Customers,0
1722,1,14025.02,14025.02,2024-08-29,489,1,1,1,3,Lost Customers,1
4763,1,9227.22,9227.22,2024-06-18,561,1,1,1,3,Lost Customers,1
4608,6,197745.47,32957.58,2025-11-17,44,5,5,5,15,Champions,0
1322,2,5090.85,2545.43,2024-10-04,453,1,2,1,4,Lost Customers,1
196,1,45592.29,45592.29,2025-02-27,307,2,1,2,5,Lost Customers,1
1761,1,17366.09,17366.09,2024-02-23,677,1,1,1,3,Lost Customers,1
291,2,97391.97,48695.99,2025-06-30,184,3,2,4,9,Potential Loyalists,1
2194,4,56253.42,14063.36,2025-08-28,125,3,4,2,9,Potential Loyalists,0
2376,2,40560.66,20280.33,2025-12-12,19,5,2,2,9,New Customers,1
3327,6,142302.87,23717.15,2025-09-03,119,4,5,5,14,Champions,0
3003,3,89674.49,29891.5,2025-12-31,0,5,3,3,11,Loyal Customers,0
4496,1,67521.85,67521.85,2024-07-19,530,1,1,3,5,Lost Customers,1
2851,3,44084.34,14694.78,2025-05-26,219,3,3,2,8,Potential Loyalists,1
3127,2,10975.83,5487.92,2024-07-07,542,1,2,1,4,Lost Customers,1
3529,2,78182.96,39091.48,2025-03-19,287,2,2,3,7,Lost Customers,1
3615,2,20420.55,10210.28,2024-10-20,437,1,2,1,4,Lost Customers,1
4458,5,199921.85,39984.37,2025-12-21,10,5,5,5,15,Champions,0
2122,4,292423.49,73105.87,2025-12-04,27,5,4,5,14,Champions,0
3278,1,54145.9,54145.9,2024-03-05,666,1,1,2,4,Lost Customers,1
3272,3,93657.45,31219.15,2025-12-17,14,5,3,4,12,Loyal Customers,0
3123,4,87931.64,21982.91,2025-12-05,26,5,4,3,12,Loyal Customers,0
3866,4,168754.21,42188.55,2025-07-12,172,3,4,5,12,Potential Loyalists,0
4195,2,77545.76,38772.88,2024-09-03,484,1,2,3,6,Lost Customers,1
705,1,16012.37,16012.37,2024-10-21,436,1,1,1,3,Lost Customers,1
2325,1,28383.72,28383.72,2024-01-02,729,1,1,1,3,Lost Customers,1
3114,2,106393.29,53196.65,2025-03-03,303,2,2,4,8,Lost Customers,1
171,1,5240.57,5240.57,2025-05-23,222,2,1,1,4,Lost Customers,1
3255,2,80033.15,40016.58,2025-04-07,268,2,2,3,7,Lost Customers,1
1729,3,130124.64,43374.88,2024-07-18,531,1,3,4,8,At Risk,1
2381,2,46247.69,23123.85,2025-12-12,19,5,2,2,9,New Customers,1
4122,3,62351.03,20783.68,2025-10-09,83,4,3,3,10,Loyal Customers,1
604,3,128088.36,42696.12,2025-02-06,328,2,3,4,9,At Risk,1
3049,1,5708.19,5708.19,2025-02-19,315,2,1,1,4,Lost Customers,1
347,4,48691.64,12172.91,2025-05-09,236,2,4,2,8,At Risk High Value,1
562,5,180104.38,36020.88,2025-09-12,110,4,5,5,14,Champions,0
2279,2,21792.51,10896.26,2025-10-18,74,4,2,1,7,New Customers,1
636,2,81292.48,40646.24,2025-05-29,216,3,2,3,8,Potential Loyalists,1
1228,2,96583.74,48291.87,2025-11-24,37,5,2,4,11,New Customers,1
2424,5,140266.02,28053.2,2025-12-28,3,5,5,5,15,Champions,0
3946,1,18850.33,18850.33,2025-02-17,317,2,1,1,4,Lost Customers,1
4842,5,144754.08,28950.82,2025-09-15,107,4,5,5,14,Champions,0
1387,1,71483.72,71483.72,2025-04-29,246,2,1,3,6,Lost Customers,1
2030,2,66270.31,33135.16,2025-05-25,220,3,2,3,8,Potential Loyalists,1
3456,5,97345.94,19469.19,2025-06-01,213,3,5,4,12,Potential Loyalists,0
3386,3,89890.52,29963.51,2025-08-17,136,3,3,3,9,Potential Loyalists,0
1611,5,124120.29,24824.06,2025-02-05,329,2,5,4,11,At Risk High Value,0
1724,2,44250.78,22125.39,2025-08-23,130,3,2,2,7,Potential Loyalists,1
3556,3,58389.5,19463.17,2025-02-06,328,2,3,2,7,At Risk,1
4136,3,148038.93,49346.31,2025-09-06,116,4,3,5,12,Loyal Customers,0
2503,2,22628.22,11314.11,2025-12-08,23,5,2,1,8,New Customers,1
2004,3,208709.48,69569.83,2025-08-03,150,3,3,5,11,Potential Loyalists,0
1369,4,48019.38,12004.85,2025-10-12,80,4,4,2,10,Loyal Customers,0
14,2,60801.54,30400.77,2025-05-19,226,2,2,2,6,Lost Customers,1
581,5,157026.99,31405.4,2025-10-18,74,4,5,5,14,Champions,0
109,5,189967.26,37993.45,2025-12-17,14,5,5,5,15,Champions,0
2343,4,165056.42,41264.11,2025-05-09,236,2,4,5,11,At Risk High Value,0
2237,2,99562.91,49781.46,2025-06-04,210,3,2,4,9,Potential Loyalists,1
3119,4,69456.58,17364.15,2025-10-11,81,4,4,3,11,Loyal Customers,0
3075,1,576.9,576.9,2024-02-28,672,1,1,1,3,Lost Customers,1
2248,4,99758.26,24939.57,2025-06-11,203,3,4,4,11,Potential Loyalists,0
3334,6,175684.18,29280.7,2025-12-06,25,5,5,5,15,Champions,0
1134,5,69946.21,13989.24,2025-08-16,137,3,5,3,11,Potential Loyalists,0
1511,3,107080.74,35693.58,2025-12-07,24,5,3,4,12,Loyal Customers,0
3631,1,2023.45,2023.45,2024-09-18,469,1,1,1,3,Lost Customers,1
3894,3,119231.67,39743.89,2025-02-22,312,2,3,4,9,At Risk,1
4564,3,13263.76,4421.25,2025-10-15,77,4,3,1,8,Loyal Customers,1
4447,1,3105.34,3105.34,2024-01-31,700,1,1,1,3,Lost Customers,1
2483,4,120335.22,30083.81,2025-11-30,31,5,4,4,13,Champions,0
2484,2,61808.32,30904.16,2025-09-29,93,4,2,3,9,New Customers,1
301,3,65626.62,21875.54,2025-12-20,11,5,3,3,11,Loyal Customers,0
1011,1,52009.99,52009.99,2024-11-13,413,1,1,2,4,Lost Customers,1
4503,2,39956.85,19978.43,2025-04-06,269,2,2,2,6,Lost Customers,1
2188,1,16038.52,16038.52,2025-05-09,236,2,1,1,4,Lost Customers,1
4296,2,58152.7,29076.35,2025-07-31,153,3,2,2,7,Potential Loyalists,1
4442,2,45860.23,22930.12,2024-10-16,441,1,2,2,5,Lost Customers,1
4609,3,160737.2,53579.07,2025-11-01,60,4,3,5,12,Loyal Customers,0
1497,2,101745.42,50872.71,2024-06-07,572,1,2,4,7,Lost Customers,1
2088,2,95354.43,47677.22,2025-01-04,361,2,2,4,8,Lost Customers,1
2081,6,401491.23,66915.21,2025-08-12,141,3,5,5,13,Potential Loyalists,0
4540,1,10292.22,10292.22,2025-07-20,164,3,1,1,5,Potential Loyalists,1
3439,2,136412.93,68206.47,2025-10-30,62,4,2,4,10,New Customers,0
1875,2,22628.27,11314.14,2025-01-21,344,2,2,1,5,Lost Customers,1
1618,3,82732.07,27577.36,2025-05-14,231,2,3,3,8,At Risk,1
4824,1,52770.63,52770.63,2024-10-14,443,1,1,2,4,Lost Customers,1
432,1,43496.09,43496.09,2024-06-19,560,1,1,2,4,Lost Customers,1
3104,1,20316.28,20316.28,2024-12-22,374,1,1,1,3,Lost Customers,1
2239,2,12946.1,6473.05,2025-08-07,146,3,2,1,6,Potential Loyalists,1
4699,3,66372.58,22124.19,2025-09-05,117,4,3,3,10,Loyal Customers,1
1061,1,9890.78,9890.78,2024-01-04,727,1,1,1,3,Lost Customers,1
1347,4,107738.66,26934.67,2025-03-19,287,2,4,4,10,At Risk High Value,0
1,3,33071.31,11023.77,2025-11-11,50,5,3,2,10,Loyal Customers,1
76,6,137616.8,22936.13,2025-10-11,81,4,5,4,13,Champions,0
3684,3,43711.29,14570.43,2025-08-30,123,4,3,2,9,Loyal Customers,1
2384,4,67623.66,16905.92,2025-11-07,54,5,4,3,12,Loyal Customers,0
2260,3,186910.3,62303.43,2025-10-20,72,4,3,5,12,Loyal Customers,0
4513,1,19486.72,19486.72,2025-10-01,91,4,1,1,6,New Customers,1
1392,3,144900.31,48300.1,2024-11-21,405,1,3,5,9,At Risk,1
2373,1,12896.81,12896.81,2024-08-06,512,1,1,1,3,Lost Customers,1
4437,3,100253.61,33417.87,2024-06-20,559,1,3,4,8,At Risk,1
346,2,34669.9,17334.95,2025-07-13,171,3,2,2,7,Potential Loyalists,1
71,2,80765.41,40382.71,2025-07-14,170,3,2,3,8,Potential Loyalists,1
68,5,217637.09,43527.42,2025-07-16,168,3,5,5,13,Potential Loyalists,0
4983,2,35052.1,17526.05,2025-03-10,296,2,2,2,6,Lost Customers,1
1002,2,59200.44,29600.22,2025-10-25,67,4,2,2,8,New Customers,1
773,2,30695.6,15347.8,2025-12-10,21,5,2,1,8,New Customers,1
146,2,55448.41,27724.21,2025-07-31,153,3,2,2,7,Potential Loyalists,1
80,5,186538.12,37307.62,2025-11-10,51,5,5,5,15,Champions,0
3316,3,16472.29,5490.76,2025-07-17,167,3,3,1,7,Potential Loyalists,1
3881,3,36110.14,12036.71,2025-11-28,33,5,3,2,10,Loyal Customers,1
1676,4,164104.66,41026.17,2025-10-23,69,4,4,5,13,Champions,0
2860,5,124212.19,24842.44,2025-09-06,116,4,5,4,13,Champions,0
1386,3,210981.27,70327.09,2025-05-01,244,2,3,5,10,At Risk,0
3060,2,68053.11,34026.56,2024-07-31,518,1,2,3,6,Lost Customers,1
3423,1,35505.18,35505.18,2024-02-20,680,1,1,2,4,Lost Customers,1
751,2,88341.96,44170.98,2024-11-23,403,1,2,3,6,Lost Customers,1
3070,3,37484.57,12494.86,2025-09-28,94,4,3,2,9,Loyal Customers,1
3433,1,24660.8,24660.8,2025-06-21,193,3,1,1,5,Potential Loyalists,1
1892,4,95227.96,23806.99,2025-07-31,153,3,4,4,11,Potential Loyalists,0
262,5,102601.83,20520.37,2025-09-14,108,4,5,4,13,Champions,0
3360,3,83193.83,27731.28,2025-08-08,145,3,3,3,9,Potential Loyalists,1
4851,3,76106.42,25368.81,2025-09-28,94,4,3,3,10,Loyal Customers,0
504,4,128054.84,32013.71,2025-07-16,168,3,4,4,11,Potential Loyalists,0
1997,6,256236.01,42706.0,2025-07-21,163,3,5,5,13,Potential Loyalists,0
238,3,131730.26,43910.09,2025-08-25,128,3,3,4,10,Potential Loyalists,0
1504,2,58944.57,29472.29,2024-11-17,409,1,2,2,5,Lost Customers,1
4077,2,29127.44,14563.72,2024-05-31,579,1,2,1,4,Lost Customers,1
399,3,152002.84,50667.61,2025-09-12,110,4,3,5,12,Loyal Customers,0
3343,3,45704.24,15234.75,2025-07-06,178,3,3,2,8,Potential Loyalists,1
547,3,74630.6,24876.87,2025-09-04,118,4,3,3,10,Loyal Customers,1
818,2,49319.22,24659.61,2025-01-30,335,2,2,2,6,Lost Customers,1
737,2,47653.71,23826.86,2025-02-08,326,2,2,2,6,Lost Customers,1
3926,2,90889.65,45444.83,2024-09-08,479,1,2,3,6,Lost Customers,1
3810,2,112315.6,56157.8,2025-10-11,81,4,2,4,10,New Customers,1
2258,3,46076.65,15358.88,2025-08-08,145,3,3,2,8,Potential Loyalists,1
124,5,212249.95,42449.99,2025-12-16,15,5,5,5,15,Champions,0
798,4,65436.95,16359.24,2025-07-22,162,3,4,3,10,Potential Loyalists,0
2289,2,171172.22,85586.11,2025-01-24,341,2,2,5,9,Lost Customers,1
2596,6,178390.48,29731.75,2025-12-02,29,5,5,5,15,Champions,0
4075,2,28358.94,14179.47,2025-11-11,50,5,2,1,8,New Customers,1
2212,3,87694.53,29231.51,2025-05-24,221,3,3,3,9,Potential Loyalists,1
2472,1,70270.66,70270.66,2025-09-25,97,4,1,3,8,New Customers,1
3372,2,30935.72,15467.86,2025-03-06,300,2,2,1,5,Lost Customers,1
1623,4,195762.82,48940.71,2025-05-27,218,3,4,5,12,Potential Loyalists,0
4744,1,28284.7,28284.7,2024-11-23,403,1,1,1,3,Lost Customers,1
2696,1,11801.21,11801.21,2024-04-15,625,1,1,1,3,Lost Customers,1
4952,3,50058.63,16686.21,2025-10-20,72,4,3,2,9,Loyal Customers,1
2197,4,123785.84,30946.46,2025-08-18,135,3,4,4,11,Potential Loyalists,0
4767,5,313694.57,62738.91,2025-12-25,6,5,5,5,15,Champions,0
3365,3,43689.77,14563.26,2025-04-04,271,2,3,2,7,At Risk,1
3551,7,151067.44,21581.06,2025-08-17,136,3,5,5,13,Potential Loyalists,0
2834,2,28594.38,14297.19,2025-07-20,164,3,2,1,6,Potential Loyalists,1
2671,2,69835.33,34917.67,2025-07-08,176,3,2,3,8,Potential Loyalists,1
2895,5,133126.65,26625.33,2025-09-29,93,4,5,4,13,Champions,0
2926,3,144073.38,48024.46,2025-03-16,290,2,3,5,10,At Risk,0
3694,6,196967.11,32827.85,2025-12-14,17,5,5,5,15,Champions,0
2056,2,26135.47,13067.74,2025-05-15,230,2,2,1,5,Lost Customers,1
4354,3,59979.28,19993.09,2024-08-26,492,1,3,2,6,At Risk,1
2144,1,31887.47,31887.47,2025-04-02,273,2,1,2,5,Lost Customers,1
2409,2,48943.44,24471.72,2025-04-10,265,2,2,2,6,Lost Customers,1
1116,3,55852.21,18617.4,2025-08-13,140,3,3,2,8,Potential Loyalists,1
2020,5,53476.91,10695.38,2025-10-27,65,4,5,2,11,Loyal Customers,0
2790,2,69936.49,34968.25,2025-08-29,124,4,2,3,9,New Customers,1
404,1,12614.22,12614.22,2024-04-05,635,1,1,1,3,Lost Customers,1
2862,7,166994.63,23856.38,2025-12-24,7,5,5,5,15,Champions,0
1280,4,125259.98,31315.0,2025-11-30,31,5,4,4,13,Champions,0
2909,6,154743.69,25790.62,2025-04-12,263,2,5,5,12,At Risk High Value,0
1068,4,186525.94,46631.49,2025-08-26,127,3,4,5,12,Potential Loyalists,0
2968,4,94660.62,23665.16,2025-03-30,276,2,4,4,10,At Risk High Value,0
4555,6,179932.77,29988.8,2025-12-16,15,5,5,5,15,Champions,0
4384,5,121520.68,24304.14,2025-12-28,3,5,5,4,14,Champions,0
616,3,134761.46,44920.49,2025-02-25,309,2,3,4,9,At Risk,0
1245,8,369985.35,46248.17,2025-08-18,135,3,5,5,13,Potential Loyalists,0
2282,1,16085.73,16085.73,2024-05-18,592,1,1,1,3,Lost Customers,1
4612,3,192893.64,64297.88,2025-09-11,111,4,3,5,12,Loyal Customers,0
4282,3,82933.3,27644.43,2025-02-06,328,2,3,3,8,At Risk,1
2437,3,62818.42,20939.47,2025-11-28,33,5,3,3,11,Loyal Customers,0
516,3,84918.78,28306.26,2024-12-02,394,1,3,3,7,At Risk,1
395,2,83665.6,41832.8,2025-02-23,311,2,2,3,7,Lost Customers,1
542,2,61467.27,30733.64,2025-03-13,293,2,2,3,7,Lost Customers,1
3574,2,63159.23,31579.62,2025-05-12,233,2,2,3,7,Lost Customers,1
882,4,91205.15,22801.29,2025-08-27,126,3,4,3,10,Potential Loyalists,0
3004,2,98126.22,49063.11,2024-10-25,432,1,2,4,7,Lost Customers,1
4777,3,88988.63,29662.88,2025-07-20,164,3,3,3,9,Potential Loyalists,1
955,2,25434.36,12717.18,2025-08-19,134,3,2,1,6,Potential Loyalists,1
3859,3,77260.73,25753.58,2025-08-13,140,3,3,3,9,Potential Loyalists,1
3201,1,37705.54,37705.54,2024-10-04,453,1,1,2,4,Lost Customers,1
163,3,57931.99,19310.66,2025-09-30,92,4,3,2,9,Loyal Customers,1
669,2,164796.7,82398.35,2025-11-03,58,4,2,5,11,New Customers,0
1103,4,118676.86,29669.22,2025-01-24,341,2,4,4,10,At Risk High Value,0
352,3,116791.77,38930.59,2024-11-01,425,1,3,4,8,At Risk,1
2885,9,333375.2,37041.69,2025-12-25,6,5,5,5,15,Champions,0
3353,2,37762.68,18881.34,2024-11-02,424,1,2,2,5,Lost Customers,1
1512,2,167459.04,83729.52,2025-10-01,91,4,2,5,11,New Customers,0
362,6,370372.91,61728.82,2025-10-17,75,4,5,5,14,Champions,0
221,5,85922.92,17184.58,2025-03-07,299,2,5,3,10,At Risk High Value,0
2251,2,75524.88,37762.44,2025-03-26,280,2,2,3,7,Lost Customers,1
4782,6,181061.07,30176.85,2024-12-26,370,2,5,5,12,At Risk High Value,0
4366,1,3547.9,3547.9,2024-09-30,457,1,1,1,3,Lost Customers,1
688,3,160447.17,53482.39,2025-03-25,281,2,3,5,10,At Risk,0
1207,5,210360.55,42072.11,2025-11-02,59,4,5,5,14,Champions,0
2048,3,139396.34,46465.45,2025-02-27,307,2,3,5,10,At Risk,0
2882,6,163206.55,27201.09,2025-12-06,25,5,5,5,15,Champions,0
3983,1,62907.74,62907.74,2024-10-31,426,1,1,3,5,Lost Customers,1
3024,3,53945.76,17981.92,2025-04-28,247,2,3,2,7,At Risk,1
111,5,113951.39,22790.28,2025-12-08,23,5,5,4,14,Champions,0
2202,3,126319.78,42106.59,2024-11-23,403,1,3,4,8,At Risk,1
1709,3,112697.84,37565.95,2025-09-13,109,4,3,4,11,Loyal Customers,0
2052,1,26169.09,26169.09,2024-06-19,560,1,1,1,3,Lost Customers,1
4491,6,129224.43,21537.41,2025-10-05,87,4,5,4,13,Champions,0
4524,2,109204.46,54602.23,2025-08-12,141,3,2,4,9,Potential Loyalists,1
2340,1,3618.22,3618.22,2024-08-11,507,1,1,1,3,Lost Customers,1
1879,5,250443.61,50088.72,2025-08-21,132,3,5,5,13,Potential Loyalists,0
655,1,20175.13,20175.13,2025-12-10,21,5,1,1,7,New Customers,1
1327,4,172811.71,43202.93,2025-11-04,57,4,4,5,13,Champions,0
3408,3,112107.35,37369.12,2025-10-01,91,4,3,4,11,Loyal Customers,0
3930,2,20257.43,10128.72,2025-04-24,251,2,2,1,5,Lost Customers,1
3544,7,224885.25,32126.46,2025-11-30,31,5,5,5,15,Champions,0
1225,3,52571.0,17523.67,2025-08-25,128,3,3,2,8,Potential Loyalists,1
150,3,51499.67,17166.56,2024-10-12,445,1,3,2,6,At Risk,1
2304,5,126401.09,25280.22,2025-03-02,304,2,5,4,11,At Risk High Value,0
3283,4,151756.72,37939.18,2025-11-03,58,4,4,5,13,Champions,0
1731,2,48115.62,24057.81,2025-09-10,112,4,2,2,8,New Customers,1
4213,6,192854.6,32142.43,2025-09-06,116,4,5,5,14,Champions,0
4367,3,85009.16,28336.39,2024-10-28,429,1,3,3,7,At Risk,1
1355,2,52960.4,26480.2,2025-11-15,46,5,2,2,9,New Customers,1
4858,2,138615.15,69307.58,2024-10-10,447,1,2,5,8,Lost Customers,1
995,3,113243.91,37747.97,2025-11-19,42,5,3,4,12,Loyal Customers,0
4958,3,37345.67,12448.56,2025-10-08,84,4,3,2,9,Loyal Customers,1
3938,2,20874.16,10437.08,2025-10-01,91,4,2,1,7,New Customers,1
1867,1,73898.7,73898.7,2024-02-11,689,1,1,3,5,Lost Customers,1
2359,4,45235.87,11308.97,2025-04-19,256,2,4,2,8,At Risk High Value,1
3795,1,8614.69,8614.69,2025-06-27,187,3,1,1,5,Potential Loyalists,1
1125,3,71416.27,23805.42,2025-06-11,203,3,3,3,9,Potential Loyalists,1
928,2,36017.43,18008.72,2024-03-30,641,1,2,2,5,Lost Customers,1
520,1,49506.89,49506.89,2024-07-04,545,1,1,2,4,Lost Customers,1
3697,2,137203.19,68601.6,2025-01-30,335,2,2,4,8,Lost Customers,1
148,2,60989.04,30494.52,2025-10-03,89,4,2,2,8,New Customers,1
1269,1,19721.44,19721.44,2024-01-09,722,1,1,1,3,Lost Customers,1
2335,2,70773.24,35386.62,2025-04-30,245,2,2,3,7,Lost Customers,1
652,2,95099.71,47549.86,2025-10-02,90,4,2,4,10,New Customers,1
4105,1,2898.48,2898.48,2025-10-11,81,4,1,1,6,New Customers,1
1560,4,34399.42,8599.86,2025-12-18,13,5,4,2,11,Loyal Customers,0
51,1,65641.5,65641.5,2024-11-30,396,1,1,3,5,Lost Customers,1
1898,2,50947.21,25473.61,2024-11-09,417,1,2,2,5,Lost Customers,1
70,2,90477.59,45238.8,2025-04-05,270,2,2,3,7,Lost Customers,1
350,3,102009.23,34003.08,2024-09-19,468,1,3,4,8,At Risk,1
758,2,22973.96,11486.98,2025-09-04,118,4,2,1,7,New Customers,1
2425,4,115909.25,28977.31,2025-06-04,210,3,4,4,11,Potential Loyalists,0
3817,3,91017.97,30339.32,2025-07-09,175,3,3,3,9,Potential Loyalists,1
3407,3,98194.56,32731.52,2025-11-26,35,5,3,4,12,Loyal Customers,0
2128,2,122734.3,61367.15,2025-01-09,356,2,2,4,8,Lost Customers,1
4756,4,123274.09,30818.52,2025-12-20,11,5,4,4,13,Champions,0
1136,5,132802.88,26560.58,2025-11-19,42,5,5,4,14,Champions,0
4056,3,96376.05,32125.35,2024-10-24,433,1,3,4,8,At Risk,1
4741,4,101690.89,25422.72,2025-12-01,30,5,4,4,13,Champions,0
3935,3,87045.25,29015.08,2025-11-29,32,5,3,3,11,Loyal Customers,0
1831,3,12570.52,4190.17,2025-05-26,219,3,3,1,7,Potential Loyalists,1
929,3,79057.34,26352.45,2025-05-09,236,2,3,3,8,At Risk,1
3793,3,51939.58,17313.19,2025-06-27,187,3,3,2,8,Potential Loyalists,1
1493,5,141973.0,28394.6,2025-12-11,20,5,5,5,15,Champions,0
2125,1,21112.01,21112.01,2025-04-30,245,2,1,1,4,Lost Customers,1
2038,1,10012.33,10012.33,2025-05-26,219,3,1,1,5,Potential Loyalists,1
2642,2,69747.84,34873.92,2024-12-21,375,1,2,3,6,Lost Customers,1
940,1,38977.14,38977.14,2025-06-08,206,3,1,2,6,Potential Loyalists,1
2855,3,125635.0,41878.33,2025-12-24,7,5,3,4,12,Loyal Customers,0
1963,4,187553.61,46888.4,2025-12-11,20,5,4,5,14,Champions,0
4968,2,39453.46,19726.73,2025-01-24,341,2,2,2,6,Lost Customers,1
42,4,109010.23,27252.56,2025-11-01,60,4,4,4,12,Champions,0
2631,5,229584.65,45916.93,2025-05-22,223,2,5,5,12,At Risk High Value,0
4188,5,223490.45,44698.09,2025-09-03,119,4,5,5,14,Champions,0
4791,1,6417.58,6417.58,2025-01-02,363,2,1,1,4,Lost Customers,1
1742,3,82390.39,27463.46,2025-06-05,209,3,3,3,9,Potential Loyalists,1
4407,3,129792.81,43264.27,2025-07-04,180,3,3,4,10,Potential Loyalists,0
2420,1,22265.52,22265.52,2024-10-24,433,1,1,1,3,Lost Customers,1
1372,1,34230.06,34230.06,2024-05-27,583,1,1,2,4,Lost Customers,1
632,4,122853.8,30713.45,2025-03-14,292,2,4,4,10,At Risk High Value,0
658,7,246032.6,35147.51,2025-11-18,43,5,5,5,15,Champions,0
4417,1,10909.82,10909.82,2025-10-21,71,4,1,1,6,New Customers,1
440,3,124450.24,41483.41,2025-01-23,342,2,3,4,9,At Risk,1
3854,1,18540.4,18540.4,2025-03-24,282,2,1,1,4,Lost Customers,1
3140,3,76531.67,25510.56,2025-09-28,94,4,3,3,10,Loyal Customers,0
160,5,154721.56,30944.31,2025-12-08,23,5,5,5,15,Champions,0
644,4,108503.37,27125.84,2025-10-26,66,4,4,4,12,Champions,0
3700,2,18834.44,9417.22,2025-08-12,141,3,2,1,6,Potential Loyalists,1
3093,6,169862.45,28310.41,2025-12-04,27,5,5,5,15,Champions,0
4518,3,92421.28,30807.09,2025-11-25,36,5,3,3,11,Loyal Customers,0
1857,1,14017.19,14017.19,2024-11-12,414,1,1,1,3,Lost Customers,1
3997,4,192298.36,48074.59,2025-11-18,43,5,4,5,14,Champions,0
1782,3,96298.63,32099.54,2025-10-05,87,4,3,4,11,Loyal Customers,0
2661,2,38595.2,19297.6,2025-05-06,239,2,2,2,6,Lost Customers,1
4066,2,91499.63,45749.82,2025-11-18,43,5,2,3,10,New Customers,1
4470,1,22896.21,22896.21,2025-11-24,37,5,1,1,7,New Customers,1
2352,3,41036.31,13678.77,2025-10-10,82,4,3,2,9,Loyal Customers,1
1644,2,84418.37,42209.19,2025-06-19,195,3,2,3,8,Potential Loyalists,1
4884,1,56956.22,56956.22,2024-04-15,625,1,1,2,4,Lost Customers,1
4696,6,217100.46,36183.41,2025-03-20,286,2,5,5,12,At Risk High Value,0
2764,3,89165.39,29721.8,2025-10-13,79,4,3,3,10,Loyal Customers,0
1606,3,64874.85,21624.95,2025-08-12,141,3,3,3,9,Potential Loyalists,1
3476,2,78145.74,39072.87,2025-10-23,69,4,2,3,9,New Customers,1
1312,1,59951.97,59951.97,2025-03-02,304,2,1,2,5,Lost Customers,1
2684,2,93833.78,46916.89,2025-09-28,94,4,2,4,10,New Customers,1
3561,1,16750.34,16750.34,2024-04-16,624,1,1,1,3,Lost Customers,1
3824,4,131528.58,32882.15,2024-12-06,390,1,4,4,9,At Risk High Value,0
1984,2,35354.14,17677.07,2025-10-12,80,4,2,2,8,New Customers,1
4271,6,227722.03,37953.67,2025-06-19,195,3,5,5,13,Potential Loyalists,0
3761,2,14812.11,7406.06,2025-01-07,358,2,2,1,5,Lost Customers,1
1662,1,76742.96,76742.96,2024-04-21,619,1,1,3,5,Lost Customers,1
822,2,53887.03,26943.52,2025-12-02,29,5,2,2,9,New Customers,1
2825,4,165580.93,41395.23,2025-08-11,142,3,4,5,12,Potential Loyalists,0
3078,1,72489.74,72489.74,2024-09-14,473,1,1,3,5,Lost Customers,1
2796,4,150985.97,37746.49,2025-12-21,10,5,4,5,14,Champions,0
1118,6,115128.44,19188.07,2025-10-24,68,4,5,4,13,Champions,0
1990,4,63936.28,15984.07,2025-10-21,71,4,4,3,11,Loyal Customers,0
175,2,22677.32,11338.66,2024-04-04,636,1,2,1,4,Lost Customers,1
241,5,169754.44,33950.89,2025-05-20,225,2,5,5,12,At Risk High Value,0
1025,5,115061.11,23012.22,2025-12-09,22,5,5,4,14,Champions,0
4298,1,43713.8,43713.8,2025-11-16,45,5,1,2,8,New Customers,1
596,4,37393.73,9348.43,2025-09-21,101,4,4,2,10,Loyal Customers,0
3732,1,55787.27,55787.27,2024-10-27,430,1,1,2,4,Lost Customers,1
3018,5,130577.48,26115.5,2025-07-17,167,3,5,4,12,Potential Loyalists,0
2891,1,44728.72,44728.72,2025-02-27,307,2,1,2,5,Lost Customers,1
3301,5,89271.59,17854.32,2025-06-30,184,3,5,3,11,Potential Loyalists,0
4925,5,202628.55,40525.71,2025-03-28,278,2,5,5,12,At Risk High Value,0
3769,3,70098.49,23366.16,2025-06-30,184,3,3,3,9,Potential Loyalists,1
3282,2,14497.56,7248.78,2024-11-27,399,1,2,1,4,Lost Customers,1
4332,4,135231.42,33807.86,2025-06-17,197,3,4,4,11,Potential Loyalists,0
4750,1,4860.22,4860.22,2024-08-24,494,1,1,1,3,Lost Customers,1
1104,2,76221.46,38110.73,2024-10-29,428,1,2,3,6,Lost Customers,1
2890,2,68323.91,34161.96,2025-06-20,194,3,2,3,8,Potential Loyalists,1
699,2,56834.5,28417.25,2025-09-25,97,4,2,2,8,New Customers,1
1975,3,58556.56,19518.85,2025-03-21,285,2,3,2,7,At Risk,1
1936,1,5103.6,5103.6,2025-06-02,212,3,1,1,5,Potential Loyalists,1
75,1,28017.85,28017.85,2025-01-07,358,2,1,1,4,Lost Customers,1
128,2,98768.4,49384.2,2025-08-30,123,4,2,4,10,New Customers,1
4479,4,171911.58,42977.9,2025-06-09,205,3,4,5,12,Potential Loyalists,0
1992,1,8190.85,8190.85,2025-09-21,101,4,1,1,6,New Customers,1
2275,1,13426.3,13426.3,2025-04-07,268,2,1,1,4,Lost Customers,1
344,4,73191.85,18297.96,2025-09-28,94,4,4,3,11,Loyal Customers,0
1078,4,26638.36,6659.59,2025-06-08,206,3,4,1,8,Potential Loyalists,1
3253,3,61253.58,20417.86,2025-10-28,64,4,3,2,9,Loyal Customers,1
534,6,140119.21,23353.2,2025-04-12,263,2,5,5,12,At Risk High Value,0
637,6,163469.81,27244.97,2025-05-04,241,2,5,5,12,At Risk High Value,0
1279,4,82869.24,20717.31,2025-07-20,164,3,4,3,10,Potential Loyalists,0
1403,1,57775.35,57775.35,2024-10-24,433,1,1,2,4,Lost Customers,1
2599,1,16895.71,16895.71,2024-02-19,681,1,1,1,3,Lost Customers,1
222,1,10432.85,10432.85,2025-12-28,3,5,1,1,7,New Customers,1
4738,2,88036.29,44018.15,2024-09-27,460,1,2,3,6,Lost Customers,1
4610,4,138487.99,34622.0,2025-10-19,73,4,4,5,13,Champions,0
2791,1,109512.69,109512.69,2025-02-16,318,2,1,4,7,Lost Customers,1
3635,1,93013.7,93013.7,2024-04-29,611,1,1,3,5,Lost Customers,1
3462,2,67105.21,33552.61,2025-02-25,309,2,2,3,7,Lost Customers,1
922,3,77102.43,25700.81,2025-09-02,120,4,3,3,10,Loyal Customers,1
787,2,82082.68,41041.34,2025-12-31,0,5,2,3,10,New Customers,1
3921,4,122364.99,30591.25,2025-11-12,49,5,4,4,13,Champions,0
2555,1,28620.26,28620.26,2024-06-05,574,1,1,1,3,Lost Customers,1
2920,2,47562.29,23781.15,2025-08-03,150,3,2,2,7,Potential Loyalists,1
3432,4,132117.81,33029.45,2025-07-24,160,3,4,4,11,Potential Loyalists,0
3176,3,127621.08,42540.36,2025-12-17,14,5,3,4,12,Loyal Customers,0
4811,3,219137.89,73045.96,2025-10-23,69,4,3,5,12,Loyal Customers,0
3362,2,8236.83,4118.42,2025-05-18,227,2,2,1,5,Lost Customers,1
4892,2,76620.49,38310.25,2024-06-27,552,1,2,3,6,Lost Customers,1
4737,2,113092.74,56546.37,2025-09-29,93,4,2,4,10,New Customers,1
3422,3,99467.74,33155.91,2025-12-15,16,5,3,4,12,Loyal Customers,0
811,2,14791.89,7395.95,2025-02-21,313,2,2,1,5,Lost Customers,1
563,2,13331.82,6665.91,2025-01-29,336,2,2,1,5,Lost Customers,1
3047,4,125732.36,31433.09,2025-07-07,177,3,4,4,11,Potential Loyalists,0
4206,3,50352.72,16784.24,2025-01-03,362,2,3,2,7,At Risk,1
1616,3,51742.99,17247.66,2024-12-24,372,1,3,2,6,At Risk,1
1828,1,8376.24,8376.24,2025-11-13,48,5,1,1,7,New Customers,1
3981,1,56827.74,56827.74,2024-06-25,554,1,1,2,4,Lost Customers,1
3417,3,103253.0,34417.67,2025-09-30,92,4,3,4,11,Loyal Customers,0
4885,5,87988.01,17597.6,2025-09-21,101,4,5,3,12,Loyal Customers,0
1779,2,55139.55,27569.78,2024-10-09,448,1,2,2,5,Lost Customers,1
4003,4,114498.67,28624.67,2025-05-06,239,2,4,4,10,At Risk High Value,0
2098,3,23374.26,7791.42,2025-10-24,68,4,3,1,8,Loyal Customers,1
3138,4,255644.75,63911.19,2025-01-30,335,2,4,5,11,At Risk High Value,0
853,4,49524.19,12381.05,2025-11-24,37,5,4,2,11,Loyal Customers,0
3827,2,55674.15,27837.08,2025-08-07,146,3,2,2,7,Potential Loyalists,1
1050,1,22153.4,22153.4,2025-05-17,228,2,1,1,4,Lost Customers,1
4274,3,84238.95,28079.65,2025-07-04,180,3,3,3,9,Potential Loyalists,1
4769,1,79697.61,79697.61,2025-11-29,32,5,1,3,9,New Customers,1
4031,3,99624.59,33208.2,2025-12-08,23,5,3,4,12,Loyal Customers,0
4590,3,62736.61,20912.2,2025-10-29,63,4,3,3,10,Loyal Customers,1
4461,2,75531.38,37765.69,2025-07-01,183,3,2,3,8,Potential Loyalists,1
4140,2,83340.26,41670.13,2024-11-24,402,1,2,3,6,Lost Customers,1
4693,4,179496.48,44874.12,2025-12-14,17,5,4,5,14,Champions,0
2393,2,10377.96,5188.98,2025-05-20,225,2,2,1,5,Lost Customers,1
1788,5,140906.82,28181.36,2025-09-08,114,4,5,5,14,Champions,0
276,3,120999.29,40333.1,2025-06-27,187,3,3,4,10,Potential Loyalists,0
1523,4,62634.97,15658.74,2025-04-23,252,2,4,3,9,At Risk High Value,1
97,7,285903.9,40843.41,2024-11-26,400,1,5,5,11,At Risk High Value,0
4903,1,12780.39,12780.39,2025-05-24,221,3,1,1,5,Potential Loyalists,1
1823,1,26754.53,26754.53,2025-11-27,34,5,1,1,7,New Customers,1
3527,4,111927.03,27981.76,2025-02-05,329,2,4,4,10,At Risk High Value,0
4133,3,30576.95,10192.32,2025-09-04,118,4,3,1,8,Loyal Customers,1
3998,3,63941.72,21313.91,2025-12-04,27,5,3,3,11,Loyal Customers,0
4949,2,116529.56,58264.78,2024-03-30,641,1,2,4,7,Lost Customers,1
555,1,2379.82,2379.82,2024-11-12,414,1,1,1,3,Lost Customers,1
3054,2,76321.02,38160.51,2025-01-23,342,2,2,3,7,Lost Customers,1
1583,2,97138.61,48569.31,2025-09-01,121,4,2,4,10,New Customers,1
567,3,113829.58,37943.19,2025-04-22,253,2,3,4,9,At Risk,0
4017,1,77548.18,77548.18,2025-05-16,229,2,1,3,6,Lost Customers,1
3977,4,62495.16,15623.79,2025-06-01,213,3,4,3,10,Potential Loyalists,0
816,1,24909.89,24909.89,2024-09-22,465,1,1,1,3,Lost Customers,1
1398,4,120853.95,30213.49,2025-10-09,83,4,4,4,12,Champions,0
1646,4,93715.87,23428.97,2025-08-10,143,3,4,4,11,Potential Loyalists,0
4760,3,122775.38,40925.13,2025-12-13,18,5,3,4,12,Loyal Customers,0
4771,4,230216.38,57554.1,2025-12-04,27,5,4,5,14,Champions,0
507,1,11013.48,11013.48,2024-01-26,705,1,1,1,3,Lost Customers,1
3289,2,93328.71,46664.36,2024-09-27,460,1,2,4,7,Lost Customers,1
847,1,23052.61,23052.61,2024-12-10,386,1,1,1,3,Lost Customers,1
419,2,155116.71,77558.36,2025-09-13,109,4,2,5,11,New Customers,0
1336,1,5036.9,5036.9,2024-05-26,584,1,1,1,3,Lost Customers,1
3992,3,109146.26,36382.09,2025-11-01,60,4,3,4,11,Loyal Customers,0
664,1,10139.3,10139.3,2024-01-08,723,1,1,1,3,Lost Customers,1
3526,2,70736.86,35368.43,2025-10-03,89,4,2,3,9,New Customers,1
2235,3,97359.83,32453.28,2025-02-13,321,2,3,4,9,At Risk,1
2214,2,71098.61,35549.31,2025-08-18,135,3,2,3,8,Potential Loyalists,1
95,2,74081.78,37040.89,2025-04-15,260,2,2,3,7,Lost Customers,1
4148,3,60275.63,20091.88,2024-09-15,472,1,3,2,6,At Risk,1
1434,1,737.81,737.81,2025-01-04,361,2,1,1,4,Lost Customers,1
519,5,192575.01,38515.0,2025-12-27,4,5,5,5,15,Champions,0
172,3,114938.07,38312.69,2025-09-30,92,4,3,4,11,Loyal Customers,0
1250,4,115005.38,28751.35,2025-12-24,7,5,4,4,13,Champions,0
3357,9,316959.03,35217.67,2025-11-06,55,5,5,5,15,Champions,0
965,6,214775.31,35795.89,2024-11-20,406,1,5,5,11,At Risk High Value,0
4532,3,189320.04,63106.68,2024-03-25,646,1,3,5,9,At Risk,1
1966,5,164441.25,32888.25,2025-12-21,10,5,5,5,15,Champions,0
3603,4,83946.08,20986.52,2025-07-14,170,3,4,3,10,Potential Loyalists,0
409,6,191134.14,31855.69,2025-09-21,101,4,5,5,14,Champions,0
4992,2,136349.23,68174.62,2025-12-07,24,5,2,4,11,New Customers,0
3660,1,15273.04,15273.04,2025-03-17,289,2,1,1,4,Lost Customers,1
3101,2,147639.33,73819.67,2025-12-05,26,5,2,5,12,New Customers,0
2345,3,144591.51,48197.17,2025-05-17,228,2,3,5,10,At Risk,0
2303,5,228804.64,45760.93,2025-07-17,167,3,5,5,13,Potential Loyalists,0
3646,2,21672.16,10836.08,2024-04-13,627,1,2,1,4,Lost Customers,1
4084,5,110292.28,22058.46,2025-09-17,105,4,5,4,13,Champions,0
2605,5,184326.28,36865.26,2025-10-26,66,4,5,5,14,Champions,0
3808,2,110137.53,55068.77,2025-10-16,76,4,2,4,10,New Customers,1
4101,2,37297.17,18648.59,2025-08-11,142,3,2,2,7,Potential Loyalists,1
1221,1,10425.34,10425.34,2025-09-28,94,4,1,1,6,New Customers,1
3944,2,10859.39,5429.7,2025-05-25,220,3,2,1,6,Potential Loyalists,1
4901,1,27396.05,27396.05,2024-12-12,384,1,1,1,3,Lost Customers,1
3073,4,88832.65,22208.16,2025-11-26,35,5,4,3,12,Loyal Customers,0
639,2,71399.01,35699.51,2025-10-10,82,4,2,3,9,New Customers,1
74,2,24659.36,12329.68,2025-10-18,74,4,2,1,7,New Customers,1
937,1,55109.12,55109.12,2025-12-18,13,5,1,2,8,New Customers,1
34,2,115421.45,57710.73,2024-08-01,517,1,2,4,7,Lost Customers,1
138,2,22777.16,11388.58,2025-07-15,169,3,2,1,6,Potential Loyalists,1
1774,2,99576.03,49788.02,2024-11-21,405,1,2,4,7,Lost Customers,1
4776,1,23896.46,23896.46,2025-12-19,12,5,1,1,7,New Customers,1
3229,2,88485.48,44242.74,2025-12-15,16,5,2,3,10,New Customers,1
1411,3,239920.02,79973.34,2025-08-19,134,3,3,5,11,Potential Loyalists,0
1681,3,93185.17,31061.72,2025-09-25,97,4,3,4,11,Loyal Customers,0
1956,4,209429.14,52357.29,2025-08-22,131,3,4,5,12,Potential Loyalists,0
2872,4,83939.31,20984.83,2025-07-13,171,3,4,3,10,Potential Loyalists,0
443,1,5433.87,5433.87,2024-12-24,372,1,1,1,3,Lost Customers,1
4628,7,152576.63,21796.66,2025-11-01,60,4,5,5,14,Champions,0
2900,3,58163.88,19387.96,2025-02-09,325,2,3,2,7,At Risk,1
4200,3,120492.66,40164.22,2025-07-03,181,3,3,4,10,Potential Loyalists,0
4379,4,188965.81,47241.45,2025-08-22,131,3,4,5,12,Potential Loyalists,0
2060,2,118578.91,59289.46,2025-03-10,296,2,2,4,8,Lost Customers,1
2329,2,52625.93,26312.97,2025-11-04,57,4,2,2,8,New Customers,1
2754,5,158921.51,31784.3,2025-09-22,100,4,5,5,14,Champions,0
4515,4,135784.32,33946.08,2025-05-08,237,2,4,4,10,At Risk High Value,0
2682,2,122969.32,61484.66,2025-10-02,90,4,2,4,10,New Customers,0
4527,1,57743.45,57743.45,2024-01-01,730,1,1,2,4,Lost Customers,1
3608,4,76891.96,19222.99,2025-11-23,38,5,4,3,12,Loyal Customers,0
4829,5,125061.6,25012.32,2024-10-16,441,1,5,4,10,At Risk High Value,0
526,3,42556.81,14185.6,2025-12-02,29,5,3,2,10,Loyal Customers,1
393,1,60909.29,60909.29,2025-07-31,153,3,1,2,6,Potential Loyalists,1
3841,3,85613.35,28537.78,2025-11-30,31,5,3,3,11,Loyal Customers,0
1428,3,70729.59,23576.53,2024-09-29,458,1,3,3,7,At Risk,1
4322,4,136261.63,34065.41,2024-10-28,429,1,4,4,9,At Risk High Value,0
4984,1,67060.3,67060.3,2024-01-26,705,1,1,3,5,Lost Customers,1
4103,4,91627.06,22906.77,2025-09-30,92,4,4,3,11,Loyal Customers,0
2800,5,277613.29,55522.66,2025-12-12,19,5,5,5,15,Champions,0
4731,3,79008.92,26336.31,2025-07-25,159,3,3,3,9,Potential Loyalists,1
1151,2,109279.19,54639.6,2025-05-22,223,2,2,4,8,Lost Customers,1
498,2,75940.85,37970.43,2025-10-27,65,4,2,3,9,New Customers,1
469,3,139495.02,46498.34,2025-11-26,35,5,3,5,13,Loyal Customers,0
4913,5,129876.47,25975.29,2025-10-23,69,4,5,4,13,Champions,0
118,4,116572.99,29143.25,2025-12-07,24,5,4,4,13,Champions,0
3860,2,47272.83,23636.42,2025-09-05,117,4,2,2,8,New Customers,1
1793,1,3732.93,3732.93,2024-10-23,434,1,1,1,3,Lost Customers,1
2879,3,133823.16,44607.72,2025-10-03,89,4,3,4,11,Loyal Customers,0
1986,2,39018.87,19509.44,2025-06-19,195,3,2,2,7,Potential Loyalists,1
1995,3,95411.19,31803.73,2025-11-14,47,5,3,4,12,Loyal Customers,0
3979,5,258964.66,51792.93,2025-12-23,8,5,5,5,15,Champions,0
4143,4,103587.05,25896.76,2025-07-10,174,3,4,4,11,Potential Loyalists,0
726,8,391569.37,48946.17,2025-11-14,47,5,5,5,15,Champions,0
4049,2,8236.06,4118.03,2025-03-16,290,2,2,1,5,Lost Customers,1
3912,5,187045.02,37409.0,2025-11-18,43,5,5,5,15,Champions,0
2999,5,116920.33,23384.07,2025-09-15,107,4,5,4,13,Champions,0
2591,1,49558.14,49558.14,2024-06-25,554,1,1,2,4,Lost Customers,1
4740,2,28621.59,14310.8,2024-10-29,428,1,2,1,4,Lost Customers,1
1476,4,51935.08,12983.77,2025-09-03,119,4,4,2,10,Loyal Customers,0
3210,2,47523.38,23761.69,2024-11-11,415,1,2,2,5,Lost Customers,1
2105,1,11595.84,11595.84,2024-08-14,504,1,1,1,3,Lost Customers,1
2250,6,344484.69,57414.12,2025-12-07,24,5,5,5,15,Champions,0
3405,2,104537.57,52268.79,2024-01-25,706,1,2,4,7,Lost Customers,1
2916,2,15599.49,7799.75,2025-08-21,132,3,2,1,6,Potential Loyalists,1
1792,3,90997.68,30332.56,2025-12-07,24,5,3,3,11,Loyal Customers,0
479,4,40277.14,10069.29,2025-12-30,1,5,4,2,11,Loyal Customers,0
4054,4,245756.46,61439.12,2025-04-18,257,2,4,5,11,At Risk High Value,0
2143,2,19672.31,9836.16,2025-06-26,188,3,2,1,6,Potential Loyalists,1
2513,1,7201.76,7201.76,2024-03-31,640,1,1,1,3,Lost Customers,1
2948,2,24306.82,12153.41,2025-01-28,337,2,2,1,5,Lost Customers,1
1976,6,113975.69,18995.95,2025-12-16,15,5,5,4,14,Champions,0
1574,2,109479.95,54739.98,2024-05-31,579,1,2,4,7,Lost Customers,1
4761,3,256034.1,85344.7,2025-01-15,350,2,3,5,10,At Risk,0
3030,1,57395.11,57395.11,2025-04-08,267,2,1,2,5,Lost Customers,1
4743,4,145099.9,36274.98,2025-09-25,97,4,4,5,13,Champions,0
675,1,32794.18,32794.18,2024-07-06,543,1,1,2,4,Lost Customers,1
696,1,4323.57,4323.57,2025-07-23,161,3,1,1,5,Potential Loyalists,1
2782,1,16517.86,16517.86,2025-05-09,236,2,1,1,4,Lost Customers,1
2396,5,200140.09,40028.02,2025-08-03,150,3,5,5,13,Potential Loyalists,0
969,1,7460.28,7460.28,2025-03-21,285,2,1,1,4,Lost Customers,1
4768,3,137683.45,45894.48,2025-12-19,12,5,3,4,12,Loyal Customers,0
4416,2,56627.03,28313.52,2025-10-11,81,4,2,2,8,New Customers,1
1253,3,185622.29,61874.1,2025-05-10,235,2,3,5,10,At Risk,0
270,2,105509.03,52754.52,2024-10-01,456,1,2,4,7,Lost Customers,1
898,2,76786.47,38393.24,2024-09-25,462,1,2,3,6,Lost Customers,1
435,3,157926.07,52642.02,2024-11-21,405,1,3,5,9,At Risk,0
4313,3,178073.52,59357.84,2024-10-15,442,1,3,5,9,At Risk,0
2807,2,55959.92,27979.96,2025-11-11,50,5,2,2,9,New Customers,1
1713,1,37601.36,37601.36,2024-07-13,536,1,1,2,4,Lost Customers,1
1145,3,154457.65,51485.88,2025-11-08,53,5,3,5,13,Loyal Customers,0
2447,3,109320.27,36440.09,2025-04-16,259,2,3,4,9,At Risk,1
3626,2,84827.45,42413.73,2025-03-19,287,2,2,3,7,Lost Customers,1
4785,6,152447.55,25407.93,2025-11-28,33,5,5,5,15,Champions,0
2577,3,38960.59,12986.86,2025-06-25,189,3,3,2,8,Potential Loyalists,1
3398,3,105608.69,35202.9,2025-10-24,68,4,4,4,12,Champions,0
4094,1,40954.27,40954.27,2024-01-07,724,1,1,2,4,Lost Customers,1
837,2,42617.87,21308.94,2024-12-17,379,1,2,2,5,Lost Customers,1
3236,2,73294.28,36647.14,2025-08-08,145,3,2,3,8,Potential Loyalists,1
2654,4,99831.14,24957.79,2025-05-04,241,2,4,4,10,At Risk High Value,0
4652,5,126040.2,25208.04,2025-12-03,28,5,5,4,14,Champions,0
2961,4,93047.84,23261.96,2025-12-30,1,5,4,4,13,Champions,0
2114,4,96393.81,24098.45,2025-10-18,74,4,4,4,12,Champions,0
1226,1,25589.0,25589.0,2025-12-29,2,5,1,1,7,New Customers,1
3351,3,140932.84,46977.61,2025-05-10,235,2,4,5,11,At Risk High Value,0
911,4,114300.94,28575.24,2025-11-06,55,5,4,4,13,Champions,0
2691,4,97975.16,24493.79,2025-05-26,219,3,4,4,11,Potential Loyalists,0
4975,5,151393.52,30278.7,2025-10-25,67,4,5,5,14,Champions,0
1248,3,92463.15,30821.05,2025-11-09,52,5,4,3,12,Loyal Customers,0
436,3,79679.85,26559.95,2025-12-09,22,5,4,3,12,Loyal Customers,0
4947,2,107664.46,53832.23,2025-10-04,88,4,2,4,10,New Customers,1
870,2,54484.79,27242.4,2025-04-20,255,2,2,2,6,Lost Customers,1
4570,3,41367.36,13789.12,2025-08-23,130,3,4,2,9,Potential Loyalists,1
3664,1,49101.43,49101.43,2024-11-22,404,1,1,2,4,Lost Customers,1
3290,2,72732.86,36366.43,2025-05-24,221,3,2,3,8,Potential Loyalists,1
1844,3,58523.95,19507.98,2024-09-04,483,1,4,2,7,At Risk High Value,1
3069,2,24391.22,12195.61,2025-04-20,255,2,2,1,5,Lost Customers,1
711,1,50549.14,50549.14,2024-05-06,604,1,1,2,4,Lost Customers,1
3607,2,96893.07,48446.54,2024-04-27,613,1,2,4,7,Lost Customers,1
1036,2,58987.47,29493.74,2024-05-03,607,1,2,2,5,Lost Customers,1
149,2,18051.42,9025.71,2024-04-24,616,1,2,1,4,Lost Customers,1
280,3,181536.74,60512.25,2025-05-24,221,3,4,5,12,Potential Loyalists,0
4751,3,102033.3,34011.1,2025-11-22,39,5,4,4,13,Champions,0
3243,1,14297.92,14297.92,2025-11-28,33,5,1,1,7,New Customers,1
3970,1,3745.32,3745.32,2024-03-19,652,1,1,1,3,Lost Customers,1
1046,3,91802.61,30600.87,2025-11-24,37,5,4,3,12,Loyal Customers,0
3048,2,43251.41,21625.71,2025-05-17,228,2,2,2,6,Lost Customers,1
1328,2,33840.21,16920.11,2025-08-27,126,3,2,2,7,Potential Loyalists,1
2164,2,29981.45,14990.73,2025-07-02,182,3,2,1,6,Potential Loyalists,1
1932,3,119934.4,39978.13,2024-12-29,367,2,4,4,10,At Risk High Value,1
2536,2,57666.94,28833.47,2025-11-30,31,5,2,2,9,New Customers,1
3853,3,92267.6,30755.87,2025-07-08,176,3,4,3,10,Potential Loyalists,1
2700,6,69372.28,11562.05,2025-06-09,205,3,5,3,11,Potential Loyalists,0
843,4,178240.92,44560.23,2025-04-13,262,2,4,5,11,At Risk High Value,0
447,2,14606.6,7303.3,2024-04-27,613,1,2,1,4,Lost Customers,1
1911,1,13520.66,13520.66,2024-06-16,563,1,1,1,3,Lost Customers,1
298,1,84325.19,84325.19,2024-06-10,569,1,1,3,5,Lost Customers,1
1647,3,46796.04,15598.68,2025-08-07,146,3,4,2,9,Potential Loyalists,1
1684,1,8151.65,8151.65,2024-08-15,503,1,1,1,3,Lost Customers,1
3137,4,110768.64,27692.16,2024-07-06,543,1,4,4,9,At Risk High Value,1
4405,3,45915.89,15305.3,2025-09-23,99,4,4,2,10,Loyal Customers,1
4260,3,118233.44,39411.15,2025-06-22,192,3,4,4,11,Potential Loyalists,0
3969,5,299143.12,59828.62,2025-08-25,128,3,5,5,13,Potential Loyalists,0
1944,1,46972.67,46972.67,2024-06-17,562,1,1,2,4,Lost Customers,1
2129,5,95682.98,19136.6,2025-12-29,2,5,5,4,14,Champions,0
1639,5,146260.61,29252.12,2025-12-18,13,5,5,5,15,Champions,0
4033,4,164601.49,41150.37,2025-09-16,106,4,4,5,13,Champions,0
800,2,73474.65,36737.33,2025-05-01,244,2,2,3,7,Lost Customers,1
1495,2,32501.51,16250.76,2025-04-21,254,2,2,2,6,Lost Customers,1
3012,1,35128.82,35128.82,2024-07-12,537,1,1,2,4,Lost Customers,1
3259,2,69935.9,34967.95,2025-09-01,121,4,2,3,9,New Customers,1
4325,2,36446.44,18223.22,2025-12-20,11,5,2,2,9,New Customers,1
2322,4,151232.02,37808.01,2025-09-27,95,4,4,5,13,Champions,0
1608,1,29746.44,29746.44,2025-07-24,160,3,1,1,5,Potential Loyalists,1
4923,4,266104.6,66526.15,2025-12-08,23,5,4,5,14,Champions,0
283,4,85133.79,21283.45,2025-12-21,10,5,4,3,12,Loyal Customers,0
3846,3,121314.84,40438.28,2024-12-02,394,1,4,4,9,At Risk High Value,1
624,5,127593.2,25518.64,2025-04-02,273,2,5,4,11,At Risk High Value,0
4454,1,54381.78,54381.78,2024-10-21,436,1,1,2,4,Lost Customers,1
4279,4,103985.32,25996.33,2025-10-20,72,4,4,4,12,Champions,0
4219,4,63664.67,15916.17,2024-12-06,390,1,4,3,8,At Risk High Value,1
4440,5,69338.7,13867.74,2025-11-01,60,4,5,3,12,Loyal Customers,0
681,1,42840.03,42840.03,2024-02-27,673,1,1,2,4,Lost Customers,1
4098,2,71190.75,35595.38,2025-01-20,345,2,2,3,7,Lost Customers,1
3800,6,259004.7,43167.45,2025-12-14,17,5,5,5,15,Champions,0
1173,1,53696.07,53696.07,2024-09-14,473,1,1,2,4,Lost Customers,1
4935,7,304360.61,43480.09,2025-03-08,298,2,5,5,12,At Risk High Value,0
1508,1,7108.06,7108.06,2025-02-15,319,2,1,1,4,Lost Customers,1
829,1,4921.19,4921.19,2024-04-28,612,1,1,1,3,Lost Customers,1
1557,4,126313.97,31578.49,2025-03-01,305,2,4,4,10,At Risk High Value,0
3306,5,54398.62,10879.72,2025-08-30,123,4,5,2,11,Loyal Customers,0
3517,3,75985.81,25328.6,2025-12-05,26,5,4,3,12,Loyal Customers,0
472,3,63769.29,21256.43,2025-08-01,152,3,4,3,10,Potential Loyalists,1
3815,2,77624.23,38812.12,2024-09-05,482,1,2,3,6,Lost Customers,1
2074,2,35635.6,17817.8,2025-10-26,66,4,2,2,8,New Customers,1
3136,2,41174.49,20587.25,2025-08-19,134,3,2,2,7,Potential Loyalists,1
3029,2,34572.62,17286.31,2025-12-18,13,5,2,2,9,New Customers,1
373,2,52408.4,26204.2,2025-02-09,325,2,2,2,6,Lost Customers,1
252,1,17766.65,17766.65,2024-03-17,654,1,1,1,3,Lost Customers,1
31,2,158788.01,79394.01,2025-03-04,302,2,2,5,9,Lost Customers,1
1199,2,64047.25,32023.63,2025-07-22,162,3,2,3,8,Potential Loyalists,1
1316,2,28430.77,14215.39,2025-01-20,345,2,2,1,5,Lost Customers,1
2448,4,170527.05,42631.76,2025-10-03,89,4,4,5,13,Champions,0
4733,2,8486.5,4243.25,2025-09-11,111,4,2,1,7,New Customers,1
4212,4,145701.07,36425.27,2025-07-25,159,3,4,5,12,Potential Loyalists,0
1086,4,97827.21,24456.8,2025-12-27,4,5,4,4,13,Champions,0
3714,3,59343.05,19781.02,2025-10-27,65,4,4,2,10,Loyal Customers,1
1757,1,12116.49,12116.49,2024-08-24,494,1,1,1,3,Lost Customers,1
3396,3,93053.09,31017.7,2025-03-06,300,2,4,4,10,At Risk High Value,1
1097,3,59913.62,19971.21,2025-10-16,76,4,4,2,10,Loyal Customers,1
1374,1,63617.47,63617.47,2024-05-17,593,1,1,3,5,Lost Customers,1
4338,2,93017.67,46508.84,2025-02-24,310,2,2,3,7,Lost Customers,1
243,5,290687.0,58137.4,2025-11-19,42,5,5,5,15,Champions,0
2412,1,33716.94,33716.94,2025-07-07,177,3,1,2,6,Potential Loyalists,1
1264,3,61322.75,20440.92,2025-05-11,234,2,4,3,9,At Risk High Value,1
902,3,102626.0,34208.67,2025-09-13,109,4,4,4,12,Champions,0
1309,3,95776.97,31925.66,2025-07-07,177,3,4,4,11,Potential Loyalists,0
3536,6,98579.25,16429.88,2025-11-05,56,5,5,4,14,Champions,0
1178,3,90957.67,30319.22,2025-08-05,148,3,4,3,10,Potential Loyalists,0
3693,4,167818.03,41954.51,2024-10-22,435,1,4,5,10,At Risk High Value,0
2027,2,62395.64,31197.82,2025-12-18,13,5,2,3,10,New Customers,1
856,2,74488.19,37244.1,2025-11-18,43,5,2,3,10,New Customers,1
3519,4,120467.73,30116.93,2025-05-18,227,2,4,4,10,At Risk High Value,0
1864,3,200973.83,66991.28,2025-10-08,84,4,4,5,13,Champions,0
2236,3,50380.23,16793.41,2025-02-01,333,2,4,2,8,At Risk High Value,1
3600,2,74212.84,37106.42,2024-08-18,500,1,2,3,6,Lost Customers,1
1917,4,100448.42,25112.11,2025-12-30,1,5,4,4,13,Champions,0
4933,6,167218.3,27869.72,2025-12-04,27,5,5,5,15,Champions,0
987,1,33128.6,33128.6,2024-02-15,685,1,1,2,4,Lost Customers,1
2602,2,108745.31,54372.66,2025-08-17,136,3,2,4,9,Potential Loyalists,1
250,7,239063.74,34151.96,2025-11-23,38,5,5,5,15,Champions,0
4414,2,154206.38,77103.19,2024-06-19,560,1,2,5,8,Lost Customers,1
621,3,85287.5,28429.17,2025-12-26,5,5,4,3,12,Loyal Customers,0
3623,5,181541.46,36308.29,2025-03-08,298,2,5,5,12,At Risk High Value,0
1382,3,152657.68,50885.89,2025-10-02,90,4,4,5,13,Champions,0
4538,3,81053.69,27017.9,2025-08-12,141,3,4,3,10,Potential Loyalists,1
4460,3,128183.17,42727.72,2025-12-09,22,5,4,4,13,Champions,0
1206,5,161606.58,32321.32,2025-07-25,159,3,5,5,13,Potential Loyalists,0
4597,2,15782.79,7891.4,2025-07-29,155,3,2,1,6,Potential Loyalists,1
1937,2,110573.34,55286.67,2025-09-14,108,4,2,4,10,New Customers,1
3427,5,131767.72,26353.54,2025-05-12,233,2,5,4,11,At Risk High Value,0
4083,2,41763.1,20881.55,2025-04-25,250,2,2,2,6,Lost Customers,1
3899,1,825.19,825.19,2024-11-16,410,1,1,1,3,Lost Customers,1
2387,1,39480.74,39480.74,2024-04-06,634,1,1,2,4,Lost Customers,1
2751,1,10630.66,10630.66,2025-12-07,24,5,1,1,7,New Customers,1
2479,1,18419.59,18419.59,2025-10-17,75,4,1,1,6,New Customers,1
585,1,12725.85,12725.85,2024-06-05,574,1,1,1,3,Lost Customers,1
1775,1,1291.59,1291.59,2024-09-05,482,1,1,1,3,Lost Customers,1
2653,6,67181.68,11196.95,2025-12-22,9,5,5,3,13,Loyal Customers,0
4774,4,146853.34,36713.34,2025-03-19,287,2,4,5,11,At Risk High Value,0
1310,7,146497.59,20928.23,2025-11-02,59,4,5,5,14,Champions,0
708,1,2088.55,2088.55,2025-02-05,329,2,1,1,4,Lost Customers,1
455,3,38661.88,12887.29,2024-09-24,463,1,4,2,7,At Risk High Value,1
1630,1,38451.78,38451.78,2024-07-05,544,1,1,2,4,Lost Customers,1
1592,2,82484.79,41242.4,2024-09-07,480,1,2,3,6,Lost Customers,1
3403,3,199152.4,66384.13,2025-07-17,167,3,4,5,12,Potential Loyalists,0
2545,1,20951.1,20951.1,2024-08-13,505,1,1,1,3,Lost Customers,1
930,7,228890.16,32698.59,2025-08-18,135,3,5,5,13,Potential Loyalists,0
2776,2,81331.97,40665.99,2025-08-07,146,3,2,3,8,Potential Loyalists,1
4153,5,271465.35,54293.07,2025-12-28,3,5,5,5,15,Champions,0
1861,1,15125.1,15125.1,2024-02-24,676,1,1,1,3,Lost Customers,1
3449,3,124490.89,41496.96,2025-05-03,242,2,4,4,10,At Risk High Value,0
132,3,139008.83,46336.28,2024-06-30,549,1,4,5,10,At Risk High Value,1
4382,2,60473.41,30236.71,2024-10-27,430,1,2,2,5,Lost Customers,1
322,3,105256.19,35085.4,2025-12-23,8,5,4,4,13,Champions,0
1414,3,98283.41,32761.14,2025-09-11,111,4,4,4,12,Champions,0
3886,4,159548.84,39887.21,2025-08-04,149,3,4,5,12,Potential Loyalists,0
2835,3,49012.35,16337.45,2024-11-20,406,1,4,2,7,At Risk High Value,1
2346,3,31745.59,10581.86,2024-12-25,371,1,4,2,7,At Risk High Value,1
4783,5,110962.93,22192.59,2025-12-12,19,5,5,4,14,Champions,0
2600,5,146326.15,29265.23,2025-07-19,165,3,5,5,13,Potential Loyalists,0
4963,2,20209.38,10104.69,2025-05-09,236,2,2,1,5,Lost Customers,1
1953,5,132545.75,26509.15,2025-10-26,66,4,5,4,13,Champions,0
4376,2,26719.46,13359.73,2025-03-07,299,2,2,1,5,Lost Customers,1
3784,3,154817.57,51605.86,2025-06-19,195,3,4,5,12,Potential Loyalists,0
1106,2,184586.99,92293.5,2025-12-28,3,5,2,5,12,New Customers,0
1052,6,211154.33,35192.39,2025-07-20,164,3,5,5,13,Potential Loyalists,0
1413,4,87726.76,21931.69,2025-07-23,161,3,4,3,10,Potential Loyalists,0
65,1,6495.13,6495.13,2024-07-25,524,1,1,1,3,Lost Customers,1
3288,3,69165.38,23055.13,2025-08-08,145,3,4,3,10,Potential Loyalists,1
583,5,51171.1,10234.22,2025-11-04,57,4,5,2,11,Loyal Customers,0
2938,2,57477.55,28738.78,2025-03-23,283,2,2,2,6,Lost Customers,1
1202,3,93115.26,31038.42,2025-10-10,82,4,4,4,12,Champions,0
693,1,53298.04,53298.04,2025-01-03,362,2,1,2,5,Lost Customers,1
744,1,65013.35,65013.35,2024-05-29,581,1,1,3,5,Lost Customers,1
4218,3,27348.67,9116.22,2025-03-04,302,2,4,1,7,At Risk High Value,1
3345,4,111064.63,27766.16,2025-07-23,161,3,4,4,11,Potential Loyalists,0
2138,5,55122.89,11024.58,2025-08-25,128,3,5,2,10,Potential Loyalists,0
490,2,103201.84,51600.92,2024-07-15,534,1,2,4,7,Lost Customers,1
3391,3,34823.66,11607.89,2025-12-13,18,5,4,2,11,Loyal Customers,1
4730,4,66535.93,16633.98,2025-06-13,201,3,4,3,10,Potential Loyalists,0
4639,3,27070.43,9023.48,2025-01-16,349,2,4,1,7,At Risk High Value,1
119,3,122622.75,40874.25,2025-09-02,120,4,4,4,12,Champions,0
286,4,86201.29,21550.32,2025-11-04,57,4,4,3,11,Loyal Customers,0
480,3,83067.8,27689.27,2024-11-13,413,1,4,3,8,At Risk High Value,1
2473,7,154284.42,22040.63,2025-05-28,217,3,5,5,13,Potential Loyalists,0
1834,3,28462.62,9487.54,2025-08-09,144,3,4,1,8,Potential Loyalists,1
2608,1,17561.24,17561.24,2025-04-30,245,2,1,1,4,Lost Customers,1
2930,2,7299.64,3649.82,2025-10-04,88,4,2,1,7,New Customers,1
4832,4,101661.67,25415.42,2025-06-20,194,3,4,4,11,Potential Loyalists,0
4283,3,179071.39,59690.46,2025-06-14,200,3,4,5,12,Potential Loyalists,0
2603,3,49615.11,16538.37,2025-11-16,45,5,4,2,11,Loyal Customers,1
4117,2,20805.83,10402.92,2025-03-14,292,2,2,1,5,Lost Customers,1
4374,2,33991.99,16996.0,2025-09-22,100,4,2,2,8,New Customers,1
3771,2,42628.62,21314.31,2025-08-05,148,3,2,2,7,Potential Loyalists,1
3275,3,40895.77,13631.92,2025-09-28,94,4,4,2,10,Loyal Customers,1
907,1,4190.22,4190.22,2025-11-15,46,5,1,1,7,New Customers,1
3511,2,11836.47,5918.24,2025-06-27,187,3,2,1,6,Potential Loyalists,1
4286,3,39087.53,13029.18,2025-09-01,121,4,4,2,10,Loyal Customers,1
4920,2,16231.57,8115.79,2024-07-29,520,1,2,1,4,Lost Customers,1
746,3,99378.69,33126.23,2025-06-28,186,3,4,4,11,Potential Loyalists,0
4879,3,78450.3,26150.1,2025-09-20,102,4,4,3,11,Loyal Customers,0
3690,6,70713.53,11785.59,2025-06-10,204,3,5,3,11,Potential Loyalists,0
4521,7,174003.77,24857.68,2025-11-26,35,5,5,5,15,Champions,0
2942,1,55199.86,55199.86,2025-01-22,343,2,1,2,5,Lost Customers,1
4042,1,36872.84,36872.84,2024-12-03,393,1,1,2,4,Lost Customers,1
1820,5,128143.35,25628.67,2025-12-01,30,5,5,4,14,Champions,0
4529,2,24942.14,12471.07,2024-08-07,511,1,2,1,4,Lost Customers,1
4710,7,150993.01,21570.43,2025-12-15,16,5,5,5,15,Champions,0
1863,3,39566.62,13188.87,2025-01-28,337,2,4,2,8,At Risk High Value,1
1764,1,6188.4,6188.4,2024-09-15,472,1,1,1,3,Lost Customers,1
2562,1,39757.16,39757.16,2025-02-20,314,2,1,2,5,Lost Customers,1
2132,2,21838.52,10919.26,2024-12-30,366,2,2,1,5,Lost Customers,1
1335,2,78493.92,39246.96,2024-07-22,527,1,2,3,6,Lost Customers,1
1943,2,80237.74,40118.87,2025-03-06,300,2,2,3,7,Lost Customers,1
2940,3,219064.4,73021.47,2025-10-27,65,4,4,5,13,Champions,0
1568,7,78194.92,11170.7,2025-12-06,25,5,5,3,13,Loyal Customers,0
2319,1,31241.43,31241.43,2025-01-05,360,2,1,2,5,Lost Customers,1
4057,5,99393.08,19878.62,2025-11-02,59,4,5,4,13,Champions,0
4388,3,55651.07,18550.36,2024-10-19,438,1,4,2,7,At Risk High Value,1
2527,3,25341.62,8447.21,2025-02-04,330,2,4,1,7,At Risk High Value,1
918,4,104064.2,26016.05,2025-11-23,38,5,4,4,13,Champions,0
3157,2,20883.66,10441.83,2025-11-14,47,5,2,1,8,New Customers,1
848,4,142376.2,35594.05,2025-10-01,91,4,4,5,13,Champions,0
4009,8,244401.16,30550.15,2025-12-28,3,5,5,5,15,Champions,0
3534,3,113510.17,37836.72,2025-08-14,139,3,4,4,11,Potential Loyalists,0
1303,6,171811.58,28635.26,2025-07-08,176,3,5,5,13,Potential Loyalists,0
3580,1,12079.28,12079.28,2025-08-28,125,3,1,1,5,Potential Loyalists,1
430,2,28908.22,14454.11,2025-05-21,224,2,2,1,5,Lost Customers,1
1703,4,198223.26,49555.82,2025-07-16,168,3,4,5,12,Potential Loyalists,0
4852,2,15737.55,7868.78,2025-08-31,122,4,2,1,7,New Customers,1
2918,2,25957.73,12978.87,2025-07-12,172,3,2,1,6,Potential Loyalists,1
3298,1,9675.29,9675.29,2024-06-15,564,1,1,1,3,Lost Customers,1
459,6,141450.77,23575.13,2025-12-14,17,5,5,5,15,Champions,0
2051,2,35910.84,17955.42,2025-05-23,222,2,2,2,6,Lost Customers,1
2135,3,101426.85,33808.95,2025-07-20,164,3,4,4,11,Potential Loyalists,0
1418,1,52991.46,52991.46,2025-06-09,205,3,1,2,6,Potential Loyalists,1
881,2,63888.78,31944.39,2024-06-04,575,1,2,3,6,Lost Customers,1
2123,1,72063.32,72063.32,2024-10-06,451,1,1,3,5,Lost Customers,1
3305,2,98002.34,49001.17,2025-10-14,78,4,2,4,10,New Customers,1
492,2,104254.79,52127.4,2024-09-02,485,1,2,4,7,Lost Customers,1
3094,4,148401.71,37100.43,2025-02-09,325,2,4,5,11,At Risk High Value,0
4061,2,113812.03,56906.02,2025-04-15,260,2,2,4,8,Lost Customers,1
3159,1,37808.63,37808.63,2025-07-06,178,3,1,2,6,Potential Loyalists,1
1680,4,160181.42,40045.36,2025-05-05,240,2,4,5,11,At Risk High Value,0
3967,1,34412.65,34412.65,2024-07-20,529,1,1,2,4,Lost Customers,1
2134,2,50639.25,25319.63,2024-09-26,461,1,2,2,5,Lost Customers,1
2755,3,109044.8,36348.27,2025-07-26,158,3,4,4,11,Potential Loyalists,0
880,6,234897.31,39149.55,2025-07-29,155,3,5,5,13,Potential Loyalists,0
1072,4,140287.63,35071.91,2025-11-12,49,5,4,5,14,Champions,0
1586,3,60865.05,20288.35,2025-09-19,103,4,4,2,10,Loyal Customers,1
248,4,111861.2,27965.3,2025-10-22,70,4,4,4,12,Champions,0
1918,1,19347.7,19347.7,2025-10-08,84,4,1,1,6,New Customers,1
208,1,4230.86,4230.86,2025-03-06,300,2,1,1,4,Lost Customers,1
2725,5,217007.24,43401.45,2024-11-25,401,1,5,5,11,At Risk High Value,0
24,3,123481.61,41160.54,2025-10-20,72,4,4,4,12,Champions,0
4345,2,32394.04,16197.02,2025-09-23,99,4,2,2,8,New Customers,1
4986,3,64675.59,21558.53,2024-12-09,387,1,4,3,8,At Risk High Value,1
1188,4,173907.68,43476.92,2024-10-12,445,1,4,5,10,At Risk High Value,0
2069,1,18083.27,18083.27,2025-09-09,113,4,1,1,6,New Customers,1
4145,4,57046.87,14261.72,2025-05-19,226,2,4,2,8,At Risk High Value,1
4353,6,182694.68,30449.11,2025-11-16,45,5,5,5,15,Champions,0
1955,1,15721.72,15721.72,2025-01-04,361,2,1,1,4,Lost Customers,1
4158,2,72014.0,36007.0,2025-10-06,86,4,2,3,9,New Customers,1
1502,3,96971.82,32323.94,2024-11-09,417,1,4,4,9,At Risk High Value,1
4517,4,78705.26,19676.32,2025-12-23,8,5,4,3,12,Loyal Customers,0
2021,2,11243.86,5621.93,2025-06-16,198,3,2,1,6,Potential Loyalists,1
1969,3,58220.78,19406.93,2025-10-13,79,4,4,2,10,Loyal Customers,1
477,2,130648.47,65324.24,2025-01-16,349,2,2,4,8,Lost Customers,1
781,1,14006.78,14006.78,2025-10-22,70,4,1,1,6,New Customers,1
4844,4,75001.46,18750.37,2025-08-29,124,4,4,3,11,Loyal Customers,0
1362,1,13963.6,13963.6,2024-10-28,429,1,1,1,3,Lost Customers,1
3299,3,83924.52,27974.84,2025-04-03,272,2,4,3,9,At Risk High Value,1
858,2,21479.96,10739.98,2025-03-26,280,2,2,1,5,Lost Customers,1
4504,2,80255.92,40127.96,2024-10-03,454,1,2,3,6,Lost Customers,1
406,2,47120.57,23560.29,2025-12-03,28,5,2,2,9,New Customers,1
1683,6,182810.43,30468.41,2025-09-18,104,4,5,5,14,Champions,0
3377,2,70981.24,35490.62,2025-12-08,23,5,2,3,10,New Customers,1
2743,3,77876.31,25958.77,2025-09-15,107,4,4,3,11,Loyal Customers,0
2813,3,37223.27,12407.76,2024-07-23,526,1,4,2,7,At Risk High Value,1
3778,3,100025.74,33341.91,2025-09-23,99,4,4,4,12,Champions,0
1686,4,105746.04,26436.51,2025-09-28,94,4,4,4,12,Champions,0
3765,2,59352.57,29676.29,2024-11-05,421,1,2,2,5,Lost Customers,1
1573,3,114254.66,38084.89,2025-07-27,157,3,4,4,11,Potential Loyalists,0
2228,4,64931.15,16232.79,2025-05-07,238,2,4,3,9,At Risk High Value,0
2365,2,16680.78,8340.39,2025-05-22,223,2,2,1,5,Lost Customers,1
4803,1,13534.41,13534.41,2025-08-24,129,3,1,1,5,Potential Loyalists,1
1348,1,21041.32,21041.32,2024-03-18,653,1,1,1,3,Lost Customers,1
3231,3,130090.98,43363.66,2025-03-25,281,2,4,4,10,At Risk High Value,0
2956,4,149928.94,37482.24,2025-07-08,176,3,4,5,12,Potential Loyalists,0
1096,2,50413.43,25206.72,2024-07-10,539,1,2,2,5,Lost Customers,1
932,3,155553.12,51851.04,2025-11-03,58,4,4,5,13,Champions,0
3652,4,63220.52,15805.13,2025-05-26,219,3,4,3,10,Potential Loyalists,0
1273,6,261295.84,43549.31,2025-09-12,110,4,5,5,14,Champions,0
4138,2,110882.47,55441.24,2025-08-02,151,3,2,4,9,Potential Loyalists,1
2572,1,11522.3,11522.3,2024-09-05,482,1,1,1,3,Lost Customers,1
2298,2,75728.32,37864.16,2025-06-13,201,3,2,3,8,Potential Loyalists,1
1433,2,48039.22,24019.61,2025-02-07,327,2,2,2,6,Lost Customers,1
4977,3,43162.99,14387.66,2025-06-07,207,3,4,2,9,Potential Loyalists,1
2532,5,260750.97,52150.19,2025-11-12,49,5,5,5,15,Champions,0
4677,4,148288.87,37072.22,2025-10-27,65,4,4,5,13,Champions,0
1781,1,23382.54,23382.54,2024-09-26,461,1,1,1,3,Lost Customers,1
733,3,124371.08,41457.03,2025-04-30,245,2,4,4,10,At Risk High Value,0
1594,3,22516.98,7505.66,2025-09-23,99,4,4,1,9,Loyal Customers,1
4189,2,109154.73,54577.37,2025-11-01,60,4,2,4,10,New Customers,1
261,1,1125.74,1125.74,2024-05-29,581,1,1,1,3,Lost Customers,1
4446,2,105390.58,52695.29,2024-11-28,398,1,2,4,7,Lost Customers,1
125,2,97977.05,48988.53,2025-04-28,247,2,2,4,8,Lost Customers,1
3162,3,69989.12,23329.71,2025-06-21,193,3,4,3,10,Potential Loyalists,1
3146,2,98969.44,49484.72,2025-06-15,199,3,2,4,9,Potential Loyalists,1
1426,2,83827.12,41913.56,2025-06-03,211,3,2,3,8,Potential Loyalists,1
700,5,166162.88,33232.58,2025-08-09,144,3,5,5,13,Potential Loyalists,0
1308,2,53698.83,26849.42,2025-01-08,357,2,2,2,6,Lost Customers,1
43,3,52472.73,17490.91,2025-08-29,124,4,4,2,10,Loyal Customers,1
3237,6,226457.61,37742.94,2025-10-04,88,4,5,5,14,Champions,0
587,2,28726.73,14363.37,2025-01-29,336,2,2,1,5,Lost Customers,1
1908,3,77870.84,25956.95,2025-12-22,9,5,4,3,12,Loyal Customers,0
3214,3,242214.2,80738.07,2025-10-03,89,4,4,5,13,Champions,0
1649,2,76423.59,38211.8,2025-09-11,111,4,2,3,9,New Customers,1
3619,6,248334.09,41389.02,2025-09-06,116,4,5,5,14,Champions,0
3175,5,214365.4,42873.08,2025-12-02,29,5,5,5,15,Champions,0
3193,2,56269.02,28134.51,2025-05-25,220,3,2,2,7,Potential Loyalists,1
187,3,95242.66,31747.55,2025-10-01,91,4,4,4,12,Champions,0
1533,1,66508.83,66508.83,2024-08-08,510,1,1,3,5,Lost Customers,1
3836,4,89458.63,22364.66,2025-11-11,50,5,4,3,12,Loyal Customers,0
4294,6,279728.93,46621.49,2025-11-27,34,5,5,5,15,Champions,0
1416,3,65354.29,21784.76,2025-11-26,35,5,4,3,12,Loyal Customers,0
242,4,99208.3,24802.08,2025-02-22,312,2,4,4,10,At Risk High Value,0
3712,4,59975.98,14994.0,2025-11-04,57,4,4,2,10,Loyal Customers,0
2991,3,87015.55,29005.18,2025-12-25,6,5,4,3,12,Loyal Customers,0
1576,1,43444.18,43444.18,2024-09-23,464,1,1,2,4,Lost Customers,1
677,3,36169.02,12056.34,2025-06-21,193,3,4,2,9,Potential Loyalists,1
2633,4,133305.37,33326.34,2025-11-21,40,5,4,4,13,Champions,0
2226,4,110123.94,27530.99,2025-02-12,322,2,4,4,10,At Risk High Value,0
3773,2,41809.97,20904.99,2024-12-04,392,1,2,2,5,Lost Customers,1
4142,9,236051.74,26227.97,2025-09-11,111,4,5,5,14,Champions,0
4614,4,105633.13,26408.28,2025-08-17,136,3,4,4,11,Potential Loyalists,0
1232,2,44872.93,22436.47,2025-03-07,299,2,2,2,6,Lost Customers,1
4878,2,119864.32,59932.16,2025-05-13,232,2,2,4,8,Lost Customers,1
1543,9,349421.63,38824.63,2025-10-25,67,4,5,5,14,Champions,0
4373,4,183342.8,45835.7,2025-06-23,191,3,4,5,12,Potential Loyalists,0
2419,2,26239.82,13119.91,2024-10-25,432,1,2,1,4,Lost Customers,1
3566,3,45690.63,15230.21,2025-09-17,105,4,4,2,10,Loyal Customers,1
2301,3,128521.85,42840.62,2025-02-26,308,2,4,4,10,At Risk High Value,0
980,6,290323.54,48387.26,2025-10-10,82,4,5,5,14,Champions,0
2068,1,29954.52,29954.52,2024-03-26,645,1,1,1,3,Lost Customers,1
1890,5,45472.9,9094.58,2025-10-26,66,4,5,2,11,Loyal Customers,0
1787,6,311735.04,51955.84,2025-10-19,73,4,5,5,14,Champions,0
2028,3,82749.26,27583.09,2025-10-03,89,4,4,3,11,Loyal Customers,0
3568,2,111975.31,55987.66,2024-07-10,539,1,2,4,7,Lost Customers,1
631,1,1910.16,1910.16,2025-07-17,167,3,1,1,5,Potential Loyalists,1
2831,2,101038.89,50519.45,2024-10-26,431,1,2,4,7,Lost Customers,1
107,3,99269.53,33089.84,2025-07-03,181,3,4,4,11,Potential Loyalists,0
4246,1,11517.7,11517.7,2025-09-04,118,4,1,1,6,New Customers,1
1163,4,70175.44,17543.86,2025-11-13,48,5,4,3,12,Loyal Customers,0
3366,5,86435.3,17287.06,2025-05-01,244,2,5,3,10,At Risk High Value,0
4317,1,42083.87,42083.87,2025-06-07,207,3,1,2,6,Potential Loyalists,1
4058,2,86633.86,43316.93,2025-05-19,226,2,2,3,7,Lost Customers,1
4929,4,41959.81,10489.95,2025-07-24,160,3,4,2,9,Potential Loyalists,1
4506,4,89091.6,22272.9,2025-04-26,249,2,4,3,9,At Risk High Value,0
3321,3,116713.64,38904.55,2025-08-07,146,3,4,4,11,Potential Loyalists,0
1641,4,109206.73,27301.68,2025-08-28,125,3,4,4,11,Potential Loyalists,0
1628,6,158669.01,26444.84,2025-10-16,76,4,5,5,14,Champions,0
363,4,98532.83,24633.21,2025-10-29,63,4,4,4,12,Champions,0
3446,2,99326.38,49663.19,2024-11-11,415,1,2,4,7,Lost Customers,1
2351,1,18866.87,18866.87,2025-09-30,92,4,1,1,6,New Customers,1
512,2,69053.22,34526.61,2025-05-04,241,2,2,3,7,Lost Customers,1
661,2,34244.48,17122.24,2025-12-11,20,5,2,2,9,New Customers,1
340,3,133406.55,44468.85,2024-12-11,385,1,4,4,9,At Risk High Value,1
1653,1,31012.89,31012.89,2024-02-01,699,1,1,1,3,Lost Customers,1
4989,4,182788.52,45697.13,2025-10-19,73,4,4,5,13,Champions,0
523,1,21691.12,21691.12,2024-10-21,436,1,1,1,3,Lost Customers,1
3801,5,93738.03,18747.61,2025-11-07,54,5,5,4,14,Champions,0
356,3,64143.33,21381.11,2025-09-11,111,4,4,3,11,Loyal Customers,1
2911,6,194889.78,32481.63,2025-11-18,43,5,5,5,15,Champions,0
3988,3,63550.38,21183.46,2025-06-03,211,3,4,3,10,Potential Loyalists,1
4025,4,189044.12,47261.03,2025-09-26,96,4,4,5,13,Champions,0
1572,5,69402.19,13880.44,2025-09-11,111,4,5,3,12,Loyal Customers,0
1982,1,21898.94,21898.94,2025-03-06,300,2,1,1,4,Lost Customers,1
4786,4,137002.21,34250.55,2025-01-13,352,2,4,4,10,At Risk High Value,0
595,3,60395.65,20131.88,2025-12-28,3,5,4,2,11,Loyal Customers,0
142,5,168594.89,33718.98,2025-03-10,296,2,5,5,12,At Risk High Value,0
924,4,46134.21,11533.55,2025-03-02,304,2,4,2,8,At Risk High Value,1
3830,8,205792.03,25724.0,2025-09-23,99,4,5,5,14,Champions,0
2748,1,3458.86,3458.86,2025-07-15,169,3,1,1,5,Potential Loyalists,1
4934,3,69775.91,23258.64,2025-05-02,243,2,4,3,9,At Risk High Value,1
792,4,126569.12,31642.28,2025-07-27,157,3,4,4,11,Potential Loyalists,0
4473,2,84852.3,42426.15,2025-05-29,216,3,2,3,8,Potential Loyalists,1
896,3,57601.15,19200.38,2025-07-15,169,3,4,2,9,Potential Loyalists,1
651,2,146504.3,73252.15,2025-08-31,122,4,2,5,11,New Customers,0
3741,5,184774.43,36954.89,2025-11-24,37,5,5,5,15,Champions,0
38,1,64159.39,64159.39,2024-04-18,622,1,1,3,5,Lost Customers,1
359,2,89864.83,44932.42,2025-05-18,227,2,2,3,7,Lost Customers,1
2488,5,245062.12,49012.42,2025-11-22,39,5,5,5,15,Champions,0
2811,2,130001.94,65000.97,2025-03-19,287,2,2,4,8,Lost Customers,1
3537,2,77498.63,38749.32,2025-11-10,51,5,2,3,10,New Customers,1
4202,3,93435.67,31145.22,2025-10-14,78,4,4,4,12,Champions,0
4576,5,130592.07,26118.41,2025-07-23,161,3,5,4,12,Potential Loyalists,0
3292,2,62400.97,31200.49,2025-09-09,113,4,2,3,9,New Customers,1
1332,2,33583.83,16791.92,2025-02-04,330,2,2,2,6,Lost Customers,1
3520,1,1428.38,1428.38,2024-03-08,663,1,1,1,3,Lost Customers,1
985,3,84027.96,28009.32,2024-12-30,366,2,4,3,9,At Risk High Value,1
3328,3,120148.53,40049.51,2025-05-01,244,2,4,4,10,At Risk High Value,0
4648,2,13744.74,6872.37,2025-04-26,249,2,2,1,5,Lost Customers,1
1251,1,16918.02,16918.02,2025-07-10,174,3,1,1,5,Potential Loyalists,1
3247,4,145309.44,36327.36,2025-12-25,6,5,4,5,14,Champions,0
1189,3,127811.92,42603.97,2024-12-31,365,2,4,4,10,At Risk High Value,1
2896,2,59166.49,29583.25,2025-12-06,25,5,2,2,9,New Customers,1
623,3,54394.69,18131.56,2025-10-28,64,4,4,2,10,Loyal Customers,1
2777,2,59099.78,29549.89,2025-09-08,114,4,2,2,8,New Customers,1
2551,6,262422.47,43737.08,2025-12-16,15,5,5,5,15,Champions,0
1112,1,15121.77,15121.77,2025-10-18,74,4,1,1,6,New Customers,1
3182,3,112510.37,37503.46,2025-12-29,2,5,4,4,13,Champions,0
559,4,161185.91,40296.48,2025-09-10,112,4,4,5,13,Champions,0
3483,5,134759.12,26951.82,2025-10-03,89,4,5,4,13,Champions,0
304,2,18162.92,9081.46,2025-11-08,53,5,2,1,8,New Customers,1
2338,4,127425.09,31856.27,2025-12-28,3,5,4,4,13,Champions,0
52,2,73677.49,36838.75,2025-05-22,223,2,2,3,7,Lost Customers,1
1971,1,64247.09,64247.09,2025-04-12,263,2,1,3,6,Lost Customers,1
2772,4,188964.99,47241.25,2025-10-18,74,4,4,5,13,Champions,0
633,4,152429.99,38107.5,2025-09-21,101,4,4,5,13,Champions,0
4265,3,63052.16,21017.39,2025-08-31,122,4,4,3,11,Loyal Customers,1
450,6,279745.73,46624.29,2025-10-25,67,4,5,5,14,Champions,0
3395,2,51184.93,25592.47,2025-03-30,276,2,2,2,6,Lost Customers,1
405,2,63200.39,31600.2,2025-02-25,309,2,2,3,7,Lost Customers,1
1059,4,100000.07,25000.02,2025-05-24,221,3,4,4,11,Potential Loyalists,0
679,1,12854.5,12854.5,2025-02-25,309,2,1,1,4,Lost Customers,1
983,5,182008.8,36401.76,2025-08-18,135,3,5,5,13,Potential Loyalists,0
4794,3,31268.11,10422.7,2025-10-17,75,4,4,2,10,Loyal Customers,1
4426,2,117611.97,58805.99,2025-04-14,261,2,2,4,8,Lost Customers,1
976,2,31988.28,15994.14,2025-01-01,364,2,2,2,6,Lost Customers,1
729,2,58233.91,29116.96,2025-10-04,88,4,2,2,8,New Customers,1
408,5,164115.86,32823.17,2024-08-10,508,1,5,5,11,At Risk High Value,0
1242,3,115950.29,38650.1,2025-07-03,181,3,4,4,11,Potential Loyalists,0
680,6,276969.15,46161.53,2025-11-22,39,5,5,5,15,Champions,0
4070,3,33545.3,11181.77,2025-12-14,17,5,4,2,11,Loyal Customers,1
2823,3,49476.99,16492.33,2025-01-04,361,2,4,2,8,At Risk High Value,1
4263,5,177055.11,35411.02,2025-11-16,45,5,5,5,15,Champions,0
1160,1,44373.24,44373.24,2024-08-15,503,1,1,2,4,Lost Customers,1
4443,2,64374.14,32187.07,2024-08-18,500,1,2,3,6,Lost Customers,1
4134,3,110625.29,36875.1,2025-06-03,211,3,4,4,11,Potential Loyalists,0
2611,3,12311.03,4103.68,2025-09-26,96,4,4,1,9,Loyal Customers,1
982,2,60414.49,30207.25,2024-07-20,529,1,2,2,5,Lost Customers,1
11,1,3820.78,3820.78,2024-10-26,431,1,1,1,3,Lost Customers,1
4360,2,95817.28,47908.64,2025-10-28,64,4,2,4,10,New Customers,1
1152,2,26632.77,13316.39,2025-10-26,66,4,2,1,7,New Customers,1
821,2,75048.31,37524.16,2025-06-08,206,3,2,3,8,Potential Loyalists,1
1330,3,48745.3,16248.43,2025-08-06,147,3,4,2,9,Potential Loyalists,1
1384,3,51887.95,17295.98,2025-09-09,113,4,4,2,10,Loyal Customers,1
1826,3,68829.22,22943.07,2025-12-05,26,5,4,3,12,Loyal Customers,0
2709,4,132047.95,33011.99,2025-09-19,103,4,4,4,12,Champions,0
4482,1,24865.95,24865.95,2024-11-09,417,1,1,1,3,Lost Customers,1
2806,3,48789.24,16263.08,2025-12-17,14,5,4,2,11,Loyal Customers,1
3698,5,118638.57,23727.71,2025-11-13,48,5,5,4,14,Champions,0
903,4,63680.79,15920.2,2025-08-26,127,3,5,3,11,Potential Loyalists,0
1490,1,46229.07,46229.07,2025-12-25,6,5,1,2,8,New Customers,1
2578,1,14573.39,14573.39,2025-11-01,60,4,1,1,6,New Customers,1
736,5,118113.84,23622.77,2025-11-07,54,5,5,4,14,Champions,0
1947,3,93311.03,31103.68,2024-11-17,409,1,4,4,9,At Risk High Value,1
4880,3,43977.42,14659.14,2025-10-19,73,4,4,2,10,Loyal Customers,1
457,3,151202.47,50400.82,2025-05-16,229,2,4,5,11,At Risk High Value,0
3943,1,48954.58,48954.58,2024-10-03,454,1,1,2,4,Lost Customers,1
1041,1,10606.91,10606.91,2024-02-21,679,1,1,1,3,Lost Customers,1
3424,2,88024.0,44012.0,2025-10-24,68,4,2,3,9,New Customers,1
302,1,42896.48,42896.48,2024-11-26,400,1,1,2,4,Lost Customers,1
3416,4,68387.58,17096.9,2025-07-15,169,3,5,3,11,Potential Loyalists,0
3367,3,35533.21,11844.4,2025-04-14,261,2,4,2,8,At Risk High Value,1
3284,1,3199.71,3199.71,2025-06-17,197,3,1,1,5,Potential Loyalists,1
4002,6,178399.26,29733.21,2025-11-15,46,5,5,5,15,Champions,0
2989,4,43093.13,10773.28,2025-10-20,72,4,5,2,11,Loyal Customers,0
774,3,91431.28,30477.09,2025-11-26,35,5,4,3,12,Loyal Customers,0
3844,6,238494.08,39749.01,2025-12-09,22,5,5,5,15,Champions,0
4387,5,244657.0,48931.4,2025-12-08,23,5,5,5,15,Champions,0
3385,2,141815.94,70907.97,2025-07-16,168,3,2,5,10,Potential Loyalists,0
4820,4,98533.04,24633.26,2025-03-26,280,2,5,4,11,At Risk High Value,0
1726,2,3804.73,1902.37,2025-03-17,289,2,2,1,5,Lost Customers,1
4230,2,125005.51,62502.76,2025-12-09,22,5,2,4,11,New Customers,0
2645,4,142002.3,35500.58,2025-08-07,146,3,5,5,13,Potential Loyalists,0
1267,4,105630.6,26407.65,2025-08-01,152,3,5,4,12,Potential Loyalists,0
2928,5,197429.87,39485.97,2025-11-24,37,5,5,5,15,Champions,0
992,3,131225.7,43741.9,2025-06-02,212,3,4,4,11,Potential Loyalists,0
4530,1,69835.33,69835.33,2024-10-07,450,1,1,3,5,Lost Customers,1
4178,3,84111.31,28037.1,2024-12-14,382,1,4,3,8,At Risk High Value,1
1357,4,279301.4,69825.35,2025-12-18,13,5,5,5,15,Champions,0
2797,2,28959.84,14479.92,2025-05-26,219,3,2,1,6,Potential Loyalists,1
4843,1,18385.78,18385.78,2024-08-30,488,1,1,1,3,Lost Customers,1
4475,3,57037.18,19012.39,2025-08-16,137,3,4,2,9,Potential Loyalists,1
1020,7,120699.36,17242.77,2025-10-24,68,4,5,4,13,Champions,0
2222,3,79517.12,26505.71,2025-05-16,229,2,4,3,9,At Risk High Value,1
2216,1,80755.88,80755.88,2024-11-15,411,1,1,3,5,Lost Customers,1
4492,2,118438.01,59219.01,2025-03-02,304,2,2,4,8,Lost Customers,1
3898,1,78344.16,78344.16,2025-12-22,9,5,1,3,9,New Customers,1
558,5,141351.27,28270.25,2025-10-28,64,4,5,5,14,Champions,0
1720,5,116426.85,23285.37,2025-10-11,81,4,5,4,13,Champions,0
1538,4,143330.51,35832.63,2025-11-11,50,5,5,5,15,Champions,0
598,2,55562.11,27781.06,2025-04-29,246,2,2,2,6,Lost Customers,1
471,3,84591.87,28197.29,2025-09-24,98,4,4,3,11,Loyal Customers,0
2505,1,29759.28,29759.28,2025-03-01,305,2,1,1,4,Lost Customers,1
2221,1,31463.66,31463.66,2025-08-17,136,3,1,2,6,Potential Loyalists,1
1424,1,20266.47,20266.47,2025-11-25,36,5,1,1,7,New Customers,1
287,2,66736.04,33368.02,2024-12-13,383,1,2,3,6,Lost Customers,1
2511,4,74910.54,18727.64,2025-12-10,21,5,5,3,13,Loyal Customers,0
167,4,109205.97,27301.49,2025-09-06,116,4,5,4,13,Champions,0
3066,5,108013.85,21602.77,2025-08-31,122,4,5,4,13,Champions,0
290,1,846.63,846.63,2024-05-08,602,1,1,1,3,Lost Customers,1
4261,2,58629.05,29314.53,2025-01-06,359,2,2,2,6,Lost Customers,1
3169,2,36307.37,18153.69,2025-01-07,358,2,2,2,6,Lost Customers,1
1352,2,23760.25,11880.13,2024-12-23,373,1,2,1,4,Lost Customers,1
1716,1,1733.05,1733.05,2025-10-14,78,4,1,1,6,New Customers,1
3887,5,121311.31,24262.26,2025-07-08,176,3,5,4,12,Potential Loyalists,0
2694,1,19015.72,19015.72,2024-09-29,458,1,1,1,3,Lost Customers,1
3238,4,72262.88,18065.72,2025-09-13,109,4,5,3,12,Loyal Customers,0
1441,5,102062.29,20412.46,2025-12-22,9,5,5,4,14,Champions,0
3980,3,148082.55,49360.85,2025-10-15,77,4,4,5,13,Champions,0
3902,2,24836.47,12418.24,2025-09-07,115,4,2,1,7,New Customers,1
367,4,70614.73,17653.68,2025-04-30,245,2,5,3,10,At Risk High Value,0
2458,3,122463.14,40821.05,2025-12-05,26,5,4,4,13,Champions,0
3531,2,39939.79,19969.9,2025-06-03,211,3,2,2,7,Potential Loyalists,1
2091,1,10318.77,10318.77,2024-04-16,624,1,1,1,3,Lost Customers,1
4718,2,109597.17,54798.59,2025-05-03,242,2,2,4,8,Lost Customers,1
572,3,153248.12,51082.71,2025-02-08,326,2,4,5,11,At Risk High Value,0
4969,5,109603.23,21920.65,2025-04-18,257,2,5,4,11,At Risk High Value,0
1735,3,63416.09,21138.7,2025-11-25,36,5,4,3,12,Loyal Customers,0
3662,3,79949.56,26649.85,2025-12-19,12,5,4,3,12,Loyal Customers,0
2326,1,15015.96,15015.96,2025-04-03,272,2,1,1,4,Lost Customers,1
1240,4,39993.47,9998.37,2025-08-17,136,3,5,2,10,Potential Loyalists,0
4005,4,140361.62,35090.41,2024-09-02,485,1,5,5,11,At Risk High Value,0
2649,8,334227.07,41778.38,2025-01-21,344,2,5,5,12,At Risk High Value,0
1946,1,41399.89,41399.89,2024-05-12,598,1,1,2,4,Lost Customers,1
869,1,40077.52,40077.52,2024-01-07,724,1,1,2,4,Lost Customers,1
2905,2,68093.2,34046.6,2025-03-07,299,2,2,3,7,Lost Customers,1
3087,1,38092.0,38092.0,2024-10-13,444,1,1,2,4,Lost Customers,1
2339,3,73322.59,24440.86,2025-12-13,18,5,4,3,12,Loyal Customers,0
864,3,63999.22,21333.07,2025-09-12,110,4,4,3,11,Loyal Customers,1
4050,2,66394.42,33197.21,2024-07-01,548,1,2,3,6,Lost Customers,1
1584,4,75800.95,18950.24,2025-10-21,71,4,5,3,12,Loyal Customers,0
4633,4,50513.28,12628.32,2025-01-12,353,2,5,2,9,At Risk High Value,1
2805,2,40500.93,20250.47,2025-12-06,25,5,2,2,9,New Customers,1
2639,1,64656.57,64656.57,2024-12-14,382,1,1,3,5,Lost Customers,1
332,5,209472.96,41894.59,2025-10-29,63,4,5,5,14,Champions,0
3091,4,95656.34,23914.09,2025-01-22,343,2,5,4,11,At Risk High Value,0
3281,2,56684.54,28342.27,2024-12-06,390,1,2,2,5,Lost Customers,1
4868,3,101880.31,33960.1,2025-04-04,271,2,4,4,10,At Risk High Value,1
885,4,76009.54,19002.39,2025-06-15,199,3,5,3,11,Potential Loyalists,0
2095,3,59463.1,19821.03,2025-05-16,229,2,4,2,8,At Risk High Value,1
4812,2,69218.1,34609.05,2025-07-30,154,3,2,3,8,Potential Loyalists,1
3108,1,32558.42,32558.42,2025-12-29,2,5,1,2,8,New Customers,1
4663,4,125595.68,31398.92,2025-06-01,213,3,5,4,12,Potential Loyalists,0
4242,4,147786.42,36946.61,2025-10-18,74,4,5,5,14,Champions,0
2554,2,34702.16,17351.08,2025-09-21,101,4,2,2,8,New Customers,1
1107,2,72988.77,36494.39,2024-12-03,393,1,2,3,6,Lost Customers,1
1275,1,11633.81,11633.81,2024-06-15,564,1,1,1,3,Lost Customers,1
1465,1,74918.1,74918.1,2024-10-13,444,1,1,3,5,Lost Customers,1
1157,3,96255.19,32085.06,2025-01-08,357,2,4,4,10,At Risk High Value,1
625,2,73821.46,36910.73,2025-09-10,112,4,2,3,9,New Customers,1
1155,4,270600.93,67650.23,2025-04-25,250,2,5,5,12,At Risk High Value,0
3699,1,19629.34,19629.34,2024-12-31,365,2,1,1,4,Lost Customers,1
617,2,71428.41,35714.21,2025-05-01,244,2,2,3,7,Lost Customers,1
3173,1,53744.51,53744.51,2025-03-19,287,2,1,2,5,Lost Customers,1
3709,4,137597.3,34399.33,2025-04-04,271,2,5,4,11,At Risk High Value,0
4778,2,62812.15,31406.08,2025-01-31,334,2,2,3,7,Lost Customers,1
3181,2,38778.34,19389.17,2025-11-28,33,5,2,2,9,New Customers,1
2022,3,22800.42,7600.14,2025-09-06,116,4,4,1,9,Loyal Customers,1
3296,5,286940.66,57388.13,2025-01-03,362,2,5,5,12,At Risk High Value,0
819,4,83604.26,20901.07,2025-11-06,55,5,5,3,13,Loyal Customers,0
2522,3,64836.43,21612.14,2025-10-16,76,4,4,3,11,Loyal Customers,1
817,1,21570.31,21570.31,2024-03-21,650,1,1,1,3,Lost Customers,1
3999,3,91122.94,30374.31,2025-12-30,1,5,4,3,12,Loyal Customers,0
1891,5,164097.37,32819.47,2025-12-28,3,5,5,5,15,Champions,0
1840,2,21790.17,10895.09,2025-12-29,2,5,2,1,8,New Customers,1
3213,5,144860.83,28972.17,2025-11-23,38,5,5,5,15,Champions,0
4552,1,74001.03,74001.03,2024-05-26,584,1,1,3,5,Lost Customers,1
4690,1,71908.05,71908.05,2024-01-30,701,1,1,3,5,Lost Customers,1
169,1,34594.98,34594.98,2025-01-06,359,2,1,2,5,Lost Customers,1
299,7,112299.34,16042.76,2025-12-21,10,5,5,4,14,Champions,0
2561,2,83125.22,41562.61,2025-06-08,206,3,2,3,8,Potential Loyalists,1
605,1,22402.39,22402.39,2024-07-14,535,1,1,1,3,Lost Customers,1
3240,3,78344.98,26114.99,2025-07-17,167,3,4,3,10,Potential Loyalists,1
3452,2,65434.4,32717.2,2025-05-14,231,2,2,3,7,Lost Customers,1
660,3,64936.72,21645.57,2025-04-13,262,2,4,3,9,At Risk High Value,1
910,6,191022.56,31837.09,2025-09-23,99,4,5,5,14,Champions,0
236,7,153727.02,21961.0,2025-09-03,119,4,5,5,14,Champions,0
4819,3,193184.33,64394.78,2025-11-18,43,5,4,5,14,Champions,0
3397,4,68444.1,17111.03,2025-12-08,23,5,5,3,13,Loyal Customers,0
4450,3,171297.07,57099.02,2025-08-19,134,3,4,5,12,Potential Loyalists,0
3515,1,3732.93,3732.93,2025-12-19,12,5,1,1,7,New Customers,1
3516,5,244817.29,48963.46,2025-10-05,87,4,5,5,14,Champions,0
2970,1,40269.63,40269.63,2024-09-14,473,1,1,2,4,Lost Customers,1
4110,3,189789.67,63263.22,2024-12-26,370,2,4,5,11,At Risk High Value,0
2362,4,156069.15,39017.29,2025-12-22,9,5,5,5,15,Champions,0
2334,5,243185.92,48637.18,2025-09-29,93,4,5,5,14,Champions,0
1751,1,1042.48,1042.48,2025-05-21,224,2,1,1,4,Lost Customers,1
454,2,67074.56,33537.28,2025-09-30,92,4,2,3,9,New Customers,1
1626,4,156783.44,39195.86,2025-10-30,62,4,5,5,14,Champions,0
2077,2,53866.36,26933.18,2024-05-07,603,1,2,2,5,Lost Customers,1
3359,2,17860.4,8930.2,2025-06-16,198,3,2,1,6,Potential Loyalists,1
227,3,99096.71,33032.24,2025-06-05,209,3,4,4,11,Potential Loyalists,1
4821,6,150459.29,25076.55,2025-12-19,12,5,5,5,15,Champions,0
3143,1,26667.2,26667.2,2024-07-24,525,1,1,1,3,Lost Customers,1
500,3,35930.57,11976.86,2025-09-14,108,4,4,2,10,Loyal Customers,1
1204,3,136367.05,45455.68,2025-05-14,231,2,4,4,10,At Risk High Value,0
73,3,78335.17,26111.72,2024-12-17,379,1,4,3,8,At Risk High Value,1
2646,2,113607.41,56803.71,2025-08-23,130,3,2,4,9,Potential Loyalists,1
4273,1,20603.09,20603.09,2025-08-08,145,3,1,1,5,Potential Loyalists,1
2179,6,124639.41,20773.24,2025-12-14,17,5,5,4,14,Champions,0
2980,3,197874.76,65958.25,2025-03-31,275,2,4,5,11,At Risk High Value,0
121,2,124935.96,62467.98,2025-10-28,64,4,2,4,10,New Customers,0
2769,5,107656.93,21531.39,2025-09-01,121,4,5,4,13,Champions,0
3436,1,18729.53,18729.53,2024-08-27,491,1,1,1,3,Lost Customers,1
3915,2,104063.54,52031.77,2025-08-25,128,3,2,4,9,Potential Loyalists,1
3188,1,30544.84,30544.84,2024-07-05,544,1,1,1,3,Lost Customers,1
1438,3,94347.5,31449.17,2025-04-20,255,2,4,4,10,At Risk High Value,1
1407,2,40158.08,20079.04,2024-11-15,411,1,2,2,5,Lost Customers,1
3813,4,139213.06,34803.27,2025-09-06,116,4,5,5,14,Champions,0
561,5,127171.54,25434.31,2025-12-15,16,5,5,4,14,Champions,0
3017,1,11880.04,11880.04,2025-03-16,290,2,1,1,4,Lost Customers,1
4249,3,103871.66,34623.89,2025-05-23,222,2,4,4,10,At Risk High Value,0
2158,3,142667.9,47555.97,2025-07-25,159,3,4,5,12,Potential Loyalists,0
4484,6,204594.46,34099.08,2025-11-08,53,5,5,5,15,Champions,0
2627,2,58077.24,29038.62,2024-06-06,573,1,2,2,5,Lost Customers,1
2386,4,93738.36,23434.59,2025-04-24,251,2,5,4,11,At Risk High Value,0
2353,3,34456.22,11485.41,2025-07-03,181,3,4,2,9,Potential Loyalists,1
1088,2,66176.89,33088.45,2025-04-21,254,2,2,3,7,Lost Customers,1
3323,2,30187.71,15093.86,2025-11-25,36,5,2,1,8,New Customers,1
3949,1,20318.1,20318.1,2024-02-19,681,1,1,1,3,Lost Customers,1
468,4,149631.87,37407.97,2025-10-29,63,4,5,5,14,Champions,0
721,1,63105.29,63105.29,2025-05-16,229,2,1,3,6,Lost Customers,1
4413,4,134420.62,33605.16,2025-12-12,19,5,5,4,14,Champions,0
4434,4,59776.32,14944.08,2025-12-15,16,5,5,2,12,Loyal Customers,0
3358,3,162382.59,54127.53,2025-12-17,14,5,4,5,14,Champions,0
4163,4,162923.59,40730.9,2025-08-06,147,3,5,5,13,Potential Loyalists,0
1100,1,24169.68,24169.68,2024-07-11,538,1,1,1,3,Lost Customers,1
2842,4,165248.23,41312.06,2025-06-29,185,3,5,5,13,Potential Loyalists,0
4577,3,175559.23,58519.74,2024-06-12,567,1,4,5,10,At Risk High Value,1
3776,2,119580.24,59790.12,2025-10-24,68,4,2,4,10,New Customers,0
1270,4,56311.57,14077.89,2025-11-20,41,5,5,2,12,Loyal Customers,0
1436,1,22308.14,22308.14,2024-07-15,534,1,1,1,3,Lost Customers,1
4580,3,60627.93,20209.31,2025-11-08,53,5,4,2,11,Loyal Customers,1
4960,3,166190.69,55396.9,2025-10-27,65,4,4,5,13,Champions,0
3681,1,64241.02,64241.02,2025-11-23,38,5,1,3,9,New Customers,1
4758,2,35701.51,17850.76,2024-09-10,477,1,2,2,5,Lost Customers,1
4594,3,134480.39,44826.8,2025-11-20,41,5,4,4,13,Champions,0
1945,1,11949.88,11949.88,2025-08-30,123,4,1,1,6,New Customers,1
1455,5,170410.28,34082.06,2025-09-19,103,4,5,5,14,Champions,0
321,2,80737.72,40368.86,2024-10-09,448,1,2,3,6,Lost Customers,1
2456,2,63766.53,31883.27,2025-07-15,169,3,2,3,8,Potential Loyalists,1
2622,3,157828.2,52609.4,2025-01-14,351,2,4,5,11,At Risk High Value,0
4621,3,63367.68,21122.56,2025-09-19,103,4,4,3,11,Loyal Customers,1
105,3,202292.75,67430.92,2025-08-18,135,3,4,5,12,Potential Loyalists,0
402,1,45616.35,45616.35,2024-03-14,657,1,1,2,4,Lost Customers,1
3187,3,44231.53,14743.84,2025-07-19,165,3,4,2,9,Potential Loyalists,1
3223,4,133287.73,33321.93,2025-12-02,29,5,5,4,14,Champions,0
3410,2,95275.67,47637.84,2025-02-21,313,2,2,4,8,Lost Customers,1
2932,7,312305.94,44615.13,2025-10-19,73,4,5,5,14,Champions,0
1487,3,24488.8,8162.93,2025-03-28,278,2,4,1,7,At Risk High Value,1
2104,1,12949.09,12949.09,2024-03-16,655,1,1,1,3,Lost Customers,1
1391,1,52010.92,52010.92,2025-12-04,27,5,1,2,8,New Customers,1
4172,3,88942.94,29647.65,2025-08-14,139,3,4,3,10,Potential Loyalists,0
467,2,102903.0,51451.5,2025-10-16,76,4,2,4,10,New Customers,1
4801,2,75252.31,37626.16,2025-04-13,262,2,2,3,7,Lost Customers,1
327,3,22309.29,7436.43,2025-11-08,53,5,4,1,10,Loyal Customers,1
2026,5,160734.55,32146.91,2025-12-27,4,5,5,5,15,Champions,0
1177,4,142235.05,35558.76,2025-11-02,59,4,5,5,14,Champions,0
3302,2,53303.17,26651.59,2025-05-13,232,2,2,2,6,Lost Customers,1
1566,6,252077.35,42012.89,2025-05-08,237,2,5,5,12,At Risk High Value,0
4310,3,34376.55,11458.85,2025-11-29,32,5,4,2,11,Loyal Customers,1
1343,2,118249.62,59124.81,2025-04-22,253,2,2,4,8,Lost Customers,1
3482,2,30246.97,15123.49,2025-09-21,101,4,2,1,7,New Customers,1
2746,3,99041.28,33013.76,2025-11-06,55,5,4,4,13,Champions,0
1222,3,72394.89,24131.63,2025-12-11,20,5,4,3,12,Loyal Customers,0
1921,2,7103.99,3552.0,2025-10-14,78,4,2,1,7,New Customers,1
1358,1,58548.78,58548.78,2025-05-02,243,2,1,2,5,Lost Customers,1
2978,1,18124.97,18124.97,2025-07-04,180,3,1,1,5,Potential Loyalists,1
600,6,233730.59,38955.1,2025-11-27,34,5,5,5,15,Champions,0
4854,2,49046.34,24523.17,2024-09-30,457,1,2,2,5,Lost Customers,1
4672,1,46234.95,46234.95,2024-12-31,365,2,1,2,5,Lost Customers,1
4472,3,61761.06,20587.02,2025-12-18,13,5,4,3,12,Loyal Customers,0
772,5,131809.53,26361.91,2025-11-14,47,5,5,4,14,Champions,0
335,3,191282.42,63760.81,2025-09-27,95,4,4,5,13,Champions,0
1596,1,42655.89,42655.89,2024-01-04,727,1,1,2,4,Lost Customers,1
3090,2,38138.12,19069.06,2025-10-24,68,4,2,2,8,New Customers,1
1756,3,161935.88,53978.63,2025-07-26,158,3,4,5,12,Potential Loyalists,0
4662,6,112629.35,18771.56,2025-10-25,67,4,5,4,13,Champions,0
1695,1,15268.25,15268.25,2025-03-30,276,2,1,1,4,Lost Customers,1
3518,2,45392.73,22696.37,2025-06-17,197,3,2,2,7,Potential Loyalists,1
3799,1,50294.72,50294.72,2025-12-07,24,5,1,2,8,New Customers,1
1768,2,41590.67,20795.34,2025-01-10,355,2,2,2,6,Lost Customers,1
3896,1,47487.72,47487.72,2025-05-02,243,2,1,2,5,Lost Customers,1
254,6,145607.46,24267.91,2025-09-12,110,4,5,5,14,Champions,0
1360,4,132897.13,33224.28,2025-12-05,26,5,5,4,14,Champions,0
377,3,165221.58,55073.86,2024-09-18,469,1,4,5,10,At Risk High Value,0
952,3,48803.11,16267.7,2025-04-23,252,2,4,2,8,At Risk High Value,1
4097,1,29352.21,29352.21,2025-10-29,63,4,1,1,6,New Customers,1
4023,3,80109.75,26703.25,2025-10-14,78,4,4,3,11,Loyal Customers,0
3647,1,2669.29,2669.29,2025-10-16,76,4,1,1,6,New Customers,1
159,1,105038.36,105038.36,2025-03-10,296,2,1,4,7,Lost Customers,1
2489,2,92324.89,46162.45,2025-11-19,42,5,2,3,10,New Customers,1
3655,4,52464.24,13116.06,2025-12-21,10,5,5,2,12,Loyal Customers,0
619,4,63908.18,15977.05,2025-11-05,56,5,5,3,13,Loyal Customers,0
890,3,104973.58,34991.19,2025-07-22,162,3,4,4,11,Potential Loyalists,0
2903,1,1832.71,1832.71,2025-10-24,68,4,1,1,6,New Customers,1
2107,1,22157.41,22157.41,2025-06-23,191,3,1,1,5,Potential Loyalists,1
1214,2,97089.43,48544.72,2025-02-05,329,2,2,4,8,Lost Customers,1
1394,3,167398.42,55799.47,2025-12-15,16,5,4,5,14,Champions,0
4591,5,160473.64,32094.73,2025-11-26,35,5,5,5,15,Champions,0
3102,3,81029.78,27009.93,2025-11-08,53,5,4,3,12,Loyal Customers,0
517,3,257806.77,85935.59,2025-04-15,260,2,4,5,11,At Risk High Value,0
1957,5,142721.66,28544.33,2025-10-27,65,4,5,5,14,Champions,0
3352,8,231623.21,28952.9,2025-08-17,136,3,5,5,13,Potential Loyalists,0
2102,2,83232.07,41616.04,2025-08-16,137,3,2,3,8,Potential Loyalists,1
4226,1,49845.32,49845.32,2025-11-26,35,5,1,2,8,New Customers,1
4937,2,38884.21,19442.11,2025-05-19,226,2,2,2,6,Lost Customers,1
4840,1,46747.17,46747.17,2025-01-23,342,2,1,2,5,Lost Customers,1
1181,1,41202.32,41202.32,2025-06-17,197,3,1,2,6,Potential Loyalists,1
1838,3,125048.54,41682.85,2025-05-03,242,2,4,4,10,At Risk High Value,0
4340,5,121298.78,24259.76,2025-11-22,39,5,5,4,14,Champions,0
1491,3,66962.44,22320.81,2025-08-18,135,3,4,3,10,Potential Loyalists,1
3721,1,19670.22,19670.22,2025-07-15,169,3,1,1,5,Potential Loyalists,1
1023,3,147422.17,49140.72,2025-12-17,14,5,4,5,14,Champions,0
1172,2,15087.26,7543.63,2025-10-26,66,4,2,1,7,New Customers,1
2517,4,64752.2,16188.05,2025-03-31,275,2,5,3,10,At Risk High Value,1
2889,3,88255.23,29418.41,2025-06-04,210,3,4,3,10,Potential Loyalists,1
4205,4,102981.12,25745.28,2024-11-26,400,1,5,4,10,At Risk High Value,0
3869,3,140682.85,46894.28,2025-05-30,215,3,4,5,12,Potential Loyalists,0
1034,4,123764.09,30941.02,2025-08-16,137,3,5,4,12,Potential Loyalists,0
4439,6,165005.14,27500.86,2025-12-22,9,5,5,5,15,Champions,0
330,1,14711.32,14711.32,2025-08-04,149,3,1,1,5,Potential Loyalists,1
2003,4,170222.49,42555.62,2025-12-24,7,5,5,5,15,Champions,0
1903,1,4018.8,4018.8,2025-08-04,149,3,1,1,5,Potential Loyalists,1
451,3,69244.04,23081.35,2025-01-17,348,2,4,3,9,At Risk High Value,1
1220,2,48715.31,24357.66,2025-10-06,86,4,2,2,8,New Customers,1
1634,3,54188.33,18062.78,2025-04-24,251,2,4,2,8,At Risk High Value,1
1363,3,140369.63,46789.88,2025-08-09,144,3,4,5,12,Potential Loyalists,0
1042,6,219770.26,36628.38,2025-11-26,35,5,5,5,15,Champions,0
613,5,283059.48,56611.9,2025-10-04,88,4,5,5,14,Champions,0
2371,6,171948.29,28658.05,2025-10-17,75,4,5,5,14,Champions,0
4686,4,150461.08,37615.27,2025-03-22,284,2,5,5,12,At Risk High Value,0
1404,4,202858.45,50714.61,2025-10-27,65,4,5,5,14,Champions,0
3706,6,154752.54,25792.09,2025-07-24,160,3,5,5,13,Potential Loyalists,0
4605,2,81331.96,40665.98,2024-08-18,500,1,2,3,6,Lost Customers,1
615,3,61688.21,20562.74,2025-09-21,101,4,4,3,11,Loyal Customers,1
4550,4,194472.95,48618.24,2025-12-31,0,5,5,5,15,Champions,0
3195,3,77633.19,25877.73,2025-07-13,171,3,4,3,10,Potential Loyalists,1
830,3,129061.01,43020.34,2025-10-02,90,4,4,4,12,Champions,0
1545,1,97624.46,97624.46,2025-11-07,54,5,1,4,10,New Customers,1
3151,1,35557.56,35557.56,2025-09-04,118,4,1,2,7,New Customers,1
1581,1,17007.98,17007.98,2025-09-29,93,4,1,1,6,New Customers,1
1482,2,38892.06,19446.03,2025-06-11,203,3,2,2,7,Potential Loyalists,1
2268,4,42723.28,10680.82,2025-07-10,174,3,5,2,10,Potential Loyalists,1
1340,1,4230.86,4230.86,2025-09-14,108,4,1,1,6,New Customers,1
964,3,105606.88,35202.29,2025-03-04,302,2,4,4,10,At Risk High Value,1
601,1,45471.23,45471.23,2025-08-05,148,3,1,2,6,Potential Loyalists,1
3578,2,30656.89,15328.45,2025-11-04,57,4,2,1,7,New Customers,1
4787,2,37275.75,18637.88,2025-08-25,128,3,2,2,7,Potential Loyalists,1
3713,1,14254.03,14254.03,2025-10-25,67,4,1,1,6,New Customers,1
4476,3,123326.7,41108.9,2025-09-21,101,4,4,4,12,Champions,0
610,1,67707.13,67707.13,2025-09-28,94,4,1,3,8,New Customers,1
4571,4,31289.89,7822.47,2025-10-18,74,4,5,2,11,Loyal Customers,0
2974,2,91134.5,45567.25,2025-11-19,42,5,2,3,10,New Customers,1
4941,1,46016.84,46016.84,2024-03-09,662,1,1,2,4,Lost Customers,1
1425,1,2210.73,2210.73,2024-04-28,612,1,1,1,3,Lost Customers,1
812,3,67069.47,22356.49,2025-10-15,77,4,4,3,11,Loyal Customers,1
579,2,31393.22,15696.61,2025-07-07,177,3,2,2,7,Potential Loyalists,1
3620,3,71219.1,23739.7,2025-11-04,57,4,4,3,11,Loyal Customers,0
1390,4,129137.73,32284.43,2025-09-13,109,4,5,4,13,Champions,0
510,5,145011.42,29002.28,2025-08-08,145,3,5,5,13,Potential Loyalists,0
3083,2,19518.04,9759.02,2025-04-30,245,2,2,1,5,Lost Customers,1
3506,5,150730.42,30146.08,2025-11-25,36,5,5,5,15,Champions,0
2280,7,98763.94,14109.13,2025-09-13,109,4,5,4,13,Champions,0
198,2,121399.57,60699.79,2024-12-26,370,2,2,4,8,Lost Customers,1
212,2,6434.2,3217.1,2025-08-30,123,4,2,1,7,New Customers,1
28,2,20041.24,10020.62,2024-10-30,427,1,2,1,4,Lost Customers,1
1796,1,85426.65,85426.65,2025-06-12,202,3,1,3,7,Potential Loyalists,1
3326,7,306535.3,43790.76,2025-09-02,120,4,5,5,14,Champions,0
1089,2,63491.21,31745.61,2025-02-13,321,2,2,3,7,Lost Customers,1
1656,3,84969.54,28323.18,2025-10-11,81,4,4,3,11,Loyal Customers,0
2208,8,254323.8,31790.48,2025-05-22,223,2,5,5,12,At Risk High Value,0
720,5,111596.37,22319.27,2025-10-18,74,4,5,4,13,Champions,0
3917,1,39687.52,39687.52,2024-08-21,497,1,1,2,4,Lost Customers,1
4703,1,5159.39,5159.39,2024-12-09,387,1,1,1,3,Lost Customers,1
3731,4,152052.46,38013.12,2025-11-10,51,5,5,5,15,Champions,0
2913,1,11235.84,11235.84,2025-01-06,359,2,1,1,4,Lost Customers,1
4207,2,43974.8,21987.4,2025-12-10,21,5,2,2,9,New Customers,1
4251,7,289808.23,41401.18,2025-12-03,28,5,5,5,15,Champions,0
2358,1,3406.85,3406.85,2024-09-21,466,1,1,1,3,Lost Customers,1
1605,3,52841.93,17613.98,2025-12-03,28,5,4,2,11,Loyal Customers,1
515,4,137824.71,34456.18,2025-05-18,227,2,5,4,11,At Risk High Value,0
1256,1,40045.0,40045.0,2024-08-05,513,1,1,2,4,Lost Customers,1
3080,1,13594.13,13594.13,2025-05-10,235,2,1,1,4,Lost Customers,1
4364,3,176255.78,58751.93,2025-09-27,95,4,4,5,13,Champions,0
1000,2,23587.41,11793.71,2025-11-05,56,5,2,1,8,New Customers,1
706,3,177425.82,59141.94,2025-09-15,107,4,4,5,13,Champions,0
2205,1,62711.69,62711.69,2024-02-04,696,1,1,3,5,Lost Customers,1
2836,4,154557.95,38639.49,2025-12-30,1,5,5,5,15,Champions,0
2139,2,33147.7,16573.85,2025-08-29,124,4,2,2,8,New Customers,1
571,5,126119.74,25223.95,2025-12-10,21,5,5,4,14,Champions,0
1423,5,278047.54,55609.51,2025-12-13,18,5,5,5,15,Champions,0
956,1,7230.32,7230.32,2025-05-01,244,2,1,1,4,Lost Customers,1
213,2,73523.41,36761.71,2024-04-08,632,1,2,3,6,Lost Customers,1
694,2,66583.14,33291.57,2025-04-08,267,2,2,3,7,Lost Customers,1
3610,5,142530.01,28506.0,2025-11-07,54,5,5,5,15,Champions,0
1730,1,2057.63,2057.63,2025-03-29,277,2,1,1,4,Lost Customers,1
4985,2,63556.29,31778.15,2024-10-24,433,1,2,3,6,Lost Customers,1
1114,3,35750.03,11916.68,2025-11-11,50,5,4,2,11,Loyal Customers,1
3637,2,62269.65,31134.83,2025-09-26,96,4,2,3,9,New Customers,1
3942,4,93056.52,23264.13,2024-10-23,434,1,5,4,10,At Risk High Value,1
833,2,165342.47,82671.24,2025-12-27,4,5,2,5,12,New Customers,0
3260,1,37095.9,37095.9,2024-02-16,684,1,1,2,4,Lost Customers,1
1244,3,138640.94,46213.65,2024-03-06,665,1,4,5,10,At Risk High Value,1
4567,3,88977.29,29659.1,2025-08-26,127,3,4,3,10,Potential Loyalists,0
3335,1,32675.97,32675.97,2025-08-03,150,3,1,2,6,Potential Loyalists,1
2416,1,67736.44,67736.44,2025-07-17,167,3,1,3,7,Potential Loyalists,1
3493,1,8343.61,8343.61,2024-06-25,554,1,1,1,3,Lost Customers,1
752,4,112811.2,28202.8,2025-09-24,98,4,5,4,13,Champions,0
4177,3,109355.9,36451.97,2025-02-27,307,2,4,4,10,At Risk High Value,1
1013,3,75010.98,25003.66,2025-03-10,296,2,4,3,9,At Risk High Value,1
4834,1,43926.17,43926.17,2024-08-11,507,1,1,2,4,Lost Customers,1
3754,2,96733.75,48366.88,2025-06-18,196,3,2,4,9,Potential Loyalists,1
1553,2,120229.35,60114.68,2025-06-20,194,3,2,4,9,Potential Loyalists,1
1760,5,99009.9,19801.98,2025-03-17,289,2,5,4,11,At Risk High Value,0
594,2,24640.72,12320.36,2025-01-25,340,2,2,1,5,Lost Customers,1
460,4,129309.75,32327.44,2025-11-10,51,5,5,4,14,Champions,0
2201,1,5495.97,5495.97,2025-11-22,39,5,1,1,7,New Customers,1
265,7,295142.77,42163.25,2025-11-24,37,5,5,5,15,Champions,0
4583,1,41828.06,41828.06,2025-10-05,87,4,1,2,7,New Customers,1
4093,2,111422.16,55711.08,2024-08-22,496,1,2,4,7,Lost Customers,1
1839,2,62665.25,31332.63,2024-11-21,405,1,2,3,6,Lost Customers,1
851,2,134193.37,67096.69,2025-06-17,197,3,2,4,9,Potential Loyalists,1
1530,2,18370.55,9185.28,2024-12-09,387,1,3,1,5,At Risk,1
4805,1,35142.2,35142.2,2025-01-12,353,2,1,2,5,Lost Customers,1
3095,1,20516.25,20516.25,2025-11-11,50,5,1,1,7,New Customers,1
4982,4,68795.32,17198.83,2025-10-28,64,4,5,3,12,Loyal Customers,0
3256,3,41215.62,13738.54,2024-12-26,370,2,4,2,8,At Risk High Value,1
893,2,36874.4,18437.2,2025-09-23,99,4,3,2,9,Loyal Customers,1
993,1,1756.35,1756.35,2024-02-02,698,1,1,1,3,Lost Customers,1
2689,4,170312.84,42578.21,2025-05-10,235,2,5,5,12,At Risk High Value,0
3843,1,15115.64,15115.64,2025-05-18,227,2,1,1,4,Lost Customers,1
2256,4,79238.77,19809.69,2025-12-05,26,5,5,3,13,Loyal Customers,0
805,2,52120.3,26060.15,2025-12-09,22,5,3,2,10,Loyal Customers,1
1822,2,28778.8,14389.4,2025-07-27,157,3,3,1,7,Potential Loyalists,1
4671,4,114472.81,28618.2,2025-09-30,92,4,5,4,13,Champions,0
4330,2,37254.24,18627.12,2025-08-20,133,3,3,2,8,Potential Loyalists,1
3767,2,48885.39,24442.7,2025-10-04,88,4,3,2,9,Loyal Customers,1
3962,4,77000.62,19250.16,2025-11-06,55,5,5,3,13,Loyal Customers,0
2111,3,90449.98,30149.99,2025-10-28,64,4,4,3,11,Loyal Customers,0
1139,2,38631.3,19315.65,2025-12-13,18,5,3,2,10,Loyal Customers,1
413,1,37311.47,37311.47,2025-10-08,84,4,1,2,7,New Customers,1
649,3,116695.47,38898.49,2025-05-10,235,2,4,4,10,At Risk High Value,0
4653,4,149335.61,37333.9,2025-08-13,140,3,5,5,13,Potential Loyalists,0
1342,4,98500.25,24625.06,2025-11-17,44,5,5,4,14,Champions,0
421,1,3496.05,3496.05,2025-08-07,146,3,1,1,5,Potential Loyalists,1
3696,2,34599.9,17299.95,2024-11-13,413,1,3,2,6,At Risk,1
3553,3,79120.99,26373.66,2025-05-30,215,3,4,3,10,Potential Loyalists,1
25,1,27421.66,27421.66,2025-04-08,267,2,1,1,4,Lost Customers,1
1498,3,45330.7,15110.23,2025-10-02,90,4,4,2,10,Loyal Customers,1
141,4,127246.85,31811.71,2025-12-02,29,5,5,4,14,Champions,0
3088,1,9104.67,9104.67,2025-05-03,242,2,1,1,4,Lost Customers,1
2664,2,48174.36,24087.18,2025-12-03,28,5,3,2,10,Loyal Customers,1
2512,2,19993.65,9996.83,2024-04-10,630,1,3,1,5,At Risk,1
1320,2,127901.78,63950.89,2025-03-05,301,2,3,4,9,At Risk,1
1420,8,217193.43,27149.18,2025-07-18,166,3,5,5,13,Potential Loyalists,0
465,4,116967.14,29241.79,2025-10-10,82,4,5,4,13,Champions,0
449,1,20140.92,20140.92,2025-09-14,108,4,1,1,6,New Customers,1
64,2,62854.37,31427.19,2025-03-18,288,2,3,3,8,At Risk,1
1853,3,88062.96,29354.32,2024-10-29,428,1,4,3,8,At Risk High Value,1
4549,5,188444.74,37688.95,2025-09-12,110,4,5,5,14,Champions,0
4184,7,188238.77,26891.25,2025-06-09,205,3,5,5,13,Potential Loyalists,0
2185,1,8650.69,8650.69,2025-04-27,248,2,1,1,4,Lost Customers,1
2714,3,70818.54,23606.18,2025-01-19,346,2,4,3,9,At Risk High Value,1
1421,1,68843.8,68843.8,2025-11-04,57,4,1,3,8,New Customers,1
828,3,37490.78,12496.93,2025-11-30,31,5,4,2,11,Loyal Customers,1
2468,1,38976.41,38976.41,2024-05-25,585,1,1,2,4,Lost Customers,1
2429,6,205190.85,34198.48,2025-07-06,178,3,5,5,13,Potential Loyalists,0
3309,1,24678.09,24678.09,2024-03-10,661,1,1,1,3,Lost Customers,1
4542,3,93508.03,31169.34,2025-11-30,31,5,4,4,13,Champions,0
3612,2,28551.26,14275.63,2025-11-04,57,4,3,1,8,Loyal Customers,1
4946,6,124808.92,20801.49,2025-10-04,88,4,5,4,13,Champions,0
1587,3,147928.29,49309.43,2025-07-25,159,3,4,5,12,Potential Loyalists,0
839,4,94538.91,23634.73,2025-09-23,99,4,5,4,13,Champions,0
2285,4,118225.84,29556.46,2025-11-04,57,4,5,4,13,Champions,0
1075,4,64021.25,16005.31,2025-08-08,145,3,5,3,11,Potential Loyalists,0
3726,3,183551.82,61183.94,2025-12-31,0,5,4,5,14,Champions,0
4062,3,22452.99,7484.33,2024-07-29,520,1,4,1,6,At Risk High Value,1
1128,3,72217.43,24072.48,2025-02-05,329,2,4,3,9,At Risk High Value,1
874,2,147972.08,73986.04,2024-12-15,381,1,3,5,9,At Risk,1
1284,3,113382.82,37794.27,2025-03-21,285,2,4,4,10,At Risk High Value,1
2922,3,71994.07,23998.02,2025-09-08,114,4,4,3,11,Loyal Customers,1
1899,2,79004.36,39502.18,2024-06-28,551,1,3,3,7,At Risk,1
1691,1,70550.38,70550.38,2024-12-21,375,1,1,3,5,Lost Customers,1
946,1,9269.79,9269.79,2024-08-19,499,1,1,1,3,Lost Customers,1
2108,3,46764.14,15588.05,2025-06-06,208,3,4,2,9,Potential Loyalists,1
4223,3,111069.31,37023.1,2025-11-17,44,5,4,4,13,Champions,0
770,3,44869.78,14956.59,2025-12-23,8,5,4,2,11,Loyal Customers,1
271,3,57302.05,19100.68,2025-11-23,38,5,4,2,11,Loyal Customers,1
22,6,280190.41,46698.4,2025-12-14,17,5,5,5,15,Champions,0
3042,1,7817.89,7817.89,2025-12-08,23,5,1,1,7,New Customers,1
2740,1,14549.26,14549.26,2024-01-21,710,1,1,1,3,Lost Customers,1
2541,3,157611.19,52537.06,2025-03-09,297,2,4,5,11,At Risk High Value,0
1175,1,17164.18,17164.18,2025-07-19,165,3,1,1,5,Potential Loyalists,1
4599,5,204986.49,40997.3,2025-12-12,19,5,5,5,15,Champions,0
4883,1,35791.69,35791.69,2024-01-15,716,1,1,2,4,Lost Customers,1
2686,6,87863.15,14643.86,2025-10-17,75,4,5,3,12,Loyal Customers,0
4448,2,49081.62,24540.81,2025-07-02,182,3,3,2,8,Potential Loyalists,1
390,3,81473.6,27157.87,2025-09-17,105,4,4,3,11,Loyal Customers,0
4951,1,9120.68,9120.68,2025-02-16,318,2,1,1,4,Lost Customers,1
3805,3,81477.62,27159.21,2025-11-12,49,5,4,3,12,Loyal Customers,0
2152,2,21132.57,10566.29,2024-04-10,630,1,3,1,5,At Risk,1
4269,3,153547.56,51182.52,2025-06-29,185,3,4,5,12,Potential Loyalists,0
1833,2,60850.37,30425.19,2025-02-12,322,2,3,2,7,At Risk,1
4936,2,180793.09,90396.55,2025-01-13,352,2,3,5,10,At Risk,0
2025,1,39290.64,39290.64,2024-08-02,516,1,1,2,4,Lost Customers,1
4481,2,12805.73,6402.87,2025-08-24,129,3,3,1,7,Potential Loyalists,1
4160,1,90485.5,90485.5,2024-01-23,708,1,1,3,5,Lost Customers,1
4762,2,31999.06,15999.53,2025-08-09,144,3,3,2,8,Potential Loyalists,1
1431,4,140838.01,35209.5,2025-11-14,47,5,5,5,15,Champions,0
120,4,193705.02,48426.26,2025-04-03,272,2,5,5,12,At Risk High Value,0
802,1,27831.63,27831.63,2025-11-05,56,5,1,1,7,New Customers,1
578,2,48246.5,24123.25,2024-10-02,455,1,3,2,6,At Risk,1
2259,1,78937.25,78937.25,2025-09-02,120,4,1,3,8,New Customers,1
1415,2,30070.42,15035.21,2025-03-19,287,2,3,1,6,At Risk,1
2332,7,188571.72,26938.82,2025-05-25,220,3,5,5,13,Potential Loyalists,0
2652,3,126884.78,42294.93,2025-09-27,95,4,4,4,12,Champions,0
4544,2,78359.03,39179.52,2024-11-30,396,1,3,3,7,At Risk,1
4875,2,77268.03,38634.02,2025-05-16,229,2,3,3,8,At Risk,1
1510,3,46594.48,15531.49,2025-01-06,359,2,4,2,8,At Risk High Value,1
2785,1,18398.97,18398.97,2024-02-03,697,1,1,1,3,Lost Customers,1
1749,5,157427.67,31485.53,2025-11-14,47,5,5,5,15,Champions,0
2006,2,76234.53,38117.27,2025-10-17,75,4,3,3,10,Loyal Customers,1
2313,7,154834.93,22119.28,2025-07-17,167,3,5,5,13,Potential Loyalists,0
1194,4,138758.7,34689.68,2025-12-31,0,5,5,5,15,Champions,0
1692,5,110541.1,22108.22,2025-12-29,2,5,5,4,14,Champions,0
1463,2,80827.63,40413.82,2025-01-23,342,2,3,3,8,At Risk,1
3277,2,63979.05,31989.53,2025-12-11,20,5,3,3,11,Loyal Customers,1
2400,1,13869.59,13869.59,2024-10-22,435,1,1,1,3,Lost Customers,1
3001,1,74253.31,74253.31,2025-02-01,333,2,1,3,6,Lost Customers,1
3617,1,8169.03,8169.03,2025-12-28,3,5,1,1,7,New Customers,1
315,1,15941.44,15941.44,2024-09-21,466,1,1,1,3,Lost Customers,1
1162,4,160283.65,40070.91,2025-08-26,127,3,5,5,13,Potential Loyalists,0
3639,2,36870.3,18435.15,2025-10-04,88,4,3,2,9,Loyal Customers,1
4048,8,197531.42,24691.43,2025-11-12,49,5,5,5,15,Champions,0
4999,1,30992.34,30992.34,2025-08-18,135,3,1,1,5,Potential Loyalists,1
2962,1,112650.53,112650.53,2024-04-21,619,1,1,4,6,Lost Customers,1
1841,2,80811.41,40405.71,2025-06-04,210,3,3,3,9,Potential Loyalists,1
4154,1,49279.45,49279.45,2025-06-27,187,3,1,2,6,Potential Loyalists,1
1239,2,5174.25,2587.13,2024-11-30,396,1,3,1,5,At Risk,1
3749,5,248487.01,49697.4,2025-07-06,178,3,5,5,13,Potential Loyalists,0
3811,3,59987.48,19995.83,2025-06-21,193,3,4,2,9,Potential Loyalists,1
54,2,55657.58,27828.79,2024-11-07,419,1,3,2,6,At Risk,1
4427,5,187656.42,37531.28,2025-11-18,43,5,5,5,15,Champions,0
4022,2,40772.45,20386.23,2025-07-12,172,3,3,2,8,Potential Loyalists,1
181,3,168545.19,56181.73,2025-07-21,163,3,4,5,12,Potential Loyalists,0
4085,1,13171.61,13171.61,2025-07-26,158,3,1,1,5,Potential Loyalists,1
1755,3,51364.74,17121.58,2025-11-09,52,5,4,2,11,Loyal Customers,1
2827,3,82956.83,27652.28,2025-12-07,24,5,4,3,12,Loyal Customers,0
963,4,27872.21,6968.05,2025-12-04,27,5,5,1,11,Loyal Customers,0
4845,6,238845.55,39807.59,2025-09-23,99,4,5,5,14,Champions,0
1278,2,21338.33,10669.17,2025-02-18,316,2,3,1,6,At Risk,1
2533,1,30079.22,30079.22,2025-01-24,341,2,1,1,4,Lost Customers,1
2630,4,132452.99,33113.25,2025-06-24,190,3,5,4,12,Potential Loyalists,0
3673,5,89033.92,17806.78,2025-08-03,150,3,5,3,11,Potential Loyalists,0
1007,4,79217.65,19804.41,2025-04-07,268,2,5,3,10,At Risk High Value,0
4457,2,10360.57,5180.29,2024-11-10,416,1,3,1,5,At Risk,1
1880,3,120126.19,40042.06,2024-12-11,385,1,4,4,9,At Risk High Value,1
4520,5,135031.09,27006.22,2025-10-16,76,4,5,4,13,Champions,0
3779,2,64651.8,32325.9,2025-10-24,68,4,3,3,10,Loyal Customers,1
4278,5,170470.07,34094.01,2025-05-29,216,3,5,5,13,Potential Loyalists,0
391,3,81778.99,27259.66,2025-03-11,295,2,4,3,9,At Risk High Value,1
487,2,101329.6,50664.8,2025-07-15,169,3,3,4,10,Potential Loyalists,1
4910,2,70925.76,35462.88,2025-11-17,44,5,3,3,11,Loyal Customers,1
4507,1,27979.7,27979.7,2025-12-23,8,5,1,1,7,New Customers,1
1190,1,4343.18,4343.18,2024-06-02,577,1,1,1,3,Lost Customers,1
1664,4,71875.26,17968.82,2025-09-02,120,4,5,3,12,Loyal Customers,0
2183,1,40691.93,40691.93,2024-01-23,708,1,1,2,4,Lost Customers,1
2609,4,137883.01,34470.75,2025-10-02,90,4,5,5,14,Champions,0
1321,3,114125.43,38041.81,2025-12-30,1,5,4,4,13,Champions,0
3287,3,170783.91,56927.97,2025-01-05,360,2,4,5,11,At Risk High Value,0
745,3,54042.26,18014.09,2025-12-06,25,5,4,2,11,Loyal Customers,1
1216,3,42128.86,14042.95,2025-04-10,265,2,4,2,8,At Risk High Value,1
3285,3,174402.61,58134.2,2025-05-28,217,3,4,5,12,Potential Loyalists,0
3061,5,129815.5,25963.1,2025-11-28,33,5,5,4,14,Champions,0
3774,2,69554.85,34777.43,2025-11-29,32,5,3,3,11,Loyal Customers,1
1324,4,113772.09,28443.02,2025-11-30,31,5,5,4,14,Champions,0
777,4,24349.01,6087.25,2025-09-17,105,4,5,1,10,Loyal Customers,1
4139,2,68010.41,34005.21,2025-12-27,4,5,3,3,11,Loyal Customers,1
1325,5,99871.21,19974.24,2025-07-17,167,3,5,4,12,Potential Loyalists,0
186,2,71322.35,35661.18,2024-11-04,422,1,3,3,7,At Risk,1
501,3,24075.29,8025.1,2025-11-26,35,5,4,1,10,Loyal Customers,1
4584,2,57018.74,28509.37,2025-11-24,37,5,3,2,10,Loyal Customers,1
2198,3,90127.16,30042.39,2025-10-22,70,4,4,3,11,Loyal Customers,0
2159,1,77282.85,77282.85,2025-12-11,20,5,1,3,9,New Customers,1
3828,1,55730.99,55730.99,2025-05-11,234,2,1,2,5,Lost Customers,1
750,5,98749.14,19749.83,2025-07-10,174,3,5,4,12,Potential Loyalists,0
4953,3,96215.91,32071.97,2025-07-02,182,3,4,4,11,Potential Loyalists,0
1679,1,35731.26,35731.26,2024-07-03,546,1,1,2,4,Lost Customers,1
1952,1,54305.23,54305.23,2025-01-03,362,2,1,2,5,Lost Customers,1
545,2,16746.61,8373.31,2025-11-12,49,5,3,1,9,Loyal Customers,1
3611,4,125957.19,31489.3,2025-12-13,18,5,5,4,14,Champions,0
4602,2,45035.08,22517.54,2024-08-12,506,1,3,2,6,At Risk,1
977,2,106499.49,53249.75,2024-07-17,532,1,3,4,8,At Risk,1
18,3,84726.51,28242.17,2025-12-21,10,5,4,3,12,Loyal Customers,0
3900,2,5838.9,2919.45,2025-09-27,95,4,3,1,8,Loyal Customers,1
3355,3,125696.03,41898.68,2025-04-03,272,2,4,4,10,At Risk High Value,0
2127,1,46116.34,46116.34,2025-08-16,137,3,1,2,6,Potential Loyalists,1
2733,1,20804.0,20804.0,2025-10-31,61,4,1,1,6,New Customers,1
2586,2,31753.03,15876.52,2025-02-28,306,2,3,2,7,At Risk,1
27,5,214192.84,42838.57,2025-11-17,44,5,5,5,15,Champions,0
143,1,20316.93,20316.93,2025-08-27,126,3,1,1,5,Potential Loyalists,1
58,1,9351.39,9351.39,2025-04-08,267,2,1,1,4,Lost Customers,1
4916,2,62490.84,31245.42,2025-12-16,15,5,3,3,11,Loyal Customers,1
228,1,43528.95,43528.95,2024-07-25,524,1,1,2,4,Lost Customers,1
2752,1,4444.24,4444.24,2024-07-09,540,1,1,1,3,Lost Customers,1
3814,1,10119.65,10119.65,2025-09-03,119,4,1,1,6,New Customers,1
850,1,80308.87,80308.87,2024-09-08,479,1,1,3,5,Lost Customers,1
294,3,70278.93,23426.31,2025-11-04,57,4,4,3,11,Loyal Customers,0
1800,3,126733.18,42244.39,2025-07-17,167,3,4,4,11,Potential Loyalists,0
3745,3,63372.89,21124.3,2025-04-10,265,2,4,3,9,At Risk High Value,1
1629,1,21532.66,21532.66,2025-10-28,64,4,1,1,6,New Customers,1
258,2,66333.13,33166.57,2025-11-05,56,5,3,3,11,Loyal Customers,1
2178,1,8642.95,8642.95,2025-07-30,154,3,1,1,5,Potential Loyalists,1
4545,2,111646.35,55823.18,2025-11-25,36,5,3,4,12,Loyal Customers,0
483,5,215195.48,43039.1,2024-10-18,439,1,5,5,11,At Risk High Value,0
4561,2,25462.23,12731.12,2025-08-10,143,3,3,1,7,Potential Loyalists,1
1708,2,12056.32,6028.16,2024-10-13,444,1,3,1,5,At Risk,1
3487,3,102240.2,34080.07,2025-09-17,105,4,4,4,12,Champions,0
1836,1,61866.67,61866.67,2024-01-29,702,1,1,3,5,Lost Customers,1
3884,1,34619.83,34619.83,2024-09-07,480,1,1,2,4,Lost Customers,1
2274,1,18263.08,18263.08,2025-05-20,225,2,1,1,4,Lost Customers,1
646,3,20053.7,6684.57,2025-09-29,93,4,4,1,9,Loyal Customers,1
3918,7,251039.03,35862.72,2025-11-16,45,5,5,5,15,Champions,0
3570,3,35840.45,11946.82,2025-09-23,99,4,4,2,10,Loyal Customers,1
1259,4,27792.9,6948.23,2025-07-13,171,3,5,1,9,Potential Loyalists,1
379,4,89818.01,22454.5,2025-09-10,112,4,5,3,12,Loyal Customers,0
320,6,175842.9,29307.15,2025-12-29,2,5,5,5,15,Champions,0
115,2,187455.23,93727.62,2025-07-01,183,3,3,5,11,Potential Loyalists,0
4627,3,34157.9,11385.97,2025-04-25,250,2,4,2,8,At Risk High Value,1
3822,2,64547.49,32273.75,2024-12-02,394,1,3,3,7,At Risk,1
3826,2,73668.39,36834.2,2025-11-07,54,5,3,3,11,Loyal Customers,1
4797,1,55643.83,55643.83,2025-03-03,303,2,1,2,5,Lost Customers,1
4632,4,119343.81,29835.95,2025-07-17,167,3,5,4,12,Potential Loyalists,0
2401,3,36109.85,12036.62,2025-06-11,203,3,4,2,9,Potential Loyalists,1
127,1,20881.84,20881.84,2024-02-03,697,1,1,1,3,Lost Customers,1
1285,2,12515.43,6257.72,2025-04-12,263,2,3,1,6,At Risk,1
1697,4,45134.77,11283.69,2025-01-10,355,2,5,2,9,At Risk High Value,1
3196,3,143988.24,47996.08,2024-08-12,506,1,4,5,10,At Risk High Value,1
3438,3,98703.27,32901.09,2025-05-27,218,3,4,4,11,Potential Loyalists,1
4865,2,134575.63,67287.82,2025-08-22,131,3,3,4,10,Potential Loyalists,0
2171,2,34180.98,17090.49,2025-11-12,49,5,3,2,10,Loyal Customers,1
2121,3,172764.32,57588.11,2025-11-05,56,5,4,5,14,Champions,0
3503,3,62860.43,20953.48,2025-04-11,264,2,4,3,9,At Risk High Value,1
1924,4,184808.32,46202.08,2025-11-04,57,4,5,5,14,Champions,0
3212,1,1471.86,1471.86,2025-11-20,41,5,1,1,7,New Customers,1
3415,2,19173.17,9586.59,2024-04-06,634,1,3,1,5,At Risk,1
4040,2,27438.28,13719.14,2025-05-07,238,2,3,1,6,At Risk,1
2987,2,70789.58,35394.79,2025-01-23,342,2,3,3,8,At Risk,1
1447,4,106530.14,26632.54,2025-05-22,223,2,5,4,11,At Risk High Value,0
1866,3,92043.17,30681.06,2025-01-01,364,2,4,3,9,At Risk High Value,1
4059,5,205706.89,41141.38,2025-12-02,29,5,5,5,15,Champions,0
153,3,102830.81,34276.94,2024-06-19,560,1,4,4,9,At Risk High Value,1
3467,2,37759.23,18879.62,2024-06-03,576,1,3,2,6,At Risk,1
676,2,38022.66,19011.33,2025-08-11,142,3,3,2,8,Potential Loyalists,1
214,2,99866.27,49933.14,2025-06-10,204,3,3,4,10,Potential Loyalists,1
2389,6,330283.29,55047.22,2025-07-22,162,3,5,5,13,Potential Loyalists,0
3041,2,31830.84,15915.42,2024-11-15,411,1,3,2,6,At Risk,1
2839,6,239182.57,39863.76,2025-12-13,18,5,5,5,15,Champions,0
4838,1,82132.41,82132.41,2025-12-24,7,5,1,3,9,New Customers,1
4171,2,26087.46,13043.73,2024-07-06,543,1,3,1,5,At Risk,1
3674,1,53158.06,53158.06,2025-12-08,23,5,1,2,8,New Customers,1
4410,2,45982.87,22991.44,2025-08-07,146,3,3,2,8,Potential Loyalists,1
2218,3,29410.92,9803.64,2025-12-03,28,5,4,1,10,Loyal Customers,1
3379,3,130087.15,43362.38,2025-10-07,85,4,4,4,12,Champions,0
945,3,71904.77,23968.26,2025-03-12,294,2,4,3,9,At Risk High Value,1
4309,3,161313.8,53771.27,2025-05-06,239,2,4,5,11,At Risk High Value,0
3392,3,44567.53,14855.84,2025-02-21,313,2,4,2,8,At Risk High Value,1
1951,3,88160.12,29386.71,2025-08-02,151,3,4,3,10,Potential Loyalists,0
1203,1,73504.8,73504.8,2024-09-28,459,1,1,3,5,Lost Customers,1
1915,2,33198.42,16599.21,2024-11-26,400,1,3,2,6,At Risk,1
4312,1,749.69,749.69,2025-03-10,296,2,1,1,4,Lost Customers,1
4170,1,53989.83,53989.83,2025-05-18,227,2,1,2,5,Lost Customers,1
840,2,47796.81,23898.41,2025-06-12,202,3,3,2,8,Potential Loyalists,1
4235,2,2881.83,1440.92,2025-08-25,128,3,3,1,7,Potential Loyalists,1
2109,3,103448.32,34482.77,2025-09-02,120,4,4,4,12,Champions,0
4135,1,3557.98,3557.98,2025-04-13,262,2,1,1,4,Lost Customers,1
2945,4,92261.87,23065.47,2025-07-31,153,3,5,3,11,Potential Loyalists,0
3,3,30647.69,10215.9,2025-12-15,16,5,4,1,10,Loyal Customers,1
921,3,59082.33,19694.11,2025-07-05,179,3,4,2,9,Potential Loyalists,1
1780,1,53535.18,53535.18,2024-02-14,686,1,1,2,4,Lost Customers,1
2012,5,143947.84,28789.57,2025-09-28,94,4,5,5,14,Champions,0
3492,2,104069.97,52034.99,2025-01-15,350,2,3,4,9,At Risk,1
4814,2,8280.24,4140.12,2025-07-12,172,3,3,1,7,Potential Loyalists,1
2446,2,59016.83,29508.42,2025-09-19,103,4,3,2,9,Loyal Customers,1
4624,5,254611.45,50922.29,2025-04-02,273,2,5,5,12,At Risk High Value,0
3910,4,153516.2,38379.05,2025-12-24,7,5,5,5,15,Champions,0
1295,1,9508.58,9508.58,2025-02-07,327,2,1,1,4,Lost Customers,1
3178,1,42351.01,42351.01,2025-11-05,56,5,1,2,8,New Customers,1
2904,2,111713.51,55856.76,2025-11-06,55,5,3,4,12,Loyal Customers,0
2151,1,27496.69,27496.69,2024-01-15,716,1,1,1,3,Lost Customers,1
2780,4,132571.98,33143.0,2024-12-31,365,2,5,4,11,At Risk High Value,0
3007,2,57593.7,28796.85,2025-07-19,165,3,3,2,8,Potential Loyalists,1
2741,1,11136.18,11136.18,2024-01-31,700,1,1,1,3,Lost Customers,1
3099,4,186747.07,46686.77,2025-11-27,34,5,5,5,15,Champions,0
1870,4,282527.45,70631.86,2025-06-24,190,3,5,5,13,Potential Loyalists,0
3789,6,135892.36,22648.73,2025-12-10,21,5,5,4,14,Champions,0
4679,1,17243.89,17243.89,2024-06-02,577,1,1,1,3,Lost Customers,1
978,4,235479.08,58869.77,2025-09-04,118,4,5,5,14,Champions,0
2676,3,68614.88,22871.63,2025-05-23,222,2,4,3,9,At Risk High Value,1
4558,3,68497.13,22832.38,2025-07-19,165,3,4,3,10,Potential Loyalists,1
3848,4,110672.07,27668.02,2025-12-01,30,5,5,4,14,Champions,0
3524,3,51162.47,17054.16,2025-06-30,184,3,4,2,9,Potential Loyalists,1
387,1,26831.12,26831.12,2025-05-29,216,3,1,1,5,Potential Loyalists,1
3111,4,137046.33,34261.58,2025-12-27,4,5,5,4,14,Champions,0
2706,3,79041.1,26347.03,2025-08-23,130,3,4,3,10,Potential Loyalists,1
2597,5,144798.85,28959.77,2025-12-13,18,5,5,5,15,Champions,0
3105,3,149335.02,49778.34,2025-10-07,85,4,4,5,13,Champions,0
2967,1,19499.24,19499.24,2024-01-26,705,1,1,1,3,Lost Customers,1
2716,7,238728.3,34104.04,2025-12-06,25,5,5,5,15,Champions,0
1337,5,111333.08,22266.62,2025-10-09,83,4,5,4,13,Champions,0
2531,1,4273.46,4273.46,2025-04-04,271,2,1,1,4,Lost Customers,1
3132,4,186211.79,46552.95,2025-08-17,136,3,5,5,13,Potential Loyalists,0
1209,4,105115.9,26278.98,2025-08-01,152,3,5,4,12,Potential Loyalists,0
2306,4,138295.97,34573.99,2025-09-12,110,4,5,5,14,Champions,0
4498,4,113528.01,28382.0,2025-04-22,253,2,5,4,11,At Risk High Value,0
4377,3,65570.76,21856.92,2025-06-25,189,3,4,3,10,Potential Loyalists,1
3380,4,174742.8,43685.7,2025-08-21,132,3,5,5,13,Potential Loyalists,0
3705,3,66706.59,22235.53,2025-08-09,144,3,4,3,10,Potential Loyalists,1
2559,1,64551.69,64551.69,2024-04-12,628,1,1,3,5,Lost Customers,1
3920,5,153866.23,30773.25,2025-05-08,237,2,5,5,12,At Risk High Value,0
2674,2,21841.4,10920.7,2025-08-12,141,3,3,1,7,Potential Loyalists,1
793,4,71669.74,17917.44,2025-08-18,135,3,5,3,11,Potential Loyalists,0
4825,5,56404.59,11280.92,2025-02-04,330,2,5,2,9,At Risk High Value,0
3916,1,15853.56,15853.56,2024-02-09,691,1,1,1,3,Lost Customers,1
2380,7,249745.44,35677.92,2025-05-28,217,3,5,5,13,Potential Loyalists,0
2681,3,140352.75,46784.25,2025-02-23,311,2,4,5,11,At Risk High Value,0
702,2,159317.55,79658.78,2025-05-14,231,2,3,5,10,At Risk,0
4595,2,11727.82,5863.91,2024-11-11,415,1,3,1,5,At Risk,1
194,2,33886.95,16943.48,2025-01-14,351,2,3,2,7,At Risk,1
2230,2,41666.12,20833.06,2025-06-05,209,3,3,2,8,Potential Loyalists,1
1620,3,227681.94,75893.98,2025-10-19,73,4,4,5,13,Champions,0
476,1,61303.54,61303.54,2024-09-26,461,1,1,3,5,Lost Customers,1
883,3,84437.35,28145.78,2025-10-04,88,4,4,3,11,Loyal Customers,0
2156,4,30002.5,7500.63,2025-03-15,291,2,5,1,8,At Risk High Value,1
374,2,116093.77,58046.89,2024-09-06,481,1,3,4,8,At Risk,1
1544,4,137871.63,34467.91,2025-11-21,40,5,5,4,14,Champions,0
1632,1,19790.77,19790.77,2025-06-15,199,3,1,1,5,Potential Loyalists,1
3727,3,118288.01,39429.34,2025-10-08,84,4,4,4,12,Champions,0
1210,2,22260.05,11130.03,2025-12-11,20,5,3,1,9,Loyal Customers,1
719,2,79337.45,39668.73,2025-09-10,112,4,3,3,10,Loyal Customers,1
2975,1,3221.7,3221.7,2024-01-16,715,1,1,1,3,Lost Customers,1
318,3,118463.43,39487.81,2025-08-20,133,3,4,4,11,Potential Loyalists,0
933,1,2121.93,2121.93,2024-12-09,387,1,1,1,3,Lost Customers,1
4996,3,32741.18,10913.73,2025-10-09,83,4,4,2,10,Loyal Customers,1
647,3,143695.33,47898.44,2025-08-11,142,3,4,5,12,Potential Loyalists,0
4141,2,60265.17,30132.59,2025-02-07,327,2,3,2,7,At Risk,1
593,3,45537.62,15179.21,2025-04-30,245,2,4,2,8,At Risk High Value,1
293,1,86240.37,86240.37,2025-06-06,208,3,1,3,7,Potential Loyalists,1
3739,1,16217.11,16217.11,2025-11-09,52,5,1,1,7,New Customers,1
3790,4,130078.44,32519.61,2025-06-04,210,3,5,4,12,Potential Loyalists,0
3419,1,14006.78,14006.78,2025-01-29,336,2,1,1,4,Lost Customers,1
3971,6,306356.52,51059.42,2025-11-22,39,5,5,5,15,Champions,0
3750,1,5333.65,5333.65,2025-05-12,233,2,1,1,4,Lost Customers,1
2659,2,79711.81,39855.91,2025-03-27,279,2,3,3,8,At Risk,1
3562,3,78603.55,26201.18,2025-08-23,130,3,4,3,10,Potential Loyalists,1
154,3,95181.41,31727.14,2025-03-15,291,2,4,4,10,At Risk High Value,1
3563,2,60642.61,30321.31,2025-10-05,87,4,3,2,9,Loyal Customers,1
4109,1,94409.76,94409.76,2025-01-18,347,2,1,4,7,Lost Customers,1
2969,1,39750.52,39750.52,2024-05-01,609,1,1,2,4,Lost Customers,1
4071,1,100246.54,100246.54,2024-02-21,679,1,1,4,6,Lost Customers,1
4196,1,12838.25,12838.25,2024-01-23,708,1,1,1,3,Lost Customers,1
4055,4,121930.14,30482.54,2025-09-21,101,4,5,4,13,Champions,0
1666,1,35903.44,35903.44,2025-07-25,159,3,1,2,6,Potential Loyalists,1
2557,5,181793.15,36358.63,2025-06-07,207,3,5,5,13,Potential Loyalists,0
1910,1,13247.38,13247.38,2025-01-03,362,2,1,1,4,Lost Customers,1
3832,3,41678.76,13892.92,2025-08-02,151,3,4,2,9,Potential Loyalists,1
2049,3,112985.31,37661.77,2025-02-02,332,2,4,4,10,At Risk High Value,1
2582,4,105089.11,26272.28,2025-01-02,363,2,5,4,11,At Risk High Value,0
351,1,57425.25,57425.25,2025-04-10,265,2,1,2,5,Lost Customers,1
4954,2,47635.7,23817.85,2025-05-18,227,2,3,2,7,At Risk,1
3968,2,66640.37,33320.19,2025-04-23,252,2,3,3,8,At Risk,1
3923,1,46667.0,46667.0,2024-05-24,586,1,1,2,4,Lost Customers,1
4046,2,80394.19,40197.1,2025-12-10,21,5,3,3,11,Loyal Customers,1
3371,4,45794.63,11448.66,2025-01-17,348,2,5,2,9,At Risk High Value,1
1733,3,18901.13,6300.38,2025-01-26,339,2,4,1,7,At Risk High Value,1
3592,2,21912.85,10956.43,2025-06-18,196,3,3,1,7,Potential Loyalists,1
2318,2,33921.7,16960.85,2024-11-24,402,1,3,2,6,At Risk,1
970,3,158094.86,52698.29,2025-12-07,24,5,4,5,14,Champions,0
3488,1,57512.87,57512.87,2024-12-03,393,1,1,2,4,Lost Customers,1
1974,2,30824.73,15412.37,2025-10-23,69,4,3,1,8,Loyal Customers,1
732,4,160375.57,40093.89,2025-09-27,95,4,5,5,14,Champions,0
1711,2,23753.89,11876.95,2025-03-20,286,2,3,1,6,At Risk,1
4526,1,3745.32,3745.32,2024-10-14,443,1,1,1,3,Lost Customers,1
1627,4,163208.11,40802.03,2025-06-27,187,3,5,5,13,Potential Loyalists,0
2556,1,4471.2,4471.2,2025-04-03,272,2,1,1,4,Lost Customers,1
734,5,165683.32,33136.66,2025-07-10,174,3,5,5,13,Potential Loyalists,0
2053,3,80985.29,26995.1,2025-12-06,25,5,4,3,12,Loyal Customers,0
3893,2,55492.98,27746.49,2025-07-21,163,3,3,2,8,Potential Loyalists,1
1563,2,55910.21,27955.11,2025-05-13,232,2,3,2,7,At Risk,1
3633,4,80631.6,20157.9,2025-02-07,327,2,5,3,10,At Risk High Value,1
2501,1,12994.22,12994.22,2025-07-23,161,3,1,1,5,Potential Loyalists,1
3625,2,48175.08,24087.54,2024-06-26,553,1,3,2,6,At Risk,1
1219,5,91751.82,18350.36,2025-05-12,233,2,5,3,10,At Risk High Value,0
3616,4,99897.58,24974.4,2025-08-06,147,3,5,4,12,Potential Loyalists,0
3160,2,37572.11,18786.06,2025-04-23,252,2,3,2,7,At Risk,1
1827,3,56988.79,18996.26,2025-11-09,52,5,4,2,11,Loyal Customers,1
3819,5,76819.76,15363.95,2025-12-04,27,5,5,3,13,Loyal Customers,0
626,1,13197.24,13197.24,2025-03-01,305,2,1,1,4,Lost Customers,1
3634,1,11275.4,11275.4,2024-12-02,394,1,1,1,3,Lost Customers,1
4349,5,108278.39,21655.68,2025-02-25,309,2,5,4,11,At Risk High Value,0
4125,1,5016.59,5016.59,2024-09-28,459,1,1,1,3,Lost Customers,1
470,1,63635.23,63635.23,2024-06-21,558,1,1,3,5,Lost Customers,1
4112,4,36419.27,9104.82,2025-10-29,63,4,5,2,11,Loyal Customers,0
1565,1,57419.69,57419.69,2025-09-26,96,4,1,2,7,New Customers,1
2018,5,266906.98,53381.4,2025-10-10,82,4,5,5,14,Champions,0
2632,1,7744.42,7744.42,2025-02-27,307,2,1,1,4,Lost Customers,1
3134,3,100474.63,33491.54,2025-12-15,16,5,4,4,13,Champions,0
478,2,132534.69,66267.35,2025-02-14,320,2,3,4,9,At Risk,1
577,4,148934.37,37233.59,2025-12-08,23,5,5,5,15,Champions,0
1057,3,68432.43,22810.81,2025-07-26,158,3,4,3,10,Potential Loyalists,1
2768,6,168818.85,28136.48,2025-06-26,188,3,5,5,13,Potential Loyalists,0
4553,2,30985.72,15492.86,2025-06-08,206,3,3,1,7,Potential Loyalists,1
2310,2,52497.27,26248.64,2025-10-15,77,4,3,2,9,Loyal Customers,1
634,4,107418.58,26854.65,2025-09-29,93,4,5,4,13,Champions,0
2995,5,161460.04,32292.01,2025-10-17,75,4,5,5,14,Champions,0
1771,3,194644.95,64881.65,2024-10-14,443,1,4,5,10,At Risk High Value,0
2225,6,170441.25,28406.88,2025-12-08,23,5,5,5,15,Champions,0
4722,2,62992.33,31496.17,2025-06-21,193,3,3,3,9,Potential Loyalists,1
1016,3,154456.37,51485.46,2025-11-26,35,5,4,5,14,Champions,0
3730,2,17882.44,8941.22,2024-10-26,431,1,3,1,5,At Risk,1
2703,4,176650.44,44162.61,2025-08-20,133,3,5,5,13,Potential Loyalists,0
3458,1,8327.65,8327.65,2024-10-01,456,1,1,1,3,Lost Customers,1
2509,4,200026.12,50006.53,2025-01-01,364,2,5,5,12,At Risk High Value,0
4585,2,42790.49,21395.25,2025-09-08,114,4,3,2,9,Loyal Customers,1
3816,2,93330.53,46665.27,2025-11-12,49,5,3,4,12,Loyal Customers,1
2284,1,19333.91,19333.91,2025-07-28,156,3,1,1,5,Potential Loyalists,1
3679,7,169613.63,24230.52,2025-03-07,299,2,5,5,12,At Risk High Value,0
1661,3,83034.95,27678.32,2025-02-05,329,2,4,3,9,At Risk High Value,1
954,1,16012.42,16012.42,2024-07-23,526,1,1,1,3,Lost Customers,1
3128,2,71531.84,35765.92,2025-09-22,100,4,3,3,10,Loyal Customers,1
2440,5,185012.54,37002.51,2025-12-25,6,5,5,5,15,Champions,0
2267,8,283619.25,35452.41,2025-06-25,189,3,5,5,13,Potential Loyalists,0
3129,2,66952.82,33476.41,2025-05-30,215,3,3,3,9,Potential Loyalists,1
3109,2,18542.97,9271.49,2024-05-28,582,1,3,1,5,At Risk,1
2181,6,183794.44,30632.41,2025-10-01,91,4,5,5,14,Champions,0
4541,4,127878.45,31969.61,2025-09-08,114,4,5,4,13,Champions,0
3604,1,11712.63,11712.63,2025-06-30,184,3,1,1,5,Potential Loyalists,1
2398,4,132119.62,33029.91,2025-02-03,331,2,5,4,11,At Risk High Value,0
2837,1,3977.78,3977.78,2024-08-16,502,1,1,1,3,Lost Customers,1
2453,2,44440.43,22220.22,2024-12-29,367,2,3,2,7,At Risk,1
1427,4,191216.35,47804.09,2025-08-26,127,3,5,5,13,Potential Loyalists,0
4266,6,167502.36,27917.06,2025-07-30,154,3,5,5,13,Potential Loyalists,0
686,6,172882.72,28813.79,2025-08-01,152,3,5,5,13,Potential Loyalists,0
4795,3,76440.91,25480.3,2025-10-04,88,4,4,3,11,Loyal Customers,0
3126,1,64661.37,64661.37,2025-11-28,33,5,1,3,9,New Customers,1
3821,3,68736.48,22912.16,2025-10-29,63,4,4,3,11,Loyal Customers,0
3573,6,350800.74,58466.79,2025-10-25,67,4,5,5,14,Champions,0
2583,2,20684.43,10342.22,2025-10-06,86,4,3,1,8,Loyal Customers,1
974,3,37687.28,12562.43,2025-08-07,146,3,4,2,9,Potential Loyalists,1
1406,2,15214.29,7607.15,2024-03-06,665,1,3,1,5,At Risk,1
1849,3,10153.9,3384.63,2025-11-23,38,5,4,1,10,Loyal Customers,1
3110,2,154618.4,77309.2,2024-09-14,473,1,3,5,9,At Risk,1
2549,2,40018.33,20009.17,2025-06-22,192,3,3,2,8,Potential Loyalists,1
1149,1,3495.53,3495.53,2024-08-27,491,1,1,1,3,Lost Customers,1
4187,1,5310.36,5310.36,2025-12-29,2,5,1,1,7,New Customers,1
2570,3,115015.13,38338.38,2025-10-17,75,4,4,4,12,Champions,0
3597,2,45500.06,22750.03,2025-05-25,220,3,3,2,8,Potential Loyalists,1
1993,1,1624.15,1624.15,2025-04-13,262,2,1,1,4,Lost Customers,1
93,7,234868.39,33552.63,2025-12-29,2,5,5,5,15,Champions,0
3341,4,101520.26,25380.07,2025-01-31,334,2,5,4,11,At Risk High Value,0
3629,4,163536.52,40884.13,2025-09-25,97,4,5,5,14,Champions,0
1513,2,93404.94,46702.47,2025-10-20,72,4,3,4,11,Loyal Customers,1
3864,2,70024.82,35012.41,2025-11-11,50,5,3,3,11,Loyal Customers,1
1871,4,118440.35,29610.09,2025-12-20,11,5,5,4,14,Champions,0
609,7,224681.53,32097.36,2025-07-08,176,3,5,5,13,Potential Loyalists,0
195,4,137721.9,34430.48,2025-09-14,108,4,5,4,13,Champions,0
1286,3,126391.71,42130.57,2025-05-30,215,3,4,4,11,Potential Loyalists,0
3163,2,25209.84,12604.92,2024-12-31,365,2,3,1,6,At Risk,1
1529,2,56229.52,28114.76,2025-08-16,137,3,3,2,8,Potential Loyalists,1
1153,3,60776.21,20258.74,2025-10-29,63,4,4,2,10,Loyal Customers,1
3354,3,135212.89,45070.96,2025-12-12,19,5,4,4,13,Champions,0
3067,2,87383.95,43691.98,2024-12-15,381,1,3,3,7,At Risk,1
2924,3,78816.29,26272.1,2024-08-23,495,1,4,3,8,At Risk High Value,1
4890,5,198284.38,39656.88,2025-11-01,60,4,5,5,14,Champions,0
3685,1,4529.84,4529.84,2024-02-07,693,1,1,1,3,Lost Customers,1
1744,4,100510.08,25127.52,2025-12-16,15,5,5,4,14,Champions,0
4383,1,3028.13,3028.13,2025-04-20,255,2,1,1,4,Lost Customers,1
2994,3,168517.0,56172.33,2025-12-19,12,5,4,5,14,Champions,0
4592,1,40272.05,40272.05,2025-03-19,287,2,1,2,5,Lost Customers,1
1047,3,85554.8,28518.27,2025-07-26,158,3,4,3,10,Potential Loyalists,1
2036,6,114068.57,19011.43,2025-08-06,147,3,5,4,12,Potential Loyalists,0
4224,8,209613.0,26201.63,2025-05-19,226,2,5,5,12,At Risk High Value,0
2195,2,71507.98,35753.99,2024-12-09,387,1,3,3,7,At Risk,1
2320,1,2504.44,2504.44,2024-05-19,591,1,1,1,3,Lost Customers,1
2876,1,18440.24,18440.24,2025-02-13,321,2,1,1,4,Lost Customers,1
2490,3,124554.77,41518.26,2025-08-19,134,3,4,4,11,Potential Loyalists,0
892,1,12948.1,12948.1,2025-02-21,313,2,1,1,4,Lost Customers,1
2660,3,107697.06,35899.02,2025-06-25,189,3,4,4,11,Potential Loyalists,0
1083,9,248036.53,27559.61,2025-12-09,22,5,5,5,15,Champions,0
1675,6,73873.34,12312.22,2025-12-09,22,5,5,3,13,Loyal Customers,0
4399,3,68193.92,22731.31,2025-11-04,57,4,4,3,11,Loyal Customers,0
3399,1,12374.72,12374.72,2025-10-24,68,4,1,1,6,New Customers,1
503,3,128845.58,42948.53,2025-09-03,119,4,4,4,12,Champions,0
1154,2,92604.48,46302.24,2025-04-08,267,2,3,3,8,At Risk,1
3512,3,128853.48,42951.16,2025-04-11,264,2,4,4,10,At Risk High Value,0
1888,1,73654.22,73654.22,2024-11-01,425,1,1,3,5,Lost Customers,1
3185,2,66259.64,33129.82,2024-09-04,483,1,3,3,7,At Risk,1
1356,3,152721.58,50907.19,2025-12-05,26,5,4,5,14,Champions,0
3613,2,79984.26,39992.13,2025-08-25,128,3,3,3,9,Potential Loyalists,1
994,1,81241.86,81241.86,2024-05-27,583,1,1,3,5,Lost Customers,1
1099,4,95921.72,23980.43,2025-06-12,202,3,5,4,12,Potential Loyalists,0
3152,5,149587.01,29917.4,2025-12-06,25,5,5,5,15,Champions,0
2923,4,140897.23,35224.31,2025-12-05,26,5,5,5,15,Champions,0
2778,3,79645.6,26548.53,2025-02-11,323,2,4,3,9,At Risk High Value,1
2537,2,66606.92,33303.46,2025-11-22,39,5,3,3,11,Loyal Customers,1
3742,3,85178.37,28392.79,2024-11-07,419,1,4,3,8,At Risk High Value,1
2209,2,92183.04,46091.52,2024-07-21,528,1,3,3,7,At Risk,1
1893,2,163546.55,81773.28,2025-01-15,350,2,3,5,10,At Risk,1
106,1,6188.4,6188.4,2024-07-09,540,1,1,1,3,Lost Customers,1
962,3,120627.17,40209.06,2025-04-19,256,2,4,4,10,At Risk High Value,0
1200,1,29103.96,29103.96,2025-10-08,84,4,1,1,6,New Customers,1
3867,2,22912.81,11456.41,2024-12-29,367,2,3,1,6,At Risk,1
3194,1,7639.85,7639.85,2025-03-17,289,2,1,1,4,Lost Customers,1
1010,2,3980.66,1990.33,2025-11-15,46,5,3,1,9,Loyal Customers,1
2177,2,43170.26,21585.13,2025-04-15,260,2,3,2,7,At Risk,1
178,3,90883.57,30294.52,2025-08-11,142,3,4,3,10,Potential Loyalists,0
2899,1,27520.85,27520.85,2024-12-28,368,2,1,1,4,Lost Customers,1
3356,1,5914.51,5914.51,2024-02-27,673,1,1,1,3,Lost Customers,1
3234,3,69961.24,23320.41,2025-07-03,181,3,4,3,10,Potential Loyalists,1
795,2,140958.84,70479.42,2025-04-25,250,2,3,5,10,At Risk,1
8,2,17178.09,8589.05,2025-10-13,79,4,3,1,8,Loyal Customers,1
934,2,49925.35,24962.68,2025-06-14,200,3,3,2,8,Potential Loyalists,1
1690,2,70235.85,35117.93,2025-12-23,8,5,3,3,11,Loyal Customers,1
1556,1,54329.66,54329.66,2025-10-21,71,4,1,2,7,New Customers,1
370,2,73927.37,36963.69,2025-02-06,328,2,3,3,8,At Risk,1
3026,3,94197.53,31399.18,2024-12-03,393,1,4,4,9,At Risk High Value,1
4053,3,11172.01,3724.0,2025-04-26,249,2,4,1,7,At Risk High Value,1
1135,5,181388.67,36277.73,2025-11-02,59,4,5,5,14,Champions,0
2843,1,77171.04,77171.04,2024-01-27,704,1,1,3,5,Lost Customers,1
4646,3,84428.75,28142.92,2025-02-10,324,2,4,3,9,At Risk High Value,1
2972,3,57411.48,19137.16,2025-11-22,39,5,4,2,11,Loyal Customers,1
3480,3,135024.81,45008.27,2025-01-03,362,2,4,4,10,At Risk High Value,1
2565,2,43441.4,21720.7,2025-11-07,54,5,3,2,10,Loyal Customers,1
4898,4,158390.24,39597.56,2025-09-09,113,4,5,5,14,Champions,0
2076,2,34526.37,17263.19,2025-10-11,81,4,3,2,9,Loyal Customers,1
2525,1,9683.75,9683.75,2025-01-25,340,2,1,1,4,Lost Customers,1
854,1,34305.68,34305.68,2024-08-16,502,1,1,2,4,Lost Customers,1
1234,1,991.99,991.99,2025-12-03,28,5,1,1,7,New Customers,1
2422,3,64461.66,21487.22,2025-03-04,302,2,4,3,9,At Risk High Value,1
1471,2,84776.25,42388.13,2025-11-29,32,5,3,3,11,Loyal Customers,1
60,1,13023.02,13023.02,2025-08-30,123,4,1,1,6,New Customers,1
3086,3,88658.94,29552.98,2025-02-01,333,2,4,3,9,At Risk High Value,1
3614,3,67908.86,22636.29,2025-07-11,173,3,4,3,10,Potential Loyalists,1
4694,2,61142.41,30571.21,2025-03-01,305,2,3,2,7,At Risk,1
2382,2,22472.09,11236.05,2025-01-21,344,2,3,1,6,At Risk,1
518,5,104438.4,20887.68,2025-07-29,155,3,5,4,12,Potential Loyalists,0
2996,1,33442.66,33442.66,2025-01-22,343,2,1,2,5,Lost Customers,1
1299,2,49232.9,24616.45,2025-02-21,313,2,3,2,7,At Risk,1
2247,4,83413.87,20853.47,2025-06-05,209,3,5,3,11,Potential Loyalists,0
4456,3,89555.87,29851.96,2025-09-30,92,4,4,3,11,Loyal Customers,0
2571,5,134715.73,26943.15,2025-05-03,242,2,5,4,11,At Risk High Value,0
2883,2,46442.12,23221.06,2024-12-10,386,1,3,2,6,At Risk,1
1488,4,114094.64,28523.66,2025-11-21,40,5,5,4,14,Champions,0
2542,2,16833.65,8416.83,2025-04-06,269,2,3,1,6,At Risk,1
715,2,54484.38,27242.19,2025-08-20,133,3,3,2,8,Potential Loyalists,1
235,6,213045.52,35507.59,2025-11-16,45,5,5,5,15,Champions,0
4543,2,54630.77,27315.39,2025-10-14,78,4,3,2,9,Loyal Customers,1
4004,6,119124.43,19854.07,2025-11-29,32,5,5,4,14,Champions,0
763,2,29258.1,14629.05,2025-06-18,196,3,3,1,7,Potential Loyalists,1
2612,4,161050.24,40262.56,2025-04-15,260,2,5,5,12,At Risk High Value,0
3913,3,50487.16,16829.05,2025-12-09,22,5,4,2,11,Loyal Customers,1
4006,5,133079.33,26615.87,2025-01-13,352,2,5,4,11,At Risk High Value,0
4848,1,16420.21,16420.21,2024-08-04,514,1,1,1,3,Lost Customers,1
338,3,41583.78,13861.26,2025-09-09,113,4,4,2,10,Loyal Customers,1
4971,6,134029.27,22338.21,2025-08-07,146,3,5,4,12,Potential Loyalists,0
3605,3,53961.5,17987.17,2024-12-07,389,1,4,2,7,At Risk High Value,1
1066,3,122229.31,40743.1,2025-04-20,255,2,4,4,10,At Risk High Value,0
2858,1,56799.52,56799.52,2025-10-23,69,4,1,2,7,New Customers,1
358,4,114302.86,28575.72,2025-09-15,107,4,5,4,13,Champions,0
2442,3,20963.26,6987.75,2025-07-01,183,3,4,1,8,Potential Loyalists,1
950,1,64003.99,64003.99,2024-02-13,687,1,1,3,5,Lost Customers,1
3958,4,132874.08,33218.52,2025-12-16,15,5,5,4,14,Champions,0
1168,1,9576.77,9576.77,2025-11-26,35,5,1,1,7,New Customers,1
3317,5,162645.02,32529.0,2025-07-04,180,3,5,5,13,Potential Loyalists,0
2958,1,90612.17,90612.17,2024-11-04,422,1,1,3,5,Lost Customers,1
4501,3,105377.51,35125.84,2025-11-21,40,5,4,4,13,Champions,0
1260,3,36029.43,12009.81,2025-06-24,190,3,4,2,9,Potential Loyalists,1
1527,1,18932.4,18932.4,2025-07-24,160,3,1,1,5,Potential Loyalists,1
232,2,33131.3,16565.65,2025-08-30,123,4,3,2,9,Loyal Customers,1
3121,5,138442.02,27688.4,2025-10-11,81,4,5,5,14,Champions,0
77,2,51561.57,25780.79,2025-04-20,255,2,3,2,7,At Risk,1
3158,2,47388.94,23694.47,2025-05-24,221,3,3,2,8,Potential Loyalists,1
4835,3,134414.03,44804.68,2025-04-30,245,2,4,4,10,At Risk High Value,0
131,3,84442.1,28147.37,2025-02-14,320,2,4,3,9,At Risk High Value,1
1624,3,47619.12,15873.04,2024-07-05,544,1,4,2,7,At Risk High Value,1
3254,2,118677.72,59338.86,2025-05-27,218,3,3,4,10,Potential Loyalists,1
1609,4,83461.7,20865.43,2025-10-03,89,4,5,3,12,Loyal Customers,0
353,1,30451.51,30451.51,2025-08-18,135,3,1,1,5,Potential Loyalists,1
939,1,79686.98,79686.98,2024-06-11,568,1,1,3,5,Lost Customers,1
4799,2,19632.06,9816.03,2025-12-25,6,5,3,1,9,Loyal Customers,1
834,1,65284.08,65284.08,2025-06-15,199,3,1,3,7,Potential Loyalists,1
1164,3,64267.72,21422.57,2025-05-09,236,2,4,3,9,At Risk High Value,1
4568,2,8396.29,4198.15,2024-06-26,553,1,3,1,5,At Risk,1
4253,2,63764.92,31882.46,2025-05-14,231,2,3,3,8,At Risk,1
3963,3,83845.74,27948.58,2025-04-06,269,2,4,3,9,At Risk High Value,1
1344,2,19604.94,9802.47,2025-03-02,304,2,3,1,6,At Risk,1
4906,5,184132.56,36826.51,2025-10-18,74,4,5,5,14,Champions,0
333,2,107358.21,53679.11,2025-05-31,214,3,3,4,10,Potential Loyalists,1
3995,2,39506.92,19753.46,2025-07-09,175,3,3,2,8,Potential Loyalists,1
4809,2,15167.17,7583.59,2025-08-11,142,3,3,1,7,Potential Loyalists,1
4603,2,60446.31,30223.16,2024-01-11,720,1,3,2,6,At Risk,1
1446,1,45330.39,45330.39,2024-10-30,427,1,1,2,4,Lost Customers,1
2863,1,20619.45,20619.45,2025-09-17,105,4,1,1,6,New Customers,1
134,5,97645.07,19529.01,2025-12-28,3,5,5,4,14,Champions,0
1430,1,4878.45,4878.45,2025-12-24,7,5,1,1,7,New Customers,1
4659,2,73161.56,36580.78,2025-05-01,244,2,3,3,8,At Risk,1
2467,1,1777.49,1777.49,2025-04-08,267,2,1,1,4,Lost Customers,1
4657,1,10300.43,10300.43,2025-10-07,85,4,1,1,6,New Customers,1
2616,4,146339.81,36584.95,2025-12-01,30,5,5,5,15,Champions,0
1241,1,48069.38,48069.38,2024-03-11,660,1,1,2,4,Lost Customers,1
3217,3,226233.64,75411.21,2024-09-23,464,1,4,5,10,At Risk High Value,0
4593,2,95415.62,47707.81,2025-03-14,292,2,3,4,9,At Risk,1
3037,4,31040.72,7760.18,2024-12-27,369,2,5,1,8,At Risk High Value,1
4336,5,191563.96,38312.79,2025-07-01,183,3,5,5,13,Potential Loyalists,0
2090,2,151955.52,75977.76,2024-04-10,630,1,3,5,9,At Risk,1
1677,4,131472.04,32868.01,2025-04-09,266,2,5,4,11,At Risk High Value,0
2328,3,174877.73,58292.58,2024-09-23,464,1,4,5,10,At Risk High Value,0
1901,2,95357.82,47678.91,2024-10-11,446,1,3,4,8,At Risk,1
1884,6,241698.28,40283.05,2025-04-03,272,2,5,5,12,At Risk High Value,0
3258,3,53234.51,17744.84,2024-10-29,428,1,4,2,7,At Risk High Value,1
3976,4,126270.7,31567.68,2025-08-04,149,3,5,4,12,Potential Loyalists,0
1410,5,158145.35,31629.07,2025-11-21,40,5,5,5,15,Champions,0
1758,1,13138.36,13138.36,2024-11-19,407,1,1,1,3,Lost Customers,1
365,3,122731.2,40910.4,2025-08-24,129,3,4,4,11,Potential Loyalists,0
1442,3,33438.42,11146.14,2025-01-19,346,2,4,2,8,At Risk High Value,1
704,1,8411.75,8411.75,2024-07-27,522,1,1,1,3,Lost Customers,1
2775,4,147081.38,36770.35,2025-08-29,124,4,5,5,14,Champions,0
2692,2,82994.89,41497.45,2025-08-01,152,3,3,3,9,Potential Loyalists,1
1559,2,38971.23,19485.62,2025-05-31,214,3,3,2,8,Potential Loyalists,1
3857,8,223095.82,27886.98,2025-12-09,22,5,5,5,15,Champions,0
2563,5,210267.83,42053.57,2025-11-10,51,5,5,5,15,Champions,0
618,2,51505.58,25752.79,2024-12-15,381,1,3,2,6,At Risk,1
3542,3,96496.0,32165.33,2025-07-03,181,3,4,4,11,Potential Loyalists,0
1851,3,149577.55,49859.18,2025-10-20,72,4,4,5,13,Champions,0
313,2,20726.98,10363.49,2025-02-22,312,2,3,1,6,At Risk,1
140,3,49623.2,16541.07,2025-10-10,82,4,4,2,10,Loyal Customers,1
2046,4,44115.01,11028.75,2025-05-08,237,2,5,2,9,At Risk High Value,1
3325,2,63634.29,31817.15,2025-10-26,66,4,3,3,10,Loyal Customers,1
4726,2,76238.51,38119.26,2025-06-11,203,3,3,3,9,Potential Loyalists,1
3388,4,170756.72,42689.18,2025-12-14,17,5,5,5,15,Champions,0
137,3,90286.08,30095.36,2025-09-24,98,4,4,3,11,Loyal Customers,0
4847,4,80384.67,20096.17,2025-09-27,95,4,5,3,12,Loyal Customers,0
3368,1,33530.88,33530.88,2025-10-18,74,4,1,2,7,New Customers,1
1972,1,62174.39,62174.39,2025-10-04,88,4,1,3,8,New Customers,1
1539,4,106086.63,26521.66,2025-09-19,103,4,5,4,13,Champions,0
3528,4,58688.06,14672.02,2025-11-08,53,5,5,2,12,Loyal Customers,0
1736,1,4299.49,4299.49,2025-09-01,121,4,1,1,6,New Customers,1
3722,1,11966.82,11966.82,2024-11-17,409,1,1,1,3,Lost Customers,1
1131,2,99394.29,49697.15,2025-08-06,147,3,3,4,10,Potential Loyalists,1
1625,5,149838.65,29967.73,2025-12-03,28,5,5,5,15,Champions,0
742,1,40532.83,40532.83,2024-03-17,654,1,1,2,4,Lost Customers,1
3934,5,152821.54,30564.31,2025-07-01,183,3,5,5,13,Potential Loyalists,0
2771,3,114826.23,38275.41,2024-09-29,458,1,4,4,9,At Risk High Value,1
4192,2,24862.25,12431.13,2025-07-20,164,3,3,1,7,Potential Loyalists,1
1037,4,99547.79,24886.95,2025-07-14,170,3,5,4,12,Potential Loyalists,0
1158,4,94319.38,23579.85,2025-08-15,138,3,5,4,12,Potential Loyalists,0
184,3,92434.74,30811.58,2025-08-19,134,3,4,3,10,Potential Loyalists,0
87,2,20823.9,10411.95,2024-03-27,644,1,3,1,5,At Risk,1
753,4,113982.18,28495.55,2025-10-18,74,4,5,4,13,Champions,0
1300,1,30737.89,30737.89,2024-09-25,462,1,1,1,3,Lost Customers,1
2407,4,161271.77,40317.94,2025-12-08,23,5,5,5,15,Champions,0
394,5,106005.92,21201.18,2025-08-01,152,3,5,4,12,Potential Loyalists,0
2640,3,83819.72,27939.91,2024-11-07,419,1,4,3,8,At Risk High Value,1
272,1,3690.98,3690.98,2024-01-10,721,1,1,1,3,Lost Customers,1
1437,1,6142.06,6142.06,2025-01-14,351,2,1,1,4,Lost Customers,1
3486,2,22349.0,11174.5,2025-06-20,194,3,3,1,7,Potential Loyalists,1
2564,9,175083.61,19453.73,2025-12-22,9,5,5,5,15,Champions,0
4695,3,120647.99,40216.0,2025-01-21,344,2,4,4,10,At Risk High Value,1
2414,3,172785.96,57595.32,2025-08-19,134,3,4,5,12,Potential Loyalists,0
3429,1,15828.79,15828.79,2024-02-12,688,1,1,1,3,Lost Customers,1
2595,2,100756.28,50378.14,2025-10-20,72,4,3,4,11,Loyal Customers,1
3402,2,91725.92,45862.96,2025-09-21,101,4,3,3,10,Loyal Customers,1
4684,3,73244.82,24414.94,2025-08-27,126,3,4,3,10,Potential Loyalists,1
424,1,38275.01,38275.01,2024-05-07,603,1,1,2,4,Lost Customers,1
2438,1,941.43,941.43,2024-11-14,412,1,1,1,3,Lost Customers,1
2094,2,39917.7,19958.85,2025-01-26,339,2,3,2,7,At Risk,1
2758,1,9917.17,9917.17,2025-07-22,162,3,1,1,5,Potential Loyalists,1
2443,4,111935.88,27983.97,2025-03-24,282,2,5,4,11,At Risk High Value,0
4449,1,16794.54,16794.54,2024-01-05,726,1,1,1,3,Lost Customers,1
4344,1,4926.22,4926.22,2025-08-09,144,3,1,1,5,Potential Loyalists,1
4664,4,56426.48,14106.62,2025-04-24,251,2,5,2,9,At Risk High Value,1
1612,5,164859.81,32971.96,2025-05-05,240,2,5,5,12,At Risk High Value,0
4701,1,109732.79,109732.79,2025-08-29,124,4,1,4,9,New Customers,1
1854,3,178611.95,59537.32,2025-09-09,113,4,4,5,13,Champions,0
1366,1,70139.78,70139.78,2024-08-11,507,1,1,3,5,Lost Customers,1
2423,4,131189.25,32797.31,2025-11-17,44,5,5,4,14,Champions,0
156,2,69744.85,34872.43,2025-01-27,338,2,3,3,8,At Risk,1
4704,5,174613.72,34922.74,2025-12-28,3,5,5,5,15,Champions,0
4765,1,3565.15,3565.15,2024-07-14,535,1,1,1,3,Lost Customers,1
2783,2,92816.92,46408.46,2025-01-03,362,2,3,3,8,At Risk,1
3307,2,109543.1,54771.55,2025-01-20,345,2,3,4,9,At Risk,1
282,1,49955.0,49955.0,2024-07-02,547,1,1,2,4,Lost Customers,1
1235,4,193345.62,48336.41,2025-12-01,30,5,5,5,15,Champions,0
1872,2,42896.35,21448.18,2025-12-30,1,5,3,2,10,Loyal Customers,1
3466,3,188107.43,62702.48,2025-04-01,274,2,4,5,11,At Risk High Value,0
117,1,12962.97,12962.97,2024-07-26,523,1,1,1,3,Lost Customers,1
4175,6,207279.65,34546.61,2025-04-15,260,2,5,5,12,At Risk High Value,0
3775,4,108455.38,27113.85,2024-11-28,398,1,5,4,10,At Risk High Value,0
2434,2,56777.77,28388.89,2024-10-31,426,1,3,2,6,At Risk,1
2394,3,59212.6,19737.53,2025-01-23,342,2,4,2,8,At Risk High Value,1
2657,3,80246.7,26748.9,2024-12-25,371,1,4,3,8,At Risk High Value,1
1258,1,62701.22,62701.22,2024-02-02,698,1,1,3,5,Lost Customers,1
1637,2,124212.29,62106.15,2025-10-15,77,4,3,4,11,Loyal Customers,0
2984,3,138981.53,46327.18,2025-06-11,203,3,4,5,12,Potential Loyalists,0
914,1,49123.23,49123.23,2024-09-05,482,1,1,2,4,Lost Customers,1
1519,3,49151.65,16383.88,2025-08-20,133,3,4,2,9,Potential Loyalists,1
2993,2,21218.98,10609.49,2024-04-02,638,1,3,1,5,At Risk,1
1150,3,80939.84,26979.95,2025-11-19,42,5,4,3,12,Loyal Customers,0
2992,3,71771.36,23923.79,2024-12-05,391,1,4,3,8,At Risk High Value,1
4239,2,31936.27,15968.14,2024-10-18,439,1,3,2,6,At Risk,1
1119,3,94392.82,31464.27,2025-12-02,29,5,4,4,13,Champions,0
4575,4,106814.66,26703.67,2025-11-27,34,5,5,4,14,Champions,0
506,1,47028.74,47028.74,2024-08-26,492,1,1,2,4,Lost Customers,1
4306,2,123380.42,61690.21,2025-07-09,175,3,3,4,10,Potential Loyalists,1
331,2,84540.04,42270.02,2025-03-24,282,2,3,3,8,At Risk,1
1578,3,81184.06,27061.35,2025-05-22,223,2,4,3,9,At Risk High Value,1
3204,2,36897.06,18448.53,2024-05-03,607,1,3,2,6,At Risk,1
599,1,10250.33,10250.33,2024-04-10,630,1,1,1,3,Lost Customers,1
913,2,31688.83,15844.42,2024-05-30,580,1,3,2,6,At Risk,1
2655,5,113747.51,22749.5,2025-10-02,90,4,5,4,13,Champions,0
2146,1,25158.11,25158.11,2024-03-14,657,1,1,1,3,Lost Customers,1
4682,4,57718.02,14429.51,2025-11-02,59,4,5,2,11,Loyal Customers,0
1486,2,21522.55,10761.28,2025-10-16,76,4,3,1,8,Loyal Customers,1
1461,2,32816.33,16408.17,2024-10-12,445,1,3,2,6,At Risk,1
4357,1,23751.57,23751.57,2025-08-23,130,3,1,1,5,Potential Loyalists,1
1525,3,122095.86,40698.62,2025-06-10,204,3,4,4,11,Potential Loyalists,0
4962,1,78669.17,78669.17,2025-03-31,275,2,1,3,6,Lost Customers,1
3777,3,135942.6,45314.2,2025-10-19,73,4,4,4,12,Champions,0
4144,4,265698.13,66424.53,2025-11-29,32,5,5,5,15,Champions,0
2765,4,95001.78,23750.45,2025-12-30,1,5,5,4,14,Champions,0
4248,7,201448.97,28778.42,2025-11-10,51,5,5,5,15,Champions,0
466,1,28360.89,28360.89,2025-02-23,311,2,1,1,4,Lost Customers,1
4739,5,152885.75,30577.15,2025-09-09,113,4,5,5,14,Champions,0
2568,2,71545.82,35772.91,2025-04-26,249,2,3,3,8,At Risk,1
4128,3,112042.89,37347.63,2025-01-24,341,2,4,4,10,At Risk High Value,1
4557,4,83177.92,20794.48,2025-06-30,184,3,5,3,11,Potential Loyalists,0
201,2,2604.94,1302.47,2025-06-13,201,3,3,1,7,Potential Loyalists,1
2643,1,43742.54,43742.54,2025-10-10,82,4,1,2,7,New Customers,1
1617,3,91756.97,30585.66,2024-12-12,384,1,4,3,8,At Risk High Value,1
2734,1,3594.0,3594.0,2025-06-21,193,3,1,1,5,Potential Loyalists,1
1778,2,30051.5,15025.75,2025-09-20,102,4,3,1,8,Loyal Customers,1
1314,1,54063.02,54063.02,2025-11-21,40,5,1,2,8,New Customers,1
2265,1,64085.2,64085.2,2025-09-24,98,4,1,3,8,New Customers,1
86,1,42507.02,42507.02,2025-07-16,168,3,1,2,6,Potential Loyalists,1
2307,3,120816.04,40272.01,2025-03-06,300,2,4,4,10,At Risk High Value,1
920,2,28128.63,14064.32,2025-05-18,227,2,3,1,6,At Risk,1
1843,2,71766.9,35883.45,2025-12-14,17,5,3,3,11,Loyal Customers,1
1058,2,23469.69,11734.85,2025-02-13,321,2,3,1,6,At Risk,1
4673,4,201963.24,50490.81,2025-11-24,37,5,5,5,15,Champions,0
231,3,114127.17,38042.39,2025-12-31,0,5,4,4,13,Champions,0
1213,3,64843.1,21614.37,2025-03-20,286,2,4,3,9,At Risk High Value,1
873,3,48392.66,16130.89,2025-10-22,70,4,4,2,10,Loyal Customers,1
4619,3,64451.8,21483.93,2025-10-18,74,4,4,3,11,Loyal Customers,1
3862,2,128138.42,64069.21,2025-01-09,356,2,3,4,9,At Risk,1
1803,2,20829.31,10414.66,2025-12-25,6,5,3,1,9,Loyal Customers,1
1505,2,136096.47,68048.24,2024-12-17,379,1,3,4,8,At Risk,1
4966,2,87314.07,43657.04,2024-09-21,466,1,3,3,7,At Risk,1
1311,1,72743.44,72743.44,2025-01-30,335,2,1,3,6,Lost Customers,1
640,1,44793.89,44793.89,2024-06-28,551,1,1,2,4,Lost Customers,1
1053,3,38825.76,12941.92,2025-08-08,145,3,4,2,9,Potential Loyalists,1
2917,4,106374.85,26593.71,2025-10-11,81,4,5,4,13,Champions,0
1813,2,50413.87,25206.94,2025-05-28,217,3,3,2,8,Potential Loyalists,1
166,2,137002.65,68501.33,2025-12-18,13,5,3,4,12,Loyal Customers,0
1648,3,108145.39,36048.46,2025-08-19,134,3,4,4,11,Potential Loyalists,0
4167,4,105716.96,26429.24,2025-03-28,278,2,5,4,11,At Risk High Value,0
3393,2,38665.2,19332.6,2025-04-18,257,2,3,2,7,At Risk,1
2211,3,108797.17,36265.72,2025-05-10,235,2,4,4,10,At Risk High Value,0
2189,1,30844.66,30844.66,2024-10-14,443,1,1,1,3,Lost Customers,1
3171,5,163036.39,32607.28,2025-10-20,72,4,5,5,14,Champions,0
1435,1,23184.85,23184.85,2024-08-20,498,1,1,1,3,Lost Customers,1
4386,5,175808.68,35161.74,2025-08-03,150,3,5,5,13,Potential Loyalists,0
730,1,31699.9,31699.9,2025-10-08,84,4,1,2,7,New Customers,1
548,1,51514.82,51514.82,2024-04-14,626,1,1,2,4,Lost Customers,1
1769,2,29260.29,14630.15,2025-03-20,286,2,3,1,6,At Risk,1
1902,4,158805.61,39701.4,2025-11-10,51,5,5,5,15,Champions,0
47,5,139807.0,27961.4,2025-10-29,63,4,5,5,14,Champions,0
4398,5,214499.42,42899.88,2025-10-24,68,4,5,5,14,Champions,0
2180,3,92110.64,30703.55,2025-08-27,126,3,4,3,10,Potential Loyalists,0
4485,3,104052.53,34684.18,2024-09-12,475,1,4,4,9,At Risk High Value,1
727,5,134937.67,26987.53,2025-12-15,16,5,5,4,14,Champions,0
4522,1,40532.95,40532.95,2024-03-04,667,1,1,2,4,Lost Customers,1
2430,1,19843.76,19843.76,2024-01-02,729,1,1,1,3,Lost Customers,1
1405,2,145994.66,72997.33,2025-03-23,283,2,3,5,10,At Risk,1
4210,3,88769.02,29589.67,2025-07-05,179,3,4,3,10,Potential Loyalists,1
1231,2,34743.05,17371.53,2025-03-25,281,2,3,2,7,At Risk,1
4873,3,74981.63,24993.88,2025-12-03,28,5,4,3,12,Loyal Customers,0
2849,2,45326.92,22663.46,2024-06-11,568,1,3,2,6,At Risk,1
110,4,112374.9,28093.73,2025-12-14,17,5,5,4,14,Champions,0
145,3,48448.66,16149.55,2025-12-11,20,5,4,2,11,Loyal Customers,1
4867,5,269839.09,53967.82,2025-06-24,190,3,5,5,13,Potential Loyalists,0
485,7,166354.53,23764.93,2025-10-06,86,4,5,5,14,Champions,0
3965,3,59270.1,19756.7,2025-11-13,48,5,4,2,11,Loyal Customers,1
1439,3,153521.66,51173.89,2025-10-30,62,4,4,5,13,Champions,0
1388,3,29339.78,9779.93,2025-07-01,183,3,4,1,8,Potential Loyalists,1
4749,2,126183.95,63091.98,2025-11-05,56,5,3,4,12,Loyal Customers,0
2976,2,96827.07,48413.54,2025-12-28,3,5,3,4,12,Loyal Customers,1
1315,1,12380.27,12380.27,2024-11-10,416,1,1,1,3,Lost Customers,1
2763,7,324428.2,46346.89,2025-11-21,40,5,5,5,15,Champions,0
2106,6,96818.4,16136.4,2025-10-06,86,4,5,4,13,Champions,0
2687,4,135818.27,33954.57,2025-09-08,114,4,5,4,13,Champions,0
1453,3,109125.33,36375.11,2025-06-07,207,3,4,4,11,Potential Loyalists,0
1198,7,216536.94,30933.85,2025-10-16,76,4,5,5,14,Champions,0
3264,4,122974.18,30743.55,2025-06-02,212,3,5,4,12,Potential Loyalists,0
341,2,73483.87,36741.94,2025-03-28,278,2,3,3,8,At Risk,1
3124,2,133157.46,66578.73,2025-12-10,21,5,3,4,12,Loyal Customers,0
4453,1,4483.6,4483.6,2024-11-19,407,1,1,1,3,Lost Customers,1
2747,6,137035.64,22839.27,2025-12-14,17,5,5,4,14,Champions,0
4556,1,5124.12,5124.12,2024-04-20,620,1,1,1,3,Lost Customers,1
2241,1,17107.59,17107.59,2025-12-30,1,5,1,1,7,New Customers,1
4502,1,63745.09,63745.09,2025-01-13,352,2,1,3,6,Lost Customers,1
1195,4,84638.71,21159.68,2025-12-05,26,5,5,3,13,Loyal Customers,0
2361,2,44481.63,22240.82,2025-08-20,133,3,3,2,8,Potential Loyalists,1
3227,2,100528.83,50264.42,2025-12-28,3,5,3,4,12,Loyal Customers,0
192,3,58050.7,19350.23,2025-11-03,58,4,4,2,10,Loyal Customers,1
4670,2,86246.66,43123.33,2024-10-03,454,1,3,3,7,At Risk,1
2170,3,124217.3,41405.77,2025-10-23,69,4,4,4,12,Champions,0
1575,2,85870.99,42935.5,2024-12-29,367,2,3,3,8,At Risk,1
4214,3,96160.88,32053.63,2025-03-01,305,2,4,4,10,At Risk High Value,1
4329,6,110171.67,18361.95,2024-09-05,482,1,5,4,10,At Risk High Value,0
2415,3,74797.74,24932.58,2025-07-12,172,3,4,3,10,Potential Loyalists,1
3833,5,166532.26,33306.45,2025-11-14,47,5,5,5,15,Champions,0
689,5,159431.56,31886.31,2025-01-30,335,2,5,5,12,At Risk High Value,0
3677,4,52399.18,13099.8,2025-10-26,66,4,5,2,11,Loyal Customers,0
522,5,215082.55,43016.51,2025-08-12,141,3,5,5,13,Potential Loyalists,0
4041,2,94929.74,47464.87,2024-07-12,537,1,3,4,8,At Risk,1
674,1,35827.28,35827.28,2024-12-25,371,1,1,2,4,Lost Customers,1
1806,8,226443.51,28305.44,2025-09-02,120,4,5,5,14,Champions,0
1723,2,55161.64,27580.82,2025-05-29,216,3,3,2,8,Potential Loyalists,1
3878,1,77211.5,77211.5,2025-07-21,163,3,1,3,7,Potential Loyalists,1
1492,1,10528.38,10528.38,2024-05-17,593,1,1,1,3,Lost Customers,1
401,5,202763.73,40552.75,2025-09-26,96,4,5,5,14,Champions,0
2191,2,120794.67,60397.34,2024-07-28,521,1,3,4,8,At Risk,1
2043,2,36124.58,18062.29,2025-08-20,133,3,3,2,8,Potential Loyalists,1
2061,2,28875.47,14437.74,2025-07-21,163,3,3,1,7,Potential Loyalists,1
1483,3,54864.13,18288.04,2025-05-16,229,2,4,2,8,At Risk High Value,1
3711,7,148700.76,21242.97,2025-06-09,205,3,5,5,13,Potential Loyalists,0
739,3,140186.98,46728.99,2025-12-21,10,5,4,5,14,Champions,0
1094,3,198193.47,66064.49,2025-11-07,54,5,4,5,14,Champions,0
3649,1,1605.27,1605.27,2025-12-26,5,5,1,1,7,New Customers,1
4436,5,249862.38,49972.48,2025-11-24,37,5,5,5,15,Champions,0
1110,2,27502.1,13751.05,2025-01-18,347,2,3,1,6,At Risk,1
1948,2,55118.48,27559.24,2025-05-28,217,3,3,2,8,Potential Loyalists,1
1743,4,109040.23,27260.06,2025-02-03,331,2,5,4,11,At Risk High Value,0
741,3,60671.85,20223.95,2025-04-03,272,2,4,2,8,At Risk High Value,1
4130,8,269476.96,33684.62,2025-09-12,110,4,5,5,14,Champions,0
897,2,138211.01,69105.51,2025-11-15,46,5,3,5,13,Loyal Customers,0
3118,3,65319.68,21773.23,2025-07-17,167,3,4,3,10,Potential Loyalists,1
3640,2,83413.99,41707.0,2025-03-17,289,2,3,3,8,At Risk,1
3113,3,34365.21,11455.07,2024-08-11,507,1,4,2,7,At Risk High Value,1
4355,4,112929.98,28232.5,2025-12-10,21,5,5,4,14,Champions,0
85,3,137902.52,45967.51,2025-07-17,167,3,4,5,12,Potential Loyalists,0
281,1,74263.56,74263.56,2024-04-04,636,1,1,3,5,Lost Customers,1
2848,2,57541.03,28770.52,2024-09-18,469,1,3,2,6,At Risk,1
2245,2,27227.06,13613.53,2025-12-10,21,5,3,1,9,Loyal Customers,1
2788,1,22573.04,22573.04,2025-09-13,109,4,1,1,6,New Customers,1
4247,3,101654.71,33884.9,2025-05-11,234,2,4,4,10,At Risk High Value,1
2663,4,77589.92,19397.48,2025-10-16,76,4,5,3,12,Loyal Customers,0
2324,4,96188.0,24047.0,2025-12-06,25,5,5,4,14,Champions,0
2728,2,1641.69,820.85,2025-06-29,185,3,3,1,7,Potential Loyalists,1
2119,5,113225.22,22645.04,2025-05-24,221,3,5,4,12,Potential Loyalists,0
1814,2,168000.95,84000.48,2025-06-02,212,3,3,5,11,Potential Loyalists,0
3216,2,166594.16,83297.08,2025-12-11,20,5,3,5,13,Loyal Customers,0
1027,1,16337.98,16337.98,2025-10-03,89,4,1,1,6,New Customers,1
4308,5,203620.89,40724.18,2025-12-27,4,5,5,5,15,Champions,0
4126,3,59958.01,19986.0,2025-04-19,256,2,4,2,8,At Risk High Value,1
4600,1,17412.36,17412.36,2024-10-06,451,1,1,1,3,Lost Customers,1
4412,3,114573.83,38191.28,2025-07-21,163,3,4,4,11,Potential Loyalists,0
4174,3,121635.18,40545.06,2025-04-20,255,2,4,4,10,At Risk High Value,0
1832,6,151256.42,25209.4,2025-12-27,4,5,5,5,15,Champions,0
2880,4,80750.0,20187.5,2025-07-31,153,3,5,3,11,Potential Loyalists,0
635,2,106906.31,53453.16,2024-12-29,367,2,3,4,9,At Risk,1
2893,3,106561.54,35520.51,2025-02-22,312,2,4,4,10,At Risk High Value,1
3947,4,11601.59,2900.4,2025-07-30,154,3,5,1,9,Potential Loyalists,1
4380,2,48469.61,24234.81,2025-10-06,86,4,3,2,9,Loyal Customers,1
1346,2,45100.58,22550.29,2024-08-05,513,1,3,2,6,At Risk,1
2252,2,56624.7,28312.35,2025-04-14,261,2,3,2,7,At Risk,1
620,1,70457.49,70457.49,2024-04-14,626,1,1,3,5,Lost Customers,1
4661,2,17976.15,8988.08,2025-12-09,22,5,3,1,9,Loyal Customers,1
4987,3,140851.55,46950.52,2025-06-28,186,3,4,5,12,Potential Loyalists,0
3257,1,30539.68,30539.68,2025-01-19,346,2,1,1,4,Lost Customers,1
2029,1,32107.56,32107.56,2025-05-16,229,2,1,2,5,Lost Customers,1
3155,6,195361.81,32560.3,2025-08-19,134,3,5,5,13,Potential Loyalists,0
4467,1,60610.9,60610.9,2025-06-30,184,3,1,2,6,Potential Loyalists,1
4523,3,41687.58,13895.86,2025-07-23,161,3,4,2,9,Potential Loyalists,1
4586,2,52318.42,26159.21,2025-08-23,130,3,3,2,8,Potential Loyalists,1
673,5,255375.66,51075.13,2025-11-02,59,4,5,5,14,Champions,0
1377,3,53512.72,17837.57,2025-09-28,94,4,4,2,10,Loyal Customers,1
2084,5,155163.14,31032.63,2025-09-06,116,4,5,5,14,Champions,0
2066,4,124723.35,31180.84,2025-09-19,103,4,5,4,13,Champions,0
2383,3,90139.06,30046.35,2025-03-05,301,2,4,3,9,At Risk High Value,1
2086,1,25229.97,25229.97,2025-02-08,326,2,1,1,4,Lost Customers,1
1638,5,109947.23,21989.45,2025-02-17,317,2,5,4,11,At Risk High Value,0
783,5,138723.32,27744.66,2025-12-01,30,5,5,5,15,Champions,0
2651,1,29073.22,29073.22,2025-04-24,251,2,1,1,4,Lost Customers,1
3586,1,41059.23,41059.23,2024-05-24,586,1,1,2,4,Lost Customers,1
2708,4,162365.87,40591.47,2025-07-16,168,3,5,5,13,Potential Loyalists,0
2330,1,57878.28,57878.28,2025-03-18,288,2,1,2,5,Lost Customers,1
3973,4,92130.53,23032.63,2025-12-01,30,5,5,3,13,Loyal Customers,0
540,2,34390.05,17195.03,2025-01-21,344,2,3,2,7,At Risk,1
4428,5,170865.15,34173.03,2025-09-22,100,4,5,5,14,Champions,0
3038,3,85330.2,28443.4,2025-12-04,27,5,4,3,12,Loyal Customers,0
4074,5,244362.33,48872.47,2025-09-16,106,4,5,5,14,Champions,0
1739,4,133468.61,33367.15,2025-07-02,182,3,5,4,12,Potential Loyalists,0
3313,4,203513.23,50878.31,2025-01-31,334,2,5,5,12,At Risk High Value,0
464,4,89549.22,22387.31,2025-05-06,239,2,5,3,10,At Risk High Value,0
3838,4,117599.4,29399.85,2025-07-19,165,3,5,4,12,Potential Loyalists,0
277,2,56193.63,28096.82,2025-07-29,155,3,3,2,8,Potential Loyalists,1
3927,6,225271.31,37545.22,2025-12-14,17,5,5,5,15,Champions,0
1980,1,30162.49,30162.49,2025-03-27,279,2,1,1,4,Lost Customers,1
3043,2,52189.93,26094.97,2025-06-07,207,3,3,2,8,Potential Loyalists,1
3806,1,49068.98,49068.98,2024-12-31,365,2,1,2,5,Lost Customers,1
284,2,140349.11,70174.56,2024-01-27,704,1,3,5,9,At Risk,1
2327,5,113512.69,22702.54,2025-11-23,38,5,5,4,14,Champions,0
1254,4,124087.41,31021.85,2025-12-15,16,5,5,4,14,Champions,0
2368,4,155034.99,38758.75,2025-12-20,11,5,5,5,15,Champions,0
2794,4,87914.6,21978.65,2025-09-21,101,4,5,3,12,Loyal Customers,0
2367,4,107735.46,26933.87,2025-12-14,17,5,5,4,14,Champions,0
4729,4,86441.53,21610.38,2025-11-24,37,5,5,3,13,Loyal Customers,0
3096,2,97932.26,48966.13,2025-04-23,252,2,3,4,9,At Risk,1
3560,2,106608.93,53304.47,2025-09-12,110,4,3,4,11,Loyal Customers,1
2449,2,17839.66,8919.83,2025-08-24,129,3,3,1,7,Potential Loyalists,1
4389,6,161488.01,26914.67,2025-05-02,243,2,5,5,12,At Risk High Value,0
2481,2,121553.36,60776.68,2025-02-18,316,2,3,4,9,At Risk,1
1073,2,18764.48,9382.24,2025-11-23,38,5,3,1,9,Loyal Customers,1
1019,2,47081.47,23540.74,2025-12-30,1,5,3,2,10,Loyal Customers,1
206,3,44794.89,14931.63,2025-01-09,356,2,4,2,8,At Risk High Value,1
439,1,69749.65,69749.65,2025-06-30,184,3,1,3,7,Potential Loyalists,1
1773,4,119334.12,29833.53,2025-05-11,234,2,5,4,11,At Risk High Value,0
2350,3,40744.15,13581.38,2025-12-10,21,5,4,2,11,Loyal Customers,1
2478,4,111866.79,27966.7,2025-10-19,73,4,5,4,13,Champions,0
275,2,52125.08,26062.54,2025-07-11,173,3,3,2,8,Potential Loyalists,1
1801,1,59199.32,59199.32,2025-10-26,66,4,1,2,7,New Customers,1
3759,1,59530.57,59530.57,2025-04-22,253,2,1,2,5,Lost Customers,1
2480,2,42266.89,21133.45,2024-04-07,633,1,3,2,6,At Risk,1
2635,2,63589.06,31794.53,2025-11-02,59,4,3,3,10,Loyal Customers,1
2869,3,110593.86,36864.62,2025-11-30,31,5,4,4,13,Champions,0
136,3,173599.02,57866.34,2025-11-27,34,5,4,5,14,Champions,0
3508,5,75397.55,15079.51,2025-07-14,170,3,5,3,11,Potential Loyalists,0
4881,3,134602.56,44867.52,2025-12-29,2,5,4,4,13,Champions,0
1459,3,63596.31,21198.77,2025-10-25,67,4,4,3,11,Loyal Customers,1
4311,4,60688.62,15172.16,2025-04-28,247,2,5,2,9,At Risk High Value,1
4582,3,148034.38,49344.79,2025-09-21,101,4,4,5,13,Champions,0
4655,2,33341.75,16670.88,2025-08-17,136,3,3,2,8,Potential Loyalists,1
3103,3,135244.52,45081.51,2025-12-21,10,5,4,4,13,Champions,0
4011,7,188743.5,26963.36,2025-10-01,91,4,5,5,14,Champions,0
3369,1,68424.52,68424.52,2024-07-28,521,1,1,3,5,Lost Customers,1
1868,3,142432.72,47477.57,2025-11-15,46,5,4,5,14,Champions,0
4400,4,104795.44,26198.86,2025-06-05,209,3,5,4,12,Potential Loyalists,0
1499,4,162731.44,40682.86,2025-07-27,157,3,5,5,13,Potential Loyalists,0
1040,1,2902.11,2902.11,2024-11-19,407,1,1,1,3,Lost Customers,1
403,3,90530.8,30176.93,2025-11-03,58,4,4,3,11,Loyal Customers,0
4359,4,55764.81,13941.2,2025-07-27,157,3,5,2,10,Potential Loyalists,0
3901,3,110947.11,36982.37,2025-05-19,226,2,4,4,10,At Risk High Value,0
1597,4,63044.28,15761.07,2025-11-21,40,5,5,3,13,Loyal Customers,0
3459,4,134733.14,33683.29,2025-10-07,85,4,5,4,13,Champions,0
3280,5,46516.14,9303.23,2025-11-26,35,5,5,2,12,Loyal Customers,0
33,4,92012.83,23003.21,2025-09-22,100,4,5,3,12,Loyal Customers,0
1643,1,26289.14,26289.14,2024-07-07,542,1,1,1,3,Lost Customers,1
1858,5,82380.27,16476.05,2025-11-18,43,5,5,3,13,Loyal Customers,0
2744,5,146283.87,29256.77,2025-08-16,137,3,5,5,13,Potential Loyalists,0
4631,3,32327.26,10775.75,2025-04-05,270,2,4,2,8,At Risk High Value,1
1339,3,147539.2,49179.73,2024-09-12,475,1,4,5,10,At Risk High Value,1
2648,1,17642.37,17642.37,2025-04-23,252,2,1,1,4,Lost Customers,1
23,4,165754.89,41438.72,2025-10-31,61,4,5,5,14,Champions,0
3657,1,22808.17,22808.17,2024-04-27,613,1,1,1,3,Lost Customers,1
3648,1,6502.02,6502.02,2025-02-14,320,2,1,1,4,Lost Customers,1
1521,4,203042.62,50760.66,2024-12-16,380,1,5,5,11,At Risk High Value,0
3760,3,127357.32,42452.44,2025-07-24,160,3,4,4,11,Potential Loyalists,0
3447,3,97403.51,32467.84,2025-10-31,61,4,4,4,12,Champions,0
2550,4,71955.68,17988.92,2025-06-06,208,3,5,3,11,Potential Loyalists,0
3907,3,131886.98,43962.33,2025-11-28,33,5,4,4,13,Champions,0
552,5,57011.88,11402.38,2025-10-11,81,4,5,2,11,Loyal Customers,0
2548,4,70645.7,17661.43,2025-09-04,118,4,5,3,12,Loyal Customers,0
3990,5,243810.22,48762.04,2025-12-15,16,5,5,5,15,Champions,0
959,5,151759.55,30351.91,2025-07-05,179,3,5,5,13,Potential Loyalists,0
3628,2,76940.43,38470.22,2025-09-16,106,4,3,3,10,Loyal Customers,1
4275,3,117206.58,39068.86,2025-05-31,214,3,4,4,11,Potential Loyalists,0
4563,2,43793.0,21896.5,2025-05-08,237,2,3,2,7,At Risk,1
4381,1,16469.23,16469.23,2025-09-03,119,4,1,1,6,New Customers,1
1983,1,1389.49,1389.49,2024-05-21,589,1,1,1,3,Lost Customers,1
3932,2,41259.61,20629.81,2025-12-22,9,5,3,2,10,Loyal Customers,1
3877,4,138518.78,34629.7,2025-10-07,85,4,5,5,14,Champions,0
4869,3,61234.63,20411.54,2025-09-19,103,4,4,2,10,Loyal Customers,1
3736,1,3745.28,3745.28,2024-01-02,729,1,1,1,3,Lost Customers,1
1187,4,263103.99,65776.0,2025-12-09,22,5,5,5,15,Champions,0
2518,4,73027.5,18256.88,2025-12-18,13,5,5,3,13,Loyal Customers,0
345,3,127743.97,42581.32,2025-07-15,169,3,4,4,11,Potential Loyalists,0
2363,2,12010.85,6005.43,2025-02-06,328,2,3,1,6,At Risk,1
2355,1,54402.59,54402.59,2025-10-09,83,4,1,2,7,New Customers,1
4964,5,212877.96,42575.59,2025-09-02,120,4,5,5,14,Champions,0
4403,5,200778.77,40155.75,2025-12-29,2,5,5,5,15,Champions,0
4716,1,2629.55,2629.55,2025-02-27,307,2,1,1,4,Lost Customers,1
2960,8,202713.19,25339.15,2025-11-20,41,5,5,5,15,Champions,0
3008,2,19025.91,9512.96,2025-12-24,7,5,3,1,9,Loyal Customers,1
957,2,45043.54,22521.77,2025-11-13,48,5,3,2,10,Loyal Customers,1
1065,2,31612.27,15806.14,2024-07-13,536,1,3,2,6,At Risk,1
197,1,23822.97,23822.97,2025-11-21,40,5,1,1,7,New Customers,1
1795,2,65381.69,32690.85,2025-04-04,271,2,3,3,8,At Risk,1
4290,4,154501.39,38625.35,2024-12-01,395,1,5,5,11,At Risk High Value,0
4905,1,11309.68,11309.68,2024-02-13,687,1,1,1,3,Lost Customers,1
999,3,93702.79,31234.26,2025-07-17,167,3,4,4,11,Potential Loyalists,0
4991,1,47590.74,47590.74,2024-02-07,693,1,1,2,4,Lost Customers,1
1536,1,61479.12,61479.12,2024-08-16,502,1,1,3,5,Lost Customers,1
707,1,20457.71,20457.71,2025-04-13,262,2,1,1,4,Lost Customers,1
759,3,106763.21,35587.74,2025-06-07,207,3,4,4,11,Potential Loyalists,0
482,1,15351.87,15351.87,2024-05-11,599,1,1,1,3,Lost Customers,1
2802,1,13865.64,13865.64,2024-10-14,443,1,1,1,3,Lost Customers,1
4365,1,11576.74,11576.74,2025-12-10,21,5,1,1,7,New Customers,1
3937,4,112794.43,28198.61,2025-03-17,289,2,5,4,11,At Risk High Value,0
2810,4,84034.01,21008.5,2024-11-11,415,1,5,3,9,At Risk High Value,1
4970,4,126724.62,31681.16,2025-10-01,91,4,5,4,13,Champions,0
2621,2,13334.21,6667.11,2025-07-24,160,3,3,1,7,Potential Loyalists,1
1236,4,62115.56,15528.89,2025-11-22,39,5,5,3,13,Loyal Customers,0
2014,1,71166.08,71166.08,2025-02-22,312,2,1,3,6,Lost Customers,1
2161,9,277314.51,30812.72,2025-09-07,115,4,5,5,14,Champions,0
4728,6,77114.0,12852.33,2025-07-21,163,3,5,3,11,Potential Loyalists,0
420,2,59766.47,29883.24,2025-10-15,77,4,3,2,9,Loyal Customers,1
3691,2,92455.75,46227.88,2025-07-11,173,3,3,3,9,Potential Loyalists,1
3389,1,17667.14,17667.14,2024-12-28,368,2,1,1,4,Lost Customers,1
3803,8,377736.49,47217.06,2025-04-14,261,2,5,5,12,At Risk High Value,0
3729,4,120172.67,30043.17,2025-11-24,37,5,5,4,14,Champions,0
4891,2,95706.16,47853.08,2025-10-22,70,4,3,4,11,Loyal Customers,1
845,3,109265.88,36421.96,2025-10-29,63,4,4,4,12,Champions,0
4850,2,50620.53,25310.27,2024-12-29,367,2,3,2,7,At Risk,1
1985,3,140681.2,46893.73,2025-09-19,103,4,4,5,13,Champions,0
4973,4,112094.5,28023.63,2025-07-31,153,3,5,4,12,Potential Loyalists,0
2461,5,267709.06,53541.81,2025-06-08,206,3,5,5,13,Potential Loyalists,0
4418,3,89602.18,29867.39,2025-02-15,319,2,4,3,9,At Risk High Value,1
2100,2,63383.89,31691.95,2024-12-31,365,2,3,3,8,At Risk,1
1043,6,159880.26,26646.71,2025-08-09,144,3,5,5,13,Potential Loyalists,0
2240,1,15847.05,15847.05,2024-01-08,723,1,2,1,4,Lost Customers,1
602,1,5991.95,5991.95,2025-08-15,138,3,2,1,6,Potential Loyalists,1
691,2,24932.29,12466.15,2025-07-11,173,3,3,1,7,Potential Loyalists,1
4493,4,57331.83,14332.96,2025-09-23,99,4,5,2,11,Loyal Customers,0
697,2,45674.21,22837.11,2025-09-21,101,4,3,2,9,Loyal Customers,1
3939,3,21063.17,7021.06,2025-03-15,291,2,4,1,7,At Risk High Value,1
2604,1,16855.63,16855.63,2025-05-22,223,2,2,1,5,Lost Customers,1
3989,1,32429.09,32429.09,2024-12-31,365,2,2,2,6,Lost Customers,1
3147,3,33228.35,11076.12,2025-12-02,29,5,4,2,11,Loyal Customers,1
3271,4,123520.22,30880.06,2025-09-17,105,4,5,4,13,Champions,0
4471,1,9104.67,9104.67,2024-08-06,512,1,2,1,4,Lost Customers,1
4990,3,85117.6,28372.53,2025-04-16,259,2,4,3,9,At Risk High Value,1
2112,3,108412.26,36137.42,2025-03-07,299,2,4,4,10,At Risk High Value,1
104,3,81940.58,27313.53,2025-01-18,347,2,4,3,9,At Risk High Value,1
3856,2,103079.74,51539.87,2025-12-20,11,5,3,4,12,Loyal Customers,0
1032,6,234983.42,39163.9,2025-11-13,48,5,5,5,15,Champions,0
1591,4,140722.94,35180.74,2024-12-02,394,1,5,5,11,At Risk High Value,0
3951,1,104896.89,104896.89,2025-12-21,10,5,2,4,11,New Customers,1
1988,4,103462.44,25865.61,2025-09-16,106,4,5,4,13,Champions,0
397,4,171632.92,42908.23,2025-05-06,239,2,5,5,12,At Risk High Value,0
2569,4,170702.49,42675.62,2024-10-03,454,1,5,5,11,At Risk High Value,0
427,1,4487.18,4487.18,2024-02-05,695,1,2,1,4,Lost Customers,1
2934,2,68245.0,34122.5,2024-11-19,407,1,3,3,7,At Risk,1
3165,1,7331.36,7331.36,2025-01-30,335,2,2,1,5,Lost Customers,1
179,2,219224.2,109612.1,2025-09-05,117,4,3,5,12,Loyal Customers,0
1652,2,22868.87,11434.44,2025-06-23,191,3,3,1,7,Potential Loyalists,1
1518,1,16923.2,16923.2,2025-07-15,169,3,2,1,6,Potential Loyalists,1
3748,2,23525.67,11762.84,2024-12-26,370,2,3,1,6,At Risk,1
3241,3,95920.13,31973.38,2025-03-26,280,2,4,4,10,At Risk High Value,1
1819,6,186886.06,31147.68,2025-10-05,87,4,5,5,14,Champions,0
2973,1,21109.27,21109.27,2024-11-08,418,1,2,1,4,Lost Customers,1
445,5,75455.48,15091.1,2025-11-30,31,5,5,3,13,Loyal Customers,0
2573,2,51126.26,25563.13,2025-06-15,199,3,3,2,8,Potential Loyalists,1
3139,3,46730.11,15576.7,2024-04-06,634,1,4,2,7,At Risk High Value,1
889,6,114747.81,19124.64,2025-07-02,182,3,5,4,12,Potential Loyalists,0
4855,1,42640.67,42640.67,2025-10-26,66,4,2,2,8,New Customers,1
4069,2,25525.8,12762.9,2025-07-31,153,3,3,1,7,Potential Loyalists,1
3545,2,18506.66,9253.33,2025-12-28,3,5,3,1,9,Loyal Customers,1
4886,3,98365.69,32788.56,2025-12-20,11,5,4,4,13,Champions,0
2487,3,54153.4,18051.13,2025-12-14,17,5,4,2,11,Loyal Customers,1
4131,1,133848.84,133848.84,2025-01-15,350,2,2,4,8,Lost Customers,1
3724,5,174829.93,34965.99,2024-05-05,605,1,5,5,11,At Risk High Value,0
3718,5,79685.01,15937.0,2025-12-24,7,5,5,3,13,Loyal Customers,0
1746,2,37227.52,18613.76,2025-06-25,189,3,3,2,8,Potential Loyalists,1
4861,2,138215.96,69107.98,2025-11-27,34,5,3,5,13,Loyal Customers,0
253,3,86850.25,28950.08,2025-01-06,359,2,4,3,9,At Risk High Value,1
692,6,115669.83,19278.31,2025-12-11,20,5,5,4,14,Champions,0
2174,3,79667.87,26555.96,2025-02-01,333,2,4,3,9,At Risk High Value,1
4810,3,140254.07,46751.36,2025-06-27,187,3,4,5,12,Potential Loyalists,0
3076,2,22825.82,11412.91,2025-04-21,254,2,3,1,6,At Risk,1
4211,2,101804.98,50902.49,2025-06-01,213,3,3,4,10,Potential Loyalists,1
3208,2,37542.84,18771.42,2025-01-06,359,2,3,2,7,At Risk,1
3875,1,6854.26,6854.26,2025-12-01,30,5,2,1,8,New Customers,1
3567,1,38737.43,38737.43,2025-11-01,60,4,2,2,8,New Customers,1
1237,3,23201.29,7733.76,2025-12-12,19,5,4,1,10,Loyal Customers,1
4687,1,22560.42,22560.42,2025-05-25,220,3,2,1,6,Potential Loyalists,1
2019,2,27855.87,13927.94,2025-10-17,75,4,3,1,8,Loyal Customers,1
3232,2,93036.21,46518.11,2024-04-12,628,1,3,3,7,At Risk,1
1818,4,160143.24,40035.81,2025-07-23,161,3,5,5,13,Potential Loyalists,0
383,2,36446.11,18223.06,2025-03-06,300,2,3,2,7,At Risk,1
2638,5,142440.76,28488.15,2024-10-22,435,1,5,5,11,At Risk High Value,0
3418,2,45372.75,22686.38,2025-11-15,46,5,3,2,10,Loyal Customers,1
7,2,96414.85,48207.43,2025-06-14,200,3,3,4,10,Potential Loyalists,1
3261,1,3474.75,3474.75,2024-04-12,628,1,2,1,4,Lost Customers,1
4604,6,299474.21,49912.37,2025-11-16,45,5,5,5,15,Champions,0
3484,4,214286.3,53571.58,2025-03-12,294,2,5,5,12,At Risk High Value,0
4401,4,102999.64,25749.91,2025-07-19,165,3,5,4,12,Potential Loyalists,0
3982,1,37311.47,37311.47,2025-05-10,235,2,2,2,6,Lost Customers,1
757,1,2739.25,2739.25,2025-07-04,180,3,2,1,6,Potential Loyalists,1
1600,6,207948.87,34658.15,2025-06-29,185,3,5,5,13,Potential Loyalists,0
771,2,36164.41,18082.21,2025-02-25,309,2,3,2,7,At Risk,1
3782,2,6703.12,3351.56,2025-11-29,32,5,3,1,9,Loyal Customers,1
4823,2,104391.7,52195.85,2025-10-09,83,4,3,4,11,Loyal Customers,1
3089,2,48421.44,24210.72,2025-02-28,306,2,3,2,7,At Risk,1
1582,2,35209.81,17604.91,2025-04-20,255,2,3,2,7,At Risk,1
2847,2,45139.87,22569.94,2025-06-08,206,3,3,2,8,Potential Loyalists,1
1763,4,232621.19,58155.3,2025-12-05,26,5,5,5,15,Champions,0
3413,1,4293.68,4293.68,2024-12-23,373,1,2,1,4,Lost Customers,1
319,2,27142.03,13571.02,2024-12-21,375,1,3,1,5,At Risk,1
3363,4,164065.8,41016.45,2025-10-06,86,4,5,5,14,Champions,0
1417,3,52316.1,17438.7,2024-12-16,380,1,4,2,7,At Risk High Value,1
4180,4,98163.86,24540.97,2024-08-20,498,1,5,4,10,At Risk High Value,1
3036,3,137236.5,45745.5,2025-09-01,121,4,4,4,12,Champions,0
4488,1,38651.32,38651.32,2024-08-24,494,1,2,2,5,Lost Customers,1
3228,6,262422.97,43737.16,2025-09-03,119,4,5,5,14,Champions,0
3485,1,27523.92,27523.92,2025-12-07,24,5,2,1,8,New Customers,1
4908,4,144487.19,36121.8,2025-12-17,14,5,5,5,15,Champions,0
2739,6,159210.03,26535.01,2025-04-03,272,2,5,5,12,At Risk High Value,0
2779,3,22955.44,7651.81,2025-09-23,99,4,4,1,9,Loyal Customers,1
3052,2,144888.04,72444.02,2025-02-02,332,2,3,5,10,At Risk,1
4596,5,162612.09,32522.42,2025-12-31,0,5,5,5,15,Champions,0
4927,1,40691.93,40691.93,2025-05-16,229,2,2,2,6,Lost Customers,1
267,2,73779.57,36889.79,2025-05-30,215,3,3,3,9,Potential Loyalists,1
4981,1,44929.74,44929.74,2025-10-24,68,4,2,2,8,New Customers,1
4942,3,175868.9,58622.97,2025-11-08,53,5,4,5,14,Champions,0
2859,4,50272.46,12568.12,2025-08-24,129,3,5,2,10,Potential Loyalists,0
2941,1,13268.49,13268.49,2025-04-14,261,2,2,1,5,Lost Customers,1
1817,4,132449.59,33112.4,2025-12-27,4,5,5,4,14,Champions,0
4497,2,20658.03,10329.02,2025-06-04,210,3,3,1,7,Potential Loyalists,1
2192,6,146215.24,24369.21,2025-12-26,5,5,5,5,15,Champions,0
861,2,20026.98,10013.49,2025-10-29,63,4,3,1,8,Loyal Customers,1
2269,1,33020.21,33020.21,2025-07-03,181,3,2,2,7,Potential Loyalists,1
162,3,72740.59,24246.86,2025-12-07,24,5,4,3,12,Loyal Customers,0
738,1,5980.23,5980.23,2024-07-04,545,1,2,1,4,Lost Customers,1
2500,2,35375.58,17687.79,2025-02-06,328,2,3,2,7,At Risk,1
797,1,16615.05,16615.05,2025-08-05,148,3,2,1,6,Potential Loyalists,1
3851,2,63626.51,31813.26,2025-03-11,295,2,3,3,8,At Risk,1
1633,2,93370.88,46685.44,2024-12-21,375,1,3,4,8,At Risk,1
582,5,129060.61,25812.12,2025-09-24,98,4,5,4,13,Champions,0
4932,2,84499.78,42249.89,2025-01-18,347,2,3,3,8,At Risk,1
1095,2,53009.67,26504.84,2024-12-01,395,1,3,2,6,At Risk,1
4233,3,111443.15,37147.72,2025-10-04,88,4,4,4,12,Champions,0
1958,4,294768.58,73692.15,2025-11-23,38,5,5,5,15,Champions,0
2812,1,18265.66,18265.66,2024-11-29,397,1,2,1,4,Lost Customers,1
2832,1,30098.39,30098.39,2024-11-14,412,1,2,1,4,Lost Customers,1
4539,5,80788.75,16157.75,2025-10-07,85,4,5,3,12,Loyal Customers,0
2141,2,26471.4,13235.7,2025-10-05,87,4,3,1,8,Loyal Customers,1
337,2,44772.45,22386.23,2025-07-08,176,3,3,2,8,Potential Loyalists,1
4656,1,69158.43,69158.43,2025-03-05,301,2,2,3,7,Lost Customers,1
1689,6,178875.29,29812.55,2025-10-24,68,4,5,5,14,Champions,0
1699,2,53844.37,26922.19,2025-01-04,361,2,3,2,7,At Risk,1
3475,2,99128.72,49564.36,2025-06-15,199,3,3,4,10,Potential Loyalists,1
2966,7,321633.51,45947.64,2025-12-15,16,5,5,5,15,Champions,0
569,4,135575.22,33893.81,2025-07-12,172,3,5,4,12,Potential Loyalists,0
4505,3,46519.11,15506.37,2025-06-18,196,3,4,2,9,Potential Loyalists,1
200,4,69447.72,17361.93,2025-12-02,29,5,5,3,13,Loyal Customers,0
4770,5,94606.4,18921.28,2025-05-21,224,2,5,4,11,At Risk High Value,0
4339,2,83413.09,41706.55,2025-11-22,39,5,3,3,11,Loyal Customers,1
2585,4,59208.16,14802.04,2025-10-23,69,4,5,2,11,Loyal Customers,0
3576,3,171530.66,57176.89,2025-08-31,122,4,4,5,13,Champions,0
2337,1,12966.89,12966.89,2025-10-30,62,4,2,1,7,New Customers,1
4601,2,22865.15,11432.58,2024-10-20,437,1,3,1,5,At Risk,1
990,3,51070.1,17023.37,2024-08-19,499,1,4,2,7,At Risk High Value,1
4409,2,67615.24,33807.62,2025-11-03,58,4,3,3,10,Loyal Customers,1
685,4,237947.5,59486.88,2025-03-09,297,2,5,5,12,At Risk High Value,0
905,2,106318.11,53159.06,2025-05-06,239,2,3,4,9,At Risk,1
4088,3,135253.27,45084.42,2025-10-08,84,4,4,4,12,Champions,0
4822,1,17081.27,17081.27,2024-04-12,628,1,2,1,4,Lost Customers,1
3598,4,77834.68,19458.67,2025-10-17,75,4,5,3,12,Loyal Customers,0
1379,2,112282.53,56141.27,2025-04-10,265,2,3,4,9,At Risk,1
973,2,58591.46,29295.73,2025-05-21,224,2,3,2,7,At Risk,1
79,4,138374.19,34593.55,2025-07-01,183,3,5,5,13,Potential Loyalists,0
1532,2,52043.92,26021.96,2025-08-25,128,3,3,2,8,Potential Loyalists,1
1925,5,273947.19,54789.44,2025-11-11,50,5,5,5,15,Champions,0
1895,4,71024.49,17756.12,2025-11-27,34,5,5,3,13,Loyal Customers,0
2884,2,43267.35,21633.68,2025-07-06,178,3,3,2,8,Potential Loyalists,1
2629,3,183069.33,61023.11,2025-10-19,73,4,4,5,13,Champions,0
3324,3,127213.73,42404.58,2025-08-13,140,3,4,4,11,Potential Loyalists,0
1448,6,169790.45,28298.41,2025-10-17,75,4,5,5,14,Champions,0
3044,1,41130.68,41130.68,2025-06-02,212,3,2,2,7,Potential Loyalists,1
3708,10,183613.35,18361.34,2025-10-08,84,4,5,5,14,Champions,0
17,1,30684.27,30684.27,2024-11-07,419,1,2,1,4,Lost Customers,1
3062,2,24982.44,12491.22,2025-06-29,185,3,3,1,7,Potential Loyalists,1
3401,4,186394.99,46598.75,2025-12-08,23,5,5,5,15,Champions,0
1070,4,220218.37,55054.59,2025-11-08,53,5,5,5,15,Champions,0
997,2,63222.03,31611.02,2024-11-22,404,1,3,3,7,At Risk,1
1029,1,996.66,996.66,2024-08-20,498,1,2,1,4,Lost Customers,1
3166,2,20017.94,10008.97,2025-08-08,145,3,3,1,7,Potential Loyalists,1
3183,2,69153.54,34576.77,2025-11-16,45,5,3,3,11,Loyal Customers,1
3638,3,64676.89,21558.96,2025-08-13,140,3,4,3,10,Potential Loyalists,1
1211,3,55366.71,18455.57,2025-11-07,54,5,4,2,11,Loyal Customers,1
3911,2,133937.64,66968.82,2025-05-06,239,2,3,4,9,At Risk,1
1393,4,80925.86,20231.47,2025-11-12,49,5,5,3,13,Loyal Customers,0
83,3,80954.8,26984.93,2025-01-13,352,2,4,3,9,At Risk High Value,1
63,7,281670.79,40238.68,2025-10-22,70,4,5,5,14,Champions,0
2875,2,63933.92,31966.96,2025-02-10,324,2,3,3,8,At Risk,1
4227,3,65600.74,21866.91,2025-11-29,32,5,4,3,12,Loyal Customers,0
1294,3,81699.02,27233.01,2025-10-08,84,4,4,3,11,Loyal Customers,0
274,4,159880.29,39970.07,2025-01-25,340,2,5,5,12,At Risk High Value,0
1304,4,54291.63,13572.91,2025-12-18,13,5,5,2,12,Loyal Customers,0
1590,2,61693.38,30846.69,2025-01-14,351,2,3,3,8,At Risk,1
801,3,69299.89,23099.96,2025-08-24,129,3,4,3,10,Potential Loyalists,1
1904,2,105577.29,52788.65,2025-08-19,134,3,3,4,10,Potential Loyalists,1
1302,3,41544.6,13848.2,2025-10-19,73,4,4,2,10,Loyal Customers,1
223,1,15397.74,15397.74,2024-12-10,386,1,2,1,4,Lost Customers,1
4080,4,175879.46,43969.87,2025-10-15,77,4,5,5,14,Champions,0
3006,5,98119.73,19623.95,2025-11-19,42,5,5,4,14,Champions,0
2002,3,78891.94,26297.31,2025-05-18,227,2,4,3,9,At Risk High Value,1
4001,6,62913.92,10485.65,2025-11-06,55,5,5,3,13,Loyal Customers,0
4887,2,61183.7,30591.85,2025-10-24,68,4,3,2,9,Loyal Customers,1
2589,4,85222.37,21305.59,2025-11-18,43,5,5,3,13,Loyal Customers,0
4871,2,111063.5,55531.75,2025-07-20,164,3,3,4,10,Potential Loyalists,1
3888,1,94237.57,94237.57,2024-06-05,574,1,2,4,7,Lost Customers,1
1288,5,144217.77,28843.55,2025-08-10,143,3,5,5,13,Potential Loyalists,0
2070,1,8545.56,8545.56,2025-10-31,61,4,2,1,7,New Customers,1
3376,3,181190.47,60396.82,2024-07-03,546,1,4,5,10,At Risk High Value,0
3547,4,116084.97,29021.24,2025-07-08,176,3,5,4,12,Potential Loyalists,0
1076,2,20852.23,10426.12,2025-09-26,96,4,3,1,8,Loyal Customers,1
1093,4,58718.37,14679.59,2025-09-06,116,4,5,2,11,Loyal Customers,0
16,1,61200.56,61200.56,2024-07-17,532,1,2,2,5,Lost Customers,1
968,2,22698.09,11349.05,2024-03-09,662,1,3,1,5,At Risk,1
3555,4,61197.04,15299.26,2025-05-17,228,2,5,2,9,At Risk High Value,0
1659,4,104670.85,26167.71,2025-10-20,72,4,5,4,13,Champions,0
326,4,46012.41,11503.1,2025-06-08,206,3,5,2,10,Potential Loyalists,1
4183,4,138802.71,34700.68,2025-06-11,203,3,5,5,13,Potential Loyalists,0
371,6,245396.55,40899.43,2025-11-04,57,4,5,5,14,Champions,0
4833,1,12667.06,12667.06,2024-11-11,415,1,2,1,4,Lost Customers,1
1939,4,168566.76,42141.69,2025-06-08,206,3,5,5,13,Potential Loyalists,0
3663,4,201611.77,50402.94,2025-08-12,141,3,5,5,13,Potential Loyalists,0
1450,3,140835.8,46945.27,2025-01-16,349,2,4,5,11,At Risk High Value,0
2637,1,39984.99,39984.99,2024-08-17,501,1,2,2,5,Lost Customers,1
183,2,21806.66,10903.33,2024-10-10,447,1,3,1,5,At Risk,1
2997,2,178348.54,89174.27,2024-12-11,385,1,3,5,9,At Risk,1
656,2,53239.9,26619.95,2025-08-29,124,4,3,2,9,Loyal Customers,1
2787,2,4329.99,2165.0,2025-09-13,109,4,3,1,8,Loyal Customers,1
3314,3,112932.37,37644.12,2025-12-29,2,5,4,4,13,Champions,0
2033,1,8468.65,8468.65,2025-10-04,88,4,2,1,7,New Customers,1
5000,5,136835.17,27367.03,2025-11-14,47,5,5,4,14,Champions,0
3532,2,134890.13,67445.07,2024-10-30,427,1,3,4,8,At Risk,1
3565,2,37512.64,18756.32,2025-06-04,210,3,3,2,8,Potential Loyalists,1
122,3,75777.61,25259.2,2025-12-07,24,5,4,3,12,Loyal Customers,0
3510,2,120110.75,60055.38,2025-05-21,224,2,3,4,9,At Risk,1
3022,3,113132.79,37710.93,2025-10-19,73,4,4,4,12,Champions,0
648,1,21105.57,21105.57,2024-04-20,620,1,2,1,4,Lost Customers,1
570,1,28240.87,28240.87,2025-03-30,276,2,2,1,5,Lost Customers,1
923,1,10479.38,10479.38,2024-08-06,512,1,2,1,4,Lost Customers,1
4678,3,112880.55,37626.85,2025-10-03,89,4,4,4,12,Champions,0
3540,4,108454.43,27113.61,2025-06-18,196,3,5,4,12,Potential Loyalists,0
4944,3,169272.96,56424.32,2025-04-23,252,2,4,5,11,At Risk High Value,0
4297,5,77624.86,15524.97,2025-06-07,207,3,5,3,11,Potential Loyalists,0
1014,2,88057.22,44028.61,2025-09-06,116,4,3,3,10,Loyal Customers,1
3489,1,45469.0,45469.0,2024-10-02,455,1,2,2,5,Lost Customers,1
530,4,145468.63,36367.16,2025-02-28,306,2,5,5,12,At Risk High Value,0
536,1,52804.94,52804.94,2025-06-18,196,3,2,2,7,Potential Loyalists,1
3221,4,99596.27,24899.07,2025-11-25,36,5,5,4,14,Champions,0
4788,4,64631.45,16157.86,2025-11-25,36,5,5,3,13,Loyal Customers,0
55,2,55604.22,27802.11,2024-07-13,536,1,3,2,6,At Risk,1
4035,3,114037.62,38012.54,2025-08-01,152,3,4,4,11,Potential Loyalists,0
4617,2,65943.95,32971.98,2024-11-07,419,1,3,3,7,At Risk,1
3858,5,104982.21,20996.44,2025-10-10,82,4,5,4,13,Champions,0
4827,3,53340.03,17780.01,2025-03-01,305,2,4,2,8,At Risk High Value,1
790,2,36512.54,18256.27,2025-12-01,30,5,3,2,10,Loyal Customers,1
3984,3,82702.05,27567.35,2025-04-10,265,2,4,3,9,At Risk High Value,1
2850,1,27965.0,27965.0,2024-04-12,628,1,2,1,4,Lost Customers,1
