customer_id,first_name,last_name,email,city,segment,signup_date
1,Arjun,Sharma,arjun.sharma1@example.com,Chennai,Regular,2025-01-29
2,Rahul,Iyer,rahul.iyer2@example.com,Jaipur,Premium,2023-04-15
3,Isha,Sharma,isha.sharma3@example.com,Delhi,Regular,2023-01-31
4,Riya,Joshi,riya.joshi4@example.com,Jaipur,Regular,2023-01-28
5,Sneha,Malhotra,sneha.malhotra5@example.com,Ahmedabad,Regular,2023-08-14
6,Aarav,Nair,aarav.nair6@example.com,Bangalore,Regular,2025-04-05
7,Ananya,Verma,ananya.verma7@example.com,Hyderabad,Budget,2023-06-09
8,Ananya,Gupta,ananya.gupta8@example.com,Kolkata,Premium,2023-04-05
9,Aisha,Joshi,aisha.joshi9@example.com,Mumbai,Budget,2023-09-28
10,Sneha,Gupta,sneha.gupta10@example.com,Delhi,Regular,2024-01-23
11,Nisha,Bhat,nisha.bhat11@example.com,Pune,Regular,2025-06-01
12,Aditya,Sharma,aditya.sharma12@example.com,Hyderabad,Budget,2024-11-08
13,Aditya,Desai,aditya.desai13@example.com,Delhi,Regular,2023-08-27
14,Meera,Reddy,meera.reddy14@example.com,Pune,Regular,2025-05-04
15,Aisha,Mehta,aisha.mehta15@example.com,Chennai,Budget,2024-11-17
16,Aditya,Joshi,aditya.joshi16@example.com,Bangalore,Regular,2024-10-12
17,Kabir,Patel,kabir.patel17@example.com,Kolkata,Regular,2024-04-18
18,Sneha,Mehta,sneha.mehta18@example.com,Pune,Budget,2024-12-02
19,Vivaan,Mehta,vivaan.mehta19@example.com,Mumbai,Budget,2025-04-21
20,Diya,Verma,diya.verma20@example.com,Hyderabad,Budget,2023-03-09
21,Kavya,Bhat,kavya.bhat21@example.com,Pune,Regular,2025-01-05
22,Priya,Malhotra,priya.malhotra22@example.com,Ahmedabad,Premium,2024-10-20
23,Rahul,Mehta,rahul.mehta23@example.com,Jaipur,Regular,2025-02-01
24,Kavya,Malhotra,kavya.malhotra24@example.com,Kolkata,Regular,2024-08-20
25,Rahul,Shah,rahul.shah25@example.com,Delhi,Budget,2024-05-20
26,Arjun,Patel,arjun.patel26@example.com,Bangalore,Budget,2024-10-04
27,Isha,Joshi,isha.joshi27@example.com,Kolkata,Regular,2023-03-07
28,Meera,Shah,meera.shah28@example.com,Jaipur,Budget,2023-09-15
29,Aarav,Reddy,aarav.reddy29@example.com,Delhi,Regular,2025-01-08
30,Sneha,Nair,sneha.nair30@example.com,Pune,Premium,2023-10-01
31,Isha,Patel,isha.patel31@example.com,Mumbai,Budget,2024-04-09
32,Aryan,Shah,aryan.shah32@example.com,Bangalore,Regular,2025-02-19
33,Arjun,Desai,arjun.desai33@example.com,Chennai,Budget,2024-10-02
34,Riya,Joshi,riya.joshi34@example.com,Bangalore,Regular,2023-07-23
35,Rohan,Shah,rohan.shah35@example.com,Jaipur,Budget,2025-03-08
36,Nisha,Kapoor,nisha.kapoor36@example.com,Mumbai,Premium,2024-05-15
37,Aisha,Bhat,aisha.bhat37@example.com,Chennai,Regular,2025-05-01
38,Kabir,Bhat,kabir.bhat38@example.com,Delhi,Premium,2024-08-03
39,Priya,Desai,priya.desai39@example.com,Jaipur,Budget,2023-03-12
40,Rahul,Reddy,rahul.reddy40@example.com,Jaipur,Regular,2024-05-01
41,Riya,Desai,riya.desai41@example.com,Kolkata,Budget,2024-09-13
42,Sneha,Nair,sneha.nair42@example.com,Hyderabad,Budget,2025-01-17
43,Diya,Reddy,diya.reddy43@example.com,Pune,Regular,2024-10-27
44,Riya,Singh,riya.singh44@example.com,Hyderabad,Regular,2023-05-04
45,Ananya,Sharma,ananya.sharma45@example.com,Jaipur,Regular,2024-08-25
46,Kabir,Sharma,kabir.sharma46@example.com,Mumbai,Regular,2023-03-14
47,Vivaan,Desai,vivaan.desai47@example.com,Delhi,Regular,2023-12-05
48,Aryan,Reddy,aryan.reddy48@example.com,Hyderabad,Regular,2024-05-12
49,Kavya,Joshi,kavya.joshi49@example.com,Hyderabad,Budget,2024-04-29
50,Isha,Mehta,isha.mehta50@example.com,Delhi,Regular,2023-04-07
51,Aisha,Malhotra,aisha.malhotra51@example.com,Ahmedabad,Budget,2024-02-25
52,Vivaan,Reddy,vivaan.reddy52@example.com,Delhi,Premium,2024-10-31
53,Ananya,Nair,ananya.nair53@example.com,Delhi,Regular,2025-06-01
54,Karan,Shah,karan.shah54@example.com,Bangalore,Regular,2024-04-04
55,Aryan,Singh,aryan.singh55@example.com,Delhi,Regular,2023-09-13
56,Sneha,Gupta,sneha.gupta56@example.com,Jaipur,Budget,2023-02-21
57,Aditya,Bhat,aditya.bhat57@example.com,Hyderabad,Regular,2025-02-10
58,Priya,Singh,priya.singh58@example.com,Kolkata,Budget,2023-08-07
59,Rohan,Malhotra,rohan.malhotra59@example.com,Kolkata,Regular,2023-01-03
60,Meera,Verma,meera.verma60@example.com,Jaipur,Regular,2024-03-09
61,Priya,Patel,priya.patel61@example.com,Chennai,Regular,2023-07-14
62,Vivaan,Joshi,vivaan.joshi62@example.com,Jaipur,Premium,2025-01-23
63,Ananya,Sharma,ananya.sharma63@example.com,Surat,Regular,2023-02-21
64,Riya,Patel,riya.patel64@example.com,Jaipur,Premium,2023-02-28
65,Rohan,Gupta,rohan.gupta65@example.com,Delhi,Regular,2024-09-01
66,Kabir,Malhotra,kabir.malhotra66@example.com,Surat,Regular,2023-05-03
67,Nisha,Sharma,nisha.sharma67@example.com,Delhi,Regular,2024-09-26
68,Kavya,Joshi,kavya.joshi68@example.com,Pune,Budget,2024-06-19
69,Karan,Reddy,karan.reddy69@example.com,Pune,Regular,2025-01-03
70,Diya,Patel,diya.patel70@example.com,Chennai,Regular,2024-11-18
71,Aditya,Sharma,aditya.sharma71@example.com,Surat,Budget,2024-04-14
72,Arjun,Gupta,arjun.gupta72@example.com,Hyderabad,Regular,2024-07-04
73,Rahul,Bhat,rahul.bhat73@example.com,Delhi,Budget,2023-12-24
74,Aisha,Verma,aisha.verma74@example.com,Ahmedabad,Budget,2023-06-11
75,Vikram,Joshi,vikram.joshi75@example.com,Jaipur,Premium,2025-04-06
76,Sneha,Verma,sneha.verma76@example.com,Delhi,Budget,2024-11-10
77,Rahul,Verma,rahul.verma77@example.com,Delhi,Budget,2023-04-29
78,Rahul,Verma,rahul.verma78@example.com,Surat,Regular,2023-10-16
79,Ananya,Mehta,ananya.mehta79@example.com,Chennai,Regular,2024-12-04
80,Aryan,Bhat,aryan.bhat80@example.com,Mumbai,Premium,2025-05-16
81,Isha,Desai,isha.desai81@example.com,Mumbai,Premium,2023-10-11
82,Rahul,Reddy,rahul.reddy82@example.com,Bangalore,Budget,2023-09-26
83,Sneha,Iyer,sneha.iyer83@example.com,Jaipur,Premium,2024-03-13
84,Aditya,Bhat,aditya.bhat84@example.com,Bangalore,Regular,2024-12-08
85,Aisha,Joshi,aisha.joshi85@example.com,Bangalore,Regular,2024-07-19
86,Vivaan,Verma,vivaan.verma86@example.com,Mumbai,Budget,2024-01-09
87,Karan,Reddy,karan.reddy87@example.com,Delhi,Regular,2023-09-13
88,Sneha,Bhat,sneha.bhat88@example.com,Kolkata,Budget,2025-06-14
89,Rahul,Bhat,rahul.bhat89@example.com,Bangalore,Budget,2023-08-31
90,Rohan,Bhat,rohan.bhat90@example.com,Mumbai,Regular,2024-02-27
91,Ananya,Nair,ananya.nair91@example.com,Hyderabad,Regular,2024-02-26
92,Arjun,Malhotra,arjun.malhotra92@example.com,Mumbai,Budget,2025-06-12
93,Kabir,Mehta,kabir.mehta93@example.com,Ahmedabad,Regular,2025-04-16
94,Kabir,Mehta,kabir.mehta94@example.com,Hyderabad,Regular,2023-01-25
95,Aryan,Desai,aryan.desai95@example.com,Chennai,Regular,2023-03-13
96,Riya,Malhotra,riya.malhotra96@example.com,Jaipur,Regular,2024-11-26
97,Aarav,Gupta,aarav.gupta97@example.com,Chennai,Regular,2025-06-17
98,Aryan,Sharma,aryan.sharma98@example.com,Surat,Regular,2023-04-22
99,Ananya,Malhotra,ananya.malhotra99@example.com,Jaipur,Premium,2024-09-12
100,Kavya,Mehta,kavya.mehta100@example.com,Mumbai,Budget,2023-09-18
101,Aarav,Shah,aarav.shah101@example.com,Jaipur,Regular,2025-04-05
102,Karan,Kapoor,karan.kapoor102@example.com,Delhi,Budget,2024-03-17
103,Ananya,Joshi,ananya.joshi103@example.com,Delhi,Budget,2023-11-18
104,Vikram,Shah,vikram.shah104@example.com,Kolkata,Regular,2023-11-13
105,Vikram,Shah,vikram.shah105@example.com,Hyderabad,Regular,2023-05-11
106,Diya,Reddy,diya.reddy106@example.com,Bangalore,Regular,2025-02-05
107,Vikram,Malhotra,vikram.malhotra107@example.com,Mumbai,Regular,2024-07-15
108,Karan,Malhotra,karan.malhotra108@example.com,Surat,Regular,2025-03-15
109,Ananya,Singh,ananya.singh109@example.com,Ahmedabad,Regular,2024-03-28
110,Riya,Singh,riya.singh110@example.com,Bangalore,Regular,2025-03-23
111,Vikram,Shah,vikram.shah111@example.com,Surat,Regular,2024-11-10
112,Kabir,Reddy,kabir.reddy112@example.com,Hyderabad,Budget,2023-11-14
113,Rahul,Sharma,rahul.sharma113@example.com,Hyderabad,Budget,2023-02-17
114,Nisha,Desai,nisha.desai114@example.com,Delhi,Regular,2025-02-25
115,Kavya,Mehta,kavya.mehta115@example.com,Kolkata,Regular,2025-01-05
116,Kabir,Patel,kabir.patel116@example.com,Mumbai,Budget,2024-11-02
117,Arjun,Nair,arjun.nair117@example.com,Hyderabad,Regular,2024-03-11
118,Riya,Singh,riya.singh118@example.com,Jaipur,Regular,2023-02-21
119,Arjun,Singh,arjun.singh119@example.com,Ahmedabad,Regular,2023-05-17
120,Sneha,Joshi,sneha.joshi120@example.com,Ahmedabad,Regular,2023-11-21
121,Riya,Malhotra,riya.malhotra121@example.com,Jaipur,Regular,2025-04-30
122,Rohan,Iyer,rohan.iyer122@example.com,Ahmedabad,Regular,2025-06-01
123,Kabir,Desai,kabir.desai123@example.com,Chennai,Budget,2024-10-14
124,Riya,Singh,riya.singh124@example.com,Hyderabad,Regular,2024-10-03
125,Aditya,Iyer,aditya.iyer125@example.com,Hyderabad,Regular,2023-10-20
126,Ananya,Bhat,ananya.bhat126@example.com,Delhi,Premium,2024-07-07
127,Kabir,Malhotra,kabir.malhotra127@example.com,Bangalore,Budget,2024-12-11
128,Aditya,Malhotra,aditya.malhotra128@example.com,Pune,Regular,2024-02-22
129,Isha,Sharma,isha.sharma129@example.com,Kolkata,Regular,2023-07-31
130,Kavya,Iyer,kavya.iyer130@example.com,Surat,Regular,2023-01-21
131,Aarav,Kapoor,aarav.kapoor131@example.com,Kolkata,Budget,2023-11-02
132,Isha,Shah,isha.shah132@example.com,Jaipur,Budget,2025-02-04
133,Kabir,Singh,kabir.singh133@example.com,Chennai,Regular,2023-08-13
134,Aarav,Malhotra,aarav.malhotra134@example.com,Kolkata,Budget,2023-12-11
135,Meera,Bhat,meera.bhat135@example.com,Surat,Regular,2023-05-11
136,Diya,Joshi,diya.joshi136@example.com,Mumbai,Premium,2024-07-31
137,Isha,Patel,isha.patel137@example.com,Ahmedabad,Regular,2025-06-06
138,Aryan,Malhotra,aryan.malhotra138@example.com,Hyderabad,Regular,2023-12-02
139,Ananya,Nair,ananya.nair139@example.com,Kolkata,Regular,2025-06-19
140,Isha,Verma,isha.verma140@example.com,Delhi,Regular,2025-05-04
141,Sneha,Sharma,sneha.sharma141@example.com,Hyderabad,Regular,2023-12-25
142,Vivaan,Nair,vivaan.nair142@example.com,Hyderabad,Regular,2023-02-01
143,Aarav,Joshi,aarav.joshi143@example.com,Hyderabad,Premium,2023-06-06
144,Arjun,Joshi,arjun.joshi144@example.com,Ahmedabad,Regular,2023-08-12
145,Aisha,Patel,aisha.patel145@example.com,Surat,Budget,2024-09-12
146,Arjun,Nair,arjun.nair146@example.com,Bangalore,Budget,2025-04-18
147,Arjun,Joshi,arjun.joshi147@example.com,Chennai,Regular,2023-01-27
148,Diya,Malhotra,diya.malhotra148@example.com,Hyderabad,Premium,2025-01-02
149,Kabir,Gupta,kabir.gupta149@example.com,Chennai,Budget,2024-12-14
150,Nisha,Nair,nisha.nair150@example.com,Surat,Budget,2023-05-04
151,Aisha,Shah,aisha.shah151@example.com,Pune,Premium,2024-03-14
152,Ananya,Sharma,ananya.sharma152@example.com,Kolkata,Budget,2025-05-19
153,Arjun,Malhotra,arjun.malhotra153@example.com,Ahmedabad,Budget,2024-01-06
154,Isha,Patel,isha.patel154@example.com,Jaipur,Budget,2025-01-21
155,Aryan,Joshi,aryan.joshi155@example.com,Jaipur,Budget,2025-04-07
156,Meera,Malhotra,meera.malhotra156@example.com,Surat,Regular,2025-04-25
157,Kabir,Desai,kabir.desai157@example.com,Chennai,Budget,2023-03-30
158,Kabir,Nair,kabir.nair158@example.com,Surat,Regular,2024-04-20
159,Diya,Kapoor,diya.kapoor159@example.com,Ahmedabad,Budget,2023-01-30
160,Rohan,Singh,rohan.singh160@example.com,Pune,Budget,2023-08-06
161,Ananya,Verma,ananya.verma161@example.com,Chennai,Regular,2024-09-02
162,Riya,Mehta,riya.mehta162@example.com,Hyderabad,Budget,2023-03-29
163,Priya,Shah,priya.shah163@example.com,Hyderabad,Regular,2025-02-15
164,Priya,Singh,priya.singh164@example.com,Mumbai,Premium,2025-03-22
165,Kabir,Malhotra,kabir.malhotra165@example.com,Hyderabad,Regular,2024-12-09
166,Kavya,Kapoor,kavya.kapoor166@example.com,Jaipur,Regular,2024-04-29
167,Isha,Iyer,isha.iyer167@example.com,Pune,Regular,2024-07-17
168,Meera,Verma,meera.verma168@example.com,Chennai,Regular,2023-11-10
169,Karan,Kapoor,karan.kapoor169@example.com,Jaipur,Budget,2023-05-03
170,Rohan,Mehta,rohan.mehta170@example.com,Ahmedabad,Regular,2023-08-10
171,Kavya,Nair,kavya.nair171@example.com,Surat,Regular,2024-06-21
172,Arjun,Desai,arjun.desai172@example.com,Chennai,Regular,2023-07-18
173,Rohan,Verma,rohan.verma173@example.com,Jaipur,Premium,2023-01-15
174,Vivaan,Sharma,vivaan.sharma174@example.com,Chennai,Regular,2024-07-20
175,Rahul,Reddy,rahul.reddy175@example.com,Ahmedabad,Premium,2025-06-08
176,Aarav,Joshi,aarav.joshi176@example.com,Ahmedabad,Regular,2023-10-19
177,Ananya,Patel,ananya.patel177@example.com,Chennai,Budget,2023-02-22
178,Priya,Gupta,priya.gupta178@example.com,Delhi,Regular,2025-04-21
179,Aditya,Joshi,aditya.joshi179@example.com,Mumbai,Regular,2024-10-06
180,Kavya,Verma,kavya.verma180@example.com,Hyderabad,Premium,2023-03-29
181,Isha,Joshi,isha.joshi181@example.com,Surat,Regular,2024-09-02
182,Riya,Malhotra,riya.malhotra182@example.com,Ahmedabad,Regular,2024-04-06
183,Kavya,Malhotra,kavya.malhotra183@example.com,Surat,Regular,2023-11-09
184,Nisha,Iyer,nisha.iyer184@example.com,Hyderabad,Regular,2023-04-12
185,Aryan,Reddy,aryan.reddy185@example.com,Bangalore,Regular,2023-03-25
186,Sneha,Gupta,sneha.gupta186@example.com,Mumbai,Regular,2023-06-10
187,Nisha,Singh,nisha.singh187@example.com,Mumbai,Regular,2023-10-26
188,Vikram,Iyer,vikram.iyer188@example.com,Ahmedabad,Premium,2025-05-30
189,Kabir,Bhat,kabir.bhat189@example.com,Surat,Regular,2023-09-28
190,Karan,Malhotra,karan.malhotra190@example.com,Jaipur,Regular,2023-04-28
191,Rahul,Bhat,rahul.bhat191@example.com,Bangalore,Premium,2023-09-30
192,Rohan,Nair,rohan.nair192@example.com,Surat,Budget,2023-11-11
193,Kavya,Bhat,kavya.bhat193@example.com,Ahmedabad,Premium,2023-10-23
194,Vikram,Iyer,vikram.iyer194@example.com,Chennai,Regular,2024-02-17
195,Priya,Singh,priya.singh195@example.com,Surat,Premium,2023-03-24
196,Isha,Iyer,isha.iyer196@example.com,Surat,Regular,2023-11-27
197,Aditya,Mehta,aditya.mehta197@example.com,Surat,Regular,2024-11-21
198,Aarav,Nair,aarav.nair198@example.com,Chennai,Regular,2024-11-19
199,Rohan,Singh,rohan.singh199@example.com,Ahmedabad,Budget,2024-06-15
200,Rohan,Joshi,rohan.joshi200@example.com,Ahmedabad,Budget,2024-03-22
201,Priya,Kapoor,priya.kapoor201@example.com,Pune,Regular,2024-02-23
202,Arjun,Desai,arjun.desai202@example.com,Pune,Regular,2023-06-14
203,Priya,Verma,priya.verma203@example.com,Kolkata,Budget,2024-11-09
204,Sneha,Sharma,sneha.sharma204@example.com,Delhi,Regular,2024-04-10
205,Ananya,Gupta,ananya.gupta205@example.com,Kolkata,Budget,2025-03-02
206,Aarav,Reddy,aarav.reddy206@example.com,Jaipur,Regular,2025-06-09
207,Vivaan,Mehta,vivaan.mehta207@example.com,Pune,Regular,2024-06-14
208,Priya,Reddy,priya.reddy208@example.com,Mumbai,Regular,2024-03-28
209,Sneha,Patel,sneha.patel209@example.com,Ahmedabad,Budget,2023-10-22
210,Priya,Gupta,priya.gupta210@example.com,Surat,Budget,2023-01-30
211,Rohan,Verma,rohan.verma211@example.com,Mumbai,Regular,2024-07-18
212,Aditya,Mehta,aditya.mehta212@example.com,Delhi,Regular,2025-05-11
213,Arjun,Reddy,arjun.reddy213@example.com,Bangalore,Regular,2025-05-02
214,Vikram,Shah,vikram.shah214@example.com,Chennai,Regular,2024-12-23
215,Priya,Singh,priya.singh215@example.com,Ahmedabad,Regular,2023-09-07
216,Diya,Mehta,diya.mehta216@example.com,Jaipur,Budget,2024-09-05
217,Rahul,Desai,rahul.desai217@example.com,Chennai,Budget,2023-03-13
218,Isha,Kapoor,isha.kapoor218@example.com,Jaipur,Regular,2025-03-17
219,Aarav,Verma,aarav.verma219@example.com,Chennai,Budget,2025-01-13
220,Kavya,Reddy,kavya.reddy220@example.com,Bangalore,Regular,2024-05-16
221,Priya,Kapoor,priya.kapoor221@example.com,Jaipur,Budget,2023-12-07
222,Diya,Singh,diya.singh222@example.com,Hyderabad,Budget,2023-11-26
223,Kabir,Joshi,kabir.joshi223@example.com,Hyderabad,Budget,2024-01-28
224,Isha,Sharma,isha.sharma224@example.com,Ahmedabad,Budget,2023-11-22
225,Diya,Malhotra,diya.malhotra225@example.com,Bangalore,Regular,2024-11-10
226,Vivaan,Patel,vivaan.patel226@example.com,Surat,Regular,2024-05-29
227,Arjun,Desai,arjun.desai227@example.com,Ahmedabad,Premium,2025-05-15
228,Meera,Sharma,meera.sharma228@example.com,Bangalore,Regular,2025-01-09
229,Rahul,Gupta,rahul.gupta229@example.com,Chennai,Regular,2024-04-25
230,Diya,Reddy,diya.reddy230@example.com,Pune,Budget,2023-03-24
231,Sneha,Malhotra,sneha.malhotra231@example.com,Ahmedabad,Budget,2023-11-21
232,Vivaan,Joshi,vivaan.joshi232@example.com,Hyderabad,Regular,2023-03-12
233,Vikram,Mehta,vikram.mehta233@example.com,Delhi,Regular,2025-02-03
234,Arjun,Nair,arjun.nair234@example.com,Delhi,Regular,2024-10-10
235,Vikram,Bhat,vikram.bhat235@example.com,Mumbai,Regular,2023-01-30
236,Vivaan,Verma,vivaan.verma236@example.com,Pune,Regular,2024-01-03
237,Kabir,Shah,kabir.shah237@example.com,Surat,Regular,2024-02-26
238,Rohan,Patel,rohan.patel238@example.com,Delhi,Regular,2023-06-29
239,Diya,Joshi,diya.joshi239@example.com,Hyderabad,Regular,2024-11-30
240,Kavya,Patel,kavya.patel240@example.com,Ahmedabad,Regular,2023-08-26
241,Meera,Verma,meera.verma241@example.com,Mumbai,Budget,2024-11-13
242,Meera,Bhat,meera.bhat242@example.com,Jaipur,Regular,2023-10-22
243,Meera,Kapoor,meera.kapoor243@example.com,Chennai,Regular,2024-08-24
244,Isha,Iyer,isha.iyer244@example.com,Ahmedabad,Budget,2023-09-14
245,Karan,Malhotra,karan.malhotra245@example.com,Ahmedabad,Premium,2025-05-23
246,Diya,Joshi,diya.joshi246@example.com,Surat,Regular,2024-01-03
247,Vikram,Sharma,vikram.sharma247@example.com,Kolkata,Regular,2025-04-29
248,Kavya,Desai,kavya.desai248@example.com,Mumbai,Budget,2024-12-03
249,Priya,Desai,priya.desai249@example.com,Hyderabad,Regular,2023-10-21
250,Aisha,Mehta,aisha.mehta250@example.com,Hyderabad,Regular,2024-10-13
251,Rahul,Reddy,rahul.reddy251@example.com,Mumbai,Regular,2023-04-10
252,Meera,Sharma,meera.sharma252@example.com,Pune,Budget,2024-08-16
253,Aditya,Bhat,aditya.bhat253@example.com,Pune,Budget,2023-10-30
254,Rohan,Mehta,rohan.mehta254@example.com,Jaipur,Budget,2023-05-16
255,Aisha,Shah,aisha.shah255@example.com,Chennai,Budget,2024-05-28
256,Aryan,Bhat,aryan.bhat256@example.com,Ahmedabad,Budget,2025-04-24
257,Vikram,Iyer,vikram.iyer257@example.com,Pune,Budget,2025-06-10
258,Meera,Gupta,meera.gupta258@example.com,Hyderabad,Budget,2023-05-25
259,Diya,Desai,diya.desai259@example.com,Jaipur,Regular,2025-04-03
260,Diya,Sharma,diya.sharma260@example.com,Jaipur,Premium,2023-09-28
261,Aisha,Reddy,aisha.reddy261@example.com,Chennai,Regular,2025-02-05
262,Aisha,Gupta,aisha.gupta262@example.com,Hyderabad,Regular,2024-11-22
263,Nisha,Bhat,nisha.bhat263@example.com,Pune,Budget,2024-07-28
264,Kabir,Reddy,kabir.reddy264@example.com,Ahmedabad,Budget,2023-03-06
265,Vikram,Reddy,vikram.reddy265@example.com,Delhi,Premium,2024-02-23
266,Vivaan,Verma,vivaan.verma266@example.com,Delhi,Premium,2024-05-19
267,Sneha,Patel,sneha.patel267@example.com,Ahmedabad,Regular,2024-02-02
268,Sneha,Malhotra,sneha.malhotra268@example.com,Bangalore,Budget,2024-08-24
269,Arjun,Desai,arjun.desai269@example.com,Surat,Regular,2024-05-16
270,Aryan,Sharma,aryan.sharma270@example.com,Pune,Regular,2024-12-07
271,Meera,Mehta,meera.mehta271@example.com,Pune,Premium,2025-05-25
272,Aisha,Shah,aisha.shah272@example.com,Pune,Premium,2024-10-22
273,Aryan,Mehta,aryan.mehta273@example.com,Ahmedabad,Premium,2023-05-06
274,Karan,Reddy,karan.reddy274@example.com,Surat,Budget,2024-10-16
275,Vivaan,Nair,vivaan.nair275@example.com,Hyderabad,Budget,2023-12-08
276,Kavya,Mehta,kavya.mehta276@example.com,Jaipur,Regular,2023-03-12
277,Karan,Desai,karan.desai277@example.com,Hyderabad,Regular,2025-06-09
278,Rahul,Nair,rahul.nair278@example.com,Mumbai,Regular,2024-09-02
279,Rahul,Patel,rahul.patel279@example.com,Chennai,Budget,2024-07-07
280,Arjun,Reddy,arjun.reddy280@example.com,Mumbai,Premium,2025-06-06
281,Aisha,Nair,aisha.nair281@example.com,Hyderabad,Regular,2025-03-18
282,Aarav,Patel,aarav.patel282@example.com,Mumbai,Premium,2023-09-29
283,Isha,Shah,isha.shah283@example.com,Delhi,Regular,2023-04-27
284,Aisha,Shah,aisha.shah284@example.com,Delhi,Regular,2024-08-30
285,Kabir,Joshi,kabir.joshi285@example.com,Jaipur,Regular,2023-02-14
286,Aarav,Sharma,aarav.sharma286@example.com,Kolkata,Regular,2024-05-05
287,Arjun,Singh,arjun.singh287@example.com,Ahmedabad,Premium,2024-12-30
288,Aditya,Kapoor,aditya.kapoor288@example.com,Bangalore,Premium,2024-09-14
289,Aryan,Joshi,aryan.joshi289@example.com,Surat,Regular,2024-10-10
290,Ananya,Malhotra,ananya.malhotra290@example.com,Jaipur,Regular,2024-09-03
291,Riya,Joshi,riya.joshi291@example.com,Delhi,Budget,2024-03-16
292,Arjun,Desai,arjun.desai292@example.com,Jaipur,Budget,2024-11-01
293,Karan,Malhotra,karan.malhotra293@example.com,Hyderabad,Regular,2024-04-07
294,Meera,Malhotra,meera.malhotra294@example.com,Delhi,Regular,2024-03-01
295,Ananya,Reddy,ananya.reddy295@example.com,Pune,Budget,2023-09-19
296,Priya,Gupta,priya.gupta296@example.com,Delhi,Premium,2023-04-04
297,Arjun,Iyer,arjun.iyer297@example.com,Pune,Budget,2025-01-26
298,Sneha,Sharma,sneha.sharma298@example.com,Jaipur,Regular,2024-08-23
299,Arjun,Malhotra,arjun.malhotra299@example.com,Kolkata,Budget,2023-12-29
300,Vivaan,Verma,vivaan.verma300@example.com,Chennai,Regular,2024-09-06
301,Kavya,Shah,kavya.shah301@example.com,Bangalore,Regular,2023-08-06
302,Kabir,Desai,kabir.desai302@example.com,Pune,Budget,2023-04-21
303,Aisha,Gupta,aisha.gupta303@example.com,Chennai,Regular,2025-02-19
304,Isha,Desai,isha.desai304@example.com,Surat,Regular,2024-07-28
305,Sneha,Sharma,sneha.sharma305@example.com,Chennai,Premium,2024-09-15
306,Aryan,Iyer,aryan.iyer306@example.com,Chennai,Budget,2025-02-19
307,Aisha,Sharma,aisha.sharma307@example.com,Bangalore,Regular,2023-07-05
308,Diya,Gupta,diya.gupta308@example.com,Mumbai,Premium,2023-05-26
309,Riya,Mehta,riya.mehta309@example.com,Kolkata,Regular,2024-01-21
310,Rohan,Kapoor,rohan.kapoor310@example.com,Pune,Budget,2023-11-16
311,Kavya,Joshi,kavya.joshi311@example.com,Mumbai,Regular,2023-03-28
312,Nisha,Sharma,nisha.sharma312@example.com,Delhi,Regular,2024-11-21
313,Isha,Singh,isha.singh313@example.com,Ahmedabad,Regular,2024-09-13
314,Karan,Nair,karan.nair314@example.com,Delhi,Regular,2024-06-08
315,Arjun,Verma,arjun.verma315@example.com,Surat,Regular,2024-11-25
316,Vikram,Sharma,vikram.sharma316@example.com,Kolkata,Budget,2023-08-14
317,Vivaan,Sharma,vivaan.sharma317@example.com,Chennai,Budget,2023-07-29
318,Rahul,Nair,rahul.nair318@example.com,Chennai,Regular,2023-09-19
319,Aarav,Singh,aarav.singh319@example.com,Kolkata,Regular,2025-02-03
320,Diya,Shah,diya.shah320@example.com,Hyderabad,Regular,2024-12-21
321,Aisha,Gupta,aisha.gupta321@example.com,Mumbai,Regular,2024-02-11
322,Meera,Bhat,meera.bhat322@example.com,Pune,Regular,2023-03-21
323,Kavya,Malhotra,kavya.malhotra323@example.com,Kolkata,Regular,2024-12-27
324,Diya,Sharma,diya.sharma324@example.com,Bangalore,Budget,2023-11-29
325,Nisha,Singh,nisha.singh325@example.com,Pune,Premium,2025-05-01
326,Arjun,Mehta,arjun.mehta326@example.com,Surat,Regular,2024-03-22
327,Aditya,Malhotra,aditya.malhotra327@example.com,Chennai,Budget,2025-06-10
328,Kabir,Kapoor,kabir.kapoor328@example.com,Bangalore,Premium,2025-03-08
329,Arjun,Shah,arjun.shah329@example.com,Hyderabad,Budget,2024-06-06
330,Aisha,Kapoor,aisha.kapoor330@example.com,Bangalore,Regular,2025-01-14
331,Rahul,Verma,rahul.verma331@example.com,Bangalore,Regular,2023-07-22
332,Aditya,Patel,aditya.patel332@example.com,Ahmedabad,Regular,2025-03-02
333,Kavya,Nair,kavya.nair333@example.com,Ahmedabad,Regular,2024-08-16
334,Kavya,Reddy,kavya.reddy334@example.com,Surat,Regular,2024-10-12
335,Ananya,Patel,ananya.patel335@example.com,Delhi,Regular,2024-03-26
336,Vikram,Nair,vikram.nair336@example.com,Surat,Premium,2023-10-09
337,Riya,Gupta,riya.gupta337@example.com,Ahmedabad,Regular,2023-11-14
338,Vivaan,Kapoor,vivaan.kapoor338@example.com,Chennai,Premium,2025-05-01
339,Aditya,Joshi,aditya.joshi339@example.com,Jaipur,Regular,2024-08-31
340,Kavya,Shah,kavya.shah340@example.com,Mumbai,Regular,2025-03-21
341,Kavya,Reddy,kavya.reddy341@example.com,Pune,Regular,2023-07-12
342,Riya,Patel,riya.patel342@example.com,Ahmedabad,Premium,2023-03-05
343,Ananya,Iyer,ananya.iyer343@example.com,Jaipur,Regular,2023-03-28
344,Vivaan,Mehta,vivaan.mehta344@example.com,Ahmedabad,Budget,2024-12-25
345,Riya,Shah,riya.shah345@example.com,Bangalore,Regular,2024-09-16
346,Vikram,Malhotra,vikram.malhotra346@example.com,Pune,Regular,2024-02-23
347,Vivaan,Nair,vivaan.nair347@example.com,Pune,Premium,2024-10-08
348,Arjun,Shah,arjun.shah348@example.com,Kolkata,Regular,2024-11-25
349,Nisha,Desai,nisha.desai349@example.com,Pune,Premium,2023-06-03
350,Rahul,Bhat,rahul.bhat350@example.com,Chennai,Budget,2023-12-25
351,Diya,Patel,diya.patel351@example.com,Delhi,Regular,2024-09-01
352,Diya,Reddy,diya.reddy352@example.com,Pune,Budget,2025-03-21
353,Riya,Gupta,riya.gupta353@example.com,Kolkata,Regular,2024-10-23
354,Aarav,Kapoor,aarav.kapoor354@example.com,Bangalore,Budget,2023-11-13
355,Ananya,Nair,ananya.nair355@example.com,Hyderabad,Regular,2024-05-12
356,Rahul,Patel,rahul.patel356@example.com,Chennai,Budget,2023-03-21
357,Arjun,Shah,arjun.shah357@example.com,Jaipur,Budget,2025-02-28
358,Riya,Sharma,riya.sharma358@example.com,Pune,Budget,2024-11-08
359,Nisha,Patel,nisha.patel359@example.com,Kolkata,Regular,2024-09-03
360,Rohan,Desai,rohan.desai360@example.com,Surat,Budget,2024-12-10
361,Rohan,Iyer,rohan.iyer361@example.com,Mumbai,Regular,2024-03-24
362,Kabir,Singh,kabir.singh362@example.com,Chennai,Budget,2024-09-17
363,Meera,Mehta,meera.mehta363@example.com,Hyderabad,Regular,2024-06-30
364,Priya,Bhat,priya.bhat364@example.com,Hyderabad,Regular,2025-05-05
365,Kavya,Singh,kavya.singh365@example.com,Chennai,Budget,2024-04-17
366,Riya,Shah,riya.shah366@example.com,Bangalore,Budget,2024-03-04
367,Nisha,Patel,nisha.patel367@example.com,Chennai,Premium,2025-06-12
368,Priya,Desai,priya.desai368@example.com,Jaipur,Budget,2024-01-16
369,Riya,Desai,riya.desai369@example.com,Chennai,Premium,2023-05-08
370,Rohan,Verma,rohan.verma370@example.com,Jaipur,Premium,2024-04-05
371,Isha,Gupta,isha.gupta371@example.com,Ahmedabad,Budget,2023-08-16
372,Aarav,Malhotra,aarav.malhotra372@example.com,Kolkata,Regular,2023-02-24
373,Kabir,Malhotra,kabir.malhotra373@example.com,Pune,Regular,2023-03-25
374,Ananya,Bhat,ananya.bhat374@example.com,Pune,Budget,2023-04-12
375,Rahul,Sharma,rahul.sharma375@example.com,Ahmedabad,Regular,2023-10-21
376,Rahul,Nair,rahul.nair376@example.com,Ahmedabad,Regular,2024-12-23
377,Aarav,Bhat,aarav.bhat377@example.com,Mumbai,Regular,2023-03-23
378,Rahul,Shah,rahul.shah378@example.com,Surat,Regular,2025-01-14
379,Arjun,Nair,arjun.nair379@example.com,Hyderabad,Regular,2023-10-23
380,Vivaan,Mehta,vivaan.mehta380@example.com,Surat,Regular,2024-03-05
381,Arjun,Desai,arjun.desai381@example.com,Surat,Regular,2024-05-26
382,Riya,Joshi,riya.joshi382@example.com,Bangalore,Regular,2023-09-05
383,Aarav,Joshi,aarav.joshi383@example.com,Hyderabad,Regular,2023-12-28
384,Rohan,Reddy,rohan.reddy384@example.com,Delhi,Regular,2024-11-15
385,Aisha,Gupta,aisha.gupta385@example.com,Jaipur,Regular,2024-06-22
386,Riya,Shah,riya.shah386@example.com,Kolkata,Budget,2023-01-21
387,Vivaan,Reddy,vivaan.reddy387@example.com,Pune,Regular,2024-02-01
388,Aarav,Kapoor,aarav.kapoor388@example.com,Delhi,Regular,2025-03-18
389,Arjun,Nair,arjun.nair389@example.com,Pune,Premium,2024-08-18
390,Aisha,Shah,aisha.shah390@example.com,Bangalore,Budget,2023-12-13
391,Meera,Iyer,meera.iyer391@example.com,Bangalore,Budget,2024-05-05
392,Aditya,Iyer,aditya.iyer392@example.com,Ahmedabad,Premium,2025-03-05
393,Karan,Sharma,karan.sharma393@example.com,Hyderabad,Budget,2025-03-21
394,Ananya,Bhat,ananya.bhat394@example.com,Jaipur,Regular,2023-11-14
395,Sneha,Singh,sneha.singh395@example.com,Mumbai,Budget,2023-09-17
396,Karan,Verma,karan.verma396@example.com,Mumbai,Budget,2024-01-01
397,Ananya,Verma,ananya.verma397@example.com,Pune,Regular,2023-05-08
398,Diya,Iyer,diya.iyer398@example.com,Kolkata,Regular,2024-03-26
399,Rohan,Singh,rohan.singh399@example.com,Ahmedabad,Regular,2024-12-09
400,Riya,Verma,riya.verma400@example.com,Delhi,Budget,2025-03-31
401,Aditya,Malhotra,aditya.malhotra401@example.com,Bangalore,Regular,2024-09-08
402,Ananya,Gupta,ananya.gupta402@example.com,Pune,Regular,2023-03-23
403,Vikram,Singh,vikram.singh403@example.com,Kolkata,Regular,2024-09-09
404,Meera,Kapoor,meera.kapoor404@example.com,Mumbai,Budget,2024-04-02
405,Aisha,Joshi,aisha.joshi405@example.com,Chennai,Regular,2024-03-21
406,Vivaan,Gupta,vivaan.gupta406@example.com,Kolkata,Regular,2024-11-18
407,Rohan,Sharma,rohan.sharma407@example.com,Surat,Regular,2023-05-27
408,Meera,Sharma,meera.sharma408@example.com,Delhi,Regular,2023-05-10
409,Aisha,Kapoor,aisha.kapoor409@example.com,Surat,Premium,2024-01-28
410,Rahul,Reddy,rahul.reddy410@example.com,Pune,Regular,2024-04-05
411,Aditya,Joshi,aditya.joshi411@example.com,Jaipur,Regular,2023-05-21
412,Ananya,Reddy,ananya.reddy412@example.com,Hyderabad,Budget,2023-10-13
413,Aarav,Iyer,aarav.iyer413@example.com,Ahmedabad,Regular,2023-07-10
414,Sneha,Gupta,sneha.gupta414@example.com,Chennai,Budget,2023-09-26
415,Karan,Joshi,karan.joshi415@example.com,Ahmedabad,Regular,2023-10-20
416,Rahul,Desai,rahul.desai416@example.com,Ahmedabad,Regular,2023-03-17
417,Meera,Gupta,meera.gupta417@example.com,Pune,Regular,2025-04-09
418,Aditya,Shah,aditya.shah418@example.com,Chennai,Budget,2024-07-09
419,Rohan,Iyer,rohan.iyer419@example.com,Bangalore,Budget,2024-12-27
420,Riya,Mehta,riya.mehta420@example.com,Hyderabad,Budget,2023-05-05
421,Kabir,Nair,kabir.nair421@example.com,Mumbai,Regular,2024-05-20
422,Kavya,Kapoor,kavya.kapoor422@example.com,Jaipur,Premium,2024-04-23
423,Aditya,Gupta,aditya.gupta423@example.com,Kolkata,Budget,2023-11-13
424,Priya,Shah,priya.shah424@example.com,Kolkata,Budget,2024-02-25
425,Aditya,Patel,aditya.patel425@example.com,Delhi,Regular,2023-11-21
426,Riya,Kapoor,riya.kapoor426@example.com,Jaipur,Regular,2023-05-12
427,Rohan,Nair,rohan.nair427@example.com,Kolkata,Regular,2023-05-13
428,Vivaan,Desai,vivaan.desai428@example.com,Jaipur,Regular,2023-05-08
429,Rohan,Patel,rohan.patel429@example.com,Hyderabad,Regular,2023-11-27
430,Riya,Bhat,riya.bhat430@example.com,Delhi,Regular,2023-10-18
431,Sneha,Verma,sneha.verma431@example.com,Chennai,Regular,2023-05-09
432,Aditya,Shah,aditya.shah432@example.com,Bangalore,Regular,2024-10-18
433,Kavya,Patel,kavya.patel433@example.com,Surat,Budget,2023-06-25
434,Nisha,Kapoor,nisha.kapoor434@example.com,Surat,Premium,2025-05-12
435,Aarav,Gupta,aarav.gupta435@example.com,Surat,Regular,2023-02-16
436,Karan,Nair,karan.nair436@example.com,Kolkata,Regular,2024-08-08
437,Aarav,Singh,aarav.singh437@example.com,Jaipur,Regular,2024-10-04
438,Vikram,Singh,vikram.singh438@example.com,Kolkata,Regular,2023-09-08
439,Aditya,Iyer,aditya.iyer439@example.com,Bangalore,Regular,2023-03-03
440,Priya,Singh,priya.singh440@example.com,Pune,Regular,2023-07-28
441,Ananya,Desai,ananya.desai441@example.com,Pune,Budget,2025-01-05
442,Aisha,Malhotra,aisha.malhotra442@example.com,Pune,Regular,2023-05-14
443,Arjun,Kapoor,arjun.kapoor443@example.com,Ahmedabad,Premium,2023-09-05
444,Meera,Mehta,meera.mehta444@example.com,Delhi,Premium,2023-05-25
445,Diya,Desai,diya.desai445@example.com,Kolkata,Regular,2024-09-22
446,Rohan,Desai,rohan.desai446@example.com,Surat,Budget,2023-12-02
447,Karan,Nair,karan.nair447@example.com,Ahmedabad,Budget,2023-06-13
448,Meera,Singh,meera.singh448@example.com,Chennai,Regular,2025-06-19
449,Aditya,Malhotra,aditya.malhotra449@example.com,Ahmedabad,Budget,2024-06-01
450,Karan,Joshi,karan.joshi450@example.com,Mumbai,Premium,2023-12-28
451,Priya,Joshi,priya.joshi451@example.com,Ahmedabad,Regular,2025-05-13
452,Aarav,Desai,aarav.desai452@example.com,Kolkata,Premium,2023-04-21
453,Aryan,Iyer,aryan.iyer453@example.com,Kolkata,Regular,2024-01-10
454,Diya,Sharma,diya.sharma454@example.com,Jaipur,Regular,2024-08-06
455,Sneha,Verma,sneha.verma455@example.com,Kolkata,Regular,2023-03-17
456,Sneha,Verma,sneha.verma456@example.com,Surat,Regular,2025-04-25
457,Arjun,Patel,arjun.patel457@example.com,Kolkata,Regular,2023-04-10
458,Ananya,Shah,ananya.shah458@example.com,Bangalore,Regular,2024-01-10
459,Riya,Malhotra,riya.malhotra459@example.com,Mumbai,Premium,2024-05-27
460,Rahul,Iyer,rahul.iyer460@example.com,Ahmedabad,Regular,2023-12-08
461,Rahul,Joshi,rahul.joshi461@example.com,Bangalore,Regular,2024-06-11
462,Nisha,Kapoor,nisha.kapoor462@example.com,Kolkata,Budget,2023-06-16
463,Vikram,Joshi,vikram.joshi463@example.com,Jaipur,Budget,2023-12-11
464,Sneha,Singh,sneha.singh464@example.com,Surat,Regular,2024-12-26
465,Aarav,Kapoor,aarav.kapoor465@example.com,Delhi,Budget,2023-12-06
466,Kavya,Verma,kavya.verma466@example.com,Mumbai,Regular,2025-03-26
467,Aryan,Reddy,aryan.reddy467@example.com,Surat,Regular,2025-03-12
468,Vivaan,Joshi,vivaan.joshi468@example.com,Bangalore,Regular,2024-05-06
469,Nisha,Nair,nisha.nair469@example.com,Kolkata,Premium,2025-05-11
470,Kabir,Sharma,kabir.sharma470@example.com,Delhi,Regular,2024-08-09
471,Meera,Kapoor,meera.kapoor471@example.com,Bangalore,Regular,2024-03-04
472,Karan,Malhotra,karan.malhotra472@example.com,Surat,Budget,2024-05-28
473,Vivaan,Iyer,vivaan.iyer473@example.com,Jaipur,Regular,2023-05-22
474,Ananya,Reddy,ananya.reddy474@example.com,Jaipur,Regular,2024-05-04
475,Rohan,Singh,rohan.singh475@example.com,Pune,Regular,2024-06-29
476,Aryan,Joshi,aryan.joshi476@example.com,Hyderabad,Budget,2024-05-10
477,Aryan,Shah,aryan.shah477@example.com,Hyderabad,Budget,2023-11-02
478,Vikram,Nair,vikram.nair478@example.com,Hyderabad,Regular,2023-10-23
479,Priya,Kapoor,priya.kapoor479@example.com,Pune,Regular,2024-05-06
480,Aryan,Verma,aryan.verma480@example.com,Surat,Regular,2023-05-05
481,Diya,Bhat,diya.bhat481@example.com,Pune,Budget,2024-02-09
482,Rahul,Verma,rahul.verma482@example.com,Chennai,Budget,2023-02-13
483,Aditya,Kapoor,aditya.kapoor483@example.com,Chennai,Budget,2024-03-28
484,Karan,Mehta,karan.mehta484@example.com,Jaipur,Regular,2025-04-27
485,Sneha,Iyer,sneha.iyer485@example.com,Bangalore,Premium,2023-10-06
486,Kavya,Mehta,kavya.mehta486@example.com,Mumbai,Regular,2023-09-06
487,Riya,Mehta,riya.mehta487@example.com,Hyderabad,Premium,2024-10-15
488,Isha,Kapoor,isha.kapoor488@example.com,Ahmedabad,Premium,2025-01-04
489,Rahul,Sharma,rahul.sharma489@example.com,Bangalore,Regular,2024-07-17
490,Priya,Singh,priya.singh490@example.com,Hyderabad,Budget,2024-10-28
491,Vikram,Kapoor,vikram.kapoor491@example.com,Mumbai,Budget,2023-10-20
492,Aditya,Reddy,aditya.reddy492@example.com,Hyderabad,Regular,2024-08-10
493,Vivaan,Bhat,vivaan.bhat493@example.com,Kolkata,Budget,2023-06-29
494,Rohan,Bhat,rohan.bhat494@example.com,Kolkata,Budget,2023-02-07
495,Rohan,Bhat,rohan.bhat495@example.com,Chennai,Budget,2025-02-05
496,Aarav,Verma,aarav.verma496@example.com,Surat,Premium,2024-08-04
497,Ananya,Verma,ananya.verma497@example.com,Jaipur,Regular,2024-04-10
498,Rahul,Desai,rahul.desai498@example.com,Ahmedabad,Regular,2024-05-31
499,Arjun,Kapoor,arjun.kapoor499@example.com,Ahmedabad,Regular,2023-06-16
500,Rohan,Sharma,rohan.sharma500@example.com,Pune,Budget,2025-01-24
501,Kavya,Reddy,kavya.reddy501@example.com,Hyderabad,Regular,2025-02-14
502,Diya,Desai,diya.desai502@example.com,Jaipur,Regular,2024-03-13
503,Diya,Reddy,diya.reddy503@example.com,Bangalore,Budget,2023-04-08
504,Priya,Kapoor,priya.kapoor504@example.com,Mumbai,Regular,2023-09-12
505,Kabir,Singh,kabir.singh505@example.com,Chennai,Budget,2025-02-10
506,Vikram,Joshi,vikram.joshi506@example.com,Surat,Premium,2025-01-10
507,Aisha,Iyer,aisha.iyer507@example.com,Mumbai,Regular,2023-08-30
508,Meera,Verma,meera.verma508@example.com,Kolkata,Regular,2023-06-13
509,Vikram,Iyer,vikram.iyer509@example.com,Chennai,Regular,2023-05-01
510,Kabir,Mehta,kabir.mehta510@example.com,Ahmedabad,Regular,2023-05-17
511,Nisha,Kapoor,nisha.kapoor511@example.com,Jaipur,Budget,2024-03-01
512,Sneha,Nair,sneha.nair512@example.com,Hyderabad,Budget,2024-11-11
513,Nisha,Desai,nisha.desai513@example.com,Delhi,Regular,2025-03-17
514,Riya,Iyer,riya.iyer514@example.com,Delhi,Budget,2024-01-06
515,Arjun,Sharma,arjun.sharma515@example.com,Jaipur,Budget,2025-04-28
516,Karan,Joshi,karan.joshi516@example.com,Bangalore,Regular,2024-07-03
517,Riya,Singh,riya.singh517@example.com,Hyderabad,Budget,2023-04-30
518,Priya,Gupta,priya.gupta518@example.com,Ahmedabad,Budget,2024-06-06
519,Meera,Patel,meera.patel519@example.com,Kolkata,Regular,2024-06-09
520,Vivaan,Shah,vivaan.shah520@example.com,Chennai,Budget,2024-04-18
521,Diya,Verma,diya.verma521@example.com,Mumbai,Budget,2025-04-16
522,Kavya,Gupta,kavya.gupta522@example.com,Kolkata,Regular,2023-02-16
523,Aditya,Shah,aditya.shah523@example.com,Delhi,Budget,2023-03-03
524,Priya,Sharma,priya.sharma524@example.com,Kolkata,Regular,2023-10-21
525,Rahul,Nair,rahul.nair525@example.com,Kolkata,Regular,2024-10-18
526,Diya,Singh,diya.singh526@example.com,Kolkata,Regular,2025-06-09
527,Sneha,Patel,sneha.patel527@example.com,Pune,Premium,2024-10-31
528,Sneha,Malhotra,sneha.malhotra528@example.com,Bangalore,Budget,2024-06-25
529,Kabir,Desai,kabir.desai529@example.com,Mumbai,Budget,2023-01-04
530,Meera,Reddy,meera.reddy530@example.com,Jaipur,Regular,2025-01-06
531,Diya,Desai,diya.desai531@example.com,Hyderabad,Regular,2023-08-24
532,Rahul,Verma,rahul.verma532@example.com,Delhi,Premium,2023-07-13
533,Isha,Joshi,isha.joshi533@example.com,Mumbai,Regular,2025-02-23
534,Aditya,Gupta,aditya.gupta534@example.com,Mumbai,Regular,2024-08-31
535,Vivaan,Mehta,vivaan.mehta535@example.com,Mumbai,Regular,2025-01-28
536,Kabir,Shah,kabir.shah536@example.com,Mumbai,Premium,2023-08-11
537,Vikram,Mehta,vikram.mehta537@example.com,Surat,Regular,2025-04-15
538,Nisha,Nair,nisha.nair538@example.com,Pune,Regular,2024-11-19
539,Rahul,Reddy,rahul.reddy539@example.com,Hyderabad,Regular,2024-06-17
540,Aryan,Sharma,aryan.sharma540@example.com,Surat,Budget,2024-07-24
541,Rohan,Reddy,rohan.reddy541@example.com,Kolkata,Regular,2024-11-26
542,Vivaan,Kapoor,vivaan.kapoor542@example.com,Kolkata,Budget,2024-10-20
543,Ananya,Iyer,ananya.iyer543@example.com,Kolkata,Premium,2024-03-02
544,Diya,Patel,diya.patel544@example.com,Jaipur,Regular,2025-02-11
545,Kabir,Verma,kabir.verma545@example.com,Bangalore,Budget,2025-05-28
546,Vivaan,Shah,vivaan.shah546@example.com,Kolkata,Regular,2024-02-27
547,Rahul,Malhotra,rahul.malhotra547@example.com,Chennai,Regular,2023-09-06
548,Aditya,Bhat,aditya.bhat548@example.com,Pune,Premium,2024-04-05
549,Karan,Sharma,karan.sharma549@example.com,Kolkata,Regular,2023-10-02
550,Nisha,Sharma,nisha.sharma550@example.com,Delhi,Regular,2025-06-13
551,Kavya,Iyer,kavya.iyer551@example.com,Jaipur,Regular,2024-11-18
552,Karan,Desai,karan.desai552@example.com,Chennai,Budget,2023-12-07
553,Aarav,Mehta,aarav.mehta553@example.com,Delhi,Budget,2023-07-14
554,Priya,Bhat,priya.bhat554@example.com,Surat,Budget,2023-09-06
555,Diya,Bhat,diya.bhat555@example.com,Jaipur,Regular,2023-09-03
556,Vikram,Malhotra,vikram.malhotra556@example.com,Jaipur,Regular,2024-04-22
557,Vikram,Verma,vikram.verma557@example.com,Jaipur,Budget,2024-01-04
558,Meera,Gupta,meera.gupta558@example.com,Ahmedabad,Budget,2025-04-02
559,Ananya,Bhat,ananya.bhat559@example.com,Pune,Regular,2023-07-28
560,Vivaan,Joshi,vivaan.joshi560@example.com,Hyderabad,Budget,2025-06-03
561,Aarav,Verma,aarav.verma561@example.com,Surat,Regular,2024-07-20
562,Isha,Verma,isha.verma562@example.com,Hyderabad,Regular,2023-06-06
563,Diya,Joshi,diya.joshi563@example.com,Hyderabad,Regular,2025-05-03
564,Ananya,Verma,ananya.verma564@example.com,Ahmedabad,Budget,2025-02-20
565,Priya,Singh,priya.singh565@example.com,Pune,Regular,2023-06-22
566,Sneha,Singh,sneha.singh566@example.com,Jaipur,Budget,2023-07-08
567,Vivaan,Shah,vivaan.shah567@example.com,Delhi,Budget,2023-02-04
568,Vivaan,Nair,vivaan.nair568@example.com,Kolkata,Premium,2023-01-07
569,Kabir,Gupta,kabir.gupta569@example.com,Bangalore,Premium,2024-12-25
570,Riya,Singh,riya.singh570@example.com,Mumbai,Regular,2024-01-18
571,Nisha,Bhat,nisha.bhat571@example.com,Ahmedabad,Premium,2024-05-09
572,Sneha,Shah,sneha.shah572@example.com,Mumbai,Premium,2024-02-26
573,Aryan,Shah,aryan.shah573@example.com,Mumbai,Regular,2023-10-21
574,Isha,Nair,isha.nair574@example.com,Delhi,Budget,2023-07-03
575,Riya,Patel,riya.patel575@example.com,Hyderabad,Regular,2023-09-04
576,Aryan,Desai,aryan.desai576@example.com,Chennai,Budget,2023-12-29
577,Aditya,Kapoor,aditya.kapoor577@example.com,Ahmedabad,Regular,2024-02-20
578,Kabir,Verma,kabir.verma578@example.com,Delhi,Regular,2024-12-01
579,Vivaan,Gupta,vivaan.gupta579@example.com,Kolkata,Regular,2024-02-20
580,Priya,Sharma,priya.sharma580@example.com,Mumbai,Budget,2024-10-14
581,Aditya,Singh,aditya.singh581@example.com,Kolkata,Regular,2025-05-15
582,Ananya,Joshi,ananya.joshi582@example.com,Delhi,Budget,2025-05-28
583,Vivaan,Mehta,vivaan.mehta583@example.com,Surat,Regular,2023-08-05
584,Vivaan,Bhat,vivaan.bhat584@example.com,Chennai,Budget,2023-03-18
585,Kavya,Reddy,kavya.reddy585@example.com,Bangalore,Budget,2023-02-03
586,Ananya,Sharma,ananya.sharma586@example.com,Surat,Premium,2023-08-01
587,Diya,Bhat,diya.bhat587@example.com,Chennai,Regular,2023-03-20
588,Kabir,Joshi,kabir.joshi588@example.com,Kolkata,Regular,2025-05-04
589,Sneha,Kapoor,sneha.kapoor589@example.com,Bangalore,Budget,2024-01-29
590,Aditya,Shah,aditya.shah590@example.com,Pune,Premium,2025-02-02
591,Isha,Mehta,isha.mehta591@example.com,Delhi,Regular,2025-05-08
592,Nisha,Joshi,nisha.joshi592@example.com,Pune,Premium,2024-02-11
593,Aryan,Nair,aryan.nair593@example.com,Ahmedabad,Regular,2024-04-06
594,Sneha,Malhotra,sneha.malhotra594@example.com,Bangalore,Regular,2024-03-18
595,Diya,Gupta,diya.gupta595@example.com,Surat,Regular,2025-03-01
596,Kabir,Iyer,kabir.iyer596@example.com,Delhi,Regular,2023-03-17
597,Diya,Iyer,diya.iyer597@example.com,Bangalore,Budget,2025-03-13
598,Ananya,Kapoor,ananya.kapoor598@example.com,Delhi,Premium,2023-04-20
599,Vikram,Singh,vikram.singh599@example.com,Chennai,Premium,2024-01-04
600,Aditya,Patel,aditya.patel600@example.com,Ahmedabad,Regular,2024-03-17
601,Riya,Malhotra,riya.malhotra601@example.com,Mumbai,Premium,2023-04-16
602,Sneha,Gupta,sneha.gupta602@example.com,Surat,Budget,2024-09-03
603,Diya,Sharma,diya.sharma603@example.com,Kolkata,Regular,2023-10-26
604,Aditya,Iyer,aditya.iyer604@example.com,Hyderabad,Regular,2024-07-26
605,Rohan,Reddy,rohan.reddy605@example.com,Bangalore,Premium,2024-01-25
606,Vikram,Verma,vikram.verma606@example.com,Bangalore,Premium,2024-05-19
607,Isha,Verma,isha.verma607@example.com,Chennai,Regular,2024-03-07
608,Aditya,Kapoor,aditya.kapoor608@example.com,Hyderabad,Budget,2023-09-15
609,Priya,Joshi,priya.joshi609@example.com,Hyderabad,Regular,2024-09-23
610,Rahul,Verma,rahul.verma610@example.com,Kolkata,Regular,2023-01-07
611,Nisha,Malhotra,nisha.malhotra611@example.com,Pune,Regular,2025-04-03
612,Isha,Desai,isha.desai612@example.com,Surat,Premium,2025-04-23
613,Ananya,Joshi,ananya.joshi613@example.com,Hyderabad,Regular,2024-12-12
614,Rohan,Malhotra,rohan.malhotra614@example.com,Chennai,Budget,2023-11-23
615,Priya,Joshi,priya.joshi615@example.com,Hyderabad,Regular,2025-03-11
616,Aryan,Desai,aryan.desai616@example.com,Kolkata,Regular,2025-03-15
617,Kavya,Mehta,kavya.mehta617@example.com,Jaipur,Regular,2024-08-29
618,Sneha,Sharma,sneha.sharma618@example.com,Ahmedabad,Budget,2025-01-14
619,Karan,Singh,karan.singh619@example.com,Chennai,Budget,2025-03-27
620,Aditya,Desai,aditya.desai620@example.com,Kolkata,Regular,2025-05-18
621,Rahul,Reddy,rahul.reddy621@example.com,Hyderabad,Regular,2023-11-07
622,Rahul,Iyer,rahul.iyer622@example.com,Kolkata,Premium,2024-03-09
623,Nisha,Singh,nisha.singh623@example.com,Kolkata,Regular,2024-08-19
624,Isha,Shah,isha.shah624@example.com,Pune,Budget,2023-02-07
625,Sneha,Joshi,sneha.joshi625@example.com,Delhi,Premium,2024-10-15
626,Kabir,Reddy,kabir.reddy626@example.com,Pune,Regular,2024-11-11
627,Nisha,Sharma,nisha.sharma627@example.com,Kolkata,Budget,2024-07-30
628,Ananya,Nair,ananya.nair628@example.com,Delhi,Premium,2024-03-16
629,Aryan,Mehta,aryan.mehta629@example.com,Jaipur,Regular,2024-06-06
630,Kavya,Mehta,kavya.mehta630@example.com,Pune,Regular,2024-04-01
631,Kavya,Iyer,kavya.iyer631@example.com,Bangalore,Regular,2024-05-27
632,Aarav,Singh,aarav.singh632@example.com,Chennai,Regular,2023-04-18
633,Aditya,Gupta,aditya.gupta633@example.com,Bangalore,Regular,2025-05-01
634,Ananya,Singh,ananya.singh634@example.com,Hyderabad,Regular,2025-03-14
635,Aisha,Singh,aisha.singh635@example.com,Ahmedabad,Budget,2023-04-10
636,Meera,Kapoor,meera.kapoor636@example.com,Chennai,Premium,2023-03-10
637,Arjun,Sharma,arjun.sharma637@example.com,Pune,Regular,2025-05-19
638,Rohan,Bhat,rohan.bhat638@example.com,Hyderabad,Regular,2025-01-28
639,Sneha,Patel,sneha.patel639@example.com,Jaipur,Regular,2023-12-05
640,Meera,Mehta,meera.mehta640@example.com,Kolkata,Regular,2025-03-27
641,Rohan,Reddy,rohan.reddy641@example.com,Kolkata,Regular,2024-11-04
642,Nisha,Bhat,nisha.bhat642@example.com,Ahmedabad,Regular,2023-07-22
643,Diya,Sharma,diya.sharma643@example.com,Hyderabad,Regular,2024-12-22
644,Aditya,Joshi,aditya.joshi644@example.com,Jaipur,Regular,2023-04-15
645,Ananya,Mehta,ananya.mehta645@example.com,Delhi,Regular,2024-04-13
646,Priya,Shah,priya.shah646@example.com,Pune,Regular,2024-10-16
647,Nisha,Malhotra,nisha.malhotra647@example.com,Delhi,Regular,2024-08-24
648,Meera,Joshi,meera.joshi648@example.com,Chennai,Budget,2023-06-26
649,Kavya,Gupta,kavya.gupta649@example.com,Bangalore,Regular,2024-11-19
650,Kabir,Verma,kabir.verma650@example.com,Bangalore,Regular,2023-04-30
651,Rahul,Shah,rahul.shah651@example.com,Kolkata,Regular,2024-02-02
652,Kavya,Malhotra,kavya.malhotra652@example.com,Bangalore,Regular,2024-03-09
653,Sneha,Iyer,sneha.iyer653@example.com,Bangalore,Regular,2024-10-22
654,Priya,Verma,priya.verma654@example.com,Bangalore,Regular,2023-05-24
655,Meera,Joshi,meera.joshi655@example.com,Pune,Budget,2023-02-24
656,Priya,Patel,priya.patel656@example.com,Kolkata,Budget,2023-07-19
657,Riya,Reddy,riya.reddy657@example.com,Kolkata,Regular,2024-05-21
658,Isha,Iyer,isha.iyer658@example.com,Ahmedabad,Regular,2025-05-10
659,Aditya,Joshi,aditya.joshi659@example.com,Hyderabad,Regular,2023-02-01
660,Aryan,Mehta,aryan.mehta660@example.com,Chennai,Regular,2024-07-04
661,Meera,Joshi,meera.joshi661@example.com,Ahmedabad,Regular,2025-01-30
662,Arjun,Joshi,arjun.joshi662@example.com,Chennai,Budget,2023-04-27
663,Aisha,Shah,aisha.shah663@example.com,Mumbai,Budget,2025-04-22
664,Meera,Shah,meera.shah664@example.com,Kolkata,Premium,2023-08-12
665,Kabir,Verma,kabir.verma665@example.com,Mumbai,Regular,2025-06-14
666,Aisha,Desai,aisha.desai666@example.com,Delhi,Regular,2025-04-16
667,Arjun,Nair,arjun.nair667@example.com,Hyderabad,Regular,2025-04-11
668,Kavya,Iyer,kavya.iyer668@example.com,Surat,Regular,2023-12-26
669,Rohan,Joshi,rohan.joshi669@example.com,Hyderabad,Budget,2023-05-23
670,Vivaan,Joshi,vivaan.joshi670@example.com,Jaipur,Regular,2023-12-26
671,Sneha,Patel,sneha.patel671@example.com,Chennai,Regular,2023-11-28
672,Aryan,Desai,aryan.desai672@example.com,Delhi,Premium,2024-06-10
673,Isha,Bhat,isha.bhat673@example.com,Chennai,Budget,2023-03-02
674,Rahul,Iyer,rahul.iyer674@example.com,Bangalore,Regular,2025-06-05
675,Ananya,Desai,ananya.desai675@example.com,Kolkata,Regular,2023-09-11
676,Kavya,Reddy,kavya.reddy676@example.com,Kolkata,Regular,2023-10-03
677,Aditya,Reddy,aditya.reddy677@example.com,Delhi,Regular,2025-03-24
678,Aryan,Iyer,aryan.iyer678@example.com,Pune,Regular,2025-06-17
679,Priya,Kapoor,priya.kapoor679@example.com,Mumbai,Budget,2024-08-18
680,Aditya,Iyer,aditya.iyer680@example.com,Pune,Budget,2024-04-14
681,Sneha,Malhotra,sneha.malhotra681@example.com,Kolkata,Budget,2023-08-12
682,Priya,Verma,priya.verma682@example.com,Chennai,Regular,2023-11-27
683,Kavya,Patel,kavya.patel683@example.com,Ahmedabad,Budget,2024-08-02
684,Vivaan,Sharma,vivaan.sharma684@example.com,Ahmedabad,Premium,2023-04-12
685,Rohan,Singh,rohan.singh685@example.com,Mumbai,Budget,2024-04-12
686,Isha,Mehta,isha.mehta686@example.com,Bangalore,Budget,2024-12-06
687,Vikram,Patel,vikram.patel687@example.com,Chennai,Premium,2025-06-14
688,Aisha,Verma,aisha.verma688@example.com,Pune,Regular,2023-03-26
689,Rohan,Sharma,rohan.sharma689@example.com,Chennai,Budget,2024-02-10
690,Kabir,Malhotra,kabir.malhotra690@example.com,Delhi,Budget,2024-11-02
691,Aarav,Mehta,aarav.mehta691@example.com,Delhi,Premium,2024-05-03
692,Kabir,Shah,kabir.shah692@example.com,Ahmedabad,Premium,2024-11-27
693,Ananya,Desai,ananya.desai693@example.com,Kolkata,Regular,2023-05-04
694,Priya,Gupta,priya.gupta694@example.com,Kolkata,Premium,2023-08-23
695,Arjun,Gupta,arjun.gupta695@example.com,Pune,Budget,2023-11-17
696,Rahul,Malhotra,rahul.malhotra696@example.com,Bangalore,Regular,2025-03-03
697,Rahul,Gupta,rahul.gupta697@example.com,Surat,Premium,2024-06-27
698,Rohan,Singh,rohan.singh698@example.com,Hyderabad,Regular,2023-12-26
699,Rahul,Bhat,rahul.bhat699@example.com,Surat,Regular,2024-02-26
700,Karan,Gupta,karan.gupta700@example.com,Bangalore,Budget,2023-04-13
701,Kavya,Iyer,kavya.iyer701@example.com,Pune,Budget,2024-01-29
702,Ananya,Nair,ananya.nair702@example.com,Hyderabad,Regular,2023-05-24
703,Aditya,Mehta,aditya.mehta703@example.com,Surat,Regular,2024-07-20
704,Nisha,Verma,nisha.verma704@example.com,Mumbai,Budget,2025-03-08
705,Vikram,Mehta,vikram.mehta705@example.com,Surat,Regular,2024-06-14
706,Diya,Verma,diya.verma706@example.com,Mumbai,Budget,2024-10-23
707,Kabir,Singh,kabir.singh707@example.com,Delhi,Regular,2024-01-31
708,Nisha,Gupta,nisha.gupta708@example.com,Mumbai,Budget,2024-06-24
709,Ananya,Patel,ananya.patel709@example.com,Surat,Regular,2024-02-01
710,Sneha,Reddy,sneha.reddy710@example.com,Ahmedabad,Budget,2023-06-26
711,Aditya,Sharma,aditya.sharma711@example.com,Delhi,Premium,2024-08-24
712,Karan,Sharma,karan.sharma712@example.com,Kolkata,Regular,2023-03-03
713,Riya,Nair,riya.nair713@example.com,Kolkata,Budget,2024-03-01
714,Aditya,Reddy,aditya.reddy714@example.com,Jaipur,Regular,2024-07-03
715,Aryan,Gupta,aryan.gupta715@example.com,Delhi,Regular,2023-11-14
716,Karan,Nair,karan.nair716@example.com,Jaipur,Regular,2023-06-09
717,Kavya,Reddy,kavya.reddy717@example.com,Delhi,Regular,2025-02-20
718,Isha,Iyer,isha.iyer718@example.com,Hyderabad,Premium,2025-05-16
719,Aditya,Bhat,aditya.bhat719@example.com,Delhi,Regular,2024-03-20
720,Nisha,Sharma,nisha.sharma720@example.com,Bangalore,Premium,2023-11-13
721,Rahul,Iyer,rahul.iyer721@example.com,Bangalore,Regular,2023-01-12
722,Aisha,Shah,aisha.shah722@example.com,Chennai,Regular,2024-06-13
723,Rahul,Iyer,rahul.iyer723@example.com,Chennai,Budget,2025-03-10
724,Arjun,Nair,arjun.nair724@example.com,Pune,Budget,2023-01-31
725,Aryan,Shah,aryan.shah725@example.com,Chennai,Budget,2023-03-07
726,Kavya,Reddy,kavya.reddy726@example.com,Ahmedabad,Regular,2023-03-20
727,Aisha,Sharma,aisha.sharma727@example.com,Surat,Regular,2024-05-26
728,Rohan,Verma,rohan.verma728@example.com,Delhi,Budget,2025-03-02
729,Arjun,Mehta,arjun.mehta729@example.com,Jaipur,Premium,2025-01-28
730,Aarav,Mehta,aarav.mehta730@example.com,Ahmedabad,Regular,2023-02-17
731,Rahul,Patel,rahul.patel731@example.com,Mumbai,Regular,2025-05-28
732,Isha,Mehta,isha.mehta732@example.com,Hyderabad,Regular,2023-11-26
733,Ananya,Verma,ananya.verma733@example.com,Delhi,Regular,2025-04-25
734,Arjun,Shah,arjun.shah734@example.com,Mumbai,Regular,2024-11-20
735,Riya,Sharma,riya.sharma735@example.com,Delhi,Budget,2024-02-15
736,Vikram,Nair,vikram.nair736@example.com,Chennai,Regular,2025-05-15
737,Sneha,Singh,sneha.singh737@example.com,Pune,Regular,2023-01-09
738,Kavya,Nair,kavya.nair738@example.com,Surat,Regular,2023-11-08
739,Aisha,Joshi,aisha.joshi739@example.com,Hyderabad,Budget,2024-05-20
740,Sneha,Nair,sneha.nair740@example.com,Hyderabad,Regular,2025-03-26
741,Isha,Sharma,isha.sharma741@example.com,Jaipur,Regular,2023-08-27
742,Aarav,Kapoor,aarav.kapoor742@example.com,Kolkata,Budget,2023-01-02
743,Vikram,Gupta,vikram.gupta743@example.com,Jaipur,Budget,2023-07-30
744,Isha,Singh,isha.singh744@example.com,Bangalore,Budget,2023-03-03
745,Aditya,Sharma,aditya.sharma745@example.com,Jaipur,Regular,2023-08-26
746,Aisha,Singh,aisha.singh746@example.com,Delhi,Regular,2025-02-04
747,Riya,Patel,riya.patel747@example.com,Kolkata,Premium,2024-10-14
748,Kavya,Sharma,kavya.sharma748@example.com,Bangalore,Regular,2024-03-21
749,Aryan,Desai,aryan.desai749@example.com,Kolkata,Budget,2023-11-19
750,Ananya,Kapoor,ananya.kapoor750@example.com,Chennai,Regular,2024-04-08
751,Karan,Patel,karan.patel751@example.com,Surat,Premium,2025-03-09
752,Arjun,Patel,arjun.patel752@example.com,Ahmedabad,Regular,2024-04-05
753,Arjun,Shah,arjun.shah753@example.com,Hyderabad,Regular,2024-01-02
754,Meera,Verma,meera.verma754@example.com,Delhi,Premium,2025-05-22
755,Vikram,Desai,vikram.desai755@example.com,Surat,Premium,2024-12-22
756,Ananya,Patel,ananya.patel756@example.com,Hyderabad,Budget,2023-04-04
757,Diya,Shah,diya.shah757@example.com,Chennai,Regular,2023-02-20
758,Rohan,Sharma,rohan.sharma758@example.com,Ahmedabad,Regular,2024-02-19
759,Sneha,Mehta,sneha.mehta759@example.com,Ahmedabad,Premium,2023-04-07
760,Rahul,Gupta,rahul.gupta760@example.com,Mumbai,Budget,2023-01-13
761,Kabir,Patel,kabir.patel761@example.com,Kolkata,Regular,2023-07-22
762,Aditya,Joshi,aditya.joshi762@example.com,Chennai,Budget,2024-08-23
763,Aditya,Sharma,aditya.sharma763@example.com,Hyderabad,Budget,2023-03-08
764,Meera,Nair,meera.nair764@example.com,Delhi,Budget,2023-05-12
765,Ananya,Gupta,ananya.gupta765@example.com,Ahmedabad,Premium,2023-02-13
766,Kavya,Malhotra,kavya.malhotra766@example.com,Kolkata,Regular,2025-04-21
767,Diya,Reddy,diya.reddy767@example.com,Bangalore,Regular,2024-03-12
768,Rohan,Verma,rohan.verma768@example.com,Ahmedabad,Budget,2023-10-14
769,Vivaan,Joshi,vivaan.joshi769@example.com,Surat,Regular,2024-09-26
770,Vikram,Singh,vikram.singh770@example.com,Jaipur,Regular,2024-02-26
771,Aditya,Verma,aditya.verma771@example.com,Bangalore,Regular,2024-01-28
772,Riya,Mehta,riya.mehta772@example.com,Jaipur,Budget,2024-10-07
773,Diya,Nair,diya.nair773@example.com,Pune,Regular,2024-12-31
774,Priya,Kapoor,priya.kapoor774@example.com,Jaipur,Regular,2024-08-02
775,Aryan,Patel,aryan.patel775@example.com,Pune,Regular,2023-01-27
776,Aarav,Bhat,aarav.bhat776@example.com,Chennai,Premium,2025-04-10
777,Priya,Shah,priya.shah777@example.com,Surat,Budget,2024-01-02
778,Rohan,Gupta,rohan.gupta778@example.com,Hyderabad,Regular,2023-09-11
779,Vivaan,Nair,vivaan.nair779@example.com,Surat,Budget,2023-08-13
780,Diya,Kapoor,diya.kapoor780@example.com,Bangalore,Regular,2025-05-09
781,Kavya,Kapoor,kavya.kapoor781@example.com,Pune,Budget,2025-04-05
782,Aarav,Iyer,aarav.iyer782@example.com,Pune,Budget,2024-12-18
783,Kavya,Patel,kavya.patel783@example.com,Hyderabad,Budget,2024-07-30
784,Priya,Shah,priya.shah784@example.com,Bangalore,Regular,2023-11-13
785,Aditya,Sharma,aditya.sharma785@example.com,Surat,Regular,2023-08-27
786,Riya,Singh,riya.singh786@example.com,Pune,Budget,2023-01-01
787,Karan,Nair,karan.nair787@example.com,Pune,Budget,2023-05-14
788,Ananya,Sharma,ananya.sharma788@example.com,Bangalore,Regular,2023-01-23
789,Rahul,Nair,rahul.nair789@example.com,Jaipur,Budget,2023-04-24
790,Aditya,Kapoor,aditya.kapoor790@example.com,Kolkata,Regular,2024-12-22
791,Ananya,Verma,ananya.verma791@example.com,Bangalore,Budget,2023-11-27
792,Isha,Nair,isha.nair792@example.com,Ahmedabad,Regular,2024-10-16
793,Rohan,Iyer,rohan.iyer793@example.com,Surat,Budget,2024-07-29
794,Kabir,Reddy,kabir.reddy794@example.com,Bangalore,Regular,2024-08-26
795,Vikram,Patel,vikram.patel795@example.com,Mumbai,Budget,2023-07-01
796,Kavya,Malhotra,kavya.malhotra796@example.com,Surat,Premium,2025-05-21
797,Nisha,Kapoor,nisha.kapoor797@example.com,Surat,Regular,2025-04-08
798,Kavya,Gupta,kavya.gupta798@example.com,Bangalore,Regular,2024-05-23
799,Aditya,Mehta,aditya.mehta799@example.com,Pune,Regular,2023-12-22
800,Aditya,Desai,aditya.desai800@example.com,Pune,Regular,2024-12-26
801,Aryan,Mehta,aryan.mehta801@example.com,Delhi,Regular,2023-09-13
802,Arjun,Iyer,arjun.iyer802@example.com,Mumbai,Regular,2023-01-02
803,Isha,Patel,isha.patel803@example.com,Ahmedabad,Budget,2024-02-28
804,Aisha,Shah,aisha.shah804@example.com,Delhi,Budget,2024-01-20
805,Kavya,Reddy,kavya.reddy805@example.com,Hyderabad,Regular,2025-02-15
806,Aditya,Nair,aditya.nair806@example.com,Mumbai,Regular,2025-05-16
807,Ananya,Verma,ananya.verma807@example.com,Delhi,Regular,2023-04-18
808,Diya,Patel,diya.patel808@example.com,Delhi,Regular,2025-01-19
809,Aditya,Kapoor,aditya.kapoor809@example.com,Surat,Budget,2024-08-31
810,Aarav,Malhotra,aarav.malhotra810@example.com,Bangalore,Regular,2024-10-31
811,Isha,Patel,isha.patel811@example.com,Delhi,Regular,2023-02-24
812,Karan,Malhotra,karan.malhotra812@example.com,Jaipur,Budget,2024-12-14
813,Sneha,Verma,sneha.verma813@example.com,Chennai,Regular,2024-11-07
814,Arjun,Sharma,arjun.sharma814@example.com,Surat,Regular,2024-02-07
815,Priya,Patel,priya.patel815@example.com,Pune,Premium,2023-02-25
816,Aditya,Verma,aditya.verma816@example.com,Surat,Regular,2025-04-23
817,Arjun,Sharma,arjun.sharma817@example.com,Bangalore,Regular,2023-07-31
818,Aditya,Singh,aditya.singh818@example.com,Delhi,Regular,2025-05-14
819,Diya,Singh,diya.singh819@example.com,Chennai,Premium,2024-05-15
820,Sneha,Malhotra,sneha.malhotra820@example.com,Pune,Budget,2023-07-09
821,Aisha,Patel,aisha.patel821@example.com,Mumbai,Regular,2024-04-01
822,Meera,Verma,meera.verma822@example.com,Chennai,Regular,2023-08-20
823,Rahul,Nair,rahul.nair823@example.com,Delhi,Premium,2024-12-14
824,Aisha,Nair,aisha.nair824@example.com,Kolkata,Budget,2024-07-08
825,Kavya,Mehta,kavya.mehta825@example.com,Mumbai,Budget,2024-07-20
826,Riya,Malhotra,riya.malhotra826@example.com,Ahmedabad,Regular,2024-07-02
827,Kabir,Singh,kabir.singh827@example.com,Delhi,Regular,2023-11-03
828,Vivaan,Shah,vivaan.shah828@example.com,Jaipur,Budget,2024-08-07
829,Nisha,Patel,nisha.patel829@example.com,Ahmedabad,Regular,2023-05-04
830,Rohan,Mehta,rohan.mehta830@example.com,Hyderabad,Premium,2025-04-07
831,Isha,Gupta,isha.gupta831@example.com,Kolkata,Regular,2024-11-30
832,Rahul,Desai,rahul.desai832@example.com,Chennai,Regular,2024-09-01
833,Aditya,Gupta,aditya.gupta833@example.com,Jaipur,Regular,2024-02-02
834,Ananya,Desai,ananya.desai834@example.com,Jaipur,Regular,2023-10-10
835,Aarav,Nair,aarav.nair835@example.com,Surat,Regular,2024-12-18
836,Isha,Gupta,isha.gupta836@example.com,Bangalore,Premium,2024-02-29
837,Kavya,Joshi,kavya.joshi837@example.com,Delhi,Budget,2025-02-15
838,Kavya,Nair,kavya.nair838@example.com,Chennai,Budget,2023-04-14
839,Aisha,Bhat,aisha.bhat839@example.com,Chennai,Regular,2024-02-25
840,Priya,Joshi,priya.joshi840@example.com,Ahmedabad,Premium,2024-09-15
841,Aryan,Malhotra,aryan.malhotra841@example.com,Surat,Regular,2023-05-28
842,Diya,Sharma,diya.sharma842@example.com,Pune,Regular,2024-02-10
843,Vivaan,Iyer,vivaan.iyer843@example.com,Chennai,Budget,2024-05-01
844,Aarav,Kapoor,aarav.kapoor844@example.com,Chennai,Regular,2025-04-17
845,Priya,Desai,priya.desai845@example.com,Delhi,Budget,2024-12-13
846,Kabir,Patel,kabir.patel846@example.com,Ahmedabad,Budget,2023-11-04
847,Ananya,Verma,ananya.verma847@example.com,Kolkata,Regular,2025-01-16
848,Aditya,Mehta,aditya.mehta848@example.com,Hyderabad,Budget,2024-03-28
849,Isha,Iyer,isha.iyer849@example.com,Jaipur,Budget,2024-05-11
850,Vivaan,Shah,vivaan.shah850@example.com,Bangalore,Premium,2025-03-21
851,Riya,Malhotra,riya.malhotra851@example.com,Jaipur,Budget,2023-05-19
852,Aarav,Patel,aarav.patel852@example.com,Hyderabad,Budget,2023-07-17
853,Kabir,Sharma,kabir.sharma853@example.com,Mumbai,Budget,2024-04-12
854,Karan,Verma,karan.verma854@example.com,Ahmedabad,Regular,2024-01-13
855,Arjun,Reddy,arjun.reddy855@example.com,Hyderabad,Regular,2023-02-01
856,Nisha,Singh,nisha.singh856@example.com,Ahmedabad,Regular,2023-07-01
857,Aisha,Kapoor,aisha.kapoor857@example.com,Chennai,Budget,2023-06-17
858,Aditya,Verma,aditya.verma858@example.com,Kolkata,Premium,2023-01-29
859,Kavya,Nair,kavya.nair859@example.com,Hyderabad,Regular,2023-08-08
860,Karan,Verma,karan.verma860@example.com,Kolkata,Regular,2024-10-29
861,Aarav,Singh,aarav.singh861@example.com,Bangalore,Regular,2023-05-16
862,Aarav,Mehta,aarav.mehta862@example.com,Surat,Budget,2023-09-16
863,Vikram,Iyer,vikram.iyer863@example.com,Chennai,Regular,2024-12-27
864,Diya,Desai,diya.desai864@example.com,Ahmedabad,Regular,2023-12-24
865,Meera,Verma,meera.verma865@example.com,Jaipur,Budget,2024-11-24
866,Diya,Joshi,diya.joshi866@example.com,Mumbai,Regular,2023-04-15
867,Aisha,Shah,aisha.shah867@example.com,Surat,Regular,2024-10-24
868,Vikram,Reddy,vikram.reddy868@example.com,Ahmedabad,Premium,2023-04-21
869,Aryan,Reddy,aryan.reddy869@example.com,Chennai,Regular,2023-11-29
870,Vikram,Mehta,vikram.mehta870@example.com,Jaipur,Budget,2023-06-03
871,Vivaan,Nair,vivaan.nair871@example.com,Surat,Regular,2025-05-27
872,Ananya,Reddy,ananya.reddy872@example.com,Mumbai,Regular,2023-05-24
873,Vikram,Verma,vikram.verma873@example.com,Kolkata,Regular,2024-03-04
874,Vivaan,Joshi,vivaan.joshi874@example.com,Surat,Budget,2024-12-26
875,Ananya,Iyer,ananya.iyer875@example.com,Hyderabad,Regular,2024-12-31
876,Priya,Bhat,priya.bhat876@example.com,Pune,Regular,2024-11-18
877,Rohan,Desai,rohan.desai877@example.com,Jaipur,Regular,2024-11-04
878,Arjun,Singh,arjun.singh878@example.com,Chennai,Budget,2023-05-12
879,Sneha,Nair,sneha.nair879@example.com,Pune,Regular,2023-07-07
880,Kabir,Kapoor,kabir.kapoor880@example.com,Chennai,Regular,2023-08-17
881,Ananya,Kapoor,ananya.kapoor881@example.com,Surat,Regular,2023-09-24
882,Arjun,Singh,arjun.singh882@example.com,Surat,Regular,2023-02-24
883,Nisha,Gupta,nisha.gupta883@example.com,Hyderabad,Regular,2024-04-28
884,Diya,Shah,diya.shah884@example.com,Kolkata,Premium,2023-11-02
885,Rahul,Patel,rahul.patel885@example.com,Pune,Regular,2023-07-25
886,Kavya,Bhat,kavya.bhat886@example.com,Bangalore,Regular,2024-04-13
887,Rohan,Nair,rohan.nair887@example.com,Ahmedabad,Regular,2023-03-24
888,Rohan,Kapoor,rohan.kapoor888@example.com,Mumbai,Premium,2024-10-11
889,Aryan,Mehta,aryan.mehta889@example.com,Bangalore,Regular,2025-02-18
890,Rohan,Singh,rohan.singh890@example.com,Delhi,Premium,2025-03-15
891,Isha,Reddy,isha.reddy891@example.com,Kolkata,Regular,2024-03-15
892,Priya,Malhotra,priya.malhotra892@example.com,Mumbai,Regular,2023-01-05
893,Aisha,Sharma,aisha.sharma893@example.com,Jaipur,Regular,2023-11-26
894,Aarav,Reddy,aarav.reddy894@example.com,Hyderabad,Regular,2025-01-21
895,Aisha,Verma,aisha.verma895@example.com,Delhi,Regular,2023-05-13
896,Kavya,Verma,kavya.verma896@example.com,Delhi,Budget,2023-06-21
897,Vikram,Verma,vikram.verma897@example.com,Jaipur,Regular,2024-04-11
898,Ananya,Malhotra,ananya.malhotra898@example.com,Bangalore,Regular,2024-12-04
899,Priya,Kapoor,priya.kapoor899@example.com,Hyderabad,Regular,2025-02-07
900,Diya,Sharma,diya.sharma900@example.com,Hyderabad,Budget,2023-08-22
901,Rahul,Mehta,rahul.mehta901@example.com,Mumbai,Regular,2025-01-21
902,Rohan,Gupta,rohan.gupta902@example.com,Mumbai,Regular,2024-01-11
903,Aryan,Nair,aryan.nair903@example.com,Surat,Premium,2024-07-01
904,Vivaan,Reddy,vivaan.reddy904@example.com,Mumbai,Premium,2023-04-21
905,Arjun,Malhotra,arjun.malhotra905@example.com,Kolkata,Premium,2024-03-30
906,Aryan,Singh,aryan.singh906@example.com,Bangalore,Regular,2024-12-19
907,Aarav,Verma,aarav.verma907@example.com,Delhi,Regular,2024-03-06
908,Aryan,Joshi,aryan.joshi908@example.com,Bangalore,Regular,2024-09-12
909,Arjun,Shah,arjun.shah909@example.com,Surat,Premium,2025-01-06
910,Arjun,Nair,arjun.nair910@example.com,Ahmedabad,Regular,2023-04-19
911,Karan,Nair,karan.nair911@example.com,Jaipur,Budget,2023-09-27
912,Aisha,Iyer,aisha.iyer912@example.com,Chennai,Regular,2024-02-24
913,Sneha,Singh,sneha.singh913@example.com,Ahmedabad,Regular,2023-08-01
914,Aarav,Sharma,aarav.sharma914@example.com,Delhi,Budget,2024-11-18
915,Kavya,Reddy,kavya.reddy915@example.com,Bangalore,Budget,2024-05-20
916,Riya,Gupta,riya.gupta916@example.com,Delhi,Budget,2025-01-10
917,Kabir,Singh,kabir.singh917@example.com,Chennai,Regular,2023-10-31
918,Arjun,Desai,arjun.desai918@example.com,Mumbai,Budget,2023-06-28
919,Aisha,Nair,aisha.nair919@example.com,Pune,Regular,2024-11-24
920,Arjun,Gupta,arjun.gupta920@example.com,Mumbai,Premium,2025-05-21
921,Rahul,Reddy,rahul.reddy921@example.com,Bangalore,Regular,2024-10-24
922,Meera,Joshi,meera.joshi922@example.com,Delhi,Regular,2023-10-02
923,Ananya,Patel,ananya.patel923@example.com,Kolkata,Regular,2023-04-27
924,Meera,Verma,meera.verma924@example.com,Kolkata,Regular,2025-05-05
925,Priya,Nair,priya.nair925@example.com,Bangalore,Premium,2024-03-07
926,Vivaan,Desai,vivaan.desai926@example.com,Delhi,Regular,2023-06-13
927,Kavya,Singh,kavya.singh927@example.com,Surat,Regular,2025-04-01
928,Rohan,Joshi,rohan.joshi928@example.com,Pune,Regular,2024-01-24
929,Rahul,Singh,rahul.singh929@example.com,Delhi,Budget,2024-05-14
930,Meera,Sharma,meera.sharma930@example.com,Chennai,Regular,2023-03-06
931,Aarav,Iyer,aarav.iyer931@example.com,Jaipur,Budget,2025-06-08
932,Kavya,Iyer,kavya.iyer932@example.com,Hyderabad,Budget,2024-08-01
933,Ananya,Shah,ananya.shah933@example.com,Surat,Premium,2024-06-19
934,Kabir,Singh,kabir.singh934@example.com,Kolkata,Premium,2023-12-21
935,Sneha,Bhat,sneha.bhat935@example.com,Mumbai,Premium,2024-09-19
936,Rohan,Shah,rohan.shah936@example.com,Ahmedabad,Budget,2025-05-19
937,Rohan,Gupta,rohan.gupta937@example.com,Ahmedabad,Regular,2025-02-08
938,Ananya,Verma,ananya.verma938@example.com,Jaipur,Regular,2023-02-21
939,Diya,Malhotra,diya.malhotra939@example.com,Hyderabad,Premium,2025-04-16
940,Meera,Nair,meera.nair940@example.com,Ahmedabad,Premium,2024-08-09
941,Priya,Singh,priya.singh941@example.com,Delhi,Budget,2023-11-20
942,Aarav,Gupta,aarav.gupta942@example.com,Kolkata,Premium,2024-02-18
943,Sneha,Sharma,sneha.sharma943@example.com,Delhi,Budget,2025-04-25
944,Nisha,Reddy,nisha.reddy944@example.com,Jaipur,Regular,2023-11-08
945,Meera,Kapoor,meera.kapoor945@example.com,Mumbai,Budget,2024-01-08
946,Meera,Kapoor,meera.kapoor946@example.com,Surat,Regular,2024-07-27
947,Aisha,Iyer,aisha.iyer947@example.com,Delhi,Premium,2024-04-08
948,Kabir,Sharma,kabir.sharma948@example.com,Pune,Budget,2023-12-16
949,Vikram,Shah,vikram.shah949@example.com,Pune,Budget,2024-06-18
950,Vivaan,Bhat,vivaan.bhat950@example.com,Ahmedabad,Premium,2023-06-18
951,Isha,Gupta,isha.gupta951@example.com,Surat,Regular,2023-09-18
952,Arjun,Bhat,arjun.bhat952@example.com,Kolkata,Regular,2025-05-22
953,Karan,Iyer,karan.iyer953@example.com,Delhi,Budget,2023-12-13
954,Vivaan,Bhat,vivaan.bhat954@example.com,Surat,Premium,2024-10-10
955,Meera,Singh,meera.singh955@example.com,Surat,Budget,2024-11-05
956,Rahul,Singh,rahul.singh956@example.com,Jaipur,Budget,2023-01-05
957,Sneha,Bhat,sneha.bhat957@example.com,Surat,Regular,2024-03-19
958,Riya,Nair,riya.nair958@example.com,Surat,Regular,2023-07-01
959,Rahul,Gupta,rahul.gupta959@example.com,Surat,Regular,2024-02-01
960,Ananya,Shah,ananya.shah960@example.com,Kolkata,Budget,2024-01-29
961,Kabir,Verma,kabir.verma961@example.com,Pune,Budget,2024-02-12
962,Meera,Nair,meera.nair962@example.com,Bangalore,Regular,2023-05-17
963,Riya,Verma,riya.verma963@example.com,Jaipur,Budget,2025-05-13
964,Sneha,Reddy,sneha.reddy964@example.com,Hyderabad,Regular,2023-08-11
965,Vikram,Reddy,vikram.reddy965@example.com,Bangalore,Budget,2023-12-20
966,Rohan,Shah,rohan.shah966@example.com,Pune,Budget,2024-07-09
967,Aisha,Shah,aisha.shah967@example.com,Surat,Regular,2024-05-06
968,Isha,Reddy,isha.reddy968@example.com,Jaipur,Regular,2025-02-04
969,Isha,Nair,isha.nair969@example.com,Jaipur,Premium,2023-01-14
970,Diya,Patel,diya.patel970@example.com,Mumbai,Regular,2023-02-24
971,Rohan,Verma,rohan.verma971@example.com,Chennai,Premium,2024-11-30
972,Vivaan,Iyer,vivaan.iyer972@example.com,Chennai,Regular,2025-03-14
973,Sneha,Sharma,sneha.sharma973@example.com,Ahmedabad,Premium,2024-01-03
974,Sneha,Desai,sneha.desai974@example.com,Jaipur,Regular,2023-08-18
975,Riya,Nair,riya.nair975@example.com,Chennai,Regular,2025-03-26
976,Vivaan,Bhat,vivaan.bhat976@example.com,Kolkata,Regular,2024-01-26
977,Ananya,Shah,ananya.shah977@example.com,Mumbai,Budget,2023-02-25
978,Karan,Joshi,karan.joshi978@example.com,Ahmedabad,Budget,2025-06-08
979,Aisha,Nair,aisha.nair979@example.com,Jaipur,Budget,2024-08-25
980,Karan,Nair,karan.nair980@example.com,Hyderabad,Regular,2025-01-12
981,Rohan,Reddy,rohan.reddy981@example.com,Bangalore,Budget,2023-03-18
982,Riya,Gupta,riya.gupta982@example.com,Mumbai,Regular,2024-01-22
983,Sneha,Verma,sneha.verma983@example.com,Bangalore,Regular,2023-05-14
984,Aryan,Sharma,aryan.sharma984@example.com,Ahmedabad,Budget,2023-12-05
985,Rahul,Sharma,rahul.sharma985@example.com,Pune,Regular,2023-06-07
986,Nisha,Desai,nisha.desai986@example.com,Chennai,Regular,2024-11-08
987,Kavya,Shah,kavya.shah987@example.com,Delhi,Budget,2024-01-02
988,Ananya,Shah,ananya.shah988@example.com,Bangalore,Regular,2023-08-14
989,Riya,Patel,riya.patel989@example.com,Jaipur,Regular,2024-03-01
990,Aditya,Kapoor,aditya.kapoor990@example.com,Hyderabad,Regular,2023-08-15
991,Ananya,Kapoor,ananya.kapoor991@example.com,Hyderabad,Budget,2023-10-28
992,Nisha,Shah,nisha.shah992@example.com,Jaipur,Budget,2024-05-01
993,Aarav,Gupta,aarav.gupta993@example.com,Pune,Regular,2024-11-15
994,Nisha,Bhat,nisha.bhat994@example.com,Hyderabad,Budget,2024-09-28
995,Ananya,Malhotra,ananya.malhotra995@example.com,Delhi,Regular,2025-03-26
996,Sneha,Iyer,sneha.iyer996@example.com,Mumbai,Budget,2023-10-17
997,Aisha,Shah,aisha.shah997@example.com,Jaipur,Regular,2025-04-02
998,Vivaan,Verma,vivaan.verma998@example.com,Hyderabad,Regular,2024-10-29
999,Aditya,Gupta,aditya.gupta999@example.com,Jaipur,Regular,2023-06-21
1000,Aditya,Mehta,aditya.mehta1000@example.com,Hyderabad,Budget,2024-11-17
1001,Isha,Desai,isha.desai1001@example.com,Hyderabad,Regular,2023-04-17
1002,Isha,Reddy,isha.reddy1002@example.com,Delhi,Budget,2025-04-16
1003,Rahul,Sharma,rahul.sharma1003@example.com,Pune,Premium,2024-04-15
1004,Aditya,Sharma,aditya.sharma1004@example.com,Chennai,Regular,2023-07-02
1005,Kavya,Desai,kavya.desai1005@example.com,Chennai,Regular,2023-08-22
1006,Meera,Reddy,meera.reddy1006@example.com,Kolkata,Regular,2024-02-19
1007,Diya,Reddy,diya.reddy1007@example.com,Jaipur,Premium,2023-05-02
1008,Nisha,Gupta,nisha.gupta1008@example.com,Surat,Premium,2025-02-13
1009,Aditya,Kapoor,aditya.kapoor1009@example.com,Delhi,Regular,2024-05-29
1010,Vikram,Joshi,vikram.joshi1010@example.com,Chennai,Budget,2023-03-30
1011,Meera,Malhotra,meera.malhotra1011@example.com,Mumbai,Regular,2024-02-09
1012,Sneha,Mehta,sneha.mehta1012@example.com,Kolkata,Budget,2023-05-20
1013,Sneha,Verma,sneha.verma1013@example.com,Bangalore,Regular,2024-10-11
1014,Aisha,Sharma,aisha.sharma1014@example.com,Jaipur,Premium,2024-07-20
1015,Vivaan,Sharma,vivaan.sharma1015@example.com,Surat,Regular,2024-08-09
1016,Sneha,Gupta,sneha.gupta1016@example.com,Hyderabad,Budget,2023-11-09
1017,Aisha,Mehta,aisha.mehta1017@example.com,Jaipur,Premium,2024-02-27
1018,Rohan,Mehta,rohan.mehta1018@example.com,Chennai,Regular,2024-09-23
1019,Rohan,Reddy,rohan.reddy1019@example.com,Surat,Budget,2025-03-29
1020,Sneha,Singh,sneha.singh1020@example.com,Jaipur,Premium,2024-10-22
1021,Aditya,Verma,aditya.verma1021@example.com,Hyderabad,Budget,2023-04-11
1022,Priya,Kapoor,priya.kapoor1022@example.com,Bangalore,Regular,2024-01-01
1023,Kabir,Gupta,kabir.gupta1023@example.com,Surat,Premium,2023-10-19
1024,Karan,Kapoor,karan.kapoor1024@example.com,Ahmedabad,Regular,2024-05-12
1025,Vikram,Iyer,vikram.iyer1025@example.com,Bangalore,Regular,2024-08-21
1026,Aisha,Nair,aisha.nair1026@example.com,Kolkata,Regular,2023-11-20
1027,Ananya,Mehta,ananya.mehta1027@example.com,Hyderabad,Budget,2025-03-15
1028,Isha,Verma,isha.verma1028@example.com,Pune,Premium,2025-05-10
1029,Ananya,Bhat,ananya.bhat1029@example.com,Ahmedabad,Regular,2024-05-06
1030,Vikram,Singh,vikram.singh1030@example.com,Delhi,Regular,2024-07-18
1031,Nisha,Gupta,nisha.gupta1031@example.com,Chennai,Budget,2025-05-11
1032,Rahul,Bhat,rahul.bhat1032@example.com,Hyderabad,Regular,2024-07-05
1033,Aditya,Iyer,aditya.iyer1033@example.com,Mumbai,Budget,2023-03-19
1034,Aarav,Desai,aarav.desai1034@example.com,Surat,Regular,2024-08-18
1035,Kavya,Mehta,kavya.mehta1035@example.com,Jaipur,Regular,2023-02-07
1036,Sneha,Singh,sneha.singh1036@example.com,Bangalore,Regular,2024-10-31
1037,Kabir,Bhat,kabir.bhat1037@example.com,Surat,Budget,2025-03-01
1038,Vikram,Patel,vikram.patel1038@example.com,Jaipur,Regular,2024-04-20
1039,Diya,Kapoor,diya.kapoor1039@example.com,Mumbai,Regular,2024-05-29
1040,Nisha,Reddy,nisha.reddy1040@example.com,Jaipur,Premium,2023-06-19
1041,Rohan,Patel,rohan.patel1041@example.com,Surat,Regular,2024-08-02
1042,Rahul,Iyer,rahul.iyer1042@example.com,Ahmedabad,Budget,2025-01-19
1043,Vivaan,Mehta,vivaan.mehta1043@example.com,Ahmedabad,Regular,2025-02-18
1044,Aryan,Kapoor,aryan.kapoor1044@example.com,Mumbai,Regular,2023-08-28
1045,Riya,Bhat,riya.bhat1045@example.com,Pune,Regular,2025-03-21
1046,Meera,Bhat,meera.bhat1046@example.com,Mumbai,Budget,2023-02-17
1047,Ananya,Gupta,ananya.gupta1047@example.com,Jaipur,Regular,2024-12-21
1048,Aryan,Desai,aryan.desai1048@example.com,Chennai,Regular,2025-01-29
1049,Kavya,Patel,kavya.patel1049@example.com,Kolkata,Regular,2024-01-21
1050,Aditya,Shah,aditya.shah1050@example.com,Kolkata,Budget,2023-09-15
1051,Kabir,Shah,kabir.shah1051@example.com,Pune,Budget,2024-02-20
1052,Aisha,Singh,aisha.singh1052@example.com,Ahmedabad,Budget,2025-03-22
1053,Aarav,Shah,aarav.shah1053@example.com,Ahmedabad,Regular,2023-05-23
1054,Aditya,Shah,aditya.shah1054@example.com,Chennai,Regular,2024-10-20
1055,Rohan,Patel,rohan.patel1055@example.com,Surat,Budget,2024-01-06
1056,Arjun,Reddy,arjun.reddy1056@example.com,Kolkata,Budget,2023-08-24
1057,Arjun,Singh,arjun.singh1057@example.com,Ahmedabad,Regular,2024-11-22
1058,Kavya,Patel,kavya.patel1058@example.com,Kolkata,Premium,2024-10-24
1059,Vivaan,Patel,vivaan.patel1059@example.com,Surat,Regular,2024-08-10
1060,Riya,Sharma,riya.sharma1060@example.com,Bangalore,Premium,2024-08-09
1061,Aryan,Bhat,aryan.bhat1061@example.com,Jaipur,Budget,2023-07-04
1062,Nisha,Joshi,nisha.joshi1062@example.com,Mumbai,Budget,2024-10-14
1063,Vikram,Gupta,vikram.gupta1063@example.com,Ahmedabad,Regular,2023-08-10
1064,Priya,Desai,priya.desai1064@example.com,Bangalore,Regular,2024-05-08
1065,Isha,Joshi,isha.joshi1065@example.com,Surat,Budget,2023-05-27
1066,Rohan,Joshi,rohan.joshi1066@example.com,Jaipur,Regular,2024-11-06
1067,Ananya,Bhat,ananya.bhat1067@example.com,Surat,Regular,2024-04-09
1068,Kabir,Malhotra,kabir.malhotra1068@example.com,Bangalore,Premium,2024-01-30
1069,Karan,Shah,karan.shah1069@example.com,Jaipur,Regular,2025-05-30
1070,Rahul,Joshi,rahul.joshi1070@example.com,Bangalore,Regular,2023-04-09
1071,Nisha,Joshi,nisha.joshi1071@example.com,Jaipur,Regular,2023-02-09
1072,Arjun,Gupta,arjun.gupta1072@example.com,Bangalore,Budget,2024-05-08
1073,Sneha,Desai,sneha.desai1073@example.com,Kolkata,Regular,2023-01-02
1074,Aisha,Desai,aisha.desai1074@example.com,Jaipur,Regular,2023-02-14
1075,Priya,Nair,priya.nair1075@example.com,Kolkata,Regular,2025-02-26
1076,Kavya,Gupta,kavya.gupta1076@example.com,Bangalore,Regular,2024-03-11
1077,Kabir,Bhat,kabir.bhat1077@example.com,Delhi,Regular,2025-05-29
1078,Sneha,Malhotra,sneha.malhotra1078@example.com,Hyderabad,Premium,2023-09-21
1079,Aarav,Joshi,aarav.joshi1079@example.com,Delhi,Regular,2024-06-19
1080,Diya,Reddy,diya.reddy1080@example.com,Pune,Regular,2023-07-30
1081,Arjun,Patel,arjun.patel1081@example.com,Surat,Regular,2024-03-12
1082,Sneha,Malhotra,sneha.malhotra1082@example.com,Pune,Regular,2024-08-01
1083,Diya,Nair,diya.nair1083@example.com,Kolkata,Regular,2023-07-28
1084,Sneha,Singh,sneha.singh1084@example.com,Pune,Regular,2023-07-03
1085,Priya,Verma,priya.verma1085@example.com,Surat,Regular,2023-11-11
1086,Diya,Iyer,diya.iyer1086@example.com,Delhi,Budget,2023-05-22
1087,Meera,Nair,meera.nair1087@example.com,Bangalore,Premium,2024-12-17
1088,Riya,Malhotra,riya.malhotra1088@example.com,Pune,Budget,2025-03-15
1089,Nisha,Iyer,nisha.iyer1089@example.com,Mumbai,Regular,2024-12-01
1090,Aarav,Nair,aarav.nair1090@example.com,Bangalore,Regular,2023-04-04
1091,Nisha,Malhotra,nisha.malhotra1091@example.com,Delhi,Regular,2023-04-01
1092,Aisha,Gupta,aisha.gupta1092@example.com,Mumbai,Budget,2024-09-15
1093,Diya,Joshi,diya.joshi1093@example.com,Jaipur,Regular,2024-11-02
1094,Nisha,Sharma,nisha.sharma1094@example.com,Bangalore,Regular,2025-03-03
1095,Meera,Sharma,meera.sharma1095@example.com,Jaipur,Regular,2023-07-26
1096,Vivaan,Nair,vivaan.nair1096@example.com,Jaipur,Regular,2024-09-05
1097,Kabir,Joshi,kabir.joshi1097@example.com,Mumbai,Regular,2023-06-23
1098,Aarav,Patel,aarav.patel1098@example.com,Chennai,Budget,2023-03-30
1099,Aisha,Reddy,aisha.reddy1099@example.com,Kolkata,Regular,2024-02-09
1100,Riya,Sharma,riya.sharma1100@example.com,Delhi,Budget,2025-01-24
1101,Sneha,Verma,sneha.verma1101@example.com,Jaipur,Budget,2025-01-13
1102,Aisha,Kapoor,aisha.kapoor1102@example.com,Chennai,Regular,2025-04-15
1103,Karan,Singh,karan.singh1103@example.com,Surat,Premium,2024-02-18
1104,Rohan,Malhotra,rohan.malhotra1104@example.com,Delhi,Regular,2024-06-02
1105,Riya,Verma,riya.verma1105@example.com,Delhi,Budget,2023-12-15
1106,Aryan,Bhat,aryan.bhat1106@example.com,Surat,Regular,2024-07-04
1107,Meera,Malhotra,meera.malhotra1107@example.com,Ahmedabad,Budget,2024-07-30
1108,Ananya,Nair,ananya.nair1108@example.com,Ahmedabad,Budget,2024-04-14
1109,Aarav,Singh,aarav.singh1109@example.com,Chennai,Premium,2023-04-30
1110,Kabir,Reddy,kabir.reddy1110@example.com,Hyderabad,Budget,2024-12-19
1111,Isha,Kapoor,isha.kapoor1111@example.com,Jaipur,Premium,2024-06-12
1112,Aryan,Mehta,aryan.mehta1112@example.com,Delhi,Regular,2023-10-22
1113,Ananya,Gupta,ananya.gupta1113@example.com,Bangalore,Regular,2024-07-21
1114,Aisha,Mehta,aisha.mehta1114@example.com,Chennai,Regular,2024-08-10
1115,Karan,Singh,karan.singh1115@example.com,Hyderabad,Regular,2025-01-24
1116,Kabir,Desai,kabir.desai1116@example.com,Hyderabad,Regular,2023-09-29
1117,Kabir,Desai,kabir.desai1117@example.com,Pune,Regular,2024-09-25
1118,Arjun,Gupta,arjun.gupta1118@example.com,Ahmedabad,Regular,2023-03-22
1119,Sneha,Sharma,sneha.sharma1119@example.com,Ahmedabad,Regular,2025-05-18
1120,Ananya,Singh,ananya.singh1120@example.com,Chennai,Regular,2024-08-11
1121,Riya,Verma,riya.verma1121@example.com,Hyderabad,Budget,2024-02-12
1122,Rahul,Sharma,rahul.sharma1122@example.com,Kolkata,Regular,2024-06-22
1123,Sneha,Sharma,sneha.sharma1123@example.com,Pune,Regular,2024-05-29
1124,Rohan,Singh,rohan.singh1124@example.com,Jaipur,Regular,2023-05-04
1125,Aarav,Sharma,aarav.sharma1125@example.com,Hyderabad,Regular,2024-11-21
1126,Arjun,Kapoor,arjun.kapoor1126@example.com,Surat,Budget,2024-01-06
1127,Rohan,Shah,rohan.shah1127@example.com,Hyderabad,Regular,2023-09-27
1128,Nisha,Kapoor,nisha.kapoor1128@example.com,Bangalore,Regular,2024-01-10
1129,Karan,Malhotra,karan.malhotra1129@example.com,Pune,Regular,2024-12-18
1130,Diya,Verma,diya.verma1130@example.com,Bangalore,Regular,2024-04-06
1131,Kavya,Reddy,kavya.reddy1131@example.com,Delhi,Budget,2023-08-23
1132,Kabir,Shah,kabir.shah1132@example.com,Kolkata,Regular,2024-03-18
1133,Rahul,Singh,rahul.singh1133@example.com,Mumbai,Regular,2025-04-05
1134,Priya,Patel,priya.patel1134@example.com,Jaipur,Regular,2025-05-19
1135,Ananya,Nair,ananya.nair1135@example.com,Chennai,Regular,2024-05-13
1136,Kavya,Sharma,kavya.sharma1136@example.com,Delhi,Regular,2024-02-12
1137,Vivaan,Mehta,vivaan.mehta1137@example.com,Chennai,Regular,2025-04-13
1138,Arjun,Singh,arjun.singh1138@example.com,Pune,Regular,2025-02-01
1139,Aisha,Shah,aisha.shah1139@example.com,Chennai,Regular,2024-07-24
1140,Isha,Gupta,isha.gupta1140@example.com,Surat,Regular,2023-12-26
1141,Kavya,Reddy,kavya.reddy1141@example.com,Jaipur,Regular,2024-10-26
1142,Vikram,Kapoor,vikram.kapoor1142@example.com,Jaipur,Regular,2023-11-29
1143,Meera,Bhat,meera.bhat1143@example.com,Kolkata,Regular,2023-03-22
1144,Meera,Reddy,meera.reddy1144@example.com,Bangalore,Regular,2023-05-29
1145,Ananya,Malhotra,ananya.malhotra1145@example.com,Surat,Regular,2024-10-08
1146,Aditya,Gupta,aditya.gupta1146@example.com,Pune,Regular,2023-06-15
1147,Ananya,Reddy,ananya.reddy1147@example.com,Chennai,Regular,2023-10-26
1148,Diya,Verma,diya.verma1148@example.com,Pune,Budget,2024-03-31
1149,Riya,Singh,riya.singh1149@example.com,Bangalore,Regular,2024-02-28
1150,Aarav,Patel,aarav.patel1150@example.com,Hyderabad,Regular,2025-01-15
1151,Aditya,Mehta,aditya.mehta1151@example.com,Kolkata,Premium,2023-06-20
1152,Aditya,Bhat,aditya.bhat1152@example.com,Ahmedabad,Regular,2025-06-18
1153,Aarav,Nair,aarav.nair1153@example.com,Jaipur,Budget,2024-02-11
1154,Aditya,Gupta,aditya.gupta1154@example.com,Surat,Regular,2023-09-26
1155,Diya,Verma,diya.verma1155@example.com,Hyderabad,Budget,2023-08-23
1156,Meera,Reddy,meera.reddy1156@example.com,Bangalore,Regular,2023-05-10
1157,Rohan,Sharma,rohan.sharma1157@example.com,Pune,Budget,2023-02-05
1158,Ananya,Desai,ananya.desai1158@example.com,Ahmedabad,Budget,2024-05-02
1159,Sneha,Bhat,sneha.bhat1159@example.com,Jaipur,Regular,2023-10-06
1160,Sneha,Patel,sneha.patel1160@example.com,Surat,Regular,2024-08-28
1161,Kavya,Malhotra,kavya.malhotra1161@example.com,Jaipur,Regular,2024-06-20
1162,Aisha,Singh,aisha.singh1162@example.com,Hyderabad,Budget,2024-07-06
1163,Meera,Verma,meera.verma1163@example.com,Kolkata,Regular,2024-01-10
1164,Vikram,Sharma,vikram.sharma1164@example.com,Jaipur,Budget,2023-01-01
1165,Rahul,Kapoor,rahul.kapoor1165@example.com,Ahmedabad,Regular,2023-10-21
1166,Priya,Nair,priya.nair1166@example.com,Chennai,Premium,2024-05-03
1167,Isha,Nair,isha.nair1167@example.com,Surat,Regular,2023-10-27
1168,Aarav,Shah,aarav.shah1168@example.com,Hyderabad,Regular,2024-01-18
1169,Sneha,Malhotra,sneha.malhotra1169@example.com,Hyderabad,Regular,2024-02-09
1170,Diya,Desai,diya.desai1170@example.com,Hyderabad,Regular,2024-01-23
1171,Isha,Reddy,isha.reddy1171@example.com,Jaipur,Budget,2023-09-03
1172,Nisha,Nair,nisha.nair1172@example.com,Chennai,Regular,2024-12-11
1173,Sneha,Nair,sneha.nair1173@example.com,Kolkata,Regular,2023-10-03
1174,Aditya,Patel,aditya.patel1174@example.com,Chennai,Premium,2023-05-20
1175,Meera,Joshi,meera.joshi1175@example.com,Chennai,Budget,2024-04-08
1176,Priya,Mehta,priya.mehta1176@example.com,Mumbai,Regular,2023-11-25
1177,Sneha,Sharma,sneha.sharma1177@example.com,Delhi,Regular,2023-07-10
1178,Rahul,Iyer,rahul.iyer1178@example.com,Mumbai,Regular,2024-03-24
1179,Rahul,Sharma,rahul.sharma1179@example.com,Hyderabad,Regular,2024-05-20
1180,Vikram,Nair,vikram.nair1180@example.com,Ahmedabad,Budget,2025-03-29
1181,Meera,Iyer,meera.iyer1181@example.com,Mumbai,Regular,2025-03-21
1182,Rahul,Sharma,rahul.sharma1182@example.com,Kolkata,Premium,2023-09-30
1183,Priya,Patel,priya.patel1183@example.com,Chennai,Budget,2023-07-16
1184,Aarav,Gupta,aarav.gupta1184@example.com,Hyderabad,Regular,2025-02-25
1185,Meera,Mehta,meera.mehta1185@example.com,Mumbai,Regular,2025-01-25
1186,Arjun,Shah,arjun.shah1186@example.com,Hyderabad,Regular,2024-11-12
1187,Vikram,Bhat,vikram.bhat1187@example.com,Bangalore,Regular,2023-11-27
1188,Vivaan,Iyer,vivaan.iyer1188@example.com,Jaipur,Premium,2024-07-16
1189,Priya,Reddy,priya.reddy1189@example.com,Hyderabad,Regular,2023-11-02
1190,Vivaan,Desai,vivaan.desai1190@example.com,Hyderabad,Budget,2024-11-13
1191,Kabir,Reddy,kabir.reddy1191@example.com,Pune,Premium,2024-03-20
1192,Aryan,Joshi,aryan.joshi1192@example.com,Kolkata,Budget,2023-05-03
1193,Aarav,Sharma,aarav.sharma1193@example.com,Ahmedabad,Regular,2024-08-18
1194,Rahul,Kapoor,rahul.kapoor1194@example.com,Delhi,Regular,2025-02-28
1195,Priya,Gupta,priya.gupta1195@example.com,Surat,Regular,2024-12-03
1196,Vivaan,Sharma,vivaan.sharma1196@example.com,Bangalore,Budget,2023-12-31
1197,Arjun,Patel,arjun.patel1197@example.com,Hyderabad,Regular,2024-05-14
1198,Sneha,Nair,sneha.nair1198@example.com,Pune,Budget,2024-10-22
1199,Meera,Iyer,meera.iyer1199@example.com,Mumbai,Regular,2023-07-17
1200,Aisha,Iyer,aisha.iyer1200@example.com,Chennai,Budget,2023-05-18
1201,Priya,Iyer,priya.iyer1201@example.com,Jaipur,Regular,2024-03-24
1202,Priya,Mehta,priya.mehta1202@example.com,Bangalore,Regular,2024-08-03
1203,Ananya,Iyer,ananya.iyer1203@example.com,Chennai,Budget,2024-04-24
1204,Nisha,Bhat,nisha.bhat1204@example.com,Jaipur,Regular,2025-05-31
1205,Riya,Patel,riya.patel1205@example.com,Chennai,Budget,2024-04-05
1206,Sneha,Kapoor,sneha.kapoor1206@example.com,Mumbai,Budget,2024-04-09
1207,Riya,Malhotra,riya.malhotra1207@example.com,Bangalore,Budget,2025-01-21
1208,Nisha,Desai,nisha.desai1208@example.com,Surat,Regular,2024-01-08
1209,Aditya,Reddy,aditya.reddy1209@example.com,Kolkata,Regular,2024-07-05
1210,Priya,Nair,priya.nair1210@example.com,Bangalore,Regular,2024-07-18
1211,Ananya,Malhotra,ananya.malhotra1211@example.com,Pune,Premium,2024-10-18
1212,Riya,Reddy,riya.reddy1212@example.com,Mumbai,Budget,2023-03-10
1213,Rahul,Patel,rahul.patel1213@example.com,Mumbai,Regular,2025-06-13
1214,Priya,Mehta,priya.mehta1214@example.com,Mumbai,Regular,2023-04-12
1215,Diya,Reddy,diya.reddy1215@example.com,Jaipur,Regular,2024-05-16
1216,Kavya,Verma,kavya.verma1216@example.com,Pune,Regular,2023-02-20
1217,Aditya,Sharma,aditya.sharma1217@example.com,Ahmedabad,Budget,2023-08-02
1218,Aditya,Singh,aditya.singh1218@example.com,Mumbai,Regular,2025-03-31
1219,Isha,Desai,isha.desai1219@example.com,Mumbai,Budget,2024-01-13
1220,Aryan,Shah,aryan.shah1220@example.com,Delhi,Budget,2023-02-11
1221,Aditya,Mehta,aditya.mehta1221@example.com,Delhi,Premium,2024-06-15
1222,Kabir,Shah,kabir.shah1222@example.com,Hyderabad,Regular,2024-01-30
1223,Kabir,Joshi,kabir.joshi1223@example.com,Bangalore,Regular,2024-10-02
1224,Sneha,Malhotra,sneha.malhotra1224@example.com,Delhi,Budget,2025-02-03
1225,Kavya,Kapoor,kavya.kapoor1225@example.com,Ahmedabad,Budget,2024-11-21
1226,Isha,Bhat,isha.bhat1226@example.com,Bangalore,Budget,2023-04-17
1227,Sneha,Malhotra,sneha.malhotra1227@example.com,Pune,Regular,2024-05-31
1228,Sneha,Joshi,sneha.joshi1228@example.com,Pune,Budget,2024-03-29
1229,Sneha,Kapoor,sneha.kapoor1229@example.com,Pune,Regular,2025-05-15
1230,Isha,Desai,isha.desai1230@example.com,Pune,Regular,2025-01-13
1231,Kavya,Shah,kavya.shah1231@example.com,Kolkata,Budget,2023-08-08
1232,Aryan,Kapoor,aryan.kapoor1232@example.com,Ahmedabad,Budget,2024-04-08
1233,Aarav,Iyer,aarav.iyer1233@example.com,Chennai,Regular,2023-02-05
1234,Riya,Patel,riya.patel1234@example.com,Mumbai,Regular,2023-11-06
1235,Kabir,Mehta,kabir.mehta1235@example.com,Pune,Premium,2025-05-26
1236,Aryan,Bhat,aryan.bhat1236@example.com,Jaipur,Regular,2024-07-20
1237,Kavya,Patel,kavya.patel1237@example.com,Mumbai,Regular,2023-04-07
1238,Rahul,Patel,rahul.patel1238@example.com,Pune,Budget,2023-09-29
1239,Kabir,Mehta,kabir.mehta1239@example.com,Chennai,Premium,2023-09-20
1240,Diya,Joshi,diya.joshi1240@example.com,Delhi,Budget,2023-08-11
1241,Priya,Patel,priya.patel1241@example.com,Surat,Budget,2024-05-14
1242,Arjun,Joshi,arjun.joshi1242@example.com,Chennai,Premium,2024-10-19
1243,Kavya,Malhotra,kavya.malhotra1243@example.com,Mumbai,Budget,2023-03-22
1244,Ananya,Kapoor,ananya.kapoor1244@example.com,Kolkata,Regular,2025-06-19
1245,Arjun,Desai,arjun.desai1245@example.com,Hyderabad,Budget,2025-02-27
1246,Nisha,Bhat,nisha.bhat1246@example.com,Kolkata,Premium,2023-01-12
1247,Riya,Sharma,riya.sharma1247@example.com,Jaipur,Regular,2023-11-23
1248,Ananya,Shah,ananya.shah1248@example.com,Hyderabad,Regular,2024-12-15
1249,Diya,Singh,diya.singh1249@example.com,Surat,Regular,2025-02-09
1250,Aditya,Mehta,aditya.mehta1250@example.com,Chennai,Budget,2024-03-18
1251,Rahul,Patel,rahul.patel1251@example.com,Delhi,Regular,2023-12-11
1252,Vivaan,Shah,vivaan.shah1252@example.com,Chennai,Premium,2024-02-13
1253,Riya,Malhotra,riya.malhotra1253@example.com,Bangalore,Budget,2025-03-03
1254,Priya,Shah,priya.shah1254@example.com,Ahmedabad,Regular,2023-07-22
1255,Kavya,Mehta,kavya.mehta1255@example.com,Surat,Budget,2024-07-28
1256,Riya,Mehta,riya.mehta1256@example.com,Delhi,Regular,2023-09-06
1257,Isha,Kapoor,isha.kapoor1257@example.com,Surat,Premium,2024-12-02
1258,Isha,Malhotra,isha.malhotra1258@example.com,Pune,Regular,2024-01-10
1259,Aisha,Joshi,aisha.joshi1259@example.com,Mumbai,Budget,2024-11-02
1260,Rohan,Kapoor,rohan.kapoor1260@example.com,Ahmedabad,Regular,2024-09-23
1261,Meera,Sharma,meera.sharma1261@example.com,Hyderabad,Regular,2025-04-17
1262,Aisha,Patel,aisha.patel1262@example.com,Delhi,Premium,2025-02-14
1263,Vivaan,Mehta,vivaan.mehta1263@example.com,Bangalore,Budget,2024-09-27
1264,Vikram,Sharma,vikram.sharma1264@example.com,Delhi,Regular,2023-12-18
1265,Priya,Sharma,priya.sharma1265@example.com,Hyderabad,Budget,2023-12-06
1266,Karan,Mehta,karan.mehta1266@example.com,Jaipur,Budget,2024-07-13
1267,Sneha,Singh,sneha.singh1267@example.com,Bangalore,Regular,2024-09-29
1268,Aarav,Malhotra,aarav.malhotra1268@example.com,Jaipur,Premium,2024-08-19
1269,Rohan,Sharma,rohan.sharma1269@example.com,Hyderabad,Budget,2023-10-18
1270,Nisha,Verma,nisha.verma1270@example.com,Ahmedabad,Regular,2023-02-24
1271,Aarav,Gupta,aarav.gupta1271@example.com,Chennai,Regular,2024-02-02
1272,Aisha,Desai,aisha.desai1272@example.com,Mumbai,Regular,2023-04-21
1273,Diya,Mehta,diya.mehta1273@example.com,Jaipur,Budget,2024-01-25
1274,Arjun,Bhat,arjun.bhat1274@example.com,Ahmedabad,Budget,2023-11-20
1275,Sneha,Gupta,sneha.gupta1275@example.com,Hyderabad,Regular,2023-07-10
1276,Meera,Shah,meera.shah1276@example.com,Mumbai,Premium,2024-12-30
1277,Riya,Verma,riya.verma1277@example.com,Ahmedabad,Regular,2023-12-08
1278,Rohan,Sharma,rohan.sharma1278@example.com,Pune,Regular,2023-12-22
1279,Vikram,Mehta,vikram.mehta1279@example.com,Chennai,Budget,2024-05-28
1280,Aryan,Bhat,aryan.bhat1280@example.com,Mumbai,Budget,2024-02-01
1281,Aryan,Mehta,aryan.mehta1281@example.com,Pune,Budget,2023-06-05
1282,Rahul,Gupta,rahul.gupta1282@example.com,Kolkata,Regular,2025-01-17
1283,Nisha,Desai,nisha.desai1283@example.com,Hyderabad,Regular,2024-10-02
1284,Kavya,Patel,kavya.patel1284@example.com,Chennai,Budget,2024-03-12
1285,Ananya,Singh,ananya.singh1285@example.com,Bangalore,Regular,2024-07-09
1286,Rahul,Joshi,rahul.joshi1286@example.com,Hyderabad,Budget,2024-07-08
1287,Vikram,Iyer,vikram.iyer1287@example.com,Jaipur,Budget,2024-12-23
1288,Isha,Bhat,isha.bhat1288@example.com,Bangalore,Regular,2025-02-27
1289,Kavya,Bhat,kavya.bhat1289@example.com,Pune,Premium,2023-06-11
1290,Sneha,Iyer,sneha.iyer1290@example.com,Bangalore,Regular,2023-05-02
1291,Rahul,Iyer,rahul.iyer1291@example.com,Pune,Budget,2023-01-31
1292,Isha,Malhotra,isha.malhotra1292@example.com,Ahmedabad,Budget,2023-11-07
1293,Aryan,Patel,aryan.patel1293@example.com,Hyderabad,Premium,2025-03-08
1294,Rohan,Sharma,rohan.sharma1294@example.com,Surat,Regular,2025-02-19
1295,Nisha,Joshi,nisha.joshi1295@example.com,Hyderabad,Regular,2024-09-19
1296,Kabir,Reddy,kabir.reddy1296@example.com,Pune,Premium,2023-01-27
1297,Priya,Patel,priya.patel1297@example.com,Surat,Regular,2024-05-29
1298,Aisha,Patel,aisha.patel1298@example.com,Kolkata,Regular,2025-05-22
1299,Rahul,Patel,rahul.patel1299@example.com,Hyderabad,Premium,2023-07-17
1300,Aarav,Bhat,aarav.bhat1300@example.com,Kolkata,Regular,2023-10-04
1301,Karan,Nair,karan.nair1301@example.com,Delhi,Regular,2023-07-29
1302,Meera,Desai,meera.desai1302@example.com,Ahmedabad,Regular,2024-09-23
1303,Meera,Bhat,meera.bhat1303@example.com,Kolkata,Regular,2023-09-10
1304,Vivaan,Joshi,vivaan.joshi1304@example.com,Kolkata,Budget,2025-01-22
1305,Diya,Joshi,diya.joshi1305@example.com,Surat,Regular,2025-01-30
1306,Riya,Reddy,riya.reddy1306@example.com,Mumbai,Regular,2025-06-15
1307,Meera,Singh,meera.singh1307@example.com,Mumbai,Budget,2025-04-26
1308,Kabir,Shah,kabir.shah1308@example.com,Kolkata,Budget,2024-07-04
1309,Vivaan,Shah,vivaan.shah1309@example.com,Jaipur,Budget,2024-02-01
1310,Vivaan,Mehta,vivaan.mehta1310@example.com,Ahmedabad,Regular,2023-10-26
1311,Vikram,Nair,vikram.nair1311@example.com,Chennai,Regular,2025-04-27
1312,Isha,Verma,isha.verma1312@example.com,Mumbai,Regular,2024-09-19
1313,Rahul,Singh,rahul.singh1313@example.com,Ahmedabad,Premium,2025-04-29
1314,Riya,Gupta,riya.gupta1314@example.com,Surat,Budget,2023-07-04
1315,Sneha,Patel,sneha.patel1315@example.com,Kolkata,Regular,2024-02-07
1316,Aarav,Patel,aarav.patel1316@example.com,Surat,Budget,2024-04-09
1317,Karan,Bhat,karan.bhat1317@example.com,Delhi,Regular,2024-04-10
1318,Rohan,Iyer,rohan.iyer1318@example.com,Delhi,Premium,2025-01-20
1319,Meera,Reddy,meera.reddy1319@example.com,Delhi,Regular,2024-01-07
1320,Diya,Iyer,diya.iyer1320@example.com,Jaipur,Regular,2025-03-21
1321,Rohan,Malhotra,rohan.malhotra1321@example.com,Kolkata,Premium,2024-07-17
1322,Rohan,Bhat,rohan.bhat1322@example.com,Surat,Budget,2023-12-10
1323,Rahul,Patel,rahul.patel1323@example.com,Bangalore,Regular,2025-06-08
1324,Vivaan,Malhotra,vivaan.malhotra1324@example.com,Chennai,Budget,2023-11-12
1325,Meera,Verma,meera.verma1325@example.com,Bangalore,Premium,2024-10-03
1326,Rahul,Mehta,rahul.mehta1326@example.com,Surat,Budget,2023-01-04
1327,Aarav,Singh,aarav.singh1327@example.com,Ahmedabad,Regular,2024-05-24
1328,Aarav,Joshi,aarav.joshi1328@example.com,Hyderabad,Regular,2024-05-20
1329,Priya,Singh,priya.singh1329@example.com,Ahmedabad,Premium,2024-02-24
1330,Nisha,Sharma,nisha.sharma1330@example.com,Jaipur,Regular,2023-09-08
1331,Sneha,Desai,sneha.desai1331@example.com,Hyderabad,Premium,2025-04-25
1332,Rahul,Sharma,rahul.sharma1332@example.com,Pune,Premium,2024-10-30
1333,Vivaan,Reddy,vivaan.reddy1333@example.com,Surat,Regular,2024-08-14
1334,Aditya,Sharma,aditya.sharma1334@example.com,Kolkata,Budget,2023-04-22
1335,Rohan,Reddy,rohan.reddy1335@example.com,Surat,Regular,2023-10-19
1336,Nisha,Joshi,nisha.joshi1336@example.com,Jaipur,Regular,2025-03-17
1337,Meera,Iyer,meera.iyer1337@example.com,Pune,Budget,2024-08-15
1338,Aditya,Nair,aditya.nair1338@example.com,Pune,Regular,2023-11-03
1339,Diya,Desai,diya.desai1339@example.com,Kolkata,Budget,2023-03-11
1340,Aditya,Verma,aditya.verma1340@example.com,Bangalore,Premium,2024-04-27
1341,Aryan,Kapoor,aryan.kapoor1341@example.com,Kolkata,Regular,2024-06-23
1342,Karan,Joshi,karan.joshi1342@example.com,Delhi,Regular,2023-03-01
1343,Riya,Gupta,riya.gupta1343@example.com,Surat,Budget,2024-05-10
1344,Vikram,Malhotra,vikram.malhotra1344@example.com,Pune,Regular,2024-09-15
1345,Kavya,Joshi,kavya.joshi1345@example.com,Bangalore,Regular,2023-12-29
1346,Priya,Shah,priya.shah1346@example.com,Ahmedabad,Regular,2025-01-16
1347,Rohan,Bhat,rohan.bhat1347@example.com,Hyderabad,Budget,2024-09-16
1348,Karan,Sharma,karan.sharma1348@example.com,Mumbai,Regular,2023-05-02
1349,Arjun,Iyer,arjun.iyer1349@example.com,Hyderabad,Budget,2025-05-18
1350,Isha,Malhotra,isha.malhotra1350@example.com,Pune,Regular,2023-02-16
1351,Karan,Sharma,karan.sharma1351@example.com,Hyderabad,Regular,2024-10-17
1352,Aryan,Nair,aryan.nair1352@example.com,Chennai,Regular,2023-03-11
1353,Sneha,Kapoor,sneha.kapoor1353@example.com,Mumbai,Premium,2025-02-24
1354,Ananya,Kapoor,ananya.kapoor1354@example.com,Surat,Regular,2024-02-10
1355,Aarav,Desai,aarav.desai1355@example.com,Hyderabad,Regular,2023-06-29
1356,Ananya,Bhat,ananya.bhat1356@example.com,Ahmedabad,Budget,2024-11-19
1357,Vivaan,Reddy,vivaan.reddy1357@example.com,Ahmedabad,Regular,2023-05-20
1358,Meera,Bhat,meera.bhat1358@example.com,Jaipur,Budget,2025-06-04
1359,Meera,Nair,meera.nair1359@example.com,Kolkata,Budget,2025-04-13
1360,Vivaan,Desai,vivaan.desai1360@example.com,Chennai,Regular,2024-06-17
1361,Ananya,Shah,ananya.shah1361@example.com,Mumbai,Regular,2024-07-02
1362,Ananya,Nair,ananya.nair1362@example.com,Pune,Premium,2025-03-25
1363,Rahul,Verma,rahul.verma1363@example.com,Mumbai,Regular,2025-05-10
1364,Diya,Reddy,diya.reddy1364@example.com,Bangalore,Regular,2024-07-01
1365,Diya,Patel,diya.patel1365@example.com,Delhi,Budget,2024-09-01
1366,Vikram,Iyer,vikram.iyer1366@example.com,Pune,Budget,2025-05-28
1367,Aryan,Malhotra,aryan.malhotra1367@example.com,Ahmedabad,Budget,2023-03-30
1368,Aisha,Singh,aisha.singh1368@example.com,Chennai,Regular,2025-04-29
1369,Vikram,Patel,vikram.patel1369@example.com,Pune,Budget,2023-04-25
1370,Karan,Bhat,karan.bhat1370@example.com,Ahmedabad,Regular,2023-04-05
1371,Priya,Bhat,priya.bhat1371@example.com,Bangalore,Regular,2024-05-27
1372,Priya,Iyer,priya.iyer1372@example.com,Jaipur,Regular,2025-06-13
1373,Ananya,Patel,ananya.patel1373@example.com,Delhi,Budget,2025-02-26
1374,Riya,Reddy,riya.reddy1374@example.com,Hyderabad,Budget,2023-05-16
1375,Meera,Malhotra,meera.malhotra1375@example.com,Jaipur,Premium,2024-12-31
1376,Vikram,Bhat,vikram.bhat1376@example.com,Surat,Budget,2023-02-15
1377,Ananya,Singh,ananya.singh1377@example.com,Delhi,Regular,2023-02-17
1378,Vikram,Sharma,vikram.sharma1378@example.com,Chennai,Regular,2024-08-14
1379,Karan,Kapoor,karan.kapoor1379@example.com,Hyderabad,Regular,2023-07-25
1380,Sneha,Kapoor,sneha.kapoor1380@example.com,Ahmedabad,Regular,2025-03-02
1381,Aryan,Patel,aryan.patel1381@example.com,Chennai,Premium,2023-06-11
1382,Nisha,Shah,nisha.shah1382@example.com,Delhi,Regular,2024-06-10
1383,Aisha,Shah,aisha.shah1383@example.com,Chennai,Premium,2023-11-23
1384,Vikram,Joshi,vikram.joshi1384@example.com,Bangalore,Premium,2023-09-08
1385,Nisha,Bhat,nisha.bhat1385@example.com,Jaipur,Regular,2023-12-13
1386,Rahul,Sharma,rahul.sharma1386@example.com,Mumbai,Premium,2024-04-27
1387,Vivaan,Gupta,vivaan.gupta1387@example.com,Kolkata,Regular,2024-03-12
1388,Nisha,Bhat,nisha.bhat1388@example.com,Ahmedabad,Regular,2024-08-29
1389,Vikram,Kapoor,vikram.kapoor1389@example.com,Hyderabad,Budget,2025-04-17
1390,Sneha,Gupta,sneha.gupta1390@example.com,Ahmedabad,Regular,2025-02-12
1391,Aditya,Desai,aditya.desai1391@example.com,Ahmedabad,Premium,2025-04-01
1392,Vikram,Reddy,vikram.reddy1392@example.com,Ahmedabad,Regular,2024-10-21
1393,Kabir,Patel,kabir.patel1393@example.com,Surat,Regular,2025-05-31
1394,Aisha,Malhotra,aisha.malhotra1394@example.com,Pune,Budget,2023-07-07
1395,Ananya,Singh,ananya.singh1395@example.com,Mumbai,Premium,2024-05-14
1396,Arjun,Kapoor,arjun.kapoor1396@example.com,Ahmedabad,Budget,2024-05-05
1397,Vikram,Nair,vikram.nair1397@example.com,Surat,Regular,2023-12-23
1398,Riya,Gupta,riya.gupta1398@example.com,Delhi,Regular,2024-02-20
1399,Aditya,Nair,aditya.nair1399@example.com,Jaipur,Regular,2023-11-06
1400,Kavya,Malhotra,kavya.malhotra1400@example.com,Surat,Regular,2023-09-02
1401,Rohan,Singh,rohan.singh1401@example.com,Delhi,Regular,2024-01-29
1402,Kavya,Malhotra,kavya.malhotra1402@example.com,Kolkata,Regular,2025-03-14
1403,Ananya,Shah,ananya.shah1403@example.com,Hyderabad,Regular,2024-12-11
1404,Aditya,Iyer,aditya.iyer1404@example.com,Surat,Budget,2024-12-29
1405,Arjun,Joshi,arjun.joshi1405@example.com,Ahmedabad,Regular,2024-09-02
1406,Arjun,Desai,arjun.desai1406@example.com,Bangalore,Regular,2024-03-31
1407,Diya,Gupta,diya.gupta1407@example.com,Delhi,Regular,2024-09-04
1408,Nisha,Nair,nisha.nair1408@example.com,Kolkata,Regular,2025-04-19
1409,Vivaan,Gupta,vivaan.gupta1409@example.com,Bangalore,Budget,2023-08-11
1410,Aarav,Nair,aarav.nair1410@example.com,Bangalore,Regular,2023-05-31
1411,Vikram,Malhotra,vikram.malhotra1411@example.com,Surat,Regular,2024-09-22
1412,Karan,Reddy,karan.reddy1412@example.com,Pune,Regular,2025-06-17
1413,Vikram,Bhat,vikram.bhat1413@example.com,Pune,Budget,2024-03-21
1414,Kavya,Sharma,kavya.sharma1414@example.com,Jaipur,Regular,2024-09-18
1415,Rahul,Desai,rahul.desai1415@example.com,Mumbai,Regular,2023-10-29
1416,Sneha,Sharma,sneha.sharma1416@example.com,Jaipur,Budget,2023-01-01
1417,Aisha,Gupta,aisha.gupta1417@example.com,Chennai,Budget,2025-05-31
1418,Kabir,Malhotra,kabir.malhotra1418@example.com,Surat,Regular,2024-12-20
1419,Ananya,Iyer,ananya.iyer1419@example.com,Kolkata,Regular,2024-01-27
1420,Sneha,Mehta,sneha.mehta1420@example.com,Bangalore,Regular,2024-11-09
1421,Karan,Shah,karan.shah1421@example.com,Pune,Budget,2024-01-29
1422,Rahul,Verma,rahul.verma1422@example.com,Bangalore,Premium,2025-06-12
1423,Aditya,Reddy,aditya.reddy1423@example.com,Bangalore,Budget,2023-01-17
1424,Priya,Reddy,priya.reddy1424@example.com,Bangalore,Premium,2024-03-23
1425,Isha,Desai,isha.desai1425@example.com,Surat,Budget,2024-04-11
1426,Nisha,Patel,nisha.patel1426@example.com,Jaipur,Regular,2024-04-10
1427,Meera,Malhotra,meera.malhotra1427@example.com,Hyderabad,Regular,2023-12-30
1428,Nisha,Sharma,nisha.sharma1428@example.com,Ahmedabad,Budget,2024-08-14
1429,Kabir,Iyer,kabir.iyer1429@example.com,Chennai,Regular,2024-05-28
1430,Sneha,Joshi,sneha.joshi1430@example.com,Mumbai,Budget,2024-01-11
1431,Kavya,Singh,kavya.singh1431@example.com,Pune,Premium,2024-12-22
1432,Priya,Iyer,priya.iyer1432@example.com,Bangalore,Budget,2023-03-23
1433,Riya,Desai,riya.desai1433@example.com,Chennai,Regular,2025-02-07
1434,Aditya,Shah,aditya.shah1434@example.com,Delhi,Regular,2024-09-16
1435,Aditya,Reddy,aditya.reddy1435@example.com,Jaipur,Budget,2024-10-10
1436,Vikram,Joshi,vikram.joshi1436@example.com,Pune,Regular,2023-02-24
1437,Aarav,Singh,aarav.singh1437@example.com,Jaipur,Budget,2024-04-09
1438,Kavya,Iyer,kavya.iyer1438@example.com,Kolkata,Regular,2023-12-06
1439,Vikram,Verma,vikram.verma1439@example.com,Mumbai,Regular,2023-06-21
1440,Nisha,Iyer,nisha.iyer1440@example.com,Surat,Regular,2023-11-08
1441,Priya,Joshi,priya.joshi1441@example.com,Surat,Premium,2023-06-23
1442,Vikram,Nair,vikram.nair1442@example.com,Surat,Premium,2025-01-25
1443,Priya,Gupta,priya.gupta1443@example.com,Jaipur,Premium,2023-05-10
1444,Aryan,Verma,aryan.verma1444@example.com,Surat,Regular,2023-05-16
1445,Aryan,Sharma,aryan.sharma1445@example.com,Delhi,Regular,2025-01-29
1446,Kavya,Iyer,kavya.iyer1446@example.com,Ahmedabad,Regular,2023-06-04
1447,Rohan,Verma,rohan.verma1447@example.com,Hyderabad,Regular,2025-03-12
1448,Riya,Desai,riya.desai1448@example.com,Pune,Budget,2023-02-03
1449,Rahul,Joshi,rahul.joshi1449@example.com,Bangalore,Budget,2025-04-21
1450,Isha,Nair,isha.nair1450@example.com,Hyderabad,Regular,2024-01-28
1451,Rohan,Mehta,rohan.mehta1451@example.com,Pune,Premium,2024-08-14
1452,Aryan,Nair,aryan.nair1452@example.com,Delhi,Premium,2025-04-19
1453,Meera,Malhotra,meera.malhotra1453@example.com,Chennai,Regular,2024-05-02
1454,Sneha,Mehta,sneha.mehta1454@example.com,Kolkata,Regular,2024-01-24
1455,Rahul,Shah,rahul.shah1455@example.com,Kolkata,Premium,2025-06-10
1456,Meera,Malhotra,meera.malhotra1456@example.com,Pune,Budget,2024-11-25
1457,Vivaan,Gupta,vivaan.gupta1457@example.com,Pune,Budget,2024-06-28
1458,Isha,Joshi,isha.joshi1458@example.com,Chennai,Regular,2024-10-29
1459,Aryan,Nair,aryan.nair1459@example.com,Chennai,Regular,2023-04-11
1460,Diya,Singh,diya.singh1460@example.com,Hyderabad,Budget,2025-03-02
1461,Kavya,Nair,kavya.nair1461@example.com,Jaipur,Regular,2023-07-19
1462,Rohan,Kapoor,rohan.kapoor1462@example.com,Mumbai,Regular,2024-07-14
1463,Aditya,Sharma,aditya.sharma1463@example.com,Delhi,Regular,2024-02-26
1464,Meera,Kapoor,meera.kapoor1464@example.com,Chennai,Regular,2023-08-13
1465,Vivaan,Sharma,vivaan.sharma1465@example.com,Delhi,Premium,2024-09-26
1466,Nisha,Reddy,nisha.reddy1466@example.com,Hyderabad,Budget,2025-05-05
1467,Arjun,Iyer,arjun.iyer1467@example.com,Delhi,Budget,2023-05-03
1468,Rahul,Malhotra,rahul.malhotra1468@example.com,Surat,Budget,2024-11-03
1469,Rohan,Bhat,rohan.bhat1469@example.com,Bangalore,Regular,2023-04-24
1470,Meera,Reddy,meera.reddy1470@example.com,Ahmedabad,Budget,2023-03-19
1471,Aryan,Nair,aryan.nair1471@example.com,Pune,Regular,2024-03-13
1472,Aditya,Verma,aditya.verma1472@example.com,Mumbai,Regular,2025-03-06
1473,Ananya,Sharma,ananya.sharma1473@example.com,Chennai,Regular,2023-09-22
1474,Aditya,Singh,aditya.singh1474@example.com,Surat,Regular,2023-07-25
1475,Priya,Gupta,priya.gupta1475@example.com,Jaipur,Budget,2023-05-28
1476,Karan,Joshi,karan.joshi1476@example.com,Delhi,Budget,2024-10-20
1477,Aryan,Gupta,aryan.gupta1477@example.com,Delhi,Premium,2023-02-05
1478,Aryan,Nair,aryan.nair1478@example.com,Mumbai,Budget,2024-04-01
1479,Rahul,Reddy,rahul.reddy1479@example.com,Mumbai,Budget,2024-10-17
1480,Diya,Verma,diya.verma1480@example.com,Pune,Budget,2023-06-05
1481,Kavya,Sharma,kavya.sharma1481@example.com,Ahmedabad,Regular,2024-06-11
1482,Diya,Desai,diya.desai1482@example.com,Delhi,Regular,2025-01-15
1483,Aarav,Malhotra,aarav.malhotra1483@example.com,Ahmedabad,Premium,2024-12-06
1484,Sneha,Bhat,sneha.bhat1484@example.com,Pune,Regular,2024-01-03
1485,Diya,Sharma,diya.sharma1485@example.com,Delhi,Regular,2024-10-09
1486,Ananya,Gupta,ananya.gupta1486@example.com,Ahmedabad,Budget,2025-05-11
1487,Vikram,Reddy,vikram.reddy1487@example.com,Bangalore,Regular,2023-07-27
1488,Diya,Reddy,diya.reddy1488@example.com,Chennai,Regular,2023-07-15
1489,Arjun,Reddy,arjun.reddy1489@example.com,Pune,Regular,2024-12-06
1490,Meera,Iyer,meera.iyer1490@example.com,Bangalore,Premium,2023-07-14
1491,Aarav,Iyer,aarav.iyer1491@example.com,Hyderabad,Regular,2024-08-30
1492,Aditya,Nair,aditya.nair1492@example.com,Chennai,Regular,2024-07-07
1493,Meera,Sharma,meera.sharma1493@example.com,Pune,Premium,2023-02-07
1494,Vivaan,Malhotra,vivaan.malhotra1494@example.com,Hyderabad,Budget,2023-05-02
1495,Riya,Singh,riya.singh1495@example.com,Jaipur,Premium,2024-11-25
1496,Kavya,Mehta,kavya.mehta1496@example.com,Mumbai,Budget,2023-03-15
1497,Priya,Reddy,priya.reddy1497@example.com,Ahmedabad,Budget,2023-01-20
1498,Nisha,Sharma,nisha.sharma1498@example.com,Bangalore,Premium,2023-09-06
1499,Vivaan,Bhat,vivaan.bhat1499@example.com,Delhi,Regular,2023-11-11
1500,Rohan,Desai,rohan.desai1500@example.com,Delhi,Budget,2024-08-28
1501,Arjun,Gupta,arjun.gupta1501@example.com,Surat,Budget,2024-05-24
1502,Kabir,Gupta,kabir.gupta1502@example.com,Hyderabad,Regular,2025-04-03
1503,Diya,Kapoor,diya.kapoor1503@example.com,Surat,Regular,2023-05-04
1504,Ananya,Desai,ananya.desai1504@example.com,Hyderabad,Budget,2025-03-23
1505,Kavya,Patel,kavya.patel1505@example.com,Delhi,Premium,2023-12-10
1506,Rahul,Nair,rahul.nair1506@example.com,Bangalore,Regular,2024-03-01
1507,Sneha,Patel,sneha.patel1507@example.com,Hyderabad,Budget,2024-03-25
1508,Vivaan,Patel,vivaan.patel1508@example.com,Surat,Regular,2023-04-13
1509,Rohan,Sharma,rohan.sharma1509@example.com,Ahmedabad,Premium,2025-06-19
1510,Aarav,Patel,aarav.patel1510@example.com,Surat,Budget,2023-04-02
1511,Isha,Iyer,isha.iyer1511@example.com,Ahmedabad,Regular,2025-04-06
1512,Karan,Patel,karan.patel1512@example.com,Chennai,Regular,2024-10-17
1513,Isha,Mehta,isha.mehta1513@example.com,Surat,Regular,2023-06-28
1514,Nisha,Patel,nisha.patel1514@example.com,Ahmedabad,Regular,2025-01-04
1515,Aditya,Reddy,aditya.reddy1515@example.com,Chennai,Regular,2025-04-26
1516,Aarav,Shah,aarav.shah1516@example.com,Hyderabad,Premium,2023-08-30
1517,Riya,Gupta,riya.gupta1517@example.com,Pune,Budget,2024-09-25
1518,Sneha,Shah,sneha.shah1518@example.com,Ahmedabad,Budget,2023-08-13
1519,Karan,Verma,karan.verma1519@example.com,Hyderabad,Premium,2023-02-24
1520,Rahul,Reddy,rahul.reddy1520@example.com,Ahmedabad,Regular,2025-05-14
1521,Rohan,Reddy,rohan.reddy1521@example.com,Mumbai,Regular,2023-02-14
1522,Vikram,Mehta,vikram.mehta1522@example.com,Chennai,Regular,2024-03-21
1523,Meera,Sharma,meera.sharma1523@example.com,Mumbai,Budget,2023-04-17
1524,Rohan,Patel,rohan.patel1524@example.com,Mumbai,Regular,2025-03-15
1525,Arjun,Gupta,arjun.gupta1525@example.com,Ahmedabad,Regular,2023-08-29
1526,Ananya,Malhotra,ananya.malhotra1526@example.com,Pune,Regular,2023-07-23
1527,Arjun,Kapoor,arjun.kapoor1527@example.com,Delhi,Regular,2023-08-22
1528,Isha,Desai,isha.desai1528@example.com,Kolkata,Budget,2023-07-24
1529,Aditya,Singh,aditya.singh1529@example.com,Ahmedabad,Premium,2024-08-22
1530,Isha,Patel,isha.patel1530@example.com,Surat,Regular,2023-08-10
1531,Diya,Kapoor,diya.kapoor1531@example.com,Ahmedabad,Budget,2023-05-20
1532,Aisha,Verma,aisha.verma1532@example.com,Pune,Premium,2023-07-27
1533,Kavya,Sharma,kavya.sharma1533@example.com,Bangalore,Premium,2023-10-15
1534,Meera,Singh,meera.singh1534@example.com,Bangalore,Budget,2024-03-04
1535,Kabir,Bhat,kabir.bhat1535@example.com,Surat,Regular,2023-10-30
1536,Nisha,Bhat,nisha.bhat1536@example.com,Surat,Budget,2023-06-24
1537,Kabir,Gupta,kabir.gupta1537@example.com,Jaipur,Regular,2024-02-26
1538,Karan,Joshi,karan.joshi1538@example.com,Ahmedabad,Regular,2024-04-29
1539,Isha,Iyer,isha.iyer1539@example.com,Hyderabad,Regular,2025-06-12
1540,Isha,Joshi,isha.joshi1540@example.com,Surat,Budget,2023-08-16
1541,Kavya,Bhat,kavya.bhat1541@example.com,Kolkata,Budget,2023-01-06
1542,Vivaan,Singh,vivaan.singh1542@example.com,Jaipur,Premium,2025-01-21
1543,Riya,Malhotra,riya.malhotra1543@example.com,Delhi,Regular,2024-05-05
1544,Kabir,Gupta,kabir.gupta1544@example.com,Mumbai,Regular,2024-07-25
1545,Isha,Mehta,isha.mehta1545@example.com,Pune,Regular,2023-05-16
1546,Aditya,Sharma,aditya.sharma1546@example.com,Chennai,Regular,2024-05-06
1547,Meera,Desai,meera.desai1547@example.com,Surat,Premium,2024-08-07
1548,Meera,Singh,meera.singh1548@example.com,Bangalore,Budget,2025-03-01
1549,Diya,Patel,diya.patel1549@example.com,Pune,Regular,2025-03-19
1550,Aarav,Desai,aarav.desai1550@example.com,Delhi,Regular,2024-10-04
1551,Ananya,Shah,ananya.shah1551@example.com,Chennai,Regular,2023-02-03
1552,Aryan,Iyer,aryan.iyer1552@example.com,Jaipur,Regular,2024-09-19
1553,Karan,Nair,karan.nair1553@example.com,Delhi,Regular,2024-12-02
1554,Ananya,Iyer,ananya.iyer1554@example.com,Jaipur,Budget,2023-02-26
1555,Aisha,Bhat,aisha.bhat1555@example.com,Delhi,Regular,2023-02-22
1556,Meera,Joshi,meera.joshi1556@example.com,Pune,Regular,2023-02-11
1557,Sneha,Iyer,sneha.iyer1557@example.com,Jaipur,Budget,2023-03-10
1558,Karan,Patel,karan.patel1558@example.com,Hyderabad,Regular,2023-12-09
1559,Priya,Iyer,priya.iyer1559@example.com,Surat,Budget,2025-02-09
1560,Karan,Nair,karan.nair1560@example.com,Hyderabad,Regular,2025-02-01
1561,Aryan,Shah,aryan.shah1561@example.com,Kolkata,Regular,2024-11-27
1562,Aditya,Kapoor,aditya.kapoor1562@example.com,Ahmedabad,Regular,2023-12-20
1563,Riya,Desai,riya.desai1563@example.com,Ahmedabad,Budget,2023-05-06
1564,Sneha,Bhat,sneha.bhat1564@example.com,Ahmedabad,Regular,2023-10-27
1565,Aditya,Mehta,aditya.mehta1565@example.com,Delhi,Premium,2024-04-13
1566,Rohan,Verma,rohan.verma1566@example.com,Delhi,Regular,2023-03-20
1567,Arjun,Iyer,arjun.iyer1567@example.com,Ahmedabad,Regular,2023-06-01
1568,Karan,Shah,karan.shah1568@example.com,Mumbai,Regular,2024-10-04
1569,Sneha,Bhat,sneha.bhat1569@example.com,Ahmedabad,Regular,2023-05-16
1570,Meera,Iyer,meera.iyer1570@example.com,Mumbai,Regular,2024-10-22
1571,Aditya,Sharma,aditya.sharma1571@example.com,Hyderabad,Budget,2025-06-11
1572,Riya,Reddy,riya.reddy1572@example.com,Kolkata,Regular,2023-12-10
1573,Ananya,Singh,ananya.singh1573@example.com,Jaipur,Budget,2024-08-30
1574,Meera,Singh,meera.singh1574@example.com,Surat,Premium,2023-11-08
1575,Vikram,Patel,vikram.patel1575@example.com,Chennai,Regular,2025-03-19
1576,Aisha,Verma,aisha.verma1576@example.com,Mumbai,Premium,2025-02-27
1577,Vikram,Singh,vikram.singh1577@example.com,Surat,Budget,2023-06-20
1578,Sneha,Verma,sneha.verma1578@example.com,Bangalore,Budget,2023-07-06
1579,Rahul,Patel,rahul.patel1579@example.com,Delhi,Premium,2023-09-01
1580,Ananya,Joshi,ananya.joshi1580@example.com,Ahmedabad,Regular,2023-05-10
1581,Rohan,Mehta,rohan.mehta1581@example.com,Mumbai,Regular,2024-07-29
1582,Aisha,Patel,aisha.patel1582@example.com,Ahmedabad,Regular,2024-01-17
1583,Rohan,Shah,rohan.shah1583@example.com,Delhi,Budget,2023-11-05
1584,Diya,Bhat,diya.bhat1584@example.com,Bangalore,Budget,2024-05-26
1585,Ananya,Patel,ananya.patel1585@example.com,Jaipur,Budget,2023-01-05
1586,Ananya,Reddy,ananya.reddy1586@example.com,Chennai,Regular,2024-12-23
1587,Vikram,Nair,vikram.nair1587@example.com,Bangalore,Budget,2024-08-10
1588,Meera,Kapoor,meera.kapoor1588@example.com,Delhi,Budget,2024-12-06
1589,Vivaan,Patel,vivaan.patel1589@example.com,Jaipur,Premium,2024-11-25
1590,Aarav,Malhotra,aarav.malhotra1590@example.com,Hyderabad,Regular,2024-09-24
1591,Aditya,Kapoor,aditya.kapoor1591@example.com,Surat,Regular,2023-02-26
1592,Kavya,Shah,kavya.shah1592@example.com,Chennai,Regular,2023-08-16
1593,Aditya,Shah,aditya.shah1593@example.com,Ahmedabad,Regular,2025-05-19
1594,Aditya,Shah,aditya.shah1594@example.com,Hyderabad,Regular,2024-02-08
1595,Nisha,Joshi,nisha.joshi1595@example.com,Mumbai,Budget,2024-06-07
1596,Aisha,Malhotra,aisha.malhotra1596@example.com,Kolkata,Regular,2023-06-01
1597,Aisha,Sharma,aisha.sharma1597@example.com,Pune,Regular,2023-10-19
1598,Meera,Desai,meera.desai1598@example.com,Delhi,Regular,2024-07-28
1599,Meera,Iyer,meera.iyer1599@example.com,Ahmedabad,Regular,2024-03-01
1600,Isha,Iyer,isha.iyer1600@example.com,Bangalore,Budget,2024-02-29
1601,Nisha,Gupta,nisha.gupta1601@example.com,Hyderabad,Regular,2023-05-28
1602,Riya,Kapoor,riya.kapoor1602@example.com,Surat,Budget,2023-03-09
1603,Aditya,Sharma,aditya.sharma1603@example.com,Chennai,Regular,2024-02-24
1604,Sneha,Singh,sneha.singh1604@example.com,Surat,Budget,2024-12-28
1605,Rahul,Mehta,rahul.mehta1605@example.com,Kolkata,Regular,2023-07-10
1606,Priya,Sharma,priya.sharma1606@example.com,Chennai,Budget,2025-04-22
1607,Vikram,Singh,vikram.singh1607@example.com,Ahmedabad,Regular,2024-07-26
1608,Aarav,Patel,aarav.patel1608@example.com,Chennai,Budget,2023-09-26
1609,Priya,Gupta,priya.gupta1609@example.com,Chennai,Regular,2024-10-31
1610,Priya,Bhat,priya.bhat1610@example.com,Hyderabad,Premium,2024-12-05
1611,Aryan,Singh,aryan.singh1611@example.com,Surat,Budget,2023-03-10
1612,Kavya,Singh,kavya.singh1612@example.com,Kolkata,Budget,2024-08-02
1613,Priya,Iyer,priya.iyer1613@example.com,Delhi,Regular,2025-04-17
1614,Kavya,Sharma,kavya.sharma1614@example.com,Chennai,Regular,2025-05-15
1615,Vivaan,Patel,vivaan.patel1615@example.com,Ahmedabad,Budget,2023-11-24
1616,Rahul,Kapoor,rahul.kapoor1616@example.com,Mumbai,Regular,2023-06-17
1617,Isha,Reddy,isha.reddy1617@example.com,Mumbai,Regular,2023-12-31
1618,Riya,Reddy,riya.reddy1618@example.com,Jaipur,Regular,2023-03-20
1619,Rohan,Nair,rohan.nair1619@example.com,Surat,Budget,2023-04-07
1620,Sneha,Kapoor,sneha.kapoor1620@example.com,Pune,Budget,2025-06-12
1621,Vikram,Verma,vikram.verma1621@example.com,Pune,Premium,2024-12-02
1622,Kavya,Kapoor,kavya.kapoor1622@example.com,Bangalore,Premium,2025-04-23
1623,Riya,Verma,riya.verma1623@example.com,Ahmedabad,Regular,2024-01-17
1624,Rohan,Gupta,rohan.gupta1624@example.com,Bangalore,Regular,2023-08-12
1625,Karan,Nair,karan.nair1625@example.com,Surat,Regular,2024-07-26
1626,Riya,Desai,riya.desai1626@example.com,Jaipur,Budget,2024-06-28
1627,Arjun,Malhotra,arjun.malhotra1627@example.com,Delhi,Premium,2024-04-16
1628,Rahul,Bhat,rahul.bhat1628@example.com,Ahmedabad,Regular,2023-01-18
1629,Aisha,Patel,aisha.patel1629@example.com,Ahmedabad,Budget,2025-04-16
1630,Nisha,Shah,nisha.shah1630@example.com,Pune,Regular,2025-02-20
1631,Vikram,Sharma,vikram.sharma1631@example.com,Delhi,Regular,2025-02-01
1632,Rahul,Iyer,rahul.iyer1632@example.com,Chennai,Premium,2023-08-21
1633,Rahul,Gupta,rahul.gupta1633@example.com,Delhi,Premium,2024-03-11
1634,Priya,Nair,priya.nair1634@example.com,Mumbai,Regular,2024-03-17
1635,Vivaan,Nair,vivaan.nair1635@example.com,Jaipur,Regular,2024-11-06
1636,Priya,Gupta,priya.gupta1636@example.com,Mumbai,Premium,2023-09-17
1637,Aarav,Nair,aarav.nair1637@example.com,Delhi,Budget,2023-04-09
1638,Karan,Joshi,karan.joshi1638@example.com,Bangalore,Regular,2023-07-24
1639,Aarav,Gupta,aarav.gupta1639@example.com,Chennai,Budget,2023-05-30
1640,Aisha,Kapoor,aisha.kapoor1640@example.com,Jaipur,Budget,2023-06-14
1641,Nisha,Mehta,nisha.mehta1641@example.com,Surat,Premium,2024-06-01
1642,Kavya,Nair,kavya.nair1642@example.com,Jaipur,Regular,2023-01-15
1643,Karan,Verma,karan.verma1643@example.com,Jaipur,Premium,2023-06-25
1644,Arjun,Bhat,arjun.bhat1644@example.com,Jaipur,Budget,2023-08-08
1645,Priya,Kapoor,priya.kapoor1645@example.com,Surat,Regular,2024-12-15
1646,Arjun,Patel,arjun.patel1646@example.com,Pune,Budget,2025-05-04
1647,Isha,Mehta,isha.mehta1647@example.com,Hyderabad,Regular,2024-06-10
1648,Ananya,Gupta,ananya.gupta1648@example.com,Delhi,Regular,2024-04-22
1649,Priya,Nair,priya.nair1649@example.com,Chennai,Regular,2024-01-05
1650,Vivaan,Gupta,vivaan.gupta1650@example.com,Ahmedabad,Premium,2023-12-02
1651,Vikram,Singh,vikram.singh1651@example.com,Chennai,Regular,2024-09-06
1652,Meera,Mehta,meera.mehta1652@example.com,Kolkata,Regular,2024-07-21
1653,Isha,Mehta,isha.mehta1653@example.com,Delhi,Budget,2025-05-27
1654,Priya,Reddy,priya.reddy1654@example.com,Bangalore,Premium,2024-01-12
1655,Priya,Reddy,priya.reddy1655@example.com,Kolkata,Regular,2023-04-18
1656,Aditya,Gupta,aditya.gupta1656@example.com,Kolkata,Regular,2023-05-27
1657,Kavya,Gupta,kavya.gupta1657@example.com,Bangalore,Premium,2025-01-29
1658,Karan,Kapoor,karan.kapoor1658@example.com,Surat,Budget,2023-07-25
1659,Diya,Gupta,diya.gupta1659@example.com,Kolkata,Budget,2023-08-27
1660,Aryan,Nair,aryan.nair1660@example.com,Surat,Regular,2024-12-31
1661,Diya,Kapoor,diya.kapoor1661@example.com,Surat,Budget,2024-05-02
1662,Priya,Shah,priya.shah1662@example.com,Bangalore,Budget,2023-10-13
1663,Arjun,Gupta,arjun.gupta1663@example.com,Ahmedabad,Regular,2023-09-14
1664,Rahul,Sharma,rahul.sharma1664@example.com,Mumbai,Budget,2023-04-12
1665,Priya,Reddy,priya.reddy1665@example.com,Bangalore,Regular,2023-01-28
1666,Ananya,Patel,ananya.patel1666@example.com,Surat,Regular,2023-11-07
1667,Aditya,Reddy,aditya.reddy1667@example.com,Jaipur,Budget,2025-02-08
1668,Meera,Mehta,meera.mehta1668@example.com,Ahmedabad,Regular,2023-10-28
1669,Aryan,Shah,aryan.shah1669@example.com,Jaipur,Regular,2023-12-18
1670,Vivaan,Malhotra,vivaan.malhotra1670@example.com,Kolkata,Regular,2023-05-02
1671,Diya,Singh,diya.singh1671@example.com,Mumbai,Premium,2024-04-15
1672,Sneha,Reddy,sneha.reddy1672@example.com,Chennai,Budget,2025-05-31
1673,Rohan,Singh,rohan.singh1673@example.com,Bangalore,Regular,2024-03-17
1674,Diya,Singh,diya.singh1674@example.com,Delhi,Regular,2025-02-21
1675,Priya,Reddy,priya.reddy1675@example.com,Jaipur,Regular,2024-07-21
1676,Priya,Shah,priya.shah1676@example.com,Bangalore,Regular,2025-05-24
1677,Diya,Verma,diya.verma1677@example.com,Surat,Budget,2024-05-21
1678,Nisha,Reddy,nisha.reddy1678@example.com,Chennai,Regular,2023-12-28
1679,Aarav,Joshi,aarav.joshi1679@example.com,Bangalore,Budget,2023-02-16
1680,Aisha,Nair,aisha.nair1680@example.com,Surat,Premium,2025-01-29
1681,Ananya,Malhotra,ananya.malhotra1681@example.com,Kolkata,Regular,2023-04-10
1682,Aisha,Malhotra,aisha.malhotra1682@example.com,Mumbai,Regular,2023-12-26
1683,Kabir,Mehta,kabir.mehta1683@example.com,Chennai,Regular,2024-10-25
1684,Aditya,Desai,aditya.desai1684@example.com,Delhi,Regular,2023-11-09
1685,Aarav,Shah,aarav.shah1685@example.com,Mumbai,Regular,2023-11-30
1686,Isha,Joshi,isha.joshi1686@example.com,Kolkata,Regular,2024-06-11
1687,Priya,Joshi,priya.joshi1687@example.com,Pune,Regular,2023-01-23
1688,Diya,Kapoor,diya.kapoor1688@example.com,Delhi,Budget,2024-08-09
1689,Arjun,Iyer,arjun.iyer1689@example.com,Hyderabad,Regular,2024-11-22
1690,Riya,Nair,riya.nair1690@example.com,Pune,Regular,2025-02-22
1691,Vikram,Kapoor,vikram.kapoor1691@example.com,Hyderabad,Regular,2024-03-22
1692,Aditya,Desai,aditya.desai1692@example.com,Jaipur,Regular,2025-05-20
1693,Aryan,Sharma,aryan.sharma1693@example.com,Surat,Regular,2023-11-01
1694,Kabir,Joshi,kabir.joshi1694@example.com,Delhi,Budget,2025-01-30
1695,Kavya,Gupta,kavya.gupta1695@example.com,Pune,Regular,2024-08-29
1696,Kavya,Nair,kavya.nair1696@example.com,Ahmedabad,Regular,2024-06-27
1697,Aisha,Nair,aisha.nair1697@example.com,Chennai,Regular,2023-03-20
1698,Vikram,Malhotra,vikram.malhotra1698@example.com,Jaipur,Regular,2024-11-10
1699,Isha,Malhotra,isha.malhotra1699@example.com,Surat,Regular,2023-09-15
1700,Sneha,Patel,sneha.patel1700@example.com,Jaipur,Budget,2023-01-20
1701,Kavya,Singh,kavya.singh1701@example.com,Ahmedabad,Regular,2023-08-07
1702,Sneha,Nair,sneha.nair1702@example.com,Kolkata,Budget,2024-09-21
1703,Vivaan,Shah,vivaan.shah1703@example.com,Pune,Regular,2023-07-25
1704,Kabir,Patel,kabir.patel1704@example.com,Chennai,Budget,2025-02-03
1705,Isha,Kapoor,isha.kapoor1705@example.com,Delhi,Regular,2025-05-30
1706,Isha,Verma,isha.verma1706@example.com,Chennai,Regular,2025-04-23
1707,Aryan,Reddy,aryan.reddy1707@example.com,Hyderabad,Regular,2024-09-07
1708,Arjun,Patel,arjun.patel1708@example.com,Mumbai,Regular,2023-07-16
1709,Vikram,Singh,vikram.singh1709@example.com,Jaipur,Budget,2024-05-12
1710,Isha,Reddy,isha.reddy1710@example.com,Hyderabad,Regular,2023-02-07
1711,Rahul,Sharma,rahul.sharma1711@example.com,Chennai,Regular,2023-09-22
1712,Rohan,Reddy,rohan.reddy1712@example.com,Mumbai,Budget,2025-05-22
1713,Priya,Nair,priya.nair1713@example.com,Mumbai,Budget,2023-01-21
1714,Aditya,Kapoor,aditya.kapoor1714@example.com,Chennai,Budget,2024-09-08
1715,Isha,Bhat,isha.bhat1715@example.com,Delhi,Regular,2024-01-08
1716,Rahul,Mehta,rahul.mehta1716@example.com,Surat,Budget,2023-04-25
1717,Arjun,Shah,arjun.shah1717@example.com,Surat,Budget,2024-11-11
1718,Riya,Verma,riya.verma1718@example.com,Delhi,Regular,2024-05-23
1719,Arjun,Nair,arjun.nair1719@example.com,Pune,Regular,2025-04-06
1720,Kavya,Iyer,kavya.iyer1720@example.com,Hyderabad,Budget,2024-02-04
1721,Karan,Patel,karan.patel1721@example.com,Bangalore,Regular,2023-04-20
1722,Aryan,Singh,aryan.singh1722@example.com,Chennai,Budget,2024-02-23
1723,Vivaan,Singh,vivaan.singh1723@example.com,Pune,Regular,2024-06-30
1724,Arjun,Kapoor,arjun.kapoor1724@example.com,Kolkata,Regular,2024-07-12
1725,Kabir,Verma,kabir.verma1725@example.com,Bangalore,Regular,2025-06-19
1726,Aisha,Desai,aisha.desai1726@example.com,Mumbai,Regular,2023-11-12
1727,Nisha,Sharma,nisha.sharma1727@example.com,Mumbai,Regular,2025-05-11
1728,Kabir,Verma,kabir.verma1728@example.com,Kolkata,Regular,2024-07-19
1729,Aisha,Bhat,aisha.bhat1729@example.com,Delhi,Regular,2025-04-11
1730,Kabir,Desai,kabir.desai1730@example.com,Kolkata,Premium,2024-03-29
1731,Diya,Bhat,diya.bhat1731@example.com,Chennai,Premium,2023-09-19
1732,Kabir,Verma,kabir.verma1732@example.com,Bangalore,Budget,2023-08-04
1733,Ananya,Bhat,ananya.bhat1733@example.com,Kolkata,Budget,2025-04-11
1734,Aryan,Desai,aryan.desai1734@example.com,Ahmedabad,Regular,2023-03-24
1735,Isha,Bhat,isha.bhat1735@example.com,Pune,Budget,2025-05-11
1736,Arjun,Desai,arjun.desai1736@example.com,Chennai,Regular,2023-06-14
1737,Aisha,Malhotra,aisha.malhotra1737@example.com,Jaipur,Budget,2024-09-08
1738,Meera,Iyer,meera.iyer1738@example.com,Mumbai,Regular,2023-01-29
1739,Rohan,Reddy,rohan.reddy1739@example.com,Bangalore,Premium,2024-03-30
1740,Karan,Reddy,karan.reddy1740@example.com,Pune,Regular,2023-11-09
1741,Arjun,Patel,arjun.patel1741@example.com,Jaipur,Budget,2023-09-13
1742,Rahul,Desai,rahul.desai1742@example.com,Kolkata,Budget,2024-08-31
1743,Ananya,Singh,ananya.singh1743@example.com,Bangalore,Regular,2024-05-04
1744,Kavya,Desai,kavya.desai1744@example.com,Chennai,Regular,2023-12-02
1745,Isha,Kapoor,isha.kapoor1745@example.com,Kolkata,Budget,2023-07-06
1746,Kavya,Mehta,kavya.mehta1746@example.com,Mumbai,Budget,2023-01-22
1747,Nisha,Reddy,nisha.reddy1747@example.com,Delhi,Budget,2023-08-23
1748,Karan,Verma,karan.verma1748@example.com,Bangalore,Premium,2024-12-19
1749,Nisha,Malhotra,nisha.malhotra1749@example.com,Chennai,Premium,2024-09-06
1750,Aisha,Patel,aisha.patel1750@example.com,Delhi,Premium,2024-08-03
1751,Riya,Malhotra,riya.malhotra1751@example.com,Ahmedabad,Budget,2025-03-02
1752,Priya,Gupta,priya.gupta1752@example.com,Hyderabad,Regular,2023-08-18
1753,Aryan,Verma,aryan.verma1753@example.com,Ahmedabad,Regular,2025-02-03
1754,Isha,Desai,isha.desai1754@example.com,Surat,Regular,2023-07-31
1755,Vikram,Iyer,vikram.iyer1755@example.com,Hyderabad,Regular,2024-11-24
1756,Isha,Nair,isha.nair1756@example.com,Mumbai,Regular,2023-05-30
1757,Aryan,Mehta,aryan.mehta1757@example.com,Ahmedabad,Budget,2024-09-24
1758,Aisha,Joshi,aisha.joshi1758@example.com,Ahmedabad,Premium,2024-12-01
1759,Priya,Patel,priya.patel1759@example.com,Pune,Budget,2025-06-11
1760,Diya,Reddy,diya.reddy1760@example.com,Kolkata,Budget,2023-08-06
1761,Nisha,Verma,nisha.verma1761@example.com,Delhi,Regular,2023-03-16
1762,Vivaan,Kapoor,vivaan.kapoor1762@example.com,Ahmedabad,Budget,2023-08-29
1763,Nisha,Reddy,nisha.reddy1763@example.com,Surat,Budget,2025-04-01
1764,Vivaan,Sharma,vivaan.sharma1764@example.com,Jaipur,Regular,2023-09-17
1765,Vikram,Malhotra,vikram.malhotra1765@example.com,Pune,Premium,2024-11-18
1766,Sneha,Sharma,sneha.sharma1766@example.com,Bangalore,Regular,2024-08-17
1767,Riya,Singh,riya.singh1767@example.com,Ahmedabad,Premium,2023-12-14
1768,Ananya,Iyer,ananya.iyer1768@example.com,Kolkata,Premium,2024-06-27
1769,Arjun,Kapoor,arjun.kapoor1769@example.com,Bangalore,Regular,2023-02-15
1770,Aryan,Iyer,aryan.iyer1770@example.com,Kolkata,Regular,2024-01-05
1771,Aryan,Joshi,aryan.joshi1771@example.com,Chennai,Regular,2025-04-29
1772,Isha,Bhat,isha.bhat1772@example.com,Pune,Budget,2023-06-18
1773,Priya,Nair,priya.nair1773@example.com,Jaipur,Budget,2023-06-04
1774,Meera,Sharma,meera.sharma1774@example.com,Bangalore,Premium,2023-07-13
1775,Rohan,Sharma,rohan.sharma1775@example.com,Chennai,Regular,2024-04-26
1776,Meera,Malhotra,meera.malhotra1776@example.com,Ahmedabad,Premium,2023-04-29
1777,Aisha,Iyer,aisha.iyer1777@example.com,Ahmedabad,Regular,2024-07-28
1778,Arjun,Desai,arjun.desai1778@example.com,Bangalore,Premium,2025-01-07
1779,Aditya,Mehta,aditya.mehta1779@example.com,Chennai,Regular,2025-06-08
1780,Rohan,Iyer,rohan.iyer1780@example.com,Chennai,Regular,2024-06-04
1781,Kavya,Mehta,kavya.mehta1781@example.com,Mumbai,Regular,2024-08-20
1782,Kavya,Patel,kavya.patel1782@example.com,Delhi,Regular,2024-03-02
1783,Priya,Reddy,priya.reddy1783@example.com,Pune,Premium,2023-04-07
1784,Arjun,Malhotra,arjun.malhotra1784@example.com,Surat,Budget,2024-01-18
1785,Arjun,Desai,arjun.desai1785@example.com,Bangalore,Premium,2023-11-28
1786,Meera,Desai,meera.desai1786@example.com,Ahmedabad,Regular,2024-12-25
1787,Aryan,Joshi,aryan.joshi1787@example.com,Mumbai,Regular,2024-11-04
1788,Vivaan,Reddy,vivaan.reddy1788@example.com,Ahmedabad,Regular,2024-09-29
1789,Kavya,Patel,kavya.patel1789@example.com,Mumbai,Budget,2023-08-05
1790,Vikram,Kapoor,vikram.kapoor1790@example.com,Mumbai,Budget,2025-03-28
1791,Sneha,Joshi,sneha.joshi1791@example.com,Delhi,Regular,2024-01-26
1792,Rohan,Mehta,rohan.mehta1792@example.com,Kolkata,Premium,2025-02-28
1793,Karan,Patel,karan.patel1793@example.com,Kolkata,Regular,2024-02-02
1794,Rahul,Gupta,rahul.gupta1794@example.com,Ahmedabad,Budget,2023-11-02
1795,Vikram,Bhat,vikram.bhat1795@example.com,Surat,Premium,2024-12-02
1796,Arjun,Desai,arjun.desai1796@example.com,Jaipur,Regular,2024-01-12
1797,Meera,Bhat,meera.bhat1797@example.com,Ahmedabad,Regular,2024-02-02
1798,Nisha,Malhotra,nisha.malhotra1798@example.com,Kolkata,Budget,2023-04-03
1799,Nisha,Patel,nisha.patel1799@example.com,Kolkata,Premium,2024-03-20
1800,Riya,Kapoor,riya.kapoor1800@example.com,Hyderabad,Regular,2024-04-19
1801,Rahul,Bhat,rahul.bhat1801@example.com,Jaipur,Regular,2024-05-22
1802,Riya,Gupta,riya.gupta1802@example.com,Ahmedabad,Regular,2023-10-25
1803,Priya,Verma,priya.verma1803@example.com,Bangalore,Regular,2023-06-02
1804,Vikram,Desai,vikram.desai1804@example.com,Jaipur,Regular,2023-09-12
1805,Kavya,Sharma,kavya.sharma1805@example.com,Delhi,Budget,2024-07-18
1806,Riya,Gupta,riya.gupta1806@example.com,Kolkata,Regular,2024-06-06
1807,Meera,Reddy,meera.reddy1807@example.com,Surat,Budget,2025-01-07
1808,Aisha,Verma,aisha.verma1808@example.com,Delhi,Budget,2024-08-22
1809,Aarav,Gupta,aarav.gupta1809@example.com,Ahmedabad,Regular,2025-01-28
1810,Rohan,Desai,rohan.desai1810@example.com,Mumbai,Premium,2024-02-07
1811,Vikram,Kapoor,vikram.kapoor1811@example.com,Ahmedabad,Budget,2024-08-24
1812,Meera,Joshi,meera.joshi1812@example.com,Chennai,Regular,2025-04-07
1813,Rohan,Mehta,rohan.mehta1813@example.com,Delhi,Budget,2023-07-09
1814,Nisha,Verma,nisha.verma1814@example.com,Delhi,Regular,2025-06-11
1815,Aarav,Sharma,aarav.sharma1815@example.com,Delhi,Premium,2024-02-09
1816,Priya,Singh,priya.singh1816@example.com,Kolkata,Budget,2024-12-09
1817,Nisha,Iyer,nisha.iyer1817@example.com,Chennai,Regular,2024-05-13
1818,Nisha,Kapoor,nisha.kapoor1818@example.com,Kolkata,Budget,2024-12-08
1819,Aditya,Patel,aditya.patel1819@example.com,Mumbai,Regular,2023-05-19
1820,Aarav,Iyer,aarav.iyer1820@example.com,Mumbai,Regular,2023-07-12
1821,Rahul,Reddy,rahul.reddy1821@example.com,Kolkata,Budget,2023-09-05
1822,Sneha,Mehta,sneha.mehta1822@example.com,Chennai,Budget,2023-03-30
1823,Rahul,Singh,rahul.singh1823@example.com,Mumbai,Premium,2024-03-08
1824,Rahul,Iyer,rahul.iyer1824@example.com,Ahmedabad,Budget,2024-12-20
1825,Priya,Sharma,priya.sharma1825@example.com,Ahmedabad,Regular,2025-05-30
1826,Karan,Verma,karan.verma1826@example.com,Kolkata,Premium,2024-08-06
1827,Aarav,Gupta,aarav.gupta1827@example.com,Kolkata,Budget,2024-10-07
1828,Priya,Iyer,priya.iyer1828@example.com,Surat,Budget,2024-08-15
1829,Vikram,Sharma,vikram.sharma1829@example.com,Kolkata,Regular,2024-05-14
1830,Kavya,Iyer,kavya.iyer1830@example.com,Ahmedabad,Regular,2024-09-18
1831,Vivaan,Shah,vivaan.shah1831@example.com,Kolkata,Regular,2023-01-20
1832,Sneha,Gupta,sneha.gupta1832@example.com,Kolkata,Budget,2023-10-02
1833,Arjun,Singh,arjun.singh1833@example.com,Pune,Regular,2024-09-29
1834,Isha,Sharma,isha.sharma1834@example.com,Chennai,Budget,2023-06-15
1835,Priya,Kapoor,priya.kapoor1835@example.com,Hyderabad,Regular,2024-03-24
1836,Kavya,Bhat,kavya.bhat1836@example.com,Pune,Budget,2024-12-02
1837,Meera,Patel,meera.patel1837@example.com,Kolkata,Budget,2023-10-28
1838,Aisha,Nair,aisha.nair1838@example.com,Bangalore,Regular,2024-04-28
1839,Vikram,Iyer,vikram.iyer1839@example.com,Delhi,Regular,2025-02-06
1840,Rahul,Patel,rahul.patel1840@example.com,Bangalore,Regular,2023-07-24
1841,Arjun,Nair,arjun.nair1841@example.com,Ahmedabad,Regular,2024-03-01
1842,Karan,Shah,karan.shah1842@example.com,Mumbai,Regular,2023-02-18
1843,Aryan,Kapoor,aryan.kapoor1843@example.com,Bangalore,Regular,2024-11-24
1844,Riya,Sharma,riya.sharma1844@example.com,Delhi,Regular,2025-04-06
1845,Arjun,Joshi,arjun.joshi1845@example.com,Delhi,Regular,2023-08-21
1846,Priya,Verma,priya.verma1846@example.com,Pune,Budget,2023-12-15
1847,Sneha,Verma,sneha.verma1847@example.com,Jaipur,Regular,2023-06-04
1848,Arjun,Iyer,arjun.iyer1848@example.com,Ahmedabad,Budget,2023-02-21
1849,Arjun,Gupta,arjun.gupta1849@example.com,Surat,Regular,2025-03-11
1850,Arjun,Desai,arjun.desai1850@example.com,Mumbai,Regular,2024-07-29
1851,Rohan,Reddy,rohan.reddy1851@example.com,Hyderabad,Budget,2023-05-01
1852,Rohan,Iyer,rohan.iyer1852@example.com,Ahmedabad,Budget,2023-10-27
1853,Priya,Iyer,priya.iyer1853@example.com,Delhi,Regular,2025-06-10
1854,Aisha,Kapoor,aisha.kapoor1854@example.com,Bangalore,Premium,2025-04-18
1855,Karan,Singh,karan.singh1855@example.com,Mumbai,Regular,2024-03-01
1856,Priya,Kapoor,priya.kapoor1856@example.com,Jaipur,Regular,2023-10-21
1857,Aryan,Kapoor,aryan.kapoor1857@example.com,Kolkata,Regular,2025-01-02
1858,Kabir,Patel,kabir.patel1858@example.com,Jaipur,Regular,2025-02-10
1859,Kabir,Patel,kabir.patel1859@example.com,Kolkata,Regular,2025-04-01
1860,Isha,Bhat,isha.bhat1860@example.com,Jaipur,Budget,2024-04-14
1861,Aisha,Sharma,aisha.sharma1861@example.com,Bangalore,Budget,2024-03-29
1862,Riya,Gupta,riya.gupta1862@example.com,Pune,Regular,2023-03-28
1863,Rohan,Malhotra,rohan.malhotra1863@example.com,Kolkata,Budget,2023-03-04
1864,Rahul,Bhat,rahul.bhat1864@example.com,Mumbai,Budget,2024-08-11
1865,Riya,Verma,riya.verma1865@example.com,Kolkata,Budget,2024-03-05
1866,Sneha,Desai,sneha.desai1866@example.com,Pune,Budget,2023-11-08
1867,Aarav,Desai,aarav.desai1867@example.com,Jaipur,Regular,2023-10-14
1868,Rahul,Iyer,rahul.iyer1868@example.com,Ahmedabad,Regular,2024-02-18
1869,Sneha,Joshi,sneha.joshi1869@example.com,Surat,Regular,2025-03-18
1870,Aisha,Bhat,aisha.bhat1870@example.com,Kolkata,Budget,2025-04-11
1871,Vikram,Gupta,vikram.gupta1871@example.com,Jaipur,Regular,2023-02-07
1872,Rahul,Shah,rahul.shah1872@example.com,Chennai,Regular,2024-07-07
1873,Riya,Shah,riya.shah1873@example.com,Jaipur,Regular,2023-11-16
1874,Rohan,Sharma,rohan.sharma1874@example.com,Jaipur,Regular,2023-01-29
1875,Kabir,Desai,kabir.desai1875@example.com,Chennai,Budget,2025-03-03
1876,Riya,Gupta,riya.gupta1876@example.com,Mumbai,Budget,2025-01-19
1877,Aryan,Reddy,aryan.reddy1877@example.com,Pune,Premium,2024-06-03
1878,Arjun,Singh,arjun.singh1878@example.com,Surat,Budget,2023-11-02
1879,Meera,Kapoor,meera.kapoor1879@example.com,Surat,Regular,2023-08-30
1880,Sneha,Desai,sneha.desai1880@example.com,Hyderabad,Regular,2024-09-01
1881,Vikram,Reddy,vikram.reddy1881@example.com,Surat,Regular,2025-03-14
1882,Diya,Shah,diya.shah1882@example.com,Hyderabad,Premium,2025-01-25
1883,Riya,Joshi,riya.joshi1883@example.com,Pune,Regular,2023-07-17
1884,Rahul,Iyer,rahul.iyer1884@example.com,Kolkata,Premium,2024-03-11
1885,Vivaan,Malhotra,vivaan.malhotra1885@example.com,Ahmedabad,Regular,2023-05-14
1886,Aditya,Kapoor,aditya.kapoor1886@example.com,Jaipur,Regular,2024-11-24
1887,Sneha,Shah,sneha.shah1887@example.com,Kolkata,Budget,2025-03-08
1888,Kavya,Singh,kavya.singh1888@example.com,Kolkata,Budget,2024-10-13
1889,Priya,Iyer,priya.iyer1889@example.com,Bangalore,Premium,2024-03-02
1890,Rahul,Singh,rahul.singh1890@example.com,Ahmedabad,Premium,2024-12-29
1891,Riya,Desai,riya.desai1891@example.com,Delhi,Regular,2024-06-25
1892,Meera,Singh,meera.singh1892@example.com,Bangalore,Budget,2023-02-03
1893,Aisha,Bhat,aisha.bhat1893@example.com,Surat,Budget,2023-05-02
1894,Arjun,Gupta,arjun.gupta1894@example.com,Surat,Regular,2024-01-14
1895,Riya,Patel,riya.patel1895@example.com,Pune,Regular,2023-05-01
1896,Aisha,Verma,aisha.verma1896@example.com,Ahmedabad,Premium,2023-10-29
1897,Rahul,Patel,rahul.patel1897@example.com,Surat,Regular,2025-03-13
1898,Vikram,Bhat,vikram.bhat1898@example.com,Hyderabad,Regular,2023-10-18
1899,Priya,Sharma,priya.sharma1899@example.com,Jaipur,Regular,2023-05-06
1900,Vivaan,Malhotra,vivaan.malhotra1900@example.com,Surat,Regular,2024-05-07
1901,Meera,Bhat,meera.bhat1901@example.com,Kolkata,Regular,2023-12-12
1902,Nisha,Patel,nisha.patel1902@example.com,Bangalore,Regular,2025-02-19
1903,Meera,Nair,meera.nair1903@example.com,Ahmedabad,Premium,2024-04-05
1904,Ananya,Gupta,ananya.gupta1904@example.com,Surat,Regular,2025-03-30
1905,Isha,Malhotra,isha.malhotra1905@example.com,Kolkata,Regular,2023-08-27
1906,Vivaan,Reddy,vivaan.reddy1906@example.com,Chennai,Regular,2024-03-29
1907,Rohan,Iyer,rohan.iyer1907@example.com,Surat,Regular,2023-01-26
1908,Vikram,Shah,vikram.shah1908@example.com,Delhi,Regular,2024-10-22
1909,Aditya,Mehta,aditya.mehta1909@example.com,Jaipur,Regular,2024-09-25
1910,Vivaan,Joshi,vivaan.joshi1910@example.com,Hyderabad,Budget,2024-06-18
1911,Riya,Bhat,riya.bhat1911@example.com,Delhi,Regular,2023-01-20
1912,Sneha,Patel,sneha.patel1912@example.com,Chennai,Budget,2023-01-20
1913,Kabir,Desai,kabir.desai1913@example.com,Surat,Regular,2024-12-23
1914,Sneha,Joshi,sneha.joshi1914@example.com,Kolkata,Regular,2023-11-25
1915,Priya,Desai,priya.desai1915@example.com,Pune,Regular,2023-01-24
1916,Isha,Sharma,isha.sharma1916@example.com,Jaipur,Regular,2025-05-30
1917,Aryan,Gupta,aryan.gupta1917@example.com,Delhi,Regular,2023-04-28
1918,Vikram,Patel,vikram.patel1918@example.com,Chennai,Budget,2023-07-07
1919,Rahul,Verma,rahul.verma1919@example.com,Bangalore,Premium,2024-02-22
1920,Ananya,Patel,ananya.patel1920@example.com,Mumbai,Regular,2023-01-28
1921,Arjun,Kapoor,arjun.kapoor1921@example.com,Kolkata,Budget,2023-05-26
1922,Aryan,Malhotra,aryan.malhotra1922@example.com,Delhi,Premium,2025-04-27
1923,Kabir,Nair,kabir.nair1923@example.com,Surat,Regular,2024-09-03
1924,Riya,Nair,riya.nair1924@example.com,Kolkata,Budget,2024-05-31
1925,Aryan,Sharma,aryan.sharma1925@example.com,Ahmedabad,Regular,2023-11-22
1926,Aditya,Singh,aditya.singh1926@example.com,Kolkata,Regular,2023-01-30
1927,Aarav,Verma,aarav.verma1927@example.com,Surat,Regular,2024-07-21
1928,Kabir,Nair,kabir.nair1928@example.com,Bangalore,Regular,2024-07-22
1929,Isha,Singh,isha.singh1929@example.com,Jaipur,Regular,2023-03-27
1930,Rahul,Kapoor,rahul.kapoor1930@example.com,Bangalore,Budget,2024-07-07
1931,Sneha,Malhotra,sneha.malhotra1931@example.com,Ahmedabad,Premium,2024-07-22
1932,Meera,Desai,meera.desai1932@example.com,Chennai,Regular,2024-09-27
1933,Rohan,Sharma,rohan.sharma1933@example.com,Ahmedabad,Regular,2023-03-03
1934,Aryan,Desai,aryan.desai1934@example.com,Kolkata,Budget,2024-11-27
1935,Karan,Joshi,karan.joshi1935@example.com,Jaipur,Regular,2025-05-10
1936,Rohan,Iyer,rohan.iyer1936@example.com,Surat,Premium,2024-06-30
1937,Aditya,Malhotra,aditya.malhotra1937@example.com,Delhi,Budget,2024-12-16
1938,Sneha,Verma,sneha.verma1938@example.com,Kolkata,Regular,2025-06-18
1939,Riya,Nair,riya.nair1939@example.com,Pune,Regular,2023-11-22
1940,Meera,Verma,meera.verma1940@example.com,Pune,Regular,2023-09-09
1941,Meera,Joshi,meera.joshi1941@example.com,Mumbai,Budget,2023-12-03
1942,Rahul,Reddy,rahul.reddy1942@example.com,Surat,Regular,2023-01-03
1943,Aarav,Reddy,aarav.reddy1943@example.com,Kolkata,Regular,2023-06-27
1944,Priya,Nair,priya.nair1944@example.com,Jaipur,Premium,2024-02-07
1945,Aditya,Shah,aditya.shah1945@example.com,Ahmedabad,Regular,2023-02-01
1946,Aisha,Desai,aisha.desai1946@example.com,Surat,Regular,2024-01-21
1947,Rohan,Desai,rohan.desai1947@example.com,Mumbai,Premium,2025-02-25
1948,Aisha,Bhat,aisha.bhat1948@example.com,Ahmedabad,Premium,2023-07-17
1949,Aarav,Nair,aarav.nair1949@example.com,Pune,Regular,2023-10-15
1950,Nisha,Reddy,nisha.reddy1950@example.com,Hyderabad,Regular,2023-11-07
1951,Priya,Kapoor,priya.kapoor1951@example.com,Chennai,Regular,2023-02-07
1952,Nisha,Mehta,nisha.mehta1952@example.com,Hyderabad,Budget,2023-01-08
1953,Diya,Gupta,diya.gupta1953@example.com,Chennai,Regular,2025-06-09
1954,Priya,Patel,priya.patel1954@example.com,Hyderabad,Regular,2024-07-19
1955,Kavya,Reddy,kavya.reddy1955@example.com,Surat,Regular,2024-11-29
1956,Aditya,Joshi,aditya.joshi1956@example.com,Delhi,Premium,2023-05-12
1957,Kavya,Desai,kavya.desai1957@example.com,Jaipur,Budget,2023-08-22
1958,Aryan,Mehta,aryan.mehta1958@example.com,Mumbai,Budget,2025-05-18
1959,Sneha,Joshi,sneha.joshi1959@example.com,Jaipur,Budget,2023-09-16
1960,Aarav,Malhotra,aarav.malhotra1960@example.com,Mumbai,Budget,2024-10-18
1961,Ananya,Malhotra,ananya.malhotra1961@example.com,Kolkata,Regular,2025-05-14
1962,Riya,Singh,riya.singh1962@example.com,Pune,Regular,2024-05-22
1963,Vivaan,Bhat,vivaan.bhat1963@example.com,Hyderabad,Premium,2025-01-08
1964,Isha,Shah,isha.shah1964@example.com,Pune,Premium,2024-04-04
1965,Karan,Kapoor,karan.kapoor1965@example.com,Surat,Budget,2023-03-25
1966,Kabir,Iyer,kabir.iyer1966@example.com,Delhi,Budget,2024-03-09
1967,Karan,Patel,karan.patel1967@example.com,Chennai,Premium,2023-12-04
1968,Arjun,Sharma,arjun.sharma1968@example.com,Kolkata,Budget,2024-05-06
1969,Kavya,Nair,kavya.nair1969@example.com,Pune,Budget,2024-10-03
1970,Kabir,Gupta,kabir.gupta1970@example.com,Hyderabad,Budget,2024-04-29
1971,Vivaan,Desai,vivaan.desai1971@example.com,Jaipur,Budget,2023-12-08
1972,Aditya,Nair,aditya.nair1972@example.com,Surat,Regular,2024-09-06
1973,Arjun,Reddy,arjun.reddy1973@example.com,Surat,Premium,2024-04-02
1974,Vivaan,Bhat,vivaan.bhat1974@example.com,Kolkata,Regular,2023-02-04
1975,Aditya,Nair,aditya.nair1975@example.com,Mumbai,Budget,2023-05-11
1976,Meera,Sharma,meera.sharma1976@example.com,Surat,Regular,2023-11-05
1977,Aditya,Gupta,aditya.gupta1977@example.com,Mumbai,Regular,2024-11-24
1978,Vikram,Desai,vikram.desai1978@example.com,Kolkata,Premium,2024-01-26
1979,Isha,Mehta,isha.mehta1979@example.com,Surat,Budget,2025-06-04
1980,Nisha,Sharma,nisha.sharma1980@example.com,Kolkata,Regular,2024-04-09
1981,Isha,Bhat,isha.bhat1981@example.com,Surat,Premium,2024-09-27
1982,Aarav,Singh,aarav.singh1982@example.com,Pune,Regular,2024-06-13
1983,Arjun,Gupta,arjun.gupta1983@example.com,Surat,Budget,2023-01-13
1984,Kavya,Nair,kavya.nair1984@example.com,Hyderabad,Budget,2025-05-10
1985,Rahul,Reddy,rahul.reddy1985@example.com,Chennai,Regular,2024-06-05
1986,Priya,Iyer,priya.iyer1986@example.com,Ahmedabad,Regular,2024-09-27
1987,Rahul,Nair,rahul.nair1987@example.com,Mumbai,Premium,2023-02-15
1988,Kavya,Malhotra,kavya.malhotra1988@example.com,Pune,Regular,2024-06-09
1989,Sneha,Nair,sneha.nair1989@example.com,Bangalore,Regular,2023-05-30
1990,Nisha,Kapoor,nisha.kapoor1990@example.com,Pune,Budget,2023-10-26
1991,Riya,Joshi,riya.joshi1991@example.com,Bangalore,Premium,2024-11-04
1992,Riya,Desai,riya.desai1992@example.com,Jaipur,Budget,2025-05-05
1993,Isha,Kapoor,isha.kapoor1993@example.com,Hyderabad,Regular,2023-07-20
1994,Karan,Nair,karan.nair1994@example.com,Pune,Regular,2023-03-12
1995,Priya,Iyer,priya.iyer1995@example.com,Ahmedabad,Regular,2024-12-09
1996,Ananya,Desai,ananya.desai1996@example.com,Surat,Budget,2024-08-15
1997,Nisha,Verma,nisha.verma1997@example.com,Pune,Regular,2024-03-04
1998,Meera,Bhat,meera.bhat1998@example.com,Mumbai,Regular,2025-03-19
1999,Aarav,Reddy,aarav.reddy1999@example.com,Hyderabad,Regular,2023-08-17
2000,Karan,Mehta,karan.mehta2000@example.com,Pune,Budget,2024-05-07
2001,Diya,Mehta,diya.mehta2001@example.com,Bangalore,Budget,2024-02-14
2002,Aarav,Kapoor,aarav.kapoor2002@example.com,Delhi,Regular,2023-01-11
2003,Sneha,Gupta,sneha.gupta2003@example.com,Chennai,Regular,2023-05-26
2004,Kavya,Bhat,kavya.bhat2004@example.com,Pune,Premium,2025-02-22
2005,Aarav,Mehta,aarav.mehta2005@example.com,Chennai,Regular,2023-07-22
2006,Aryan,Iyer,aryan.iyer2006@example.com,Pune,Budget,2023-06-28
2007,Kabir,Patel,kabir.patel2007@example.com,Mumbai,Regular,2023-07-20
2008,Aryan,Bhat,aryan.bhat2008@example.com,Mumbai,Budget,2023-04-14
2009,Rahul,Malhotra,rahul.malhotra2009@example.com,Delhi,Regular,2024-11-01
2010,Karan,Verma,karan.verma2010@example.com,Hyderabad,Regular,2024-04-12
2011,Aisha,Reddy,aisha.reddy2011@example.com,Jaipur,Budget,2023-06-25
2012,Nisha,Bhat,nisha.bhat2012@example.com,Delhi,Premium,2024-03-20
2013,Rahul,Nair,rahul.nair2013@example.com,Hyderabad,Regular,2023-07-14
2014,Aisha,Kapoor,aisha.kapoor2014@example.com,Kolkata,Budget,2024-09-05
2015,Kabir,Bhat,kabir.bhat2015@example.com,Surat,Regular,2023-02-17
2016,Sneha,Verma,sneha.verma2016@example.com,Bangalore,Regular,2025-03-19
2017,Vivaan,Reddy,vivaan.reddy2017@example.com,Chennai,Budget,2025-03-25
2018,Riya,Joshi,riya.joshi2018@example.com,Hyderabad,Budget,2024-05-15
2019,Priya,Nair,priya.nair2019@example.com,Surat,Premium,2024-11-10
2020,Riya,Malhotra,riya.malhotra2020@example.com,Jaipur,Regular,2025-02-08
2021,Riya,Singh,riya.singh2021@example.com,Pune,Budget,2023-07-03
2022,Riya,Iyer,riya.iyer2022@example.com,Ahmedabad,Regular,2024-05-09
2023,Kavya,Malhotra,kavya.malhotra2023@example.com,Surat,Regular,2024-10-15
2024,Karan,Mehta,karan.mehta2024@example.com,Ahmedabad,Budget,2023-07-27
2025,Diya,Mehta,diya.mehta2025@example.com,Kolkata,Budget,2023-11-10
2026,Kavya,Patel,kavya.patel2026@example.com,Pune,Regular,2025-05-12
2027,Aditya,Patel,aditya.patel2027@example.com,Delhi,Regular,2025-02-08
2028,Riya,Kapoor,riya.kapoor2028@example.com,Surat,Premium,2023-08-24
2029,Riya,Joshi,riya.joshi2029@example.com,Kolkata,Regular,2023-12-11
2030,Isha,Malhotra,isha.malhotra2030@example.com,Ahmedabad,Regular,2024-01-12
2031,Diya,Sharma,diya.sharma2031@example.com,Ahmedabad,Regular,2023-07-03
2032,Aditya,Kapoor,aditya.kapoor2032@example.com,Chennai,Budget,2023-03-26
2033,Riya,Shah,riya.shah2033@example.com,Delhi,Budget,2024-10-21
2034,Kabir,Gupta,kabir.gupta2034@example.com,Delhi,Regular,2023-05-02
2035,Sneha,Mehta,sneha.mehta2035@example.com,Hyderabad,Regular,2023-12-08
2036,Aryan,Verma,aryan.verma2036@example.com,Chennai,Regular,2025-02-02
2037,Nisha,Patel,nisha.patel2037@example.com,Jaipur,Budget,2025-05-25
2038,Aarav,Nair,aarav.nair2038@example.com,Chennai,Budget,2023-11-03
2039,Diya,Malhotra,diya.malhotra2039@example.com,Surat,Budget,2025-04-21
2040,Aarav,Singh,aarav.singh2040@example.com,Jaipur,Budget,2024-10-31
2041,Rahul,Desai,rahul.desai2041@example.com,Hyderabad,Regular,2024-02-12
2042,Karan,Singh,karan.singh2042@example.com,Jaipur,Regular,2023-08-28
2043,Sneha,Nair,sneha.nair2043@example.com,Ahmedabad,Regular,2024-04-24
2044,Aditya,Kapoor,aditya.kapoor2044@example.com,Hyderabad,Regular,2025-05-16
2045,Isha,Mehta,isha.mehta2045@example.com,Ahmedabad,Budget,2024-03-25
2046,Aarav,Kapoor,aarav.kapoor2046@example.com,Surat,Budget,2023-05-23
2047,Vikram,Iyer,vikram.iyer2047@example.com,Ahmedabad,Budget,2023-01-10
2048,Aisha,Kapoor,aisha.kapoor2048@example.com,Kolkata,Regular,2023-08-19
2049,Diya,Nair,diya.nair2049@example.com,Jaipur,Regular,2025-03-08
2050,Kavya,Sharma,kavya.sharma2050@example.com,Mumbai,Budget,2024-08-04
2051,Rahul,Kapoor,rahul.kapoor2051@example.com,Surat,Budget,2024-08-04
2052,Kavya,Desai,kavya.desai2052@example.com,Kolkata,Regular,2024-02-05
2053,Diya,Gupta,diya.gupta2053@example.com,Kolkata,Regular,2024-07-01
2054,Arjun,Kapoor,arjun.kapoor2054@example.com,Ahmedabad,Regular,2024-08-06
2055,Vikram,Gupta,vikram.gupta2055@example.com,Delhi,Regular,2023-06-25
2056,Rohan,Sharma,rohan.sharma2056@example.com,Surat,Regular,2025-04-26
2057,Rohan,Mehta,rohan.mehta2057@example.com,Kolkata,Regular,2023-03-13
2058,Kabir,Verma,kabir.verma2058@example.com,Jaipur,Premium,2024-11-06
2059,Vivaan,Kapoor,vivaan.kapoor2059@example.com,Mumbai,Regular,2024-06-14
2060,Isha,Malhotra,isha.malhotra2060@example.com,Delhi,Premium,2023-06-10
2061,Isha,Singh,isha.singh2061@example.com,Delhi,Regular,2025-01-30
2062,Karan,Patel,karan.patel2062@example.com,Hyderabad,Regular,2025-06-10
2063,Priya,Patel,priya.patel2063@example.com,Surat,Budget,2024-09-10
2064,Kavya,Mehta,kavya.mehta2064@example.com,Ahmedabad,Regular,2024-05-29
2065,Aarav,Patel,aarav.patel2065@example.com,Delhi,Budget,2024-04-01
2066,Nisha,Nair,nisha.nair2066@example.com,Jaipur,Regular,2023-09-10
2067,Kavya,Bhat,kavya.bhat2067@example.com,Ahmedabad,Regular,2024-05-17
2068,Vivaan,Iyer,vivaan.iyer2068@example.com,Chennai,Regular,2023-04-04
2069,Meera,Kapoor,meera.kapoor2069@example.com,Chennai,Regular,2024-12-18
2070,Rohan,Malhotra,rohan.malhotra2070@example.com,Bangalore,Budget,2023-09-13
2071,Isha,Singh,isha.singh2071@example.com,Bangalore,Regular,2024-01-29
2072,Arjun,Malhotra,arjun.malhotra2072@example.com,Mumbai,Regular,2024-12-16
2073,Rohan,Verma,rohan.verma2073@example.com,Jaipur,Regular,2024-10-05
2074,Aditya,Iyer,aditya.iyer2074@example.com,Hyderabad,Budget,2025-01-13
2075,Isha,Nair,isha.nair2075@example.com,Delhi,Budget,2024-07-20
2076,Aditya,Nair,aditya.nair2076@example.com,Jaipur,Budget,2023-04-18
2077,Ananya,Malhotra,ananya.malhotra2077@example.com,Bangalore,Regular,2024-04-06
2078,Riya,Sharma,riya.sharma2078@example.com,Mumbai,Premium,2024-04-18
2079,Meera,Malhotra,meera.malhotra2079@example.com,Kolkata,Budget,2023-12-18
2080,Diya,Sharma,diya.sharma2080@example.com,Chennai,Premium,2023-01-11
2081,Rahul,Kapoor,rahul.kapoor2081@example.com,Ahmedabad,Regular,2024-11-17
2082,Aditya,Gupta,aditya.gupta2082@example.com,Hyderabad,Budget,2024-07-15
2083,Meera,Patel,meera.patel2083@example.com,Chennai,Budget,2024-04-27
2084,Rohan,Desai,rohan.desai2084@example.com,Surat,Premium,2023-01-19
2085,Vikram,Gupta,vikram.gupta2085@example.com,Kolkata,Regular,2024-07-01
2086,Aarav,Reddy,aarav.reddy2086@example.com,Bangalore,Regular,2023-10-07
2087,Rohan,Mehta,rohan.mehta2087@example.com,Mumbai,Budget,2025-01-01
2088,Sneha,Mehta,sneha.mehta2088@example.com,Mumbai,Budget,2024-03-28
2089,Riya,Reddy,riya.reddy2089@example.com,Delhi,Regular,2024-11-09
2090,Vikram,Singh,vikram.singh2090@example.com,Surat,Premium,2023-02-23
2091,Diya,Nair,diya.nair2091@example.com,Hyderabad,Regular,2023-07-26
2092,Kabir,Mehta,kabir.mehta2092@example.com,Mumbai,Regular,2023-04-04
2093,Aarav,Kapoor,aarav.kapoor2093@example.com,Hyderabad,Regular,2025-04-20
2094,Aditya,Mehta,aditya.mehta2094@example.com,Bangalore,Budget,2023-04-09
2095,Vivaan,Malhotra,vivaan.malhotra2095@example.com,Delhi,Budget,2024-06-08
2096,Ananya,Shah,ananya.shah2096@example.com,Hyderabad,Regular,2024-10-03
2097,Sneha,Malhotra,sneha.malhotra2097@example.com,Delhi,Regular,2024-03-14
2098,Arjun,Kapoor,arjun.kapoor2098@example.com,Bangalore,Premium,2023-11-28
2099,Ananya,Sharma,ananya.sharma2099@example.com,Hyderabad,Regular,2024-02-03
2100,Aditya,Reddy,aditya.reddy2100@example.com,Chennai,Regular,2025-04-14
2101,Aisha,Sharma,aisha.sharma2101@example.com,Hyderabad,Regular,2023-03-10
2102,Nisha,Singh,nisha.singh2102@example.com,Jaipur,Budget,2023-04-15
2103,Kavya,Patel,kavya.patel2103@example.com,Delhi,Regular,2023-09-15
2104,Diya,Reddy,diya.reddy2104@example.com,Bangalore,Regular,2025-02-28
2105,Ananya,Desai,ananya.desai2105@example.com,Ahmedabad,Premium,2024-11-13
2106,Aarav,Joshi,aarav.joshi2106@example.com,Ahmedabad,Regular,2024-08-22
2107,Kabir,Shah,kabir.shah2107@example.com,Mumbai,Regular,2024-08-24
2108,Nisha,Nair,nisha.nair2108@example.com,Chennai,Regular,2023-05-08
2109,Isha,Nair,isha.nair2109@example.com,Surat,Premium,2023-09-07
2110,Rahul,Kapoor,rahul.kapoor2110@example.com,Chennai,Regular,2024-05-25
2111,Diya,Mehta,diya.mehta2111@example.com,Mumbai,Regular,2024-10-19
2112,Nisha,Singh,nisha.singh2112@example.com,Pune,Premium,2025-01-26
2113,Ananya,Reddy,ananya.reddy2113@example.com,Mumbai,Regular,2025-03-16
2114,Isha,Reddy,isha.reddy2114@example.com,Chennai,Budget,2025-04-12
2115,Kabir,Desai,kabir.desai2115@example.com,Pune,Regular,2025-01-20
2116,Karan,Shah,karan.shah2116@example.com,Hyderabad,Budget,2023-02-25
2117,Kabir,Joshi,kabir.joshi2117@example.com,Kolkata,Regular,2025-06-12
2118,Rohan,Singh,rohan.singh2118@example.com,Mumbai,Premium,2024-10-06
2119,Priya,Gupta,priya.gupta2119@example.com,Mumbai,Regular,2023-07-17
2120,Rahul,Mehta,rahul.mehta2120@example.com,Delhi,Regular,2023-05-09
2121,Sneha,Desai,sneha.desai2121@example.com,Hyderabad,Regular,2025-03-25
2122,Aditya,Malhotra,aditya.malhotra2122@example.com,Ahmedabad,Regular,2025-01-12
2123,Karan,Mehta,karan.mehta2123@example.com,Bangalore,Regular,2024-03-10
2124,Vikram,Verma,vikram.verma2124@example.com,Ahmedabad,Budget,2024-08-13
2125,Karan,Verma,karan.verma2125@example.com,Ahmedabad,Premium,2025-06-02
2126,Aisha,Malhotra,aisha.malhotra2126@example.com,Bangalore,Regular,2024-01-22
2127,Isha,Shah,isha.shah2127@example.com,Kolkata,Budget,2024-09-16
2128,Priya,Sharma,priya.sharma2128@example.com,Kolkata,Regular,2025-02-19
2129,Aditya,Nair,aditya.nair2129@example.com,Surat,Regular,2023-11-04
2130,Sneha,Iyer,sneha.iyer2130@example.com,Chennai,Regular,2023-06-29
2131,Vikram,Singh,vikram.singh2131@example.com,Kolkata,Regular,2023-10-18
2132,Priya,Gupta,priya.gupta2132@example.com,Bangalore,Budget,2023-12-08
2133,Karan,Patel,karan.patel2133@example.com,Mumbai,Premium,2023-07-14
2134,Riya,Iyer,riya.iyer2134@example.com,Pune,Regular,2025-01-12
2135,Isha,Malhotra,isha.malhotra2135@example.com,Pune,Regular,2025-01-30
2136,Vikram,Reddy,vikram.reddy2136@example.com,Delhi,Regular,2024-08-25
2137,Vivaan,Bhat,vivaan.bhat2137@example.com,Kolkata,Budget,2023-05-08
2138,Rohan,Mehta,rohan.mehta2138@example.com,Kolkata,Budget,2025-02-20
2139,Aisha,Shah,aisha.shah2139@example.com,Ahmedabad,Regular,2024-12-27
2140,Aisha,Iyer,aisha.iyer2140@example.com,Kolkata,Budget,2023-03-01
2141,Kabir,Mehta,kabir.mehta2141@example.com,Mumbai,Budget,2024-05-04
2142,Aisha,Reddy,aisha.reddy2142@example.com,Mumbai,Regular,2024-12-24
2143,Rahul,Verma,rahul.verma2143@example.com,Ahmedabad,Budget,2024-09-11
2144,Rahul,Verma,rahul.verma2144@example.com,Surat,Regular,2023-09-11
2145,Rohan,Sharma,rohan.sharma2145@example.com,Delhi,Regular,2023-04-30
2146,Diya,Malhotra,diya.malhotra2146@example.com,Surat,Budget,2024-12-24
2147,Aditya,Shah,aditya.shah2147@example.com,Kolkata,Regular,2023-07-13
2148,Isha,Verma,isha.verma2148@example.com,Chennai,Regular,2024-12-09
2149,Sneha,Reddy,sneha.reddy2149@example.com,Surat,Regular,2024-01-27
2150,Isha,Nair,isha.nair2150@example.com,Delhi,Premium,2025-06-16
2151,Kavya,Nair,kavya.nair2151@example.com,Pune,Budget,2025-03-27
2152,Aryan,Iyer,aryan.iyer2152@example.com,Kolkata,Regular,2023-08-03
2153,Aarav,Patel,aarav.patel2153@example.com,Ahmedabad,Premium,2025-04-15
2154,Aditya,Nair,aditya.nair2154@example.com,Kolkata,Regular,2024-12-14
2155,Vikram,Iyer,vikram.iyer2155@example.com,Bangalore,Regular,2024-03-17
2156,Rohan,Iyer,rohan.iyer2156@example.com,Hyderabad,Regular,2023-05-18
2157,Riya,Gupta,riya.gupta2157@example.com,Surat,Budget,2024-04-06
2158,Rohan,Mehta,rohan.mehta2158@example.com,Bangalore,Budget,2023-03-02
2159,Karan,Verma,karan.verma2159@example.com,Kolkata,Regular,2025-06-11
2160,Nisha,Gupta,nisha.gupta2160@example.com,Bangalore,Premium,2025-06-08
2161,Aditya,Malhotra,aditya.malhotra2161@example.com,Chennai,Premium,2023-05-08
2162,Aarav,Joshi,aarav.joshi2162@example.com,Ahmedabad,Regular,2023-08-29
2163,Arjun,Sharma,arjun.sharma2163@example.com,Chennai,Budget,2023-03-04
2164,Aarav,Reddy,aarav.reddy2164@example.com,Mumbai,Premium,2024-08-19
2165,Riya,Nair,riya.nair2165@example.com,Kolkata,Regular,2023-01-08
2166,Aryan,Bhat,aryan.bhat2166@example.com,Ahmedabad,Budget,2024-05-12
2167,Nisha,Malhotra,nisha.malhotra2167@example.com,Pune,Regular,2023-12-11
2168,Ananya,Kapoor,ananya.kapoor2168@example.com,Hyderabad,Budget,2025-04-16
2169,Diya,Malhotra,diya.malhotra2169@example.com,Mumbai,Budget,2024-09-17
2170,Ananya,Nair,ananya.nair2170@example.com,Mumbai,Regular,2023-04-13
2171,Diya,Iyer,diya.iyer2171@example.com,Bangalore,Premium,2025-05-05
2172,Arjun,Desai,arjun.desai2172@example.com,Chennai,Budget,2024-06-27
2173,Kabir,Kapoor,kabir.kapoor2173@example.com,Surat,Regular,2024-04-07
2174,Priya,Shah,priya.shah2174@example.com,Hyderabad,Premium,2024-02-28
2175,Ananya,Sharma,ananya.sharma2175@example.com,Pune,Budget,2024-10-10
2176,Ananya,Reddy,ananya.reddy2176@example.com,Hyderabad,Regular,2024-03-30
2177,Diya,Iyer,diya.iyer2177@example.com,Delhi,Regular,2024-09-19
2178,Priya,Reddy,priya.reddy2178@example.com,Delhi,Budget,2025-05-27
2179,Vikram,Joshi,vikram.joshi2179@example.com,Bangalore,Budget,2023-07-19
2180,Kavya,Nair,kavya.nair2180@example.com,Jaipur,Premium,2025-05-27
2181,Priya,Nair,priya.nair2181@example.com,Chennai,Budget,2023-03-31
2182,Sneha,Desai,sneha.desai2182@example.com,Bangalore,Budget,2024-04-23
2183,Arjun,Singh,arjun.singh2183@example.com,Jaipur,Regular,2024-11-09
2184,Karan,Patel,karan.patel2184@example.com,Delhi,Premium,2025-02-10
2185,Aarav,Patel,aarav.patel2185@example.com,Kolkata,Budget,2023-12-01
2186,Kabir,Iyer,kabir.iyer2186@example.com,Ahmedabad,Budget,2023-09-21
2187,Arjun,Reddy,arjun.reddy2187@example.com,Jaipur,Regular,2023-05-20
2188,Priya,Gupta,priya.gupta2188@example.com,Pune,Budget,2025-03-25
2189,Kavya,Nair,kavya.nair2189@example.com,Delhi,Regular,2024-09-07
2190,Diya,Bhat,diya.bhat2190@example.com,Kolkata,Regular,2025-01-04
2191,Sneha,Desai,sneha.desai2191@example.com,Hyderabad,Regular,2024-03-23
2192,Arjun,Verma,arjun.verma2192@example.com,Delhi,Premium,2023-03-31
2193,Kavya,Bhat,kavya.bhat2193@example.com,Delhi,Regular,2023-07-12
2194,Rahul,Desai,rahul.desai2194@example.com,Kolkata,Regular,2023-11-17
2195,Aarav,Verma,aarav.verma2195@example.com,Surat,Regular,2023-03-05
2196,Diya,Malhotra,diya.malhotra2196@example.com,Pune,Budget,2023-11-24
2197,Rahul,Shah,rahul.shah2197@example.com,Surat,Regular,2024-11-10
2198,Arjun,Malhotra,arjun.malhotra2198@example.com,Jaipur,Budget,2023-01-10
2199,Ananya,Patel,ananya.patel2199@example.com,Chennai,Budget,2025-04-15
2200,Priya,Reddy,priya.reddy2200@example.com,Bangalore,Regular,2024-04-11
2201,Rahul,Iyer,rahul.iyer2201@example.com,Mumbai,Regular,2024-11-12
2202,Vikram,Shah,vikram.shah2202@example.com,Delhi,Regular,2024-12-06
2203,Kavya,Singh,kavya.singh2203@example.com,Hyderabad,Regular,2024-10-08
2204,Diya,Sharma,diya.sharma2204@example.com,Pune,Regular,2025-04-09
2205,Karan,Desai,karan.desai2205@example.com,Hyderabad,Budget,2025-01-20
2206,Vivaan,Bhat,vivaan.bhat2206@example.com,Bangalore,Budget,2025-06-05
2207,Diya,Verma,diya.verma2207@example.com,Bangalore,Budget,2025-04-14
2208,Sneha,Malhotra,sneha.malhotra2208@example.com,Kolkata,Regular,2023-12-12
2209,Aisha,Nair,aisha.nair2209@example.com,Kolkata,Premium,2024-02-05
2210,Vikram,Verma,vikram.verma2210@example.com,Hyderabad,Budget,2024-12-14
2211,Sneha,Malhotra,sneha.malhotra2211@example.com,Bangalore,Regular,2023-04-10
2212,Kavya,Desai,kavya.desai2212@example.com,Mumbai,Budget,2025-04-04
2213,Vikram,Singh,vikram.singh2213@example.com,Bangalore,Regular,2024-11-01
2214,Meera,Iyer,meera.iyer2214@example.com,Chennai,Budget,2024-05-09
2215,Karan,Mehta,karan.mehta2215@example.com,Hyderabad,Budget,2025-04-03
2216,Aarav,Kapoor,aarav.kapoor2216@example.com,Surat,Premium,2025-01-13
2217,Rahul,Malhotra,rahul.malhotra2217@example.com,Bangalore,Budget,2024-03-13
2218,Arjun,Kapoor,arjun.kapoor2218@example.com,Bangalore,Budget,2024-04-30
2219,Arjun,Shah,arjun.shah2219@example.com,Pune,Regular,2024-10-27
2220,Rahul,Reddy,rahul.reddy2220@example.com,Kolkata,Regular,2025-01-09
2221,Arjun,Mehta,arjun.mehta2221@example.com,Ahmedabad,Regular,2024-02-11
2222,Nisha,Patel,nisha.patel2222@example.com,Kolkata,Budget,2024-10-30
2223,Aditya,Nair,aditya.nair2223@example.com,Kolkata,Regular,2024-04-19
2224,Meera,Kapoor,meera.kapoor2224@example.com,Delhi,Premium,2023-01-12
2225,Arjun,Singh,arjun.singh2225@example.com,Jaipur,Regular,2024-10-18
2226,Kavya,Joshi,kavya.joshi2226@example.com,Ahmedabad,Regular,2024-08-09
2227,Arjun,Nair,arjun.nair2227@example.com,Bangalore,Regular,2024-08-30
2228,Isha,Verma,isha.verma2228@example.com,Bangalore,Premium,2024-08-08
2229,Aditya,Iyer,aditya.iyer2229@example.com,Jaipur,Regular,2025-06-01
2230,Aarav,Malhotra,aarav.malhotra2230@example.com,Jaipur,Budget,2024-07-23
2231,Riya,Singh,riya.singh2231@example.com,Jaipur,Budget,2023-03-07
2232,Sneha,Iyer,sneha.iyer2232@example.com,Delhi,Budget,2025-04-18
2233,Karan,Reddy,karan.reddy2233@example.com,Bangalore,Budget,2023-05-01
2234,Rohan,Sharma,rohan.sharma2234@example.com,Ahmedabad,Budget,2024-07-22
2235,Arjun,Sharma,arjun.sharma2235@example.com,Surat,Regular,2023-05-12
2236,Rohan,Gupta,rohan.gupta2236@example.com,Chennai,Budget,2024-07-29
2237,Vivaan,Gupta,vivaan.gupta2237@example.com,Jaipur,Regular,2023-05-08
2238,Sneha,Patel,sneha.patel2238@example.com,Mumbai,Regular,2024-03-09
2239,Vivaan,Shah,vivaan.shah2239@example.com,Chennai,Regular,2025-03-12
2240,Meera,Patel,meera.patel2240@example.com,Ahmedabad,Regular,2024-08-13
2241,Riya,Bhat,riya.bhat2241@example.com,Surat,Regular,2023-12-27
2242,Karan,Iyer,karan.iyer2242@example.com,Mumbai,Regular,2023-04-12
2243,Karan,Patel,karan.patel2243@example.com,Hyderabad,Budget,2023-11-03
2244,Nisha,Shah,nisha.shah2244@example.com,Surat,Regular,2023-08-10
2245,Rahul,Iyer,rahul.iyer2245@example.com,Kolkata,Premium,2024-09-29
2246,Aryan,Verma,aryan.verma2246@example.com,Bangalore,Regular,2024-01-26
2247,Aditya,Verma,aditya.verma2247@example.com,Kolkata,Budget,2024-11-23
2248,Rahul,Shah,rahul.shah2248@example.com,Delhi,Regular,2023-07-28
2249,Aryan,Reddy,aryan.reddy2249@example.com,Hyderabad,Budget,2024-12-14
2250,Kavya,Reddy,kavya.reddy2250@example.com,Jaipur,Regular,2024-10-25
2251,Isha,Desai,isha.desai2251@example.com,Pune,Budget,2023-06-07
2252,Isha,Malhotra,isha.malhotra2252@example.com,Surat,Regular,2023-01-27
2253,Aryan,Gupta,aryan.gupta2253@example.com,Delhi,Regular,2024-06-28
2254,Isha,Gupta,isha.gupta2254@example.com,Delhi,Regular,2023-12-04
2255,Ananya,Nair,ananya.nair2255@example.com,Bangalore,Budget,2023-10-07
2256,Kabir,Verma,kabir.verma2256@example.com,Delhi,Regular,2023-01-11
2257,Kabir,Malhotra,kabir.malhotra2257@example.com,Delhi,Regular,2023-04-18
2258,Vikram,Joshi,vikram.joshi2258@example.com,Ahmedabad,Premium,2025-04-21
2259,Aisha,Iyer,aisha.iyer2259@example.com,Chennai,Regular,2024-08-08
2260,Nisha,Gupta,nisha.gupta2260@example.com,Bangalore,Regular,2023-02-19
2261,Diya,Patel,diya.patel2261@example.com,Jaipur,Regular,2023-12-20
2262,Diya,Singh,diya.singh2262@example.com,Bangalore,Regular,2024-08-29
2263,Riya,Iyer,riya.iyer2263@example.com,Bangalore,Premium,2023-06-09
2264,Kavya,Iyer,kavya.iyer2264@example.com,Mumbai,Budget,2023-10-01
2265,Aisha,Iyer,aisha.iyer2265@example.com,Hyderabad,Regular,2025-03-07
2266,Isha,Iyer,isha.iyer2266@example.com,Bangalore,Regular,2024-04-13
2267,Aisha,Nair,aisha.nair2267@example.com,Jaipur,Regular,2024-04-24
2268,Isha,Shah,isha.shah2268@example.com,Hyderabad,Regular,2025-01-05
2269,Aditya,Verma,aditya.verma2269@example.com,Pune,Budget,2024-02-21
2270,Aditya,Gupta,aditya.gupta2270@example.com,Hyderabad,Budget,2025-01-17
2271,Rohan,Joshi,rohan.joshi2271@example.com,Delhi,Budget,2023-02-28
2272,Sneha,Bhat,sneha.bhat2272@example.com,Mumbai,Budget,2024-05-19
2273,Isha,Reddy,isha.reddy2273@example.com,Bangalore,Regular,2024-06-04
2274,Riya,Reddy,riya.reddy2274@example.com,Jaipur,Regular,2024-11-24
2275,Diya,Sharma,diya.sharma2275@example.com,Hyderabad,Budget,2024-09-23
2276,Aarav,Iyer,aarav.iyer2276@example.com,Jaipur,Budget,2024-03-11
2277,Kabir,Iyer,kabir.iyer2277@example.com,Jaipur,Regular,2024-11-08
2278,Vivaan,Joshi,vivaan.joshi2278@example.com,Bangalore,Regular,2024-04-04
2279,Riya,Bhat,riya.bhat2279@example.com,Bangalore,Premium,2023-08-19
2280,Rahul,Shah,rahul.shah2280@example.com,Mumbai,Regular,2023-12-28
2281,Diya,Patel,diya.patel2281@example.com,Delhi,Regular,2024-01-18
2282,Kabir,Desai,kabir.desai2282@example.com,Delhi,Regular,2024-07-06
2283,Priya,Verma,priya.verma2283@example.com,Hyderabad,Premium,2023-09-29
2284,Kavya,Malhotra,kavya.malhotra2284@example.com,Chennai,Budget,2023-08-11
2285,Riya,Desai,riya.desai2285@example.com,Ahmedabad,Budget,2023-02-06
2286,Priya,Sharma,priya.sharma2286@example.com,Mumbai,Regular,2023-12-31
2287,Ananya,Verma,ananya.verma2287@example.com,Delhi,Premium,2023-12-29
2288,Rohan,Malhotra,rohan.malhotra2288@example.com,Mumbai,Premium,2023-12-30
2289,Priya,Mehta,priya.mehta2289@example.com,Jaipur,Regular,2023-03-28
2290,Rahul,Malhotra,rahul.malhotra2290@example.com,Ahmedabad,Premium,2023-05-07
2291,Aryan,Mehta,aryan.mehta2291@example.com,Kolkata,Regular,2024-04-26
2292,Aisha,Malhotra,aisha.malhotra2292@example.com,Jaipur,Budget,2023-07-06
2293,Arjun,Singh,arjun.singh2293@example.com,Ahmedabad,Regular,2024-11-03
2294,Aisha,Iyer,aisha.iyer2294@example.com,Mumbai,Regular,2024-03-20
2295,Karan,Gupta,karan.gupta2295@example.com,Chennai,Premium,2023-07-14
2296,Diya,Malhotra,diya.malhotra2296@example.com,Pune,Budget,2025-01-31
2297,Rohan,Reddy,rohan.reddy2297@example.com,Ahmedabad,Budget,2023-07-23
2298,Aryan,Gupta,aryan.gupta2298@example.com,Ahmedabad,Regular,2024-03-07
2299,Rahul,Kapoor,rahul.kapoor2299@example.com,Kolkata,Regular,2025-02-08
2300,Diya,Patel,diya.patel2300@example.com,Delhi,Budget,2023-04-23
2301,Rahul,Patel,rahul.patel2301@example.com,Jaipur,Premium,2023-12-19
2302,Kabir,Sharma,kabir.sharma2302@example.com,Pune,Regular,2024-11-25
2303,Nisha,Iyer,nisha.iyer2303@example.com,Kolkata,Regular,2023-01-09
2304,Vikram,Singh,vikram.singh2304@example.com,Kolkata,Regular,2023-03-26
2305,Rahul,Iyer,rahul.iyer2305@example.com,Bangalore,Regular,2024-06-07
2306,Arjun,Desai,arjun.desai2306@example.com,Hyderabad,Regular,2023-09-27
2307,Isha,Mehta,isha.mehta2307@example.com,Delhi,Budget,2024-04-30
2308,Riya,Joshi,riya.joshi2308@example.com,Hyderabad,Budget,2023-07-05
2309,Kavya,Reddy,kavya.reddy2309@example.com,Bangalore,Regular,2024-10-11
2310,Rahul,Malhotra,rahul.malhotra2310@example.com,Chennai,Budget,2023-02-09
2311,Rahul,Malhotra,rahul.malhotra2311@example.com,Surat,Regular,2023-01-19
2312,Vivaan,Malhotra,vivaan.malhotra2312@example.com,Jaipur,Regular,2024-02-22
2313,Kabir,Mehta,kabir.mehta2313@example.com,Kolkata,Regular,2023-12-11
2314,Riya,Malhotra,riya.malhotra2314@example.com,Mumbai,Regular,2024-10-21
2315,Aryan,Kapoor,aryan.kapoor2315@example.com,Pune,Budget,2023-10-15
2316,Kabir,Kapoor,kabir.kapoor2316@example.com,Bangalore,Premium,2023-02-18
2317,Vivaan,Reddy,vivaan.reddy2317@example.com,Pune,Regular,2025-02-01
2318,Priya,Verma,priya.verma2318@example.com,Delhi,Regular,2024-09-13
2319,Aryan,Singh,aryan.singh2319@example.com,Pune,Regular,2024-01-08
2320,Arjun,Reddy,arjun.reddy2320@example.com,Jaipur,Budget,2023-01-14
2321,Rahul,Kapoor,rahul.kapoor2321@example.com,Pune,Budget,2024-01-05
2322,Kavya,Shah,kavya.shah2322@example.com,Pune,Regular,2024-09-11
2323,Aryan,Mehta,aryan.mehta2323@example.com,Kolkata,Premium,2024-08-21
2324,Arjun,Patel,arjun.patel2324@example.com,Surat,Premium,2024-10-06
2325,Kavya,Bhat,kavya.bhat2325@example.com,Hyderabad,Regular,2024-11-01
2326,Meera,Bhat,meera.bhat2326@example.com,Delhi,Budget,2023-04-12
2327,Nisha,Kapoor,nisha.kapoor2327@example.com,Ahmedabad,Budget,2023-11-05
2328,Karan,Shah,karan.shah2328@example.com,Bangalore,Premium,2025-01-08
2329,Karan,Malhotra,karan.malhotra2329@example.com,Chennai,Budget,2024-07-17
2330,Sneha,Kapoor,sneha.kapoor2330@example.com,Ahmedabad,Regular,2024-01-10
2331,Arjun,Bhat,arjun.bhat2331@example.com,Delhi,Regular,2024-03-22
2332,Riya,Bhat,riya.bhat2332@example.com,Mumbai,Regular,2024-05-30
2333,Aryan,Iyer,aryan.iyer2333@example.com,Chennai,Premium,2023-05-13
2334,Kavya,Sharma,kavya.sharma2334@example.com,Hyderabad,Budget,2025-03-24
2335,Diya,Singh,diya.singh2335@example.com,Jaipur,Budget,2024-12-02
2336,Aditya,Patel,aditya.patel2336@example.com,Jaipur,Regular,2024-03-24
2337,Diya,Malhotra,diya.malhotra2337@example.com,Chennai,Regular,2024-09-13
2338,Aarav,Patel,aarav.patel2338@example.com,Hyderabad,Regular,2024-08-08
2339,Aarav,Bhat,aarav.bhat2339@example.com,Jaipur,Regular,2025-03-20
2340,Riya,Verma,riya.verma2340@example.com,Hyderabad,Regular,2023-11-07
2341,Aryan,Shah,aryan.shah2341@example.com,Bangalore,Regular,2023-05-02
2342,Sneha,Mehta,sneha.mehta2342@example.com,Mumbai,Regular,2023-10-26
2343,Aryan,Bhat,aryan.bhat2343@example.com,Chennai,Budget,2023-05-17
2344,Vivaan,Reddy,vivaan.reddy2344@example.com,Hyderabad,Regular,2023-09-12
2345,Aarav,Reddy,aarav.reddy2345@example.com,Surat,Budget,2023-12-22
2346,Ananya,Gupta,ananya.gupta2346@example.com,Jaipur,Regular,2024-12-23
2347,Rahul,Malhotra,rahul.malhotra2347@example.com,Chennai,Regular,2024-09-18
2348,Vivaan,Reddy,vivaan.reddy2348@example.com,Mumbai,Budget,2025-04-15
2349,Kabir,Iyer,kabir.iyer2349@example.com,Bangalore,Regular,2023-10-14
2350,Aarav,Shah,aarav.shah2350@example.com,Surat,Premium,2024-11-04
2351,Diya,Reddy,diya.reddy2351@example.com,Surat,Regular,2023-09-21
2352,Meera,Mehta,meera.mehta2352@example.com,Chennai,Regular,2023-11-29
2353,Diya,Patel,diya.patel2353@example.com,Hyderabad,Budget,2024-04-01
2354,Isha,Kapoor,isha.kapoor2354@example.com,Ahmedabad,Premium,2023-06-01
2355,Rohan,Singh,rohan.singh2355@example.com,Bangalore,Regular,2023-07-09
2356,Priya,Iyer,priya.iyer2356@example.com,Chennai,Premium,2023-07-04
2357,Rohan,Bhat,rohan.bhat2357@example.com,Kolkata,Regular,2023-07-01
2358,Karan,Gupta,karan.gupta2358@example.com,Delhi,Regular,2023-05-27
2359,Meera,Bhat,meera.bhat2359@example.com,Kolkata,Premium,2024-10-22
2360,Riya,Patel,riya.patel2360@example.com,Mumbai,Regular,2025-01-14
2361,Diya,Malhotra,diya.malhotra2361@example.com,Delhi,Budget,2023-01-22
2362,Vivaan,Patel,vivaan.patel2362@example.com,Delhi,Regular,2023-09-12
2363,Nisha,Sharma,nisha.sharma2363@example.com,Mumbai,Budget,2025-03-22
2364,Arjun,Shah,arjun.shah2364@example.com,Pune,Budget,2025-01-23
2365,Aditya,Mehta,aditya.mehta2365@example.com,Ahmedabad,Budget,2023-05-23
2366,Meera,Desai,meera.desai2366@example.com,Chennai,Regular,2023-06-17
2367,Rahul,Mehta,rahul.mehta2367@example.com,Jaipur,Regular,2023-02-27
2368,Sneha,Gupta,sneha.gupta2368@example.com,Mumbai,Premium,2023-01-22
2369,Vikram,Gupta,vikram.gupta2369@example.com,Kolkata,Premium,2024-06-07
2370,Kabir,Sharma,kabir.sharma2370@example.com,Kolkata,Regular,2023-08-21
2371,Aisha,Reddy,aisha.reddy2371@example.com,Hyderabad,Budget,2023-10-21
2372,Diya,Reddy,diya.reddy2372@example.com,Delhi,Regular,2025-01-02
2373,Arjun,Mehta,arjun.mehta2373@example.com,Chennai,Regular,2023-04-15
2374,Nisha,Kapoor,nisha.kapoor2374@example.com,Pune,Budget,2023-05-02
2375,Aditya,Bhat,aditya.bhat2375@example.com,Surat,Regular,2023-02-14
2376,Isha,Shah,isha.shah2376@example.com,Surat,Regular,2023-12-09
2377,Isha,Patel,isha.patel2377@example.com,Chennai,Regular,2024-11-14
2378,Vikram,Kapoor,vikram.kapoor2378@example.com,Delhi,Regular,2025-06-15
2379,Priya,Reddy,priya.reddy2379@example.com,Chennai,Budget,2024-01-13
2380,Aditya,Nair,aditya.nair2380@example.com,Bangalore,Budget,2023-01-03
2381,Rahul,Kapoor,rahul.kapoor2381@example.com,Kolkata,Regular,2023-06-01
2382,Priya,Desai,priya.desai2382@example.com,Delhi,Regular,2023-03-10
2383,Aryan,Patel,aryan.patel2383@example.com,Pune,Budget,2023-04-03
2384,Rohan,Nair,rohan.nair2384@example.com,Pune,Regular,2024-01-30
2385,Isha,Singh,isha.singh2385@example.com,Kolkata,Regular,2024-12-11
2386,Ananya,Patel,ananya.patel2386@example.com,Hyderabad,Regular,2025-04-01
2387,Sneha,Singh,sneha.singh2387@example.com,Jaipur,Regular,2024-07-05
2388,Sneha,Desai,sneha.desai2388@example.com,Kolkata,Premium,2023-08-24
2389,Isha,Shah,isha.shah2389@example.com,Hyderabad,Budget,2024-08-14
2390,Kabir,Kapoor,kabir.kapoor2390@example.com,Hyderabad,Budget,2023-01-03
2391,Aarav,Kapoor,aarav.kapoor2391@example.com,Ahmedabad,Budget,2024-07-25
2392,Arjun,Sharma,arjun.sharma2392@example.com,Pune,Budget,2023-12-24
2393,Rahul,Verma,rahul.verma2393@example.com,Bangalore,Budget,2024-04-16
2394,Sneha,Bhat,sneha.bhat2394@example.com,Hyderabad,Regular,2024-03-07
2395,Kabir,Sharma,kabir.sharma2395@example.com,Bangalore,Premium,2025-02-03
2396,Rahul,Malhotra,rahul.malhotra2396@example.com,Mumbai,Regular,2025-01-20
2397,Isha,Kapoor,isha.kapoor2397@example.com,Delhi,Regular,2023-02-25
2398,Aditya,Singh,aditya.singh2398@example.com,Surat,Budget,2025-05-07
2399,Aarav,Patel,aarav.patel2399@example.com,Bangalore,Premium,2024-01-10
2400,Aditya,Sharma,aditya.sharma2400@example.com,Kolkata,Premium,2024-08-05
2401,Rohan,Singh,rohan.singh2401@example.com,Bangalore,Budget,2025-01-31
2402,Vikram,Singh,vikram.singh2402@example.com,Pune,Regular,2024-02-26
2403,Aarav,Verma,aarav.verma2403@example.com,Bangalore,Premium,2023-04-24
2404,Vivaan,Joshi,vivaan.joshi2404@example.com,Bangalore,Regular,2025-02-08
2405,Aarav,Malhotra,aarav.malhotra2405@example.com,Kolkata,Regular,2025-05-02
2406,Meera,Shah,meera.shah2406@example.com,Chennai,Budget,2024-12-29
2407,Riya,Verma,riya.verma2407@example.com,Hyderabad,Regular,2024-12-27
2408,Rohan,Verma,rohan.verma2408@example.com,Jaipur,Regular,2023-04-05
2409,Rahul,Iyer,rahul.iyer2409@example.com,Kolkata,Regular,2023-08-05
2410,Kabir,Malhotra,kabir.malhotra2410@example.com,Jaipur,Regular,2023-07-08
2411,Aditya,Desai,aditya.desai2411@example.com,Ahmedabad,Regular,2024-12-10
2412,Diya,Desai,diya.desai2412@example.com,Bangalore,Premium,2024-01-25
2413,Aisha,Reddy,aisha.reddy2413@example.com,Hyderabad,Regular,2024-03-10
2414,Arjun,Gupta,arjun.gupta2414@example.com,Surat,Budget,2024-01-07
2415,Ananya,Sharma,ananya.sharma2415@example.com,Chennai,Regular,2023-09-03
2416,Arjun,Gupta,arjun.gupta2416@example.com,Surat,Premium,2023-08-05
2417,Vikram,Mehta,vikram.mehta2417@example.com,Hyderabad,Regular,2024-07-18
2418,Vivaan,Mehta,vivaan.mehta2418@example.com,Delhi,Budget,2023-10-03
2419,Kavya,Sharma,kavya.sharma2419@example.com,Ahmedabad,Premium,2024-07-31
2420,Ananya,Gupta,ananya.gupta2420@example.com,Mumbai,Budget,2023-11-13
2421,Vikram,Malhotra,vikram.malhotra2421@example.com,Hyderabad,Regular,2024-05-27
2422,Diya,Iyer,diya.iyer2422@example.com,Bangalore,Budget,2023-12-31
2423,Arjun,Kapoor,arjun.kapoor2423@example.com,Jaipur,Premium,2024-02-22
2424,Rahul,Sharma,rahul.sharma2424@example.com,Kolkata,Regular,2024-08-24
2425,Vivaan,Verma,vivaan.verma2425@example.com,Bangalore,Regular,2023-06-15
2426,Aditya,Bhat,aditya.bhat2426@example.com,Delhi,Budget,2024-10-02
2427,Kabir,Bhat,kabir.bhat2427@example.com,Bangalore,Budget,2023-08-09
2428,Rohan,Shah,rohan.shah2428@example.com,Surat,Regular,2024-06-12
2429,Ananya,Singh,ananya.singh2429@example.com,Bangalore,Regular,2025-03-15
2430,Aisha,Joshi,aisha.joshi2430@example.com,Kolkata,Premium,2025-05-26
2431,Diya,Mehta,diya.mehta2431@example.com,Surat,Regular,2023-08-02
2432,Rahul,Joshi,rahul.joshi2432@example.com,Ahmedabad,Premium,2024-10-04
2433,Aarav,Patel,aarav.patel2433@example.com,Chennai,Regular,2025-02-23
2434,Aditya,Singh,aditya.singh2434@example.com,Ahmedabad,Regular,2023-04-07
2435,Vikram,Patel,vikram.patel2435@example.com,Chennai,Regular,2023-03-11
2436,Aisha,Gupta,aisha.gupta2436@example.com,Bangalore,Budget,2023-03-14
2437,Meera,Verma,meera.verma2437@example.com,Chennai,Budget,2024-04-29
2438,Meera,Reddy,meera.reddy2438@example.com,Delhi,Budget,2023-05-24
2439,Priya,Sharma,priya.sharma2439@example.com,Chennai,Regular,2024-01-08
2440,Nisha,Bhat,nisha.bhat2440@example.com,Bangalore,Regular,2024-11-27
2441,Riya,Desai,riya.desai2441@example.com,Pune,Regular,2024-10-01
2442,Isha,Shah,isha.shah2442@example.com,Chennai,Budget,2024-04-05
2443,Vivaan,Joshi,vivaan.joshi2443@example.com,Mumbai,Budget,2024-10-21
2444,Kabir,Iyer,kabir.iyer2444@example.com,Jaipur,Premium,2025-04-20
2445,Arjun,Verma,arjun.verma2445@example.com,Bangalore,Regular,2024-01-20
2446,Aditya,Mehta,aditya.mehta2446@example.com,Ahmedabad,Regular,2024-02-02
2447,Aisha,Singh,aisha.singh2447@example.com,Jaipur,Budget,2024-04-24
2448,Meera,Gupta,meera.gupta2448@example.com,Bangalore,Budget,2023-03-29
2449,Diya,Nair,diya.nair2449@example.com,Hyderabad,Regular,2024-03-19
2450,Aditya,Kapoor,aditya.kapoor2450@example.com,Surat,Regular,2023-12-17
2451,Priya,Gupta,priya.gupta2451@example.com,Ahmedabad,Premium,2023-10-13
2452,Rahul,Singh,rahul.singh2452@example.com,Hyderabad,Regular,2023-05-30
2453,Vivaan,Joshi,vivaan.joshi2453@example.com,Kolkata,Premium,2025-03-03
2454,Aisha,Nair,aisha.nair2454@example.com,Ahmedabad,Regular,2024-03-16
2455,Karan,Desai,karan.desai2455@example.com,Kolkata,Regular,2023-01-24
2456,Rohan,Gupta,rohan.gupta2456@example.com,Delhi,Regular,2023-05-26
2457,Aditya,Verma,aditya.verma2457@example.com,Ahmedabad,Budget,2025-06-13
2458,Riya,Mehta,riya.mehta2458@example.com,Chennai,Regular,2024-11-16
2459,Vivaan,Gupta,vivaan.gupta2459@example.com,Pune,Budget,2024-03-14
2460,Vikram,Patel,vikram.patel2460@example.com,Pune,Budget,2023-07-23
2461,Priya,Singh,priya.singh2461@example.com,Bangalore,Budget,2024-07-02
2462,Isha,Kapoor,isha.kapoor2462@example.com,Surat,Regular,2024-12-10
2463,Aarav,Shah,aarav.shah2463@example.com,Surat,Regular,2025-03-12
2464,Kavya,Joshi,kavya.joshi2464@example.com,Pune,Regular,2023-05-29
2465,Ananya,Sharma,ananya.sharma2465@example.com,Ahmedabad,Budget,2023-06-04
2466,Priya,Desai,priya.desai2466@example.com,Delhi,Budget,2023-11-21
2467,Isha,Verma,isha.verma2467@example.com,Mumbai,Budget,2024-06-17
2468,Rahul,Reddy,rahul.reddy2468@example.com,Surat,Premium,2024-04-05
2469,Karan,Iyer,karan.iyer2469@example.com,Kolkata,Regular,2023-07-12
2470,Rohan,Joshi,rohan.joshi2470@example.com,Hyderabad,Regular,2024-01-22
2471,Karan,Reddy,karan.reddy2471@example.com,Mumbai,Regular,2024-08-13
2472,Aisha,Sharma,aisha.sharma2472@example.com,Chennai,Regular,2023-11-06
2473,Arjun,Iyer,arjun.iyer2473@example.com,Ahmedabad,Regular,2024-05-26
2474,Aisha,Kapoor,aisha.kapoor2474@example.com,Jaipur,Regular,2025-04-28
2475,Ananya,Gupta,ananya.gupta2475@example.com,Ahmedabad,Regular,2023-06-30
2476,Rohan,Shah,rohan.shah2476@example.com,Bangalore,Regular,2024-09-01
2477,Diya,Verma,diya.verma2477@example.com,Kolkata,Regular,2025-05-15
2478,Nisha,Bhat,nisha.bhat2478@example.com,Delhi,Budget,2025-05-27
2479,Arjun,Gupta,arjun.gupta2479@example.com,Mumbai,Regular,2024-10-27
2480,Isha,Gupta,isha.gupta2480@example.com,Surat,Budget,2024-05-23
2481,Arjun,Reddy,arjun.reddy2481@example.com,Jaipur,Regular,2024-03-30
2482,Vivaan,Reddy,vivaan.reddy2482@example.com,Kolkata,Regular,2023-10-24
2483,Meera,Shah,meera.shah2483@example.com,Delhi,Regular,2024-01-26
2484,Priya,Gupta,priya.gupta2484@example.com,Ahmedabad,Regular,2023-12-26
2485,Diya,Sharma,diya.sharma2485@example.com,Hyderabad,Regular,2024-01-19
2486,Aryan,Bhat,aryan.bhat2486@example.com,Chennai,Regular,2024-11-05
2487,Isha,Reddy,isha.reddy2487@example.com,Mumbai,Budget,2023-09-05
2488,Isha,Sharma,isha.sharma2488@example.com,Mumbai,Regular,2023-01-16
2489,Aisha,Desai,aisha.desai2489@example.com,Jaipur,Budget,2025-04-16
2490,Nisha,Kapoor,nisha.kapoor2490@example.com,Bangalore,Budget,2023-12-10
2491,Isha,Mehta,isha.mehta2491@example.com,Kolkata,Regular,2024-07-23
2492,Diya,Desai,diya.desai2492@example.com,Surat,Regular,2023-02-22
2493,Diya,Iyer,diya.iyer2493@example.com,Kolkata,Budget,2023-06-27
2494,Riya,Patel,riya.patel2494@example.com,Hyderabad,Premium,2024-03-23
2495,Rahul,Shah,rahul.shah2495@example.com,Surat,Budget,2023-05-02
2496,Aryan,Desai,aryan.desai2496@example.com,Bangalore,Budget,2024-07-20
2497,Karan,Gupta,karan.gupta2497@example.com,Mumbai,Regular,2023-04-06
2498,Kavya,Patel,kavya.patel2498@example.com,Surat,Budget,2023-01-29
2499,Aditya,Joshi,aditya.joshi2499@example.com,Mumbai,Budget,2024-01-27
2500,Rahul,Singh,rahul.singh2500@example.com,Pune,Regular,2024-10-11
2501,Kabir,Verma,kabir.verma2501@example.com,Jaipur,Budget,2023-07-18
2502,Diya,Nair,diya.nair2502@example.com,Mumbai,Regular,2023-09-24
2503,Rahul,Reddy,rahul.reddy2503@example.com,Surat,Budget,2023-01-24
2504,Arjun,Singh,arjun.singh2504@example.com,Delhi,Premium,2024-09-02
2505,Vikram,Verma,vikram.verma2505@example.com,Delhi,Premium,2023-07-04
2506,Aisha,Bhat,aisha.bhat2506@example.com,Hyderabad,Regular,2025-05-08
2507,Priya,Nair,priya.nair2507@example.com,Kolkata,Premium,2023-01-23
2508,Aditya,Mehta,aditya.mehta2508@example.com,Kolkata,Regular,2024-12-04
2509,Ananya,Reddy,ananya.reddy2509@example.com,Bangalore,Regular,2024-04-06
2510,Aarav,Bhat,aarav.bhat2510@example.com,Surat,Regular,2023-07-02
2511,Vivaan,Gupta,vivaan.gupta2511@example.com,Pune,Regular,2023-12-18
2512,Nisha,Joshi,nisha.joshi2512@example.com,Mumbai,Regular,2024-07-13
2513,Aryan,Bhat,aryan.bhat2513@example.com,Hyderabad,Regular,2023-05-05
2514,Sneha,Sharma,sneha.sharma2514@example.com,Jaipur,Budget,2024-06-14
2515,Karan,Desai,karan.desai2515@example.com,Delhi,Budget,2024-01-09
2516,Aarav,Kapoor,aarav.kapoor2516@example.com,Hyderabad,Premium,2023-05-22
2517,Rahul,Verma,rahul.verma2517@example.com,Ahmedabad,Regular,2023-10-08
2518,Aditya,Kapoor,aditya.kapoor2518@example.com,Jaipur,Regular,2024-12-26
2519,Meera,Iyer,meera.iyer2519@example.com,Ahmedabad,Regular,2025-04-08
2520,Diya,Bhat,diya.bhat2520@example.com,Chennai,Regular,2023-07-17
2521,Aryan,Malhotra,aryan.malhotra2521@example.com,Surat,Budget,2023-04-16
2522,Kavya,Verma,kavya.verma2522@example.com,Hyderabad,Budget,2023-06-19
2523,Priya,Malhotra,priya.malhotra2523@example.com,Kolkata,Regular,2024-04-01
2524,Aryan,Desai,aryan.desai2524@example.com,Surat,Premium,2023-11-23
2525,Diya,Malhotra,diya.malhotra2525@example.com,Surat,Regular,2023-07-24
2526,Aditya,Singh,aditya.singh2526@example.com,Mumbai,Budget,2023-06-21
2527,Aryan,Joshi,aryan.joshi2527@example.com,Chennai,Regular,2024-02-24
2528,Riya,Kapoor,riya.kapoor2528@example.com,Mumbai,Premium,2024-02-12
2529,Ananya,Malhotra,ananya.malhotra2529@example.com,Bangalore,Regular,2025-03-20
2530,Aditya,Mehta,aditya.mehta2530@example.com,Pune,Regular,2024-11-03
2531,Ananya,Gupta,ananya.gupta2531@example.com,Pune,Regular,2023-01-10
2532,Ananya,Mehta,ananya.mehta2532@example.com,Surat,Budget,2024-04-21
2533,Kabir,Shah,kabir.shah2533@example.com,Kolkata,Regular,2023-03-09
2534,Karan,Shah,karan.shah2534@example.com,Delhi,Regular,2023-08-11
2535,Nisha,Bhat,nisha.bhat2535@example.com,Delhi,Regular,2025-04-06
2536,Isha,Reddy,isha.reddy2536@example.com,Kolkata,Regular,2025-02-13
2537,Ananya,Mehta,ananya.mehta2537@example.com,Mumbai,Budget,2023-07-21
2538,Priya,Sharma,priya.sharma2538@example.com,Kolkata,Premium,2023-10-09
2539,Meera,Patel,meera.patel2539@example.com,Pune,Regular,2024-09-07
2540,Kabir,Joshi,kabir.joshi2540@example.com,Chennai,Premium,2023-01-22
2541,Kavya,Sharma,kavya.sharma2541@example.com,Chennai,Premium,2024-04-17
2542,Diya,Sharma,diya.sharma2542@example.com,Jaipur,Premium,2024-06-30
2543,Aarav,Gupta,aarav.gupta2543@example.com,Delhi,Budget,2024-04-26
2544,Isha,Iyer,isha.iyer2544@example.com,Chennai,Regular,2023-11-05
2545,Aisha,Malhotra,aisha.malhotra2545@example.com,Jaipur,Budget,2023-03-23
2546,Priya,Joshi,priya.joshi2546@example.com,Kolkata,Regular,2023-02-18
2547,Meera,Singh,meera.singh2547@example.com,Delhi,Budget,2025-05-19
2548,Nisha,Gupta,nisha.gupta2548@example.com,Hyderabad,Premium,2023-01-30
2549,Aarav,Patel,aarav.patel2549@example.com,Pune,Budget,2023-04-18
2550,Isha,Mehta,isha.mehta2550@example.com,Delhi,Regular,2023-06-24
2551,Aisha,Desai,aisha.desai2551@example.com,Mumbai,Budget,2024-07-04
2552,Vivaan,Verma,vivaan.verma2552@example.com,Mumbai,Premium,2025-03-14
2553,Vikram,Gupta,vikram.gupta2553@example.com,Pune,Regular,2023-09-28
2554,Diya,Verma,diya.verma2554@example.com,Bangalore,Budget,2024-12-16
2555,Kavya,Singh,kavya.singh2555@example.com,Bangalore,Regular,2023-05-03
2556,Rahul,Nair,rahul.nair2556@example.com,Kolkata,Regular,2024-08-21
2557,Arjun,Shah,arjun.shah2557@example.com,Hyderabad,Regular,2024-06-24
2558,Priya,Verma,priya.verma2558@example.com,Ahmedabad,Regular,2023-11-26
2559,Aryan,Nair,aryan.nair2559@example.com,Delhi,Regular,2023-10-31
2560,Kabir,Reddy,kabir.reddy2560@example.com,Hyderabad,Regular,2024-10-24
2561,Aditya,Singh,aditya.singh2561@example.com,Hyderabad,Premium,2023-03-03
2562,Karan,Singh,karan.singh2562@example.com,Kolkata,Regular,2025-04-18
2563,Arjun,Kapoor,arjun.kapoor2563@example.com,Surat,Budget,2023-08-02
2564,Riya,Desai,riya.desai2564@example.com,Chennai,Budget,2023-11-17
2565,Rahul,Desai,rahul.desai2565@example.com,Delhi,Budget,2024-05-31
2566,Kabir,Bhat,kabir.bhat2566@example.com,Kolkata,Budget,2024-01-08
2567,Nisha,Shah,nisha.shah2567@example.com,Kolkata,Regular,2023-07-27
2568,Aryan,Malhotra,aryan.malhotra2568@example.com,Chennai,Budget,2023-06-18
2569,Kavya,Reddy,kavya.reddy2569@example.com,Bangalore,Regular,2023-04-15
2570,Arjun,Iyer,arjun.iyer2570@example.com,Hyderabad,Premium,2023-04-23
2571,Meera,Patel,meera.patel2571@example.com,Mumbai,Regular,2023-10-01
2572,Riya,Singh,riya.singh2572@example.com,Chennai,Premium,2023-12-27
2573,Sneha,Gupta,sneha.gupta2573@example.com,Kolkata,Regular,2023-12-29
2574,Diya,Shah,diya.shah2574@example.com,Jaipur,Regular,2024-03-17
2575,Meera,Verma,meera.verma2575@example.com,Delhi,Premium,2024-01-14
2576,Diya,Iyer,diya.iyer2576@example.com,Hyderabad,Regular,2024-03-08
2577,Diya,Patel,diya.patel2577@example.com,Chennai,Regular,2024-08-31
2578,Priya,Shah,priya.shah2578@example.com,Delhi,Regular,2024-03-19
2579,Kabir,Gupta,kabir.gupta2579@example.com,Delhi,Premium,2023-08-13
2580,Vivaan,Joshi,vivaan.joshi2580@example.com,Hyderabad,Premium,2023-09-30
2581,Arjun,Verma,arjun.verma2581@example.com,Surat,Regular,2023-08-20
2582,Diya,Malhotra,diya.malhotra2582@example.com,Delhi,Regular,2024-02-07
2583,Aryan,Singh,aryan.singh2583@example.com,Bangalore,Budget,2023-07-30
2584,Aisha,Reddy,aisha.reddy2584@example.com,Surat,Regular,2023-10-22
2585,Aarav,Gupta,aarav.gupta2585@example.com,Jaipur,Budget,2023-07-09
2586,Nisha,Singh,nisha.singh2586@example.com,Chennai,Budget,2025-01-26
2587,Kabir,Patel,kabir.patel2587@example.com,Delhi,Regular,2023-11-19
2588,Ananya,Bhat,ananya.bhat2588@example.com,Bangalore,Budget,2024-04-11
2589,Priya,Malhotra,priya.malhotra2589@example.com,Mumbai,Regular,2023-12-09
2590,Aryan,Bhat,aryan.bhat2590@example.com,Bangalore,Regular,2023-03-20
2591,Aarav,Joshi,aarav.joshi2591@example.com,Ahmedabad,Regular,2023-12-27
2592,Priya,Desai,priya.desai2592@example.com,Ahmedabad,Premium,2023-09-11
2593,Aarav,Joshi,aarav.joshi2593@example.com,Chennai,Budget,2024-11-27
2594,Riya,Shah,riya.shah2594@example.com,Bangalore,Budget,2023-06-21
2595,Arjun,Verma,arjun.verma2595@example.com,Pune,Regular,2025-04-03
2596,Aisha,Shah,aisha.shah2596@example.com,Ahmedabad,Regular,2023-09-21
2597,Meera,Sharma,meera.sharma2597@example.com,Pune,Regular,2025-04-27
2598,Ananya,Bhat,ananya.bhat2598@example.com,Surat,Regular,2024-06-14
2599,Aryan,Reddy,aryan.reddy2599@example.com,Mumbai,Premium,2024-06-15
2600,Isha,Desai,isha.desai2600@example.com,Bangalore,Regular,2023-08-14
2601,Aarav,Mehta,aarav.mehta2601@example.com,Kolkata,Regular,2024-08-14
2602,Aditya,Mehta,aditya.mehta2602@example.com,Delhi,Budget,2024-01-22
2603,Sneha,Bhat,sneha.bhat2603@example.com,Jaipur,Regular,2024-04-05
2604,Aisha,Bhat,aisha.bhat2604@example.com,Kolkata,Regular,2023-12-06
2605,Aryan,Verma,aryan.verma2605@example.com,Mumbai,Regular,2023-07-15
2606,Ananya,Desai,ananya.desai2606@example.com,Delhi,Regular,2024-09-19
2607,Meera,Joshi,meera.joshi2607@example.com,Pune,Regular,2025-03-22
2608,Aarav,Singh,aarav.singh2608@example.com,Bangalore,Regular,2024-12-02
2609,Rahul,Shah,rahul.shah2609@example.com,Surat,Regular,2023-10-24
2610,Rohan,Verma,rohan.verma2610@example.com,Chennai,Premium,2024-05-13
2611,Vikram,Sharma,vikram.sharma2611@example.com,Mumbai,Regular,2024-04-09
2612,Kavya,Gupta,kavya.gupta2612@example.com,Ahmedabad,Regular,2023-02-24
2613,Isha,Kapoor,isha.kapoor2613@example.com,Mumbai,Premium,2024-11-07
2614,Rahul,Kapoor,rahul.kapoor2614@example.com,Chennai,Budget,2025-06-18
2615,Riya,Reddy,riya.reddy2615@example.com,Jaipur,Regular,2025-02-26
2616,Aditya,Iyer,aditya.iyer2616@example.com,Bangalore,Budget,2023-10-05
2617,Karan,Malhotra,karan.malhotra2617@example.com,Delhi,Regular,2024-08-22
2618,Vivaan,Singh,vivaan.singh2618@example.com,Hyderabad,Budget,2023-12-30
2619,Diya,Malhotra,diya.malhotra2619@example.com,Delhi,Budget,2024-02-13
2620,Vikram,Joshi,vikram.joshi2620@example.com,Bangalore,Regular,2023-11-15
2621,Ananya,Nair,ananya.nair2621@example.com,Bangalore,Regular,2024-08-15
2622,Karan,Verma,karan.verma2622@example.com,Kolkata,Regular,2023-05-19
2623,Vikram,Verma,vikram.verma2623@example.com,Chennai,Regular,2023-03-29
2624,Meera,Shah,meera.shah2624@example.com,Kolkata,Budget,2023-07-07
2625,Isha,Gupta,isha.gupta2625@example.com,Jaipur,Regular,2023-05-22
2626,Ananya,Shah,ananya.shah2626@example.com,Pune,Regular,2024-12-02
2627,Isha,Singh,isha.singh2627@example.com,Kolkata,Regular,2024-03-06
2628,Sneha,Sharma,sneha.sharma2628@example.com,Kolkata,Premium,2025-02-24
2629,Rahul,Joshi,rahul.joshi2629@example.com,Hyderabad,Regular,2023-11-06
2630,Aisha,Patel,aisha.patel2630@example.com,Jaipur,Budget,2024-09-27
2631,Vikram,Sharma,vikram.sharma2631@example.com,Kolkata,Premium,2025-02-12
2632,Aarav,Singh,aarav.singh2632@example.com,Jaipur,Regular,2025-04-06
2633,Vivaan,Gupta,vivaan.gupta2633@example.com,Chennai,Budget,2023-02-26
2634,Arjun,Kapoor,arjun.kapoor2634@example.com,Delhi,Budget,2024-08-31
2635,Kavya,Singh,kavya.singh2635@example.com,Pune,Budget,2024-12-08
2636,Arjun,Iyer,arjun.iyer2636@example.com,Jaipur,Budget,2024-08-21
2637,Vivaan,Iyer,vivaan.iyer2637@example.com,Jaipur,Premium,2023-07-29
2638,Priya,Patel,priya.patel2638@example.com,Bangalore,Regular,2023-08-17
2639,Vikram,Iyer,vikram.iyer2639@example.com,Ahmedabad,Regular,2023-01-07
2640,Karan,Gupta,karan.gupta2640@example.com,Mumbai,Regular,2023-03-10
2641,Arjun,Shah,arjun.shah2641@example.com,Hyderabad,Regular,2023-04-10
2642,Priya,Sharma,priya.sharma2642@example.com,Jaipur,Regular,2025-05-02
2643,Vivaan,Bhat,vivaan.bhat2643@example.com,Chennai,Regular,2023-05-05
2644,Rohan,Desai,rohan.desai2644@example.com,Jaipur,Regular,2023-08-29
2645,Nisha,Reddy,nisha.reddy2645@example.com,Surat,Premium,2024-03-25
2646,Rahul,Reddy,rahul.reddy2646@example.com,Bangalore,Premium,2023-01-23
2647,Kabir,Patel,kabir.patel2647@example.com,Jaipur,Regular,2024-06-07
2648,Priya,Verma,priya.verma2648@example.com,Delhi,Budget,2023-10-24
2649,Priya,Kapoor,priya.kapoor2649@example.com,Chennai,Regular,2024-11-14
2650,Arjun,Singh,arjun.singh2650@example.com,Kolkata,Premium,2024-03-02
2651,Vikram,Singh,vikram.singh2651@example.com,Surat,Regular,2023-05-04
2652,Kavya,Verma,kavya.verma2652@example.com,Surat,Regular,2023-02-04
2653,Aisha,Patel,aisha.patel2653@example.com,Ahmedabad,Regular,2024-04-24
2654,Rohan,Kapoor,rohan.kapoor2654@example.com,Jaipur,Regular,2024-05-27
2655,Riya,Malhotra,riya.malhotra2655@example.com,Delhi,Regular,2024-06-09
2656,Rahul,Kapoor,rahul.kapoor2656@example.com,Surat,Regular,2024-11-02
2657,Rahul,Verma,rahul.verma2657@example.com,Chennai,Budget,2025-03-14
2658,Aditya,Bhat,aditya.bhat2658@example.com,Ahmedabad,Regular,2025-05-09
2659,Priya,Joshi,priya.joshi2659@example.com,Bangalore,Regular,2024-11-05
2660,Riya,Nair,riya.nair2660@example.com,Jaipur,Regular,2024-11-05
2661,Ananya,Joshi,ananya.joshi2661@example.com,Pune,Regular,2024-08-17
2662,Diya,Gupta,diya.gupta2662@example.com,Mumbai,Budget,2023-02-16
2663,Rohan,Mehta,rohan.mehta2663@example.com,Delhi,Regular,2023-04-09
2664,Priya,Kapoor,priya.kapoor2664@example.com,Hyderabad,Budget,2025-02-17
2665,Kabir,Gupta,kabir.gupta2665@example.com,Kolkata,Budget,2023-06-28
2666,Isha,Bhat,isha.bhat2666@example.com,Mumbai,Regular,2023-03-07
2667,Arjun,Sharma,arjun.sharma2667@example.com,Delhi,Regular,2025-05-17
2668,Aisha,Joshi,aisha.joshi2668@example.com,Mumbai,Budget,2024-10-08
2669,Ananya,Gupta,ananya.gupta2669@example.com,Ahmedabad,Regular,2024-12-16
2670,Kavya,Shah,kavya.shah2670@example.com,Hyderabad,Regular,2023-07-24
2671,Meera,Reddy,meera.reddy2671@example.com,Hyderabad,Regular,2023-10-20
2672,Rohan,Malhotra,rohan.malhotra2672@example.com,Jaipur,Budget,2025-04-13
2673,Karan,Gupta,karan.gupta2673@example.com,Mumbai,Regular,2024-08-19
2674,Arjun,Mehta,arjun.mehta2674@example.com,Bangalore,Budget,2023-02-04
2675,Aisha,Nair,aisha.nair2675@example.com,Surat,Regular,2024-02-22
2676,Aditya,Kapoor,aditya.kapoor2676@example.com,Jaipur,Regular,2023-07-09
2677,Karan,Joshi,karan.joshi2677@example.com,Ahmedabad,Regular,2025-04-27
2678,Aisha,Joshi,aisha.joshi2678@example.com,Bangalore,Budget,2024-07-26
2679,Meera,Malhotra,meera.malhotra2679@example.com,Kolkata,Budget,2024-10-02
2680,Kavya,Gupta,kavya.gupta2680@example.com,Jaipur,Regular,2023-05-11
2681,Arjun,Singh,arjun.singh2681@example.com,Mumbai,Regular,2023-08-25
2682,Ananya,Sharma,ananya.sharma2682@example.com,Chennai,Budget,2023-08-18
2683,Aryan,Malhotra,aryan.malhotra2683@example.com,Pune,Premium,2024-12-21
2684,Rohan,Verma,rohan.verma2684@example.com,Jaipur,Regular,2023-03-18
2685,Riya,Bhat,riya.bhat2685@example.com,Jaipur,Regular,2024-09-17
2686,Nisha,Sharma,nisha.sharma2686@example.com,Delhi,Regular,2024-07-13
2687,Aryan,Reddy,aryan.reddy2687@example.com,Mumbai,Regular,2023-01-31
2688,Aryan,Mehta,aryan.mehta2688@example.com,Mumbai,Premium,2023-12-09
2689,Sneha,Desai,sneha.desai2689@example.com,Pune,Budget,2025-01-21
2690,Vivaan,Mehta,vivaan.mehta2690@example.com,Delhi,Budget,2024-05-20
2691,Kavya,Bhat,kavya.bhat2691@example.com,Mumbai,Regular,2024-09-16
2692,Aditya,Malhotra,aditya.malhotra2692@example.com,Surat,Budget,2024-09-04
2693,Sneha,Singh,sneha.singh2693@example.com,Chennai,Budget,2023-05-13
2694,Arjun,Sharma,arjun.sharma2694@example.com,Jaipur,Regular,2024-05-23
2695,Aisha,Malhotra,aisha.malhotra2695@example.com,Chennai,Budget,2024-05-04
2696,Kabir,Sharma,kabir.sharma2696@example.com,Mumbai,Budget,2023-02-26
2697,Karan,Shah,karan.shah2697@example.com,Kolkata,Regular,2024-09-14
2698,Aarav,Shah,aarav.shah2698@example.com,Mumbai,Regular,2024-05-08
2699,Diya,Iyer,diya.iyer2699@example.com,Kolkata,Budget,2023-05-09
2700,Sneha,Patel,sneha.patel2700@example.com,Ahmedabad,Premium,2023-04-29
2701,Nisha,Bhat,nisha.bhat2701@example.com,Pune,Regular,2024-01-12
2702,Isha,Bhat,isha.bhat2702@example.com,Hyderabad,Regular,2023-03-01
2703,Kavya,Sharma,kavya.sharma2703@example.com,Kolkata,Budget,2023-08-21
2704,Sneha,Joshi,sneha.joshi2704@example.com,Mumbai,Budget,2023-02-16
2705,Kabir,Desai,kabir.desai2705@example.com,Delhi,Premium,2023-02-28
2706,Meera,Patel,meera.patel2706@example.com,Mumbai,Regular,2023-10-17
2707,Nisha,Reddy,nisha.reddy2707@example.com,Chennai,Premium,2023-09-08
2708,Diya,Singh,diya.singh2708@example.com,Delhi,Regular,2024-11-04
2709,Aditya,Verma,aditya.verma2709@example.com,Hyderabad,Regular,2024-07-10
2710,Aisha,Bhat,aisha.bhat2710@example.com,Hyderabad,Regular,2025-05-29
2711,Vikram,Kapoor,vikram.kapoor2711@example.com,Jaipur,Regular,2025-03-09
2712,Kabir,Shah,kabir.shah2712@example.com,Pune,Regular,2023-10-01
2713,Riya,Gupta,riya.gupta2713@example.com,Pune,Budget,2023-02-25
2714,Nisha,Singh,nisha.singh2714@example.com,Delhi,Regular,2023-10-14
2715,Rahul,Desai,rahul.desai2715@example.com,Hyderabad,Regular,2024-06-17
2716,Sneha,Mehta,sneha.mehta2716@example.com,Pune,Budget,2023-05-06
2717,Rahul,Sharma,rahul.sharma2717@example.com,Ahmedabad,Regular,2023-08-29
2718,Meera,Gupta,meera.gupta2718@example.com,Ahmedabad,Budget,2023-01-22
2719,Aryan,Verma,aryan.verma2719@example.com,Kolkata,Regular,2024-08-25
2720,Aditya,Sharma,aditya.sharma2720@example.com,Surat,Regular,2023-10-13
2721,Aarav,Desai,aarav.desai2721@example.com,Kolkata,Regular,2024-01-27
2722,Kabir,Mehta,kabir.mehta2722@example.com,Bangalore,Regular,2024-01-24
2723,Sneha,Sharma,sneha.sharma2723@example.com,Chennai,Premium,2024-11-07
2724,Aisha,Bhat,aisha.bhat2724@example.com,Surat,Budget,2023-01-27
2725,Ananya,Bhat,ananya.bhat2725@example.com,Chennai,Budget,2025-04-28
2726,Kavya,Mehta,kavya.mehta2726@example.com,Mumbai,Regular,2025-02-14
2727,Nisha,Malhotra,nisha.malhotra2727@example.com,Kolkata,Budget,2025-06-05
2728,Vivaan,Nair,vivaan.nair2728@example.com,Jaipur,Regular,2023-04-22
2729,Vikram,Desai,vikram.desai2729@example.com,Ahmedabad,Regular,2024-07-01
2730,Kavya,Nair,kavya.nair2730@example.com,Chennai,Regular,2024-06-15
2731,Diya,Singh,diya.singh2731@example.com,Hyderabad,Premium,2025-02-02
2732,Aarav,Verma,aarav.verma2732@example.com,Chennai,Premium,2025-03-29
2733,Kabir,Nair,kabir.nair2733@example.com,Chennai,Regular,2024-07-09
2734,Diya,Sharma,diya.sharma2734@example.com,Chennai,Regular,2024-09-22
2735,Aryan,Nair,aryan.nair2735@example.com,Surat,Premium,2024-10-30
2736,Vikram,Joshi,vikram.joshi2736@example.com,Pune,Budget,2024-11-07
2737,Rohan,Singh,rohan.singh2737@example.com,Mumbai,Regular,2024-04-18
2738,Meera,Sharma,meera.sharma2738@example.com,Ahmedabad,Regular,2024-01-03
2739,Sneha,Mehta,sneha.mehta2739@example.com,Mumbai,Regular,2024-02-23
2740,Aditya,Verma,aditya.verma2740@example.com,Jaipur,Regular,2024-09-16
2741,Aditya,Singh,aditya.singh2741@example.com,Chennai,Budget,2023-07-04
2742,Aryan,Verma,aryan.verma2742@example.com,Ahmedabad,Premium,2025-06-08
2743,Rohan,Patel,rohan.patel2743@example.com,Surat,Regular,2025-06-11
2744,Kabir,Gupta,kabir.gupta2744@example.com,Mumbai,Regular,2024-11-01
2745,Riya,Desai,riya.desai2745@example.com,Surat,Regular,2024-03-26
2746,Sneha,Iyer,sneha.iyer2746@example.com,Mumbai,Budget,2023-08-22
2747,Aryan,Verma,aryan.verma2747@example.com,Pune,Regular,2023-01-17
2748,Vivaan,Joshi,vivaan.joshi2748@example.com,Pune,Premium,2023-08-29
2749,Riya,Singh,riya.singh2749@example.com,Jaipur,Premium,2023-04-26
2750,Karan,Kapoor,karan.kapoor2750@example.com,Pune,Budget,2024-08-07
2751,Isha,Gupta,isha.gupta2751@example.com,Kolkata,Budget,2024-10-19
2752,Rahul,Sharma,rahul.sharma2752@example.com,Surat,Budget,2023-12-01
2753,Ananya,Malhotra,ananya.malhotra2753@example.com,Pune,Regular,2024-10-29
2754,Vikram,Joshi,vikram.joshi2754@example.com,Bangalore,Regular,2023-02-01
2755,Vikram,Bhat,vikram.bhat2755@example.com,Surat,Premium,2023-06-03
2756,Nisha,Mehta,nisha.mehta2756@example.com,Pune,Regular,2025-04-07
2757,Riya,Nair,riya.nair2757@example.com,Pune,Budget,2024-08-18
2758,Diya,Desai,diya.desai2758@example.com,Mumbai,Regular,2024-08-19
2759,Rahul,Malhotra,rahul.malhotra2759@example.com,Delhi,Budget,2025-02-19
2760,Kabir,Joshi,kabir.joshi2760@example.com,Surat,Regular,2024-05-30
2761,Isha,Shah,isha.shah2761@example.com,Delhi,Budget,2025-01-20
2762,Riya,Nair,riya.nair2762@example.com,Surat,Regular,2023-02-22
2763,Riya,Shah,riya.shah2763@example.com,Pune,Regular,2024-03-27
2764,Kavya,Verma,kavya.verma2764@example.com,Pune,Regular,2023-09-07
2765,Aisha,Mehta,aisha.mehta2765@example.com,Pune,Budget,2024-04-11
2766,Arjun,Iyer,arjun.iyer2766@example.com,Ahmedabad,Budget,2023-09-04
2767,Isha,Kapoor,isha.kapoor2767@example.com,Pune,Regular,2023-03-23
2768,Aditya,Bhat,aditya.bhat2768@example.com,Ahmedabad,Regular,2024-01-06
2769,Meera,Nair,meera.nair2769@example.com,Hyderabad,Regular,2024-03-04
2770,Rahul,Bhat,rahul.bhat2770@example.com,Hyderabad,Budget,2024-07-04
2771,Isha,Reddy,isha.reddy2771@example.com,Bangalore,Regular,2024-08-21
2772,Vikram,Kapoor,vikram.kapoor2772@example.com,Delhi,Premium,2023-11-18
2773,Isha,Shah,isha.shah2773@example.com,Surat,Regular,2023-06-01
2774,Karan,Bhat,karan.bhat2774@example.com,Ahmedabad,Premium,2023-07-04
2775,Arjun,Malhotra,arjun.malhotra2775@example.com,Jaipur,Budget,2023-09-27
2776,Priya,Iyer,priya.iyer2776@example.com,Bangalore,Budget,2023-04-14
2777,Isha,Sharma,isha.sharma2777@example.com,Bangalore,Budget,2024-12-07
2778,Rahul,Shah,rahul.shah2778@example.com,Jaipur,Budget,2025-06-06
2779,Isha,Kapoor,isha.kapoor2779@example.com,Kolkata,Regular,2023-05-11
2780,Kabir,Iyer,kabir.iyer2780@example.com,Delhi,Regular,2023-10-28
2781,Ananya,Joshi,ananya.joshi2781@example.com,Surat,Premium,2024-09-15
2782,Vivaan,Gupta,vivaan.gupta2782@example.com,Pune,Budget,2025-01-26
2783,Isha,Reddy,isha.reddy2783@example.com,Kolkata,Regular,2024-04-05
2784,Priya,Iyer,priya.iyer2784@example.com,Bangalore,Budget,2023-05-18
2785,Kavya,Bhat,kavya.bhat2785@example.com,Jaipur,Premium,2025-04-19
2786,Aarav,Joshi,aarav.joshi2786@example.com,Pune,Regular,2024-08-30
2787,Meera,Malhotra,meera.malhotra2787@example.com,Ahmedabad,Regular,2023-11-25
2788,Kavya,Verma,kavya.verma2788@example.com,Delhi,Regular,2025-03-02
2789,Priya,Kapoor,priya.kapoor2789@example.com,Surat,Regular,2023-02-19
2790,Riya,Joshi,riya.joshi2790@example.com,Kolkata,Regular,2024-06-04
2791,Diya,Kapoor,diya.kapoor2791@example.com,Bangalore,Budget,2025-02-14
2792,Vivaan,Desai,vivaan.desai2792@example.com,Hyderabad,Regular,2025-01-22
2793,Aryan,Joshi,aryan.joshi2793@example.com,Surat,Regular,2025-06-19
2794,Aisha,Verma,aisha.verma2794@example.com,Delhi,Regular,2023-06-19
2795,Priya,Singh,priya.singh2795@example.com,Bangalore,Regular,2023-08-18
2796,Aryan,Joshi,aryan.joshi2796@example.com,Delhi,Budget,2025-02-10
2797,Aryan,Patel,aryan.patel2797@example.com,Hyderabad,Regular,2023-04-09
2798,Riya,Nair,riya.nair2798@example.com,Mumbai,Regular,2023-06-22
2799,Vivaan,Bhat,vivaan.bhat2799@example.com,Jaipur,Budget,2024-07-06
2800,Aarav,Singh,aarav.singh2800@example.com,Mumbai,Regular,2025-05-02
2801,Vikram,Joshi,vikram.joshi2801@example.com,Ahmedabad,Regular,2024-03-12
2802,Meera,Verma,meera.verma2802@example.com,Delhi,Regular,2023-04-23
2803,Isha,Singh,isha.singh2803@example.com,Delhi,Budget,2023-09-27
2804,Aryan,Iyer,aryan.iyer2804@example.com,Delhi,Budget,2024-11-15
2805,Aditya,Iyer,aditya.iyer2805@example.com,Hyderabad,Budget,2025-03-23
2806,Ananya,Patel,ananya.patel2806@example.com,Pune,Regular,2024-06-03
2807,Riya,Reddy,riya.reddy2807@example.com,Delhi,Budget,2025-03-06
2808,Ananya,Bhat,ananya.bhat2808@example.com,Kolkata,Premium,2023-02-09
2809,Riya,Kapoor,riya.kapoor2809@example.com,Jaipur,Regular,2023-07-14
2810,Vivaan,Reddy,vivaan.reddy2810@example.com,Mumbai,Regular,2024-10-04
2811,Kavya,Malhotra,kavya.malhotra2811@example.com,Hyderabad,Regular,2025-06-12
2812,Aryan,Singh,aryan.singh2812@example.com,Ahmedabad,Budget,2023-06-05
2813,Priya,Verma,priya.verma2813@example.com,Hyderabad,Regular,2023-05-15
2814,Aditya,Shah,aditya.shah2814@example.com,Hyderabad,Premium,2025-05-27
2815,Aditya,Singh,aditya.singh2815@example.com,Surat,Regular,2024-07-25
2816,Rohan,Sharma,rohan.sharma2816@example.com,Chennai,Regular,2024-03-04
2817,Kavya,Mehta,kavya.mehta2817@example.com,Pune,Regular,2024-10-15
2818,Rohan,Bhat,rohan.bhat2818@example.com,Hyderabad,Budget,2023-11-04
2819,Priya,Singh,priya.singh2819@example.com,Kolkata,Regular,2025-03-26
2820,Sneha,Singh,sneha.singh2820@example.com,Delhi,Regular,2023-10-30
2821,Vikram,Malhotra,vikram.malhotra2821@example.com,Pune,Regular,2024-04-02
2822,Isha,Gupta,isha.gupta2822@example.com,Ahmedabad,Budget,2023-06-30
2823,Arjun,Kapoor,arjun.kapoor2823@example.com,Kolkata,Budget,2024-12-14
2824,Priya,Desai,priya.desai2824@example.com,Ahmedabad,Regular,2025-04-04
2825,Kabir,Sharma,kabir.sharma2825@example.com,Chennai,Regular,2023-10-25
2826,Isha,Sharma,isha.sharma2826@example.com,Pune,Regular,2024-07-29
2827,Ananya,Malhotra,ananya.malhotra2827@example.com,Ahmedabad,Regular,2024-02-05
2828,Aryan,Bhat,aryan.bhat2828@example.com,Chennai,Regular,2023-02-25
2829,Kabir,Kapoor,kabir.kapoor2829@example.com,Mumbai,Regular,2024-10-13
2830,Isha,Mehta,isha.mehta2830@example.com,Bangalore,Regular,2024-08-09
2831,Arjun,Joshi,arjun.joshi2831@example.com,Pune,Premium,2024-09-17
2832,Sneha,Sharma,sneha.sharma2832@example.com,Mumbai,Budget,2025-01-09
2833,Aditya,Nair,aditya.nair2833@example.com,Pune,Budget,2024-12-22
2834,Sneha,Gupta,sneha.gupta2834@example.com,Mumbai,Regular,2024-11-01
2835,Aisha,Shah,aisha.shah2835@example.com,Bangalore,Budget,2023-07-23
2836,Diya,Desai,diya.desai2836@example.com,Hyderabad,Regular,2025-01-05
2837,Rohan,Bhat,rohan.bhat2837@example.com,Pune,Regular,2024-01-18
2838,Sneha,Iyer,sneha.iyer2838@example.com,Mumbai,Premium,2023-09-12
2839,Aarav,Nair,aarav.nair2839@example.com,Delhi,Regular,2024-06-23
2840,Priya,Sharma,priya.sharma2840@example.com,Chennai,Regular,2023-06-10
2841,Kabir,Reddy,kabir.reddy2841@example.com,Hyderabad,Premium,2025-03-01
2842,Arjun,Desai,arjun.desai2842@example.com,Kolkata,Regular,2025-03-13
2843,Rahul,Desai,rahul.desai2843@example.com,Chennai,Budget,2025-01-28
2844,Aditya,Gupta,aditya.gupta2844@example.com,Kolkata,Premium,2024-05-31
2845,Sneha,Joshi,sneha.joshi2845@example.com,Delhi,Budget,2023-06-05
2846,Diya,Mehta,diya.mehta2846@example.com,Surat,Budget,2025-05-01
2847,Ananya,Malhotra,ananya.malhotra2847@example.com,Mumbai,Regular,2024-06-08
2848,Meera,Mehta,meera.mehta2848@example.com,Chennai,Budget,2023-04-13
2849,Kavya,Singh,kavya.singh2849@example.com,Chennai,Regular,2024-01-21
2850,Kabir,Malhotra,kabir.malhotra2850@example.com,Chennai,Regular,2024-07-28
2851,Sneha,Shah,sneha.shah2851@example.com,Kolkata,Premium,2023-09-08
2852,Priya,Iyer,priya.iyer2852@example.com,Pune,Budget,2024-02-08
2853,Arjun,Singh,arjun.singh2853@example.com,Surat,Budget,2023-08-18
2854,Diya,Nair,diya.nair2854@example.com,Ahmedabad,Regular,2023-08-26
2855,Kavya,Gupta,kavya.gupta2855@example.com,Chennai,Regular,2024-10-20
2856,Aditya,Gupta,aditya.gupta2856@example.com,Bangalore,Regular,2024-07-28
2857,Priya,Joshi,priya.joshi2857@example.com,Delhi,Premium,2023-09-13
2858,Nisha,Desai,nisha.desai2858@example.com,Jaipur,Budget,2024-04-29
2859,Kavya,Nair,kavya.nair2859@example.com,Mumbai,Budget,2023-08-27
2860,Aryan,Malhotra,aryan.malhotra2860@example.com,Pune,Budget,2023-11-15
2861,Vivaan,Kapoor,vivaan.kapoor2861@example.com,Surat,Regular,2024-12-06
2862,Aarav,Verma,aarav.verma2862@example.com,Hyderabad,Budget,2024-12-07
2863,Priya,Shah,priya.shah2863@example.com,Pune,Budget,2024-05-26
2864,Kabir,Kapoor,kabir.kapoor2864@example.com,Ahmedabad,Regular,2024-04-17
2865,Aditya,Bhat,aditya.bhat2865@example.com,Kolkata,Regular,2023-04-18
2866,Diya,Patel,diya.patel2866@example.com,Mumbai,Regular,2025-02-14
2867,Arjun,Patel,arjun.patel2867@example.com,Ahmedabad,Budget,2023-07-22
2868,Arjun,Sharma,arjun.sharma2868@example.com,Ahmedabad,Regular,2024-03-10
2869,Riya,Singh,riya.singh2869@example.com,Jaipur,Regular,2023-05-24
2870,Aarav,Verma,aarav.verma2870@example.com,Kolkata,Budget,2023-05-01
2871,Aryan,Shah,aryan.shah2871@example.com,Surat,Budget,2023-11-27
2872,Kavya,Reddy,kavya.reddy2872@example.com,Bangalore,Regular,2023-06-19
2873,Karan,Nair,karan.nair2873@example.com,Pune,Regular,2024-09-20
2874,Aryan,Singh,aryan.singh2874@example.com,Hyderabad,Budget,2024-04-18
2875,Rahul,Patel,rahul.patel2875@example.com,Ahmedabad,Premium,2024-06-20
2876,Isha,Patel,isha.patel2876@example.com,Ahmedabad,Premium,2023-06-03
2877,Aarav,Verma,aarav.verma2877@example.com,Hyderabad,Regular,2024-12-19
2878,Arjun,Shah,arjun.shah2878@example.com,Pune,Premium,2024-04-14
2879,Nisha,Singh,nisha.singh2879@example.com,Bangalore,Premium,2024-08-31
2880,Sneha,Bhat,sneha.bhat2880@example.com,Pune,Regular,2023-08-20
2881,Karan,Verma,karan.verma2881@example.com,Kolkata,Regular,2023-10-19
2882,Vikram,Kapoor,vikram.kapoor2882@example.com,Kolkata,Budget,2024-10-01
2883,Sneha,Shah,sneha.shah2883@example.com,Hyderabad,Premium,2024-10-18
2884,Rahul,Gupta,rahul.gupta2884@example.com,Hyderabad,Regular,2025-01-18
2885,Aryan,Joshi,aryan.joshi2885@example.com,Bangalore,Budget,2023-04-15
2886,Kavya,Reddy,kavya.reddy2886@example.com,Kolkata,Regular,2025-02-23
2887,Kavya,Joshi,kavya.joshi2887@example.com,Surat,Regular,2023-10-11
2888,Priya,Mehta,priya.mehta2888@example.com,Mumbai,Budget,2023-06-22
2889,Karan,Gupta,karan.gupta2889@example.com,Surat,Premium,2025-04-02
2890,Rohan,Singh,rohan.singh2890@example.com,Mumbai,Regular,2025-06-14
2891,Vivaan,Patel,vivaan.patel2891@example.com,Ahmedabad,Regular,2024-06-07
2892,Priya,Kapoor,priya.kapoor2892@example.com,Jaipur,Budget,2023-11-06
2893,Kabir,Shah,kabir.shah2893@example.com,Kolkata,Budget,2024-02-07
2894,Priya,Kapoor,priya.kapoor2894@example.com,Jaipur,Regular,2023-11-16
2895,Aditya,Bhat,aditya.bhat2895@example.com,Hyderabad,Budget,2024-09-11
2896,Aryan,Iyer,aryan.iyer2896@example.com,Kolkata,Regular,2023-05-27
2897,Priya,Iyer,priya.iyer2897@example.com,Chennai,Regular,2025-03-18
2898,Sneha,Bhat,sneha.bhat2898@example.com,Pune,Regular,2024-03-21
2899,Aisha,Desai,aisha.desai2899@example.com,Pune,Budget,2024-04-22
2900,Karan,Joshi,karan.joshi2900@example.com,Hyderabad,Regular,2024-07-27
2901,Rohan,Bhat,rohan.bhat2901@example.com,Mumbai,Regular,2025-02-04
2902,Aisha,Shah,aisha.shah2902@example.com,Mumbai,Regular,2023-07-19
2903,Ananya,Gupta,ananya.gupta2903@example.com,Chennai,Regular,2024-01-13
2904,Aarav,Joshi,aarav.joshi2904@example.com,Mumbai,Regular,2023-10-07
2905,Priya,Malhotra,priya.malhotra2905@example.com,Chennai,Regular,2023-02-14
2906,Vivaan,Joshi,vivaan.joshi2906@example.com,Mumbai,Budget,2025-04-23
2907,Priya,Joshi,priya.joshi2907@example.com,Ahmedabad,Regular,2024-10-09
2908,Priya,Iyer,priya.iyer2908@example.com,Jaipur,Budget,2025-06-14
2909,Vivaan,Kapoor,vivaan.kapoor2909@example.com,Surat,Budget,2023-01-30
2910,Rahul,Iyer,rahul.iyer2910@example.com,Bangalore,Budget,2025-01-23
2911,Rahul,Gupta,rahul.gupta2911@example.com,Delhi,Premium,2024-03-05
2912,Vivaan,Kapoor,vivaan.kapoor2912@example.com,Jaipur,Regular,2023-04-10
2913,Karan,Reddy,karan.reddy2913@example.com,Mumbai,Regular,2024-09-20
2914,Ananya,Bhat,ananya.bhat2914@example.com,Bangalore,Budget,2024-12-27
2915,Kavya,Iyer,kavya.iyer2915@example.com,Jaipur,Premium,2024-01-11
2916,Diya,Malhotra,diya.malhotra2916@example.com,Mumbai,Premium,2025-05-07
2917,Riya,Patel,riya.patel2917@example.com,Chennai,Premium,2025-01-16
2918,Meera,Sharma,meera.sharma2918@example.com,Surat,Regular,2023-10-10
2919,Riya,Malhotra,riya.malhotra2919@example.com,Mumbai,Regular,2023-06-27
2920,Sneha,Kapoor,sneha.kapoor2920@example.com,Pune,Regular,2023-05-01
2921,Aditya,Joshi,aditya.joshi2921@example.com,Delhi,Premium,2024-04-19
2922,Aditya,Patel,aditya.patel2922@example.com,Delhi,Regular,2025-01-17
2923,Kavya,Reddy,kavya.reddy2923@example.com,Bangalore,Budget,2023-01-21
2924,Karan,Reddy,karan.reddy2924@example.com,Ahmedabad,Premium,2024-01-19
2925,Kabir,Verma,kabir.verma2925@example.com,Hyderabad,Budget,2025-05-07
2926,Rahul,Verma,rahul.verma2926@example.com,Kolkata,Budget,2023-02-24
2927,Rohan,Verma,rohan.verma2927@example.com,Surat,Regular,2023-05-24
2928,Kabir,Desai,kabir.desai2928@example.com,Chennai,Budget,2023-07-12
2929,Rohan,Verma,rohan.verma2929@example.com,Ahmedabad,Regular,2023-09-23
2930,Priya,Kapoor,priya.kapoor2930@example.com,Pune,Regular,2024-08-15
2931,Riya,Singh,riya.singh2931@example.com,Bangalore,Premium,2025-04-29
2932,Kavya,Malhotra,kavya.malhotra2932@example.com,Jaipur,Regular,2023-06-09
2933,Isha,Kapoor,isha.kapoor2933@example.com,Chennai,Regular,2024-10-23
2934,Riya,Shah,riya.shah2934@example.com,Chennai,Premium,2025-04-29
2935,Karan,Verma,karan.verma2935@example.com,Ahmedabad,Regular,2023-08-12
2936,Arjun,Shah,arjun.shah2936@example.com,Bangalore,Regular,2024-11-05
2937,Meera,Joshi,meera.joshi2937@example.com,Pune,Regular,2023-11-27
2938,Kavya,Bhat,kavya.bhat2938@example.com,Pune,Budget,2023-02-04
2939,Aisha,Desai,aisha.desai2939@example.com,Bangalore,Regular,2023-01-09
2940,Ananya,Kapoor,ananya.kapoor2940@example.com,Delhi,Regular,2024-10-25
2941,Aisha,Verma,aisha.verma2941@example.com,Ahmedabad,Regular,2023-06-16
2942,Aarav,Singh,aarav.singh2942@example.com,Surat,Regular,2025-04-08
2943,Kavya,Iyer,kavya.iyer2943@example.com,Kolkata,Regular,2024-03-21
2944,Kabir,Verma,kabir.verma2944@example.com,Pune,Regular,2025-01-10
2945,Priya,Reddy,priya.reddy2945@example.com,Chennai,Premium,2024-02-15
2946,Kabir,Nair,kabir.nair2946@example.com,Delhi,Regular,2024-06-03
2947,Aryan,Joshi,aryan.joshi2947@example.com,Surat,Premium,2024-02-15
2948,Riya,Patel,riya.patel2948@example.com,Surat,Budget,2023-11-04
2949,Riya,Mehta,riya.mehta2949@example.com,Bangalore,Premium,2024-08-04
2950,Ananya,Nair,ananya.nair2950@example.com,Delhi,Regular,2023-02-25
2951,Rahul,Nair,rahul.nair2951@example.com,Ahmedabad,Regular,2023-12-21
2952,Meera,Sharma,meera.sharma2952@example.com,Bangalore,Regular,2024-11-05
2953,Rohan,Verma,rohan.verma2953@example.com,Delhi,Regular,2023-11-11
2954,Karan,Malhotra,karan.malhotra2954@example.com,Hyderabad,Regular,2023-04-03
2955,Sneha,Desai,sneha.desai2955@example.com,Pune,Premium,2025-03-05
2956,Rohan,Kapoor,rohan.kapoor2956@example.com,Ahmedabad,Regular,2023-04-13
2957,Diya,Iyer,diya.iyer2957@example.com,Ahmedabad,Regular,2023-08-06
2958,Meera,Iyer,meera.iyer2958@example.com,Delhi,Regular,2023-09-06
2959,Ananya,Nair,ananya.nair2959@example.com,Kolkata,Budget,2023-05-17
2960,Vikram,Desai,vikram.desai2960@example.com,Kolkata,Regular,2024-11-21
2961,Sneha,Gupta,sneha.gupta2961@example.com,Ahmedabad,Regular,2023-12-22
2962,Kavya,Sharma,kavya.sharma2962@example.com,Surat,Regular,2023-08-16
2963,Kabir,Kapoor,kabir.kapoor2963@example.com,Pune,Regular,2024-01-06
2964,Aarav,Joshi,aarav.joshi2964@example.com,Kolkata,Budget,2024-09-05
2965,Kabir,Patel,kabir.patel2965@example.com,Hyderabad,Premium,2024-05-26
2966,Vikram,Malhotra,vikram.malhotra2966@example.com,Pune,Regular,2023-04-06
2967,Rohan,Malhotra,rohan.malhotra2967@example.com,Chennai,Regular,2023-06-04
2968,Priya,Sharma,priya.sharma2968@example.com,Kolkata,Regular,2023-09-25
2969,Diya,Reddy,diya.reddy2969@example.com,Delhi,Regular,2024-06-13
2970,Aditya,Kapoor,aditya.kapoor2970@example.com,Delhi,Regular,2024-12-03
2971,Diya,Nair,diya.nair2971@example.com,Mumbai,Regular,2025-04-06
2972,Rahul,Joshi,rahul.joshi2972@example.com,Kolkata,Regular,2024-06-03
2973,Aarav,Singh,aarav.singh2973@example.com,Kolkata,Regular,2024-10-31
2974,Vivaan,Verma,vivaan.verma2974@example.com,Chennai,Budget,2024-03-11
2975,Arjun,Joshi,arjun.joshi2975@example.com,Ahmedabad,Regular,2025-04-06
2976,Priya,Iyer,priya.iyer2976@example.com,Jaipur,Budget,2023-12-10
2977,Arjun,Nair,arjun.nair2977@example.com,Kolkata,Regular,2023-07-03
2978,Diya,Desai,diya.desai2978@example.com,Delhi,Regular,2024-11-21
2979,Ananya,Bhat,ananya.bhat2979@example.com,Surat,Regular,2024-12-25
2980,Riya,Desai,riya.desai2980@example.com,Ahmedabad,Regular,2024-09-21
2981,Meera,Verma,meera.verma2981@example.com,Delhi,Budget,2023-02-10
2982,Meera,Kapoor,meera.kapoor2982@example.com,Surat,Regular,2023-02-21
2983,Aryan,Malhotra,aryan.malhotra2983@example.com,Chennai,Budget,2023-12-12
2984,Aarav,Shah,aarav.shah2984@example.com,Bangalore,Regular,2023-10-01
2985,Isha,Sharma,isha.sharma2985@example.com,Pune,Regular,2024-04-02
2986,Vivaan,Joshi,vivaan.joshi2986@example.com,Pune,Budget,2023-04-25
2987,Sneha,Iyer,sneha.iyer2987@example.com,Hyderabad,Regular,2024-02-10
2988,Sneha,Gupta,sneha.gupta2988@example.com,Bangalore,Regular,2023-05-10
2989,Isha,Bhat,isha.bhat2989@example.com,Pune,Budget,2023-10-09
2990,Nisha,Mehta,nisha.mehta2990@example.com,Jaipur,Regular,2025-04-25
2991,Vivaan,Gupta,vivaan.gupta2991@example.com,Pune,Premium,2023-12-01
2992,Nisha,Iyer,nisha.iyer2992@example.com,Delhi,Regular,2024-10-15
2993,Aditya,Kapoor,aditya.kapoor2993@example.com,Chennai,Regular,2024-10-14
2994,Aarav,Patel,aarav.patel2994@example.com,Chennai,Budget,2025-02-03
2995,Aditya,Desai,aditya.desai2995@example.com,Delhi,Budget,2024-03-19
2996,Kavya,Verma,kavya.verma2996@example.com,Surat,Regular,2023-11-07
2997,Kabir,Iyer,kabir.iyer2997@example.com,Mumbai,Regular,2025-03-29
2998,Priya,Mehta,priya.mehta2998@example.com,Kolkata,Regular,2025-02-17
2999,Rohan,Verma,rohan.verma2999@example.com,Mumbai,Regular,2024-05-28
3000,Rohan,Reddy,rohan.reddy3000@example.com,Chennai,Premium,2023-10-19
3001,Karan,Sharma,karan.sharma3001@example.com,Kolkata,Regular,2025-03-11
3002,Aryan,Verma,aryan.verma3002@example.com,Surat,Budget,2024-04-18
3003,Ananya,Gupta,ananya.gupta3003@example.com,Hyderabad,Premium,2023-08-15
3004,Ananya,Mehta,ananya.mehta3004@example.com,Surat,Regular,2023-03-07
3005,Nisha,Desai,nisha.desai3005@example.com,Surat,Regular,2024-04-16
3006,Nisha,Kapoor,nisha.kapoor3006@example.com,Kolkata,Regular,2024-07-08
3007,Sneha,Sharma,sneha.sharma3007@example.com,Pune,Regular,2023-12-18
3008,Meera,Patel,meera.patel3008@example.com,Ahmedabad,Regular,2024-04-18
3009,Rohan,Reddy,rohan.reddy3009@example.com,Chennai,Regular,2024-02-04
3010,Kavya,Gupta,kavya.gupta3010@example.com,Ahmedabad,Regular,2024-10-08
3011,Aisha,Gupta,aisha.gupta3011@example.com,Jaipur,Regular,2023-08-01
3012,Vikram,Nair,vikram.nair3012@example.com,Ahmedabad,Regular,2023-11-19
3013,Aarav,Patel,aarav.patel3013@example.com,Surat,Regular,2024-10-01
3014,Aisha,Joshi,aisha.joshi3014@example.com,Kolkata,Budget,2024-03-17
3015,Aarav,Nair,aarav.nair3015@example.com,Jaipur,Budget,2023-10-18
3016,Kabir,Malhotra,kabir.malhotra3016@example.com,Bangalore,Regular,2024-07-04
3017,Arjun,Gupta,arjun.gupta3017@example.com,Hyderabad,Regular,2024-02-10
3018,Arjun,Joshi,arjun.joshi3018@example.com,Bangalore,Budget,2023-10-24
3019,Diya,Shah,diya.shah3019@example.com,Pune,Budget,2024-02-23
3020,Isha,Bhat,isha.bhat3020@example.com,Chennai,Regular,2024-09-05
3021,Aisha,Reddy,aisha.reddy3021@example.com,Pune,Regular,2023-04-19
3022,Sneha,Malhotra,sneha.malhotra3022@example.com,Kolkata,Regular,2023-08-19
3023,Meera,Verma,meera.verma3023@example.com,Ahmedabad,Regular,2025-04-25
3024,Rohan,Malhotra,rohan.malhotra3024@example.com,Mumbai,Regular,2023-10-23
3025,Ananya,Nair,ananya.nair3025@example.com,Bangalore,Regular,2024-04-20
3026,Arjun,Malhotra,arjun.malhotra3026@example.com,Kolkata,Budget,2024-08-17
3027,Isha,Mehta,isha.mehta3027@example.com,Mumbai,Regular,2024-10-13
3028,Rahul,Joshi,rahul.joshi3028@example.com,Jaipur,Budget,2024-09-26
3029,Nisha,Joshi,nisha.joshi3029@example.com,Kolkata,Budget,2025-01-19
3030,Ananya,Joshi,ananya.joshi3030@example.com,Bangalore,Regular,2023-09-13
3031,Priya,Reddy,priya.reddy3031@example.com,Pune,Premium,2023-04-04
3032,Nisha,Bhat,nisha.bhat3032@example.com,Kolkata,Regular,2025-03-19
3033,Karan,Desai,karan.desai3033@example.com,Ahmedabad,Regular,2023-06-15
3034,Kabir,Patel,kabir.patel3034@example.com,Hyderabad,Regular,2024-04-28
3035,Vikram,Gupta,vikram.gupta3035@example.com,Hyderabad,Regular,2023-02-01
3036,Meera,Mehta,meera.mehta3036@example.com,Surat,Regular,2024-12-01
3037,Kabir,Nair,kabir.nair3037@example.com,Ahmedabad,Regular,2023-07-01
3038,Arjun,Nair,arjun.nair3038@example.com,Pune,Budget,2024-09-10
3039,Rohan,Mehta,rohan.mehta3039@example.com,Delhi,Premium,2024-04-18
3040,Vivaan,Reddy,vivaan.reddy3040@example.com,Kolkata,Budget,2024-11-24
3041,Priya,Desai,priya.desai3041@example.com,Delhi,Budget,2024-01-30
3042,Aryan,Bhat,aryan.bhat3042@example.com,Jaipur,Premium,2025-01-03
3043,Nisha,Reddy,nisha.reddy3043@example.com,Mumbai,Regular,2024-06-30
3044,Vivaan,Verma,vivaan.verma3044@example.com,Kolkata,Budget,2025-04-11
3045,Vivaan,Kapoor,vivaan.kapoor3045@example.com,Jaipur,Regular,2024-02-14
3046,Meera,Malhotra,meera.malhotra3046@example.com,Delhi,Premium,2025-03-17
3047,Aryan,Nair,aryan.nair3047@example.com,Surat,Budget,2025-04-25
3048,Arjun,Iyer,arjun.iyer3048@example.com,Pune,Regular,2023-06-23
3049,Ananya,Patel,ananya.patel3049@example.com,Ahmedabad,Regular,2023-09-06
3050,Arjun,Kapoor,arjun.kapoor3050@example.com,Delhi,Regular,2024-10-19
3051,Priya,Nair,priya.nair3051@example.com,Chennai,Regular,2023-09-08
3052,Meera,Kapoor,meera.kapoor3052@example.com,Ahmedabad,Regular,2025-03-17
3053,Kavya,Verma,kavya.verma3053@example.com,Mumbai,Budget,2024-08-31
3054,Rahul,Shah,rahul.shah3054@example.com,Mumbai,Regular,2023-10-23
3055,Aisha,Joshi,aisha.joshi3055@example.com,Chennai,Regular,2024-01-07
3056,Rohan,Joshi,rohan.joshi3056@example.com,Chennai,Regular,2024-10-11
3057,Meera,Reddy,meera.reddy3057@example.com,Bangalore,Budget,2023-10-29
3058,Rahul,Patel,rahul.patel3058@example.com,Chennai,Budget,2024-09-14
3059,Aryan,Reddy,aryan.reddy3059@example.com,Mumbai,Budget,2023-08-22
3060,Kavya,Verma,kavya.verma3060@example.com,Surat,Premium,2023-06-01
3061,Aisha,Iyer,aisha.iyer3061@example.com,Jaipur,Regular,2024-06-04
3062,Nisha,Bhat,nisha.bhat3062@example.com,Pune,Regular,2023-06-24
3063,Kavya,Desai,kavya.desai3063@example.com,Pune,Regular,2024-05-28
3064,Diya,Desai,diya.desai3064@example.com,Bangalore,Budget,2024-05-11
3065,Priya,Patel,priya.patel3065@example.com,Kolkata,Premium,2024-05-10
3066,Aditya,Kapoor,aditya.kapoor3066@example.com,Chennai,Regular,2023-08-19
3067,Rahul,Verma,rahul.verma3067@example.com,Delhi,Regular,2024-09-15
3068,Aisha,Singh,aisha.singh3068@example.com,Surat,Budget,2024-04-15
3069,Aarav,Desai,aarav.desai3069@example.com,Jaipur,Budget,2025-02-03
3070,Karan,Kapoor,karan.kapoor3070@example.com,Mumbai,Regular,2024-11-11
3071,Arjun,Kapoor,arjun.kapoor3071@example.com,Delhi,Regular,2024-06-03
3072,Sneha,Desai,sneha.desai3072@example.com,Jaipur,Budget,2025-01-29
3073,Vivaan,Singh,vivaan.singh3073@example.com,Jaipur,Regular,2024-08-03
3074,Aryan,Nair,aryan.nair3074@example.com,Bangalore,Regular,2025-01-27
3075,Kabir,Mehta,kabir.mehta3075@example.com,Ahmedabad,Regular,2024-12-07
3076,Nisha,Verma,nisha.verma3076@example.com,Chennai,Premium,2024-07-19
3077,Karan,Iyer,karan.iyer3077@example.com,Delhi,Budget,2025-04-30
3078,Rahul,Shah,rahul.shah3078@example.com,Mumbai,Regular,2023-11-07
3079,Kabir,Joshi,kabir.joshi3079@example.com,Surat,Regular,2025-02-18
3080,Arjun,Shah,arjun.shah3080@example.com,Mumbai,Regular,2025-03-11
3081,Aditya,Mehta,aditya.mehta3081@example.com,Delhi,Regular,2024-05-04
3082,Priya,Mehta,priya.mehta3082@example.com,Jaipur,Regular,2023-04-13
3083,Nisha,Singh,nisha.singh3083@example.com,Surat,Premium,2023-11-04
3084,Isha,Desai,isha.desai3084@example.com,Ahmedabad,Budget,2023-04-25
3085,Karan,Joshi,karan.joshi3085@example.com,Surat,Budget,2025-04-05
3086,Aarav,Verma,aarav.verma3086@example.com,Kolkata,Regular,2025-02-11
3087,Priya,Reddy,priya.reddy3087@example.com,Pune,Regular,2023-06-30
3088,Riya,Verma,riya.verma3088@example.com,Chennai,Regular,2024-10-22
3089,Sneha,Mehta,sneha.mehta3089@example.com,Chennai,Regular,2023-12-16
3090,Riya,Verma,riya.verma3090@example.com,Ahmedabad,Premium,2024-10-02
3091,Rohan,Singh,rohan.singh3091@example.com,Pune,Budget,2023-01-07
3092,Riya,Singh,riya.singh3092@example.com,Bangalore,Regular,2024-05-22
3093,Isha,Reddy,isha.reddy3093@example.com,Delhi,Budget,2023-11-08
3094,Meera,Kapoor,meera.kapoor3094@example.com,Jaipur,Budget,2024-10-15
3095,Karan,Nair,karan.nair3095@example.com,Hyderabad,Regular,2023-04-22
3096,Riya,Verma,riya.verma3096@example.com,Jaipur,Regular,2023-11-24
3097,Vikram,Bhat,vikram.bhat3097@example.com,Hyderabad,Regular,2024-09-16
3098,Rahul,Kapoor,rahul.kapoor3098@example.com,Hyderabad,Budget,2023-06-10
3099,Rohan,Desai,rohan.desai3099@example.com,Surat,Regular,2023-06-11
3100,Ananya,Shah,ananya.shah3100@example.com,Surat,Budget,2024-04-30
3101,Aryan,Mehta,aryan.mehta3101@example.com,Ahmedabad,Budget,2023-09-27
3102,Vikram,Kapoor,vikram.kapoor3102@example.com,Chennai,Regular,2023-05-29
3103,Aisha,Desai,aisha.desai3103@example.com,Pune,Regular,2025-02-02
3104,Isha,Joshi,isha.joshi3104@example.com,Kolkata,Premium,2024-02-07
3105,Diya,Sharma,diya.sharma3105@example.com,Pune,Regular,2024-02-23
3106,Rahul,Singh,rahul.singh3106@example.com,Chennai,Premium,2025-02-24
3107,Karan,Mehta,karan.mehta3107@example.com,Chennai,Regular,2024-11-08
3108,Aisha,Sharma,aisha.sharma3108@example.com,Kolkata,Budget,2023-11-26
3109,Ananya,Shah,ananya.shah3109@example.com,Hyderabad,Budget,2024-07-27
3110,Nisha,Shah,nisha.shah3110@example.com,Chennai,Premium,2024-03-26
3111,Kabir,Patel,kabir.patel3111@example.com,Ahmedabad,Budget,2023-11-30
3112,Kavya,Singh,kavya.singh3112@example.com,Kolkata,Regular,2023-02-17
3113,Priya,Mehta,priya.mehta3113@example.com,Surat,Regular,2023-10-14
3114,Vivaan,Gupta,vivaan.gupta3114@example.com,Pune,Regular,2023-02-27
3115,Aisha,Singh,aisha.singh3115@example.com,Delhi,Regular,2023-10-19
3116,Aditya,Kapoor,aditya.kapoor3116@example.com,Kolkata,Budget,2025-03-04
3117,Rahul,Joshi,rahul.joshi3117@example.com,Surat,Regular,2023-11-03
3118,Aditya,Singh,aditya.singh3118@example.com,Pune,Regular,2023-09-09
3119,Aryan,Shah,aryan.shah3119@example.com,Chennai,Regular,2024-06-27
3120,Rahul,Nair,rahul.nair3120@example.com,Delhi,Budget,2025-02-27
3121,Ananya,Desai,ananya.desai3121@example.com,Ahmedabad,Budget,2024-01-05
3122,Karan,Patel,karan.patel3122@example.com,Ahmedabad,Regular,2023-11-25
3123,Aisha,Kapoor,aisha.kapoor3123@example.com,Chennai,Regular,2023-07-23
3124,Aarav,Patel,aarav.patel3124@example.com,Kolkata,Regular,2023-05-03
3125,Priya,Nair,priya.nair3125@example.com,Jaipur,Premium,2023-02-19
3126,Riya,Kapoor,riya.kapoor3126@example.com,Surat,Regular,2023-01-17
3127,Vivaan,Shah,vivaan.shah3127@example.com,Pune,Budget,2025-06-13
3128,Priya,Verma,priya.verma3128@example.com,Pune,Regular,2024-08-11
3129,Aditya,Joshi,aditya.joshi3129@example.com,Jaipur,Budget,2023-04-05
3130,Sneha,Patel,sneha.patel3130@example.com,Jaipur,Budget,2025-03-28
3131,Aditya,Joshi,aditya.joshi3131@example.com,Surat,Regular,2024-04-24
3132,Karan,Nair,karan.nair3132@example.com,Kolkata,Budget,2023-03-16
3133,Meera,Singh,meera.singh3133@example.com,Bangalore,Regular,2025-01-26
3134,Aditya,Patel,aditya.patel3134@example.com,Surat,Regular,2024-10-25
3135,Riya,Nair,riya.nair3135@example.com,Kolkata,Budget,2024-12-10
3136,Diya,Joshi,diya.joshi3136@example.com,Mumbai,Regular,2023-10-28
3137,Diya,Sharma,diya.sharma3137@example.com,Hyderabad,Regular,2023-01-09
3138,Rahul,Verma,rahul.verma3138@example.com,Hyderabad,Regular,2025-05-26
3139,Ananya,Shah,ananya.shah3139@example.com,Hyderabad,Budget,2024-04-13
3140,Kavya,Bhat,kavya.bhat3140@example.com,Surat,Regular,2023-12-30
3141,Rahul,Mehta,rahul.mehta3141@example.com,Bangalore,Premium,2023-11-12
3142,Sneha,Joshi,sneha.joshi3142@example.com,Mumbai,Budget,2025-05-14
3143,Sneha,Kapoor,sneha.kapoor3143@example.com,Pune,Budget,2023-03-12
3144,Kabir,Reddy,kabir.reddy3144@example.com,Hyderabad,Regular,2023-08-02
3145,Isha,Verma,isha.verma3145@example.com,Hyderabad,Budget,2023-08-27
3146,Aarav,Patel,aarav.patel3146@example.com,Ahmedabad,Premium,2025-06-17
3147,Diya,Sharma,diya.sharma3147@example.com,Hyderabad,Regular,2024-03-30
3148,Meera,Singh,meera.singh3148@example.com,Hyderabad,Regular,2024-02-13
3149,Diya,Joshi,diya.joshi3149@example.com,Delhi,Premium,2025-04-14
3150,Rohan,Shah,rohan.shah3150@example.com,Jaipur,Premium,2024-08-15
3151,Karan,Gupta,karan.gupta3151@example.com,Surat,Regular,2024-05-15
3152,Ananya,Malhotra,ananya.malhotra3152@example.com,Hyderabad,Budget,2023-07-15
3153,Riya,Kapoor,riya.kapoor3153@example.com,Chennai,Regular,2024-05-04
3154,Meera,Sharma,meera.sharma3154@example.com,Kolkata,Budget,2023-01-08
3155,Diya,Desai,diya.desai3155@example.com,Pune,Regular,2023-04-13
3156,Vikram,Desai,vikram.desai3156@example.com,Kolkata,Budget,2023-03-08
3157,Vikram,Mehta,vikram.mehta3157@example.com,Delhi,Regular,2024-12-19
3158,Diya,Bhat,diya.bhat3158@example.com,Mumbai,Budget,2024-04-27
3159,Aryan,Iyer,aryan.iyer3159@example.com,Pune,Premium,2024-10-24
3160,Kabir,Patel,kabir.patel3160@example.com,Mumbai,Premium,2024-08-01
3161,Rahul,Patel,rahul.patel3161@example.com,Ahmedabad,Budget,2024-12-12
3162,Vivaan,Joshi,vivaan.joshi3162@example.com,Hyderabad,Budget,2025-04-01
3163,Vikram,Kapoor,vikram.kapoor3163@example.com,Kolkata,Budget,2024-09-24
3164,Isha,Patel,isha.patel3164@example.com,Jaipur,Budget,2023-06-28
3165,Rohan,Kapoor,rohan.kapoor3165@example.com,Delhi,Budget,2025-06-19
3166,Aarav,Singh,aarav.singh3166@example.com,Chennai,Regular,2023-07-28
3167,Aisha,Bhat,aisha.bhat3167@example.com,Chennai,Regular,2025-05-11
3168,Aarav,Nair,aarav.nair3168@example.com,Pune,Premium,2023-01-27
3169,Priya,Sharma,priya.sharma3169@example.com,Bangalore,Budget,2025-01-22
3170,Vivaan,Shah,vivaan.shah3170@example.com,Surat,Budget,2024-01-22
3171,Rohan,Patel,rohan.patel3171@example.com,Mumbai,Regular,2023-04-13
3172,Kabir,Gupta,kabir.gupta3172@example.com,Delhi,Premium,2024-03-05
3173,Priya,Singh,priya.singh3173@example.com,Jaipur,Regular,2024-03-01
3174,Nisha,Nair,nisha.nair3174@example.com,Mumbai,Regular,2024-10-14
3175,Priya,Bhat,priya.bhat3175@example.com,Bangalore,Regular,2023-09-21
3176,Sneha,Kapoor,sneha.kapoor3176@example.com,Delhi,Regular,2024-09-20
3177,Kavya,Mehta,kavya.mehta3177@example.com,Hyderabad,Regular,2023-05-09
3178,Rahul,Mehta,rahul.mehta3178@example.com,Delhi,Budget,2024-11-06
3179,Diya,Verma,diya.verma3179@example.com,Delhi,Regular,2024-09-21
3180,Aryan,Patel,aryan.patel3180@example.com,Chennai,Regular,2025-01-17
3181,Meera,Reddy,meera.reddy3181@example.com,Jaipur,Regular,2024-08-27
3182,Aryan,Nair,aryan.nair3182@example.com,Pune,Regular,2023-05-15
3183,Rahul,Joshi,rahul.joshi3183@example.com,Mumbai,Budget,2025-01-24
3184,Diya,Reddy,diya.reddy3184@example.com,Hyderabad,Budget,2023-02-19
3185,Aarav,Patel,aarav.patel3185@example.com,Mumbai,Budget,2024-10-11
3186,Kabir,Patel,kabir.patel3186@example.com,Pune,Premium,2024-02-11
3187,Priya,Singh,priya.singh3187@example.com,Pune,Regular,2025-05-28
3188,Kavya,Malhotra,kavya.malhotra3188@example.com,Hyderabad,Regular,2024-04-07
3189,Aryan,Shah,aryan.shah3189@example.com,Delhi,Budget,2024-03-26
3190,Riya,Bhat,riya.bhat3190@example.com,Pune,Budget,2023-12-12
3191,Rohan,Verma,rohan.verma3191@example.com,Ahmedabad,Budget,2023-12-16
3192,Meera,Reddy,meera.reddy3192@example.com,Pune,Budget,2023-04-09
3193,Aryan,Gupta,aryan.gupta3193@example.com,Pune,Regular,2025-03-11
3194,Aarav,Shah,aarav.shah3194@example.com,Delhi,Regular,2023-05-10
3195,Meera,Desai,meera.desai3195@example.com,Delhi,Regular,2023-04-24
3196,Vikram,Patel,vikram.patel3196@example.com,Pune,Regular,2025-06-13
3197,Isha,Shah,isha.shah3197@example.com,Jaipur,Regular,2023-03-26
3198,Riya,Mehta,riya.mehta3198@example.com,Hyderabad,Budget,2023-05-26
3199,Karan,Iyer,karan.iyer3199@example.com,Pune,Regular,2025-02-01
3200,Rahul,Joshi,rahul.joshi3200@example.com,Jaipur,Regular,2025-05-30
3201,Sneha,Kapoor,sneha.kapoor3201@example.com,Hyderabad,Regular,2024-07-06
3202,Riya,Patel,riya.patel3202@example.com,Bangalore,Premium,2024-01-19
3203,Rohan,Reddy,rohan.reddy3203@example.com,Surat,Regular,2024-10-11
3204,Rahul,Shah,rahul.shah3204@example.com,Kolkata,Budget,2024-09-16
3205,Aryan,Sharma,aryan.sharma3205@example.com,Chennai,Regular,2024-02-15
3206,Riya,Malhotra,riya.malhotra3206@example.com,Ahmedabad,Regular,2024-05-02
3207,Vikram,Sharma,vikram.sharma3207@example.com,Chennai,Budget,2023-03-18
3208,Vikram,Mehta,vikram.mehta3208@example.com,Surat,Regular,2025-01-21
3209,Aditya,Sharma,aditya.sharma3209@example.com,Kolkata,Premium,2025-02-12
3210,Priya,Desai,priya.desai3210@example.com,Hyderabad,Regular,2023-06-14
3211,Rohan,Reddy,rohan.reddy3211@example.com,Kolkata,Regular,2024-03-05
3212,Kabir,Desai,kabir.desai3212@example.com,Delhi,Regular,2023-12-25
3213,Aryan,Patel,aryan.patel3213@example.com,Delhi,Budget,2024-02-16
3214,Kavya,Reddy,kavya.reddy3214@example.com,Hyderabad,Regular,2023-06-05
3215,Aryan,Nair,aryan.nair3215@example.com,Mumbai,Regular,2023-12-02
3216,Riya,Verma,riya.verma3216@example.com,Delhi,Budget,2024-06-20
3217,Nisha,Singh,nisha.singh3217@example.com,Ahmedabad,Regular,2023-08-26
3218,Arjun,Shah,arjun.shah3218@example.com,Surat,Regular,2025-01-30
3219,Aditya,Bhat,aditya.bhat3219@example.com,Pune,Budget,2025-02-11
3220,Vivaan,Malhotra,vivaan.malhotra3220@example.com,Chennai,Premium,2025-05-08
3221,Meera,Malhotra,meera.malhotra3221@example.com,Bangalore,Budget,2024-08-22
3222,Priya,Nair,priya.nair3222@example.com,Hyderabad,Regular,2023-10-26
3223,Aditya,Iyer,aditya.iyer3223@example.com,Surat,Budget,2024-09-09
3224,Kabir,Desai,kabir.desai3224@example.com,Ahmedabad,Budget,2025-05-20
3225,Isha,Malhotra,isha.malhotra3225@example.com,Delhi,Budget,2023-02-28
3226,Aryan,Desai,aryan.desai3226@example.com,Chennai,Budget,2025-01-11
3227,Riya,Kapoor,riya.kapoor3227@example.com,Chennai,Budget,2024-03-05
3228,Aditya,Sharma,aditya.sharma3228@example.com,Ahmedabad,Regular,2023-04-14
3229,Priya,Mehta,priya.mehta3229@example.com,Kolkata,Regular,2024-08-28
3230,Arjun,Nair,arjun.nair3230@example.com,Ahmedabad,Regular,2025-04-26
3231,Kavya,Malhotra,kavya.malhotra3231@example.com,Jaipur,Budget,2024-09-13
3232,Diya,Sharma,diya.sharma3232@example.com,Delhi,Regular,2024-09-08
3233,Arjun,Joshi,arjun.joshi3233@example.com,Delhi,Budget,2023-04-08
3234,Kabir,Kapoor,kabir.kapoor3234@example.com,Surat,Regular,2024-08-17
3235,Diya,Iyer,diya.iyer3235@example.com,Mumbai,Regular,2025-02-01
3236,Meera,Desai,meera.desai3236@example.com,Surat,Budget,2024-04-16
3237,Vivaan,Malhotra,vivaan.malhotra3237@example.com,Kolkata,Regular,2025-04-12
3238,Aarav,Mehta,aarav.mehta3238@example.com,Bangalore,Premium,2024-08-03
3239,Ananya,Gupta,ananya.gupta3239@example.com,Kolkata,Budget,2023-10-27
3240,Meera,Desai,meera.desai3240@example.com,Pune,Budget,2023-09-17
3241,Aisha,Kapoor,aisha.kapoor3241@example.com,Chennai,Regular,2023-09-12
3242,Vivaan,Kapoor,vivaan.kapoor3242@example.com,Chennai,Budget,2024-04-14
3243,Rohan,Mehta,rohan.mehta3243@example.com,Jaipur,Regular,2024-07-25
3244,Diya,Nair,diya.nair3244@example.com,Bangalore,Budget,2023-12-23
3245,Aditya,Kapoor,aditya.kapoor3245@example.com,Surat,Regular,2023-12-27
3246,Kabir,Kapoor,kabir.kapoor3246@example.com,Chennai,Premium,2025-04-28
3247,Aditya,Reddy,aditya.reddy3247@example.com,Pune,Regular,2024-02-20
3248,Rohan,Nair,rohan.nair3248@example.com,Hyderabad,Regular,2024-01-27
3249,Priya,Kapoor,priya.kapoor3249@example.com,Ahmedabad,Budget,2023-12-12
3250,Rohan,Patel,rohan.patel3250@example.com,Mumbai,Premium,2023-11-27
3251,Kavya,Verma,kavya.verma3251@example.com,Jaipur,Regular,2024-06-02
3252,Sneha,Shah,sneha.shah3252@example.com,Kolkata,Regular,2023-07-02
3253,Aditya,Mehta,aditya.mehta3253@example.com,Delhi,Budget,2023-04-06
3254,Diya,Desai,diya.desai3254@example.com,Bangalore,Budget,2023-09-27
3255,Sneha,Kapoor,sneha.kapoor3255@example.com,Bangalore,Budget,2024-02-11
3256,Arjun,Desai,arjun.desai3256@example.com,Chennai,Regular,2025-01-23
3257,Aditya,Kapoor,aditya.kapoor3257@example.com,Ahmedabad,Budget,2023-08-19
3258,Kabir,Shah,kabir.shah3258@example.com,Chennai,Premium,2023-06-08
3259,Kabir,Desai,kabir.desai3259@example.com,Hyderabad,Regular,2024-12-12
3260,Kabir,Singh,kabir.singh3260@example.com,Hyderabad,Premium,2024-10-25
3261,Vikram,Mehta,vikram.mehta3261@example.com,Surat,Regular,2023-01-22
3262,Meera,Malhotra,meera.malhotra3262@example.com,Jaipur,Budget,2024-07-23
3263,Karan,Malhotra,karan.malhotra3263@example.com,Jaipur,Regular,2023-07-10
3264,Kavya,Bhat,kavya.bhat3264@example.com,Chennai,Budget,2024-02-01
3265,Aisha,Nair,aisha.nair3265@example.com,Chennai,Regular,2025-03-31
3266,Aisha,Bhat,aisha.bhat3266@example.com,Pune,Regular,2023-08-29
3267,Aditya,Iyer,aditya.iyer3267@example.com,Pune,Budget,2023-05-18
3268,Kabir,Nair,kabir.nair3268@example.com,Surat,Premium,2024-07-05
3269,Riya,Iyer,riya.iyer3269@example.com,Jaipur,Regular,2024-05-02
3270,Nisha,Mehta,nisha.mehta3270@example.com,Pune,Budget,2025-01-07
3271,Sneha,Desai,sneha.desai3271@example.com,Ahmedabad,Regular,2023-08-18
3272,Vivaan,Singh,vivaan.singh3272@example.com,Ahmedabad,Regular,2024-09-25
3273,Isha,Gupta,isha.gupta3273@example.com,Mumbai,Regular,2023-06-25
3274,Sneha,Reddy,sneha.reddy3274@example.com,Pune,Regular,2023-02-28
3275,Rahul,Gupta,rahul.gupta3275@example.com,Pune,Premium,2024-11-29
3276,Aryan,Joshi,aryan.joshi3276@example.com,Mumbai,Budget,2023-09-16
3277,Priya,Malhotra,priya.malhotra3277@example.com,Bangalore,Budget,2024-12-22
3278,Karan,Reddy,karan.reddy3278@example.com,Chennai,Regular,2024-04-07
3279,Vikram,Kapoor,vikram.kapoor3279@example.com,Surat,Budget,2023-08-27
3280,Riya,Malhotra,riya.malhotra3280@example.com,Jaipur,Budget,2023-05-28
3281,Kavya,Kapoor,kavya.kapoor3281@example.com,Mumbai,Budget,2025-06-02
3282,Vivaan,Iyer,vivaan.iyer3282@example.com,Pune,Regular,2025-02-11
3283,Aditya,Joshi,aditya.joshi3283@example.com,Jaipur,Regular,2023-03-07
3284,Rohan,Iyer,rohan.iyer3284@example.com,Hyderabad,Budget,2023-07-19
3285,Rohan,Desai,rohan.desai3285@example.com,Mumbai,Regular,2023-07-05
3286,Priya,Iyer,priya.iyer3286@example.com,Pune,Premium,2023-05-03
3287,Diya,Joshi,diya.joshi3287@example.com,Kolkata,Budget,2024-12-18
3288,Diya,Iyer,diya.iyer3288@example.com,Bangalore,Budget,2024-04-30
3289,Rohan,Gupta,rohan.gupta3289@example.com,Pune,Regular,2023-11-15
3290,Isha,Bhat,isha.bhat3290@example.com,Ahmedabad,Premium,2023-09-16
3291,Aryan,Malhotra,aryan.malhotra3291@example.com,Hyderabad,Regular,2023-07-25
3292,Aditya,Kapoor,aditya.kapoor3292@example.com,Delhi,Regular,2024-04-07
3293,Aarav,Bhat,aarav.bhat3293@example.com,Mumbai,Budget,2024-09-12
3294,Vivaan,Reddy,vivaan.reddy3294@example.com,Delhi,Regular,2024-01-18
3295,Riya,Sharma,riya.sharma3295@example.com,Pune,Regular,2023-01-05
3296,Aarav,Nair,aarav.nair3296@example.com,Surat,Regular,2024-08-04
3297,Aditya,Patel,aditya.patel3297@example.com,Surat,Regular,2023-07-13
3298,Sneha,Mehta,sneha.mehta3298@example.com,Delhi,Budget,2023-12-20
3299,Rahul,Joshi,rahul.joshi3299@example.com,Surat,Regular,2024-01-19
3300,Meera,Iyer,meera.iyer3300@example.com,Bangalore,Regular,2025-05-16
3301,Meera,Sharma,meera.sharma3301@example.com,Mumbai,Budget,2024-09-29
3302,Arjun,Nair,arjun.nair3302@example.com,Chennai,Premium,2023-11-16
3303,Rohan,Joshi,rohan.joshi3303@example.com,Bangalore,Budget,2024-06-14
3304,Priya,Mehta,priya.mehta3304@example.com,Bangalore,Budget,2024-09-09
3305,Ananya,Singh,ananya.singh3305@example.com,Jaipur,Budget,2024-11-05
3306,Meera,Gupta,meera.gupta3306@example.com,Jaipur,Premium,2024-11-15
3307,Kabir,Kapoor,kabir.kapoor3307@example.com,Hyderabad,Budget,2023-05-25
3308,Priya,Mehta,priya.mehta3308@example.com,Kolkata,Premium,2025-03-24
3309,Vivaan,Bhat,vivaan.bhat3309@example.com,Surat,Premium,2024-05-06
3310,Riya,Gupta,riya.gupta3310@example.com,Pune,Budget,2024-11-10
3311,Kavya,Joshi,kavya.joshi3311@example.com,Jaipur,Regular,2024-12-20
3312,Sneha,Reddy,sneha.reddy3312@example.com,Chennai,Regular,2023-07-25
3313,Meera,Nair,meera.nair3313@example.com,Chennai,Budget,2023-07-22
3314,Isha,Malhotra,isha.malhotra3314@example.com,Kolkata,Premium,2024-03-21
3315,Aarav,Singh,aarav.singh3315@example.com,Pune,Regular,2023-04-17
3316,Nisha,Malhotra,nisha.malhotra3316@example.com,Ahmedabad,Budget,2023-11-10
3317,Vikram,Nair,vikram.nair3317@example.com,Mumbai,Regular,2024-12-01
3318,Vivaan,Mehta,vivaan.mehta3318@example.com,Chennai,Budget,2023-04-02
3319,Kavya,Shah,kavya.shah3319@example.com,Pune,Budget,2023-06-27
3320,Sneha,Sharma,sneha.sharma3320@example.com,Chennai,Regular,2023-02-18
3321,Aisha,Shah,aisha.shah3321@example.com,Kolkata,Budget,2023-02-23
3322,Riya,Desai,riya.desai3322@example.com,Jaipur,Regular,2023-07-02
3323,Vivaan,Bhat,vivaan.bhat3323@example.com,Delhi,Regular,2023-08-08
3324,Rohan,Bhat,rohan.bhat3324@example.com,Pune,Premium,2023-08-15
3325,Karan,Singh,karan.singh3325@example.com,Surat,Regular,2023-07-31
3326,Aarav,Sharma,aarav.sharma3326@example.com,Hyderabad,Budget,2024-01-26
3327,Arjun,Bhat,arjun.bhat3327@example.com,Mumbai,Budget,2023-10-25
3328,Ananya,Patel,ananya.patel3328@example.com,Hyderabad,Regular,2024-02-04
3329,Diya,Sharma,diya.sharma3329@example.com,Bangalore,Regular,2023-06-09
3330,Nisha,Reddy,nisha.reddy3330@example.com,Kolkata,Regular,2023-09-22
3331,Vikram,Mehta,vikram.mehta3331@example.com,Chennai,Regular,2025-06-18
3332,Aarav,Malhotra,aarav.malhotra3332@example.com,Kolkata,Regular,2025-04-23
3333,Karan,Desai,karan.desai3333@example.com,Ahmedabad,Regular,2025-03-08
3334,Aarav,Reddy,aarav.reddy3334@example.com,Kolkata,Premium,2024-12-10
3335,Meera,Patel,meera.patel3335@example.com,Hyderabad,Premium,2024-11-09
3336,Arjun,Gupta,arjun.gupta3336@example.com,Ahmedabad,Premium,2023-06-12
3337,Sneha,Kapoor,sneha.kapoor3337@example.com,Chennai,Budget,2023-06-21
3338,Diya,Verma,diya.verma3338@example.com,Chennai,Regular,2024-07-03
3339,Kavya,Verma,kavya.verma3339@example.com,Delhi,Regular,2023-04-22
3340,Karan,Gupta,karan.gupta3340@example.com,Ahmedabad,Regular,2024-07-22
3341,Riya,Sharma,riya.sharma3341@example.com,Ahmedabad,Premium,2024-04-25
3342,Kabir,Sharma,kabir.sharma3342@example.com,Kolkata,Regular,2025-05-03
3343,Aditya,Mehta,aditya.mehta3343@example.com,Surat,Regular,2024-03-22
3344,Rahul,Singh,rahul.singh3344@example.com,Mumbai,Regular,2024-09-03
3345,Riya,Nair,riya.nair3345@example.com,Hyderabad,Budget,2023-07-13
3346,Vivaan,Joshi,vivaan.joshi3346@example.com,Bangalore,Regular,2023-01-15
3347,Aryan,Bhat,aryan.bhat3347@example.com,Pune,Regular,2023-06-29
3348,Vivaan,Malhotra,vivaan.malhotra3348@example.com,Bangalore,Budget,2024-01-25
3349,Riya,Gupta,riya.gupta3349@example.com,Bangalore,Regular,2023-08-19
3350,Ananya,Reddy,ananya.reddy3350@example.com,Ahmedabad,Premium,2025-01-08
3351,Meera,Gupta,meera.gupta3351@example.com,Hyderabad,Regular,2025-05-13
3352,Vikram,Shah,vikram.shah3352@example.com,Bangalore,Regular,2023-06-14
3353,Ananya,Sharma,ananya.sharma3353@example.com,Delhi,Regular,2023-04-25
3354,Sneha,Sharma,sneha.sharma3354@example.com,Bangalore,Budget,2024-09-25
3355,Ananya,Kapoor,ananya.kapoor3355@example.com,Bangalore,Budget,2023-02-09
3356,Kabir,Sharma,kabir.sharma3356@example.com,Mumbai,Regular,2024-01-26
3357,Diya,Nair,diya.nair3357@example.com,Delhi,Budget,2024-08-03
3358,Vivaan,Joshi,vivaan.joshi3358@example.com,Delhi,Premium,2024-07-12
3359,Priya,Bhat,priya.bhat3359@example.com,Kolkata,Regular,2024-08-08
3360,Nisha,Malhotra,nisha.malhotra3360@example.com,Hyderabad,Regular,2024-04-05
3361,Nisha,Verma,nisha.verma3361@example.com,Ahmedabad,Regular,2023-12-20
3362,Rahul,Singh,rahul.singh3362@example.com,Pune,Regular,2024-07-03
3363,Vikram,Reddy,vikram.reddy3363@example.com,Bangalore,Budget,2025-01-18
3364,Diya,Verma,diya.verma3364@example.com,Pune,Budget,2023-06-14
3365,Isha,Nair,isha.nair3365@example.com,Bangalore,Premium,2023-11-04
3366,Isha,Iyer,isha.iyer3366@example.com,Jaipur,Budget,2025-06-19
3367,Diya,Patel,diya.patel3367@example.com,Pune,Regular,2025-05-10
3368,Diya,Malhotra,diya.malhotra3368@example.com,Ahmedabad,Budget,2024-03-03
3369,Meera,Malhotra,meera.malhotra3369@example.com,Pune,Regular,2024-04-19
3370,Diya,Patel,diya.patel3370@example.com,Jaipur,Regular,2025-01-10
3371,Karan,Iyer,karan.iyer3371@example.com,Surat,Regular,2023-07-15
3372,Nisha,Kapoor,nisha.kapoor3372@example.com,Jaipur,Budget,2024-04-19
3373,Isha,Kapoor,isha.kapoor3373@example.com,Chennai,Regular,2024-10-21
3374,Rahul,Singh,rahul.singh3374@example.com,Jaipur,Regular,2023-04-22
3375,Vikram,Bhat,vikram.bhat3375@example.com,Surat,Regular,2025-05-02
3376,Karan,Mehta,karan.mehta3376@example.com,Jaipur,Budget,2023-12-12
3377,Diya,Bhat,diya.bhat3377@example.com,Kolkata,Regular,2024-06-13
3378,Meera,Sharma,meera.sharma3378@example.com,Hyderabad,Regular,2024-12-11
3379,Rohan,Verma,rohan.verma3379@example.com,Surat,Budget,2025-02-02
3380,Diya,Joshi,diya.joshi3380@example.com,Hyderabad,Regular,2025-03-11
3381,Ananya,Singh,ananya.singh3381@example.com,Bangalore,Budget,2023-09-09
3382,Priya,Kapoor,priya.kapoor3382@example.com,Surat,Regular,2024-09-17
3383,Vivaan,Reddy,vivaan.reddy3383@example.com,Delhi,Premium,2023-04-10
3384,Aarav,Bhat,aarav.bhat3384@example.com,Mumbai,Regular,2025-06-01
3385,Aditya,Kapoor,aditya.kapoor3385@example.com,Hyderabad,Budget,2024-01-01
3386,Karan,Verma,karan.verma3386@example.com,Delhi,Regular,2025-05-10
3387,Ananya,Joshi,ananya.joshi3387@example.com,Ahmedabad,Regular,2025-04-28
3388,Rohan,Verma,rohan.verma3388@example.com,Delhi,Budget,2023-11-07
3389,Rohan,Bhat,rohan.bhat3389@example.com,Bangalore,Regular,2023-06-05
3390,Sneha,Bhat,sneha.bhat3390@example.com,Kolkata,Regular,2024-09-25
3391,Sneha,Reddy,sneha.reddy3391@example.com,Chennai,Regular,2024-04-25
3392,Kabir,Gupta,kabir.gupta3392@example.com,Bangalore,Budget,2024-11-10
3393,Arjun,Nair,arjun.nair3393@example.com,Bangalore,Budget,2023-02-10
3394,Priya,Malhotra,priya.malhotra3394@example.com,Bangalore,Budget,2024-05-03
3395,Kavya,Iyer,kavya.iyer3395@example.com,Pune,Budget,2025-04-17
3396,Kavya,Joshi,kavya.joshi3396@example.com,Ahmedabad,Budget,2023-07-06
3397,Priya,Reddy,priya.reddy3397@example.com,Pune,Budget,2024-08-03
3398,Aditya,Bhat,aditya.bhat3398@example.com,Delhi,Regular,2024-01-14
3399,Nisha,Verma,nisha.verma3399@example.com,Kolkata,Budget,2024-11-24
3400,Arjun,Bhat,arjun.bhat3400@example.com,Hyderabad,Budget,2025-03-20
3401,Ananya,Verma,ananya.verma3401@example.com,Delhi,Regular,2024-12-29
3402,Priya,Sharma,priya.sharma3402@example.com,Surat,Regular,2024-09-28
3403,Rohan,Kapoor,rohan.kapoor3403@example.com,Chennai,Regular,2025-05-21
3404,Aryan,Shah,aryan.shah3404@example.com,Ahmedabad,Regular,2023-01-25
3405,Rohan,Sharma,rohan.sharma3405@example.com,Hyderabad,Budget,2024-10-26
3406,Aryan,Singh,aryan.singh3406@example.com,Pune,Premium,2024-03-19
3407,Meera,Reddy,meera.reddy3407@example.com,Pune,Regular,2023-03-24
3408,Rahul,Desai,rahul.desai3408@example.com,Mumbai,Budget,2024-10-01
3409,Aarav,Verma,aarav.verma3409@example.com,Hyderabad,Budget,2024-01-25
3410,Diya,Malhotra,diya.malhotra3410@example.com,Chennai,Regular,2023-02-06
3411,Ananya,Kapoor,ananya.kapoor3411@example.com,Jaipur,Budget,2025-04-02
3412,Isha,Malhotra,isha.malhotra3412@example.com,Pune,Premium,2024-12-25
3413,Aisha,Iyer,aisha.iyer3413@example.com,Jaipur,Regular,2023-09-25
3414,Vikram,Verma,vikram.verma3414@example.com,Ahmedabad,Budget,2023-03-27
3415,Aditya,Nair,aditya.nair3415@example.com,Pune,Budget,2024-11-13
3416,Arjun,Sharma,arjun.sharma3416@example.com,Bangalore,Budget,2025-04-10
3417,Arjun,Mehta,arjun.mehta3417@example.com,Bangalore,Regular,2023-03-18
3418,Rahul,Joshi,rahul.joshi3418@example.com,Hyderabad,Budget,2025-03-31
3419,Aditya,Sharma,aditya.sharma3419@example.com,Mumbai,Budget,2025-01-10
3420,Ananya,Desai,ananya.desai3420@example.com,Delhi,Regular,2024-09-24
3421,Meera,Reddy,meera.reddy3421@example.com,Pune,Budget,2025-06-13
3422,Arjun,Joshi,arjun.joshi3422@example.com,Mumbai,Budget,2023-05-05
3423,Karan,Bhat,karan.bhat3423@example.com,Delhi,Regular,2025-02-02
3424,Aditya,Sharma,aditya.sharma3424@example.com,Hyderabad,Regular,2024-03-19
3425,Aditya,Malhotra,aditya.malhotra3425@example.com,Jaipur,Regular,2023-11-25
3426,Karan,Iyer,karan.iyer3426@example.com,Surat,Budget,2024-05-22
3427,Priya,Verma,priya.verma3427@example.com,Surat,Budget,2025-01-19
3428,Vivaan,Singh,vivaan.singh3428@example.com,Jaipur,Premium,2023-07-09
3429,Rohan,Mehta,rohan.mehta3429@example.com,Bangalore,Budget,2023-09-27
3430,Kavya,Mehta,kavya.mehta3430@example.com,Delhi,Budget,2024-12-17
3431,Aditya,Mehta,aditya.mehta3431@example.com,Pune,Budget,2023-07-11
3432,Kabir,Patel,kabir.patel3432@example.com,Surat,Regular,2024-02-09
3433,Isha,Shah,isha.shah3433@example.com,Chennai,Regular,2024-10-17
3434,Aryan,Desai,aryan.desai3434@example.com,Hyderabad,Regular,2023-12-20
3435,Aryan,Verma,aryan.verma3435@example.com,Bangalore,Premium,2025-02-11
3436,Aditya,Singh,aditya.singh3436@example.com,Mumbai,Regular,2023-12-19
3437,Isha,Gupta,isha.gupta3437@example.com,Ahmedabad,Premium,2024-11-21
3438,Aditya,Kapoor,aditya.kapoor3438@example.com,Pune,Regular,2024-08-25
3439,Nisha,Reddy,nisha.reddy3439@example.com,Surat,Regular,2023-03-09
3440,Ananya,Singh,ananya.singh3440@example.com,Ahmedabad,Regular,2024-01-02
3441,Vikram,Nair,vikram.nair3441@example.com,Pune,Regular,2024-05-15
3442,Karan,Mehta,karan.mehta3442@example.com,Bangalore,Premium,2024-08-24
3443,Aisha,Malhotra,aisha.malhotra3443@example.com,Ahmedabad,Regular,2024-04-21
3444,Diya,Singh,diya.singh3444@example.com,Ahmedabad,Regular,2025-06-08
3445,Rahul,Iyer,rahul.iyer3445@example.com,Kolkata,Regular,2025-02-07
3446,Aarav,Desai,aarav.desai3446@example.com,Pune,Regular,2023-05-23
3447,Rahul,Malhotra,rahul.malhotra3447@example.com,Mumbai,Regular,2024-01-10
3448,Rohan,Patel,rohan.patel3448@example.com,Bangalore,Regular,2024-08-30
3449,Aarav,Malhotra,aarav.malhotra3449@example.com,Bangalore,Regular,2024-04-28
3450,Karan,Sharma,karan.sharma3450@example.com,Kolkata,Regular,2024-05-24
3451,Sneha,Verma,sneha.verma3451@example.com,Hyderabad,Regular,2023-08-22
3452,Priya,Malhotra,priya.malhotra3452@example.com,Bangalore,Regular,2024-03-21
3453,Vivaan,Kapoor,vivaan.kapoor3453@example.com,Delhi,Budget,2023-04-19
3454,Priya,Joshi,priya.joshi3454@example.com,Bangalore,Regular,2023-10-24
3455,Priya,Nair,priya.nair3455@example.com,Kolkata,Regular,2023-08-10
3456,Vikram,Reddy,vikram.reddy3456@example.com,Pune,Regular,2023-06-12
3457,Nisha,Malhotra,nisha.malhotra3457@example.com,Delhi,Regular,2024-09-18
3458,Riya,Verma,riya.verma3458@example.com,Pune,Budget,2023-12-16
3459,Rahul,Kapoor,rahul.kapoor3459@example.com,Ahmedabad,Premium,2024-08-01
3460,Meera,Kapoor,meera.kapoor3460@example.com,Hyderabad,Regular,2024-03-03
3461,Ananya,Iyer,ananya.iyer3461@example.com,Pune,Regular,2023-08-28
3462,Priya,Nair,priya.nair3462@example.com,Jaipur,Regular,2023-10-15
3463,Ananya,Iyer,ananya.iyer3463@example.com,Bangalore,Budget,2023-07-19
3464,Kavya,Bhat,kavya.bhat3464@example.com,Surat,Regular,2023-08-23
3465,Kabir,Singh,kabir.singh3465@example.com,Ahmedabad,Budget,2024-07-30
3466,Ananya,Shah,ananya.shah3466@example.com,Kolkata,Budget,2023-04-08
3467,Nisha,Kapoor,nisha.kapoor3467@example.com,Jaipur,Regular,2023-03-25
3468,Nisha,Bhat,nisha.bhat3468@example.com,Chennai,Premium,2025-01-15
3469,Diya,Nair,diya.nair3469@example.com,Chennai,Budget,2023-07-17
3470,Aisha,Desai,aisha.desai3470@example.com,Mumbai,Regular,2025-03-07
3471,Kabir,Reddy,kabir.reddy3471@example.com,Pune,Regular,2023-01-04
3472,Nisha,Singh,nisha.singh3472@example.com,Bangalore,Budget,2024-07-29
3473,Ananya,Singh,ananya.singh3473@example.com,Surat,Budget,2023-11-18
3474,Karan,Desai,karan.desai3474@example.com,Hyderabad,Budget,2025-04-10
3475,Nisha,Joshi,nisha.joshi3475@example.com,Chennai,Budget,2023-05-04
3476,Karan,Shah,karan.shah3476@example.com,Jaipur,Regular,2025-03-29
3477,Diya,Malhotra,diya.malhotra3477@example.com,Mumbai,Regular,2024-12-18
3478,Karan,Patel,karan.patel3478@example.com,Mumbai,Premium,2023-10-31
3479,Isha,Gupta,isha.gupta3479@example.com,Ahmedabad,Budget,2024-01-13
3480,Rahul,Singh,rahul.singh3480@example.com,Kolkata,Regular,2024-10-02
3481,Nisha,Singh,nisha.singh3481@example.com,Pune,Premium,2025-02-15
3482,Aryan,Singh,aryan.singh3482@example.com,Hyderabad,Budget,2023-10-10
3483,Meera,Verma,meera.verma3483@example.com,Surat,Premium,2023-06-16
3484,Aarav,Gupta,aarav.gupta3484@example.com,Pune,Regular,2023-02-23
3485,Aisha,Patel,aisha.patel3485@example.com,Kolkata,Regular,2023-11-19
3486,Isha,Reddy,isha.reddy3486@example.com,Kolkata,Regular,2023-11-28
3487,Nisha,Desai,nisha.desai3487@example.com,Mumbai,Regular,2025-02-17
3488,Ananya,Joshi,ananya.joshi3488@example.com,Surat,Premium,2025-02-13
3489,Riya,Sharma,riya.sharma3489@example.com,Bangalore,Regular,2025-01-10
3490,Aditya,Patel,aditya.patel3490@example.com,Delhi,Regular,2023-06-05
3491,Kabir,Gupta,kabir.gupta3491@example.com,Pune,Budget,2025-02-11
3492,Ananya,Gupta,ananya.gupta3492@example.com,Pune,Budget,2024-02-27
3493,Priya,Malhotra,priya.malhotra3493@example.com,Mumbai,Regular,2024-07-12
3494,Diya,Iyer,diya.iyer3494@example.com,Jaipur,Budget,2023-06-08
3495,Karan,Singh,karan.singh3495@example.com,Delhi,Budget,2023-06-12
3496,Aryan,Mehta,aryan.mehta3496@example.com,Mumbai,Regular,2023-09-03
3497,Sneha,Sharma,sneha.sharma3497@example.com,Hyderabad,Regular,2023-02-23
3498,Vivaan,Mehta,vivaan.mehta3498@example.com,Hyderabad,Budget,2025-02-15
3499,Rahul,Shah,rahul.shah3499@example.com,Pune,Regular,2023-11-24
3500,Diya,Sharma,diya.sharma3500@example.com,Chennai,Regular,2024-06-06
3501,Isha,Shah,isha.shah3501@example.com,Mumbai,Regular,2023-03-11
3502,Vivaan,Mehta,vivaan.mehta3502@example.com,Surat,Regular,2023-08-24
3503,Aisha,Iyer,aisha.iyer3503@example.com,Surat,Budget,2023-03-24
3504,Riya,Bhat,riya.bhat3504@example.com,Bangalore,Regular,2025-04-28
3505,Rahul,Shah,rahul.shah3505@example.com,Surat,Regular,2023-01-08
3506,Sneha,Kapoor,sneha.kapoor3506@example.com,Kolkata,Regular,2024-06-07
3507,Karan,Nair,karan.nair3507@example.com,Chennai,Regular,2024-09-14
3508,Ananya,Bhat,ananya.bhat3508@example.com,Kolkata,Premium,2023-09-24
3509,Vikram,Singh,vikram.singh3509@example.com,Ahmedabad,Regular,2023-01-30
3510,Riya,Nair,riya.nair3510@example.com,Hyderabad,Regular,2024-02-20
3511,Vivaan,Malhotra,vivaan.malhotra3511@example.com,Delhi,Budget,2025-04-03
3512,Karan,Mehta,karan.mehta3512@example.com,Surat,Budget,2025-02-16
3513,Vikram,Desai,vikram.desai3513@example.com,Hyderabad,Budget,2024-12-07
3514,Vikram,Kapoor,vikram.kapoor3514@example.com,Mumbai,Regular,2024-04-19
3515,Kabir,Joshi,kabir.joshi3515@example.com,Chennai,Regular,2025-05-13
3516,Aarav,Verma,aarav.verma3516@example.com,Hyderabad,Budget,2023-01-13
3517,Ananya,Mehta,ananya.mehta3517@example.com,Kolkata,Budget,2024-05-26
3518,Meera,Malhotra,meera.malhotra3518@example.com,Bangalore,Budget,2024-09-08
3519,Priya,Shah,priya.shah3519@example.com,Chennai,Budget,2024-09-03
3520,Kabir,Gupta,kabir.gupta3520@example.com,Delhi,Budget,2024-09-23
3521,Aarav,Joshi,aarav.joshi3521@example.com,Mumbai,Budget,2023-02-21
3522,Aarav,Verma,aarav.verma3522@example.com,Kolkata,Budget,2024-03-31
3523,Rohan,Gupta,rohan.gupta3523@example.com,Pune,Regular,2023-02-24
3524,Karan,Malhotra,karan.malhotra3524@example.com,Pune,Premium,2025-01-29
3525,Isha,Reddy,isha.reddy3525@example.com,Chennai,Budget,2023-01-23
3526,Arjun,Verma,arjun.verma3526@example.com,Chennai,Regular,2023-05-26
3527,Karan,Gupta,karan.gupta3527@example.com,Mumbai,Budget,2024-10-13
3528,Priya,Patel,priya.patel3528@example.com,Delhi,Premium,2023-01-15
3529,Kabir,Singh,kabir.singh3529@example.com,Surat,Regular,2025-06-09
3530,Aryan,Verma,aryan.verma3530@example.com,Surat,Regular,2023-01-24
3531,Rahul,Mehta,rahul.mehta3531@example.com,Kolkata,Regular,2023-03-08
3532,Aarav,Sharma,aarav.sharma3532@example.com,Kolkata,Budget,2024-05-24
3533,Isha,Patel,isha.patel3533@example.com,Surat,Budget,2023-01-14
3534,Aditya,Nair,aditya.nair3534@example.com,Chennai,Budget,2025-06-16
3535,Priya,Mehta,priya.mehta3535@example.com,Chennai,Premium,2025-04-01
3536,Aryan,Desai,aryan.desai3536@example.com,Hyderabad,Regular,2023-07-12
3537,Aarav,Reddy,aarav.reddy3537@example.com,Surat,Budget,2023-02-15
3538,Isha,Shah,isha.shah3538@example.com,Ahmedabad,Budget,2024-12-20
3539,Vivaan,Verma,vivaan.verma3539@example.com,Delhi,Regular,2024-01-08
3540,Meera,Desai,meera.desai3540@example.com,Jaipur,Regular,2024-04-28
3541,Aisha,Iyer,aisha.iyer3541@example.com,Jaipur,Premium,2024-07-18
3542,Aisha,Malhotra,aisha.malhotra3542@example.com,Surat,Regular,2023-06-28
3543,Meera,Kapoor,meera.kapoor3543@example.com,Chennai,Premium,2025-02-24
3544,Priya,Reddy,priya.reddy3544@example.com,Kolkata,Regular,2024-07-09
3545,Isha,Gupta,isha.gupta3545@example.com,Chennai,Budget,2024-09-08
3546,Ananya,Bhat,ananya.bhat3546@example.com,Ahmedabad,Regular,2024-01-03
3547,Sneha,Desai,sneha.desai3547@example.com,Bangalore,Budget,2024-11-27
3548,Ananya,Shah,ananya.shah3548@example.com,Bangalore,Regular,2025-05-30
3549,Sneha,Reddy,sneha.reddy3549@example.com,Bangalore,Budget,2025-05-01
3550,Kavya,Patel,kavya.patel3550@example.com,Hyderabad,Budget,2025-04-15
3551,Diya,Gupta,diya.gupta3551@example.com,Kolkata,Budget,2025-04-23
3552,Riya,Shah,riya.shah3552@example.com,Jaipur,Premium,2023-02-12
3553,Aarav,Verma,aarav.verma3553@example.com,Bangalore,Budget,2024-07-17
3554,Ananya,Singh,ananya.singh3554@example.com,Pune,Budget,2023-04-30
3555,Aisha,Shah,aisha.shah3555@example.com,Jaipur,Regular,2024-02-09
3556,Diya,Mehta,diya.mehta3556@example.com,Pune,Budget,2024-08-13
3557,Arjun,Mehta,arjun.mehta3557@example.com,Ahmedabad,Regular,2024-10-17
3558,Karan,Iyer,karan.iyer3558@example.com,Jaipur,Budget,2023-01-01
3559,Priya,Patel,priya.patel3559@example.com,Chennai,Regular,2023-03-15
3560,Diya,Verma,diya.verma3560@example.com,Hyderabad,Regular,2025-04-25
3561,Arjun,Desai,arjun.desai3561@example.com,Mumbai,Premium,2023-07-15
3562,Vikram,Gupta,vikram.gupta3562@example.com,Bangalore,Budget,2023-08-01
3563,Aditya,Gupta,aditya.gupta3563@example.com,Ahmedabad,Budget,2023-09-17
3564,Isha,Kapoor,isha.kapoor3564@example.com,Kolkata,Premium,2024-11-08
3565,Nisha,Verma,nisha.verma3565@example.com,Kolkata,Regular,2023-12-18
3566,Vikram,Malhotra,vikram.malhotra3566@example.com,Surat,Budget,2024-09-26
3567,Nisha,Joshi,nisha.joshi3567@example.com,Ahmedabad,Budget,2023-02-12
3568,Priya,Kapoor,priya.kapoor3568@example.com,Mumbai,Regular,2023-12-26
3569,Priya,Desai,priya.desai3569@example.com,Kolkata,Budget,2025-03-27
3570,Arjun,Malhotra,arjun.malhotra3570@example.com,Surat,Regular,2024-12-06
3571,Aisha,Reddy,aisha.reddy3571@example.com,Mumbai,Regular,2024-05-17
3572,Priya,Nair,priya.nair3572@example.com,Ahmedabad,Regular,2023-03-30
3573,Aditya,Gupta,aditya.gupta3573@example.com,Delhi,Regular,2023-09-09
3574,Ananya,Mehta,ananya.mehta3574@example.com,Ahmedabad,Premium,2024-09-10
3575,Vikram,Shah,vikram.shah3575@example.com,Ahmedabad,Regular,2025-03-06
3576,Isha,Gupta,isha.gupta3576@example.com,Bangalore,Regular,2023-01-11
3577,Aarav,Bhat,aarav.bhat3577@example.com,Ahmedabad,Premium,2024-06-02
3578,Rohan,Singh,rohan.singh3578@example.com,Surat,Regular,2023-10-09
3579,Sneha,Reddy,sneha.reddy3579@example.com,Mumbai,Regular,2025-01-11
3580,Arjun,Iyer,arjun.iyer3580@example.com,Ahmedabad,Regular,2024-06-13
3581,Meera,Verma,meera.verma3581@example.com,Bangalore,Premium,2025-05-24
3582,Nisha,Kapoor,nisha.kapoor3582@example.com,Delhi,Regular,2024-03-12
3583,Aditya,Mehta,aditya.mehta3583@example.com,Ahmedabad,Regular,2024-05-08
3584,Diya,Nair,diya.nair3584@example.com,Bangalore,Budget,2025-02-01
3585,Vivaan,Verma,vivaan.verma3585@example.com,Hyderabad,Regular,2023-07-07
3586,Kavya,Desai,kavya.desai3586@example.com,Hyderabad,Budget,2024-05-20
3587,Arjun,Gupta,arjun.gupta3587@example.com,Bangalore,Premium,2023-06-18
3588,Nisha,Joshi,nisha.joshi3588@example.com,Ahmedabad,Regular,2023-01-25
3589,Isha,Sharma,isha.sharma3589@example.com,Jaipur,Budget,2024-12-26
3590,Aisha,Reddy,aisha.reddy3590@example.com,Delhi,Regular,2024-07-10
3591,Vivaan,Verma,vivaan.verma3591@example.com,Jaipur,Budget,2024-03-22
3592,Aditya,Gupta,aditya.gupta3592@example.com,Chennai,Budget,2023-03-31
3593,Aisha,Singh,aisha.singh3593@example.com,Jaipur,Budget,2024-02-15
3594,Rahul,Gupta,rahul.gupta3594@example.com,Bangalore,Premium,2023-01-25
3595,Rohan,Reddy,rohan.reddy3595@example.com,Ahmedabad,Regular,2023-07-21
3596,Sneha,Kapoor,sneha.kapoor3596@example.com,Chennai,Regular,2024-07-24
3597,Rohan,Joshi,rohan.joshi3597@example.com,Delhi,Regular,2024-02-28
3598,Kabir,Mehta,kabir.mehta3598@example.com,Chennai,Premium,2023-05-31
3599,Diya,Sharma,diya.sharma3599@example.com,Mumbai,Regular,2024-01-16
3600,Aarav,Gupta,aarav.gupta3600@example.com,Chennai,Regular,2024-06-21
3601,Aarav,Verma,aarav.verma3601@example.com,Bangalore,Regular,2025-04-10
3602,Kabir,Desai,kabir.desai3602@example.com,Hyderabad,Regular,2024-05-06
3603,Priya,Singh,priya.singh3603@example.com,Hyderabad,Premium,2024-05-05
3604,Diya,Shah,diya.shah3604@example.com,Jaipur,Budget,2024-10-10
3605,Aditya,Patel,aditya.patel3605@example.com,Bangalore,Budget,2024-11-14
3606,Rahul,Desai,rahul.desai3606@example.com,Delhi,Regular,2025-02-17
3607,Aditya,Joshi,aditya.joshi3607@example.com,Hyderabad,Regular,2023-06-18
3608,Isha,Desai,isha.desai3608@example.com,Pune,Budget,2024-10-02
3609,Aryan,Malhotra,aryan.malhotra3609@example.com,Kolkata,Premium,2023-03-03
3610,Ananya,Nair,ananya.nair3610@example.com,Mumbai,Regular,2024-02-09
3611,Aisha,Malhotra,aisha.malhotra3611@example.com,Surat,Budget,2024-04-05
3612,Kabir,Iyer,kabir.iyer3612@example.com,Ahmedabad,Regular,2023-05-11
3613,Riya,Bhat,riya.bhat3613@example.com,Bangalore,Regular,2024-02-21
3614,Riya,Verma,riya.verma3614@example.com,Delhi,Regular,2024-05-24
3615,Aarav,Malhotra,aarav.malhotra3615@example.com,Jaipur,Premium,2023-03-09
3616,Rahul,Nair,rahul.nair3616@example.com,Mumbai,Regular,2024-10-18
3617,Diya,Verma,diya.verma3617@example.com,Pune,Regular,2024-04-20
3618,Sneha,Joshi,sneha.joshi3618@example.com,Chennai,Budget,2023-12-01
3619,Priya,Shah,priya.shah3619@example.com,Kolkata,Budget,2024-05-14
3620,Kavya,Iyer,kavya.iyer3620@example.com,Surat,Regular,2024-07-27
3621,Kavya,Patel,kavya.patel3621@example.com,Pune,Premium,2024-04-25
3622,Priya,Kapoor,priya.kapoor3622@example.com,Jaipur,Regular,2024-06-29
3623,Aditya,Verma,aditya.verma3623@example.com,Chennai,Budget,2024-10-06
3624,Vikram,Joshi,vikram.joshi3624@example.com,Hyderabad,Regular,2024-06-09
3625,Ananya,Bhat,ananya.bhat3625@example.com,Surat,Regular,2023-09-03
3626,Vikram,Mehta,vikram.mehta3626@example.com,Pune,Regular,2025-04-25
3627,Isha,Verma,isha.verma3627@example.com,Surat,Regular,2023-09-28
3628,Karan,Nair,karan.nair3628@example.com,Bangalore,Budget,2024-09-19
3629,Vikram,Mehta,vikram.mehta3629@example.com,Pune,Budget,2024-12-04
3630,Sneha,Kapoor,sneha.kapoor3630@example.com,Ahmedabad,Regular,2023-07-29
3631,Rohan,Gupta,rohan.gupta3631@example.com,Chennai,Regular,2025-01-11
3632,Karan,Joshi,karan.joshi3632@example.com,Pune,Regular,2025-03-19
3633,Priya,Kapoor,priya.kapoor3633@example.com,Kolkata,Regular,2023-09-09
3634,Aryan,Bhat,aryan.bhat3634@example.com,Ahmedabad,Regular,2024-08-04
3635,Rahul,Verma,rahul.verma3635@example.com,Delhi,Regular,2024-09-12
3636,Diya,Desai,diya.desai3636@example.com,Kolkata,Premium,2024-07-17
3637,Karan,Nair,karan.nair3637@example.com,Ahmedabad,Regular,2023-09-18
3638,Sneha,Joshi,sneha.joshi3638@example.com,Chennai,Regular,2025-04-20
3639,Isha,Mehta,isha.mehta3639@example.com,Mumbai,Budget,2023-09-30
3640,Priya,Joshi,priya.joshi3640@example.com,Ahmedabad,Regular,2023-04-21
3641,Ananya,Gupta,ananya.gupta3641@example.com,Bangalore,Premium,2023-05-24
3642,Vivaan,Sharma,vivaan.sharma3642@example.com,Delhi,Regular,2025-05-17
3643,Sneha,Shah,sneha.shah3643@example.com,Bangalore,Budget,2023-10-02
3644,Isha,Mehta,isha.mehta3644@example.com,Surat,Premium,2023-02-10
3645,Arjun,Kapoor,arjun.kapoor3645@example.com,Chennai,Regular,2024-10-01
3646,Kabir,Mehta,kabir.mehta3646@example.com,Surat,Regular,2023-08-14
3647,Aryan,Bhat,aryan.bhat3647@example.com,Pune,Budget,2024-07-19
3648,Rahul,Sharma,rahul.sharma3648@example.com,Surat,Regular,2024-07-20
3649,Kabir,Patel,kabir.patel3649@example.com,Kolkata,Regular,2025-04-05
3650,Nisha,Sharma,nisha.sharma3650@example.com,Delhi,Regular,2023-06-14
3651,Nisha,Verma,nisha.verma3651@example.com,Ahmedabad,Premium,2025-04-08
3652,Kabir,Desai,kabir.desai3652@example.com,Hyderabad,Regular,2024-02-21
3653,Nisha,Patel,nisha.patel3653@example.com,Hyderabad,Regular,2023-06-27
3654,Aarav,Mehta,aarav.mehta3654@example.com,Chennai,Regular,2024-11-18
3655,Nisha,Desai,nisha.desai3655@example.com,Ahmedabad,Regular,2024-01-31
3656,Arjun,Desai,arjun.desai3656@example.com,Kolkata,Budget,2023-03-25
3657,Meera,Patel,meera.patel3657@example.com,Kolkata,Budget,2025-01-26
3658,Diya,Sharma,diya.sharma3658@example.com,Chennai,Regular,2024-07-08
3659,Priya,Malhotra,priya.malhotra3659@example.com,Jaipur,Regular,2025-03-19
3660,Aarav,Singh,aarav.singh3660@example.com,Surat,Regular,2024-06-03
3661,Meera,Joshi,meera.joshi3661@example.com,Pune,Premium,2023-07-30
3662,Aditya,Joshi,aditya.joshi3662@example.com,Kolkata,Regular,2025-05-07
3663,Diya,Mehta,diya.mehta3663@example.com,Pune,Regular,2023-08-12
3664,Aryan,Mehta,aryan.mehta3664@example.com,Chennai,Budget,2025-01-02
3665,Diya,Joshi,diya.joshi3665@example.com,Ahmedabad,Budget,2025-06-17
3666,Kavya,Mehta,kavya.mehta3666@example.com,Delhi,Regular,2024-10-22
3667,Aarav,Malhotra,aarav.malhotra3667@example.com,Pune,Regular,2024-08-08
3668,Aarav,Singh,aarav.singh3668@example.com,Ahmedabad,Budget,2024-03-22
3669,Aditya,Malhotra,aditya.malhotra3669@example.com,Pune,Regular,2023-09-19
3670,Aisha,Bhat,aisha.bhat3670@example.com,Ahmedabad,Regular,2023-09-24
3671,Kabir,Desai,kabir.desai3671@example.com,Jaipur,Regular,2024-08-22
3672,Karan,Desai,karan.desai3672@example.com,Kolkata,Regular,2023-02-07
3673,Kabir,Gupta,kabir.gupta3673@example.com,Bangalore,Premium,2024-12-25
3674,Sneha,Sharma,sneha.sharma3674@example.com,Delhi,Regular,2023-09-14
3675,Aryan,Singh,aryan.singh3675@example.com,Chennai,Premium,2023-06-02
3676,Isha,Verma,isha.verma3676@example.com,Bangalore,Regular,2025-06-10
3677,Vikram,Patel,vikram.patel3677@example.com,Delhi,Regular,2024-06-17
3678,Aditya,Joshi,aditya.joshi3678@example.com,Surat,Regular,2023-02-23
3679,Rohan,Verma,rohan.verma3679@example.com,Ahmedabad,Budget,2024-07-15
3680,Rohan,Mehta,rohan.mehta3680@example.com,Hyderabad,Regular,2023-01-18
3681,Aditya,Gupta,aditya.gupta3681@example.com,Delhi,Regular,2025-03-02
3682,Rohan,Shah,rohan.shah3682@example.com,Ahmedabad,Regular,2023-05-08
3683,Aisha,Iyer,aisha.iyer3683@example.com,Bangalore,Regular,2023-07-03
3684,Rohan,Mehta,rohan.mehta3684@example.com,Mumbai,Regular,2025-03-16
3685,Rohan,Nair,rohan.nair3685@example.com,Jaipur,Budget,2023-10-06
3686,Riya,Shah,riya.shah3686@example.com,Kolkata,Premium,2023-02-28
3687,Vivaan,Singh,vivaan.singh3687@example.com,Bangalore,Regular,2023-06-09
3688,Nisha,Desai,nisha.desai3688@example.com,Surat,Budget,2024-01-12
3689,Meera,Mehta,meera.mehta3689@example.com,Bangalore,Budget,2024-04-10
3690,Kabir,Patel,kabir.patel3690@example.com,Surat,Budget,2024-10-17
3691,Aditya,Malhotra,aditya.malhotra3691@example.com,Mumbai,Regular,2023-05-20
3692,Riya,Nair,riya.nair3692@example.com,Kolkata,Regular,2024-05-16
3693,Diya,Bhat,diya.bhat3693@example.com,Ahmedabad,Budget,2024-06-21
3694,Riya,Kapoor,riya.kapoor3694@example.com,Surat,Regular,2025-03-16
3695,Diya,Nair,diya.nair3695@example.com,Jaipur,Budget,2023-09-15
3696,Rohan,Shah,rohan.shah3696@example.com,Ahmedabad,Premium,2025-05-28
3697,Vivaan,Mehta,vivaan.mehta3697@example.com,Surat,Budget,2023-03-17
3698,Vikram,Gupta,vikram.gupta3698@example.com,Kolkata,Regular,2024-09-10
3699,Vikram,Kapoor,vikram.kapoor3699@example.com,Pune,Regular,2023-01-25
3700,Aarav,Mehta,aarav.mehta3700@example.com,Bangalore,Regular,2024-03-21
3701,Kavya,Nair,kavya.nair3701@example.com,Bangalore,Regular,2025-02-15
3702,Vikram,Malhotra,vikram.malhotra3702@example.com,Bangalore,Premium,2023-09-08
3703,Kabir,Bhat,kabir.bhat3703@example.com,Chennai,Regular,2024-03-25
3704,Meera,Iyer,meera.iyer3704@example.com,Pune,Budget,2024-04-21
3705,Meera,Patel,meera.patel3705@example.com,Mumbai,Regular,2024-03-01
3706,Rahul,Bhat,rahul.bhat3706@example.com,Delhi,Regular,2024-10-17
3707,Vivaan,Kapoor,vivaan.kapoor3707@example.com,Kolkata,Budget,2024-04-21
3708,Isha,Gupta,isha.gupta3708@example.com,Chennai,Regular,2024-09-04
3709,Riya,Shah,riya.shah3709@example.com,Mumbai,Budget,2024-05-03
3710,Priya,Gupta,priya.gupta3710@example.com,Pune,Regular,2023-12-27
3711,Riya,Patel,riya.patel3711@example.com,Delhi,Premium,2023-01-12
3712,Sneha,Verma,sneha.verma3712@example.com,Mumbai,Regular,2023-03-03
3713,Riya,Kapoor,riya.kapoor3713@example.com,Ahmedabad,Regular,2023-01-25
3714,Nisha,Singh,nisha.singh3714@example.com,Surat,Regular,2023-12-22
3715,Aisha,Sharma,aisha.sharma3715@example.com,Jaipur,Regular,2025-03-31
3716,Meera,Nair,meera.nair3716@example.com,Kolkata,Budget,2024-05-14
3717,Vivaan,Reddy,vivaan.reddy3717@example.com,Jaipur,Budget,2025-03-09
3718,Kavya,Shah,kavya.shah3718@example.com,Bangalore,Budget,2023-03-10
3719,Diya,Kapoor,diya.kapoor3719@example.com,Ahmedabad,Budget,2024-11-07
3720,Aryan,Patel,aryan.patel3720@example.com,Hyderabad,Premium,2023-05-26
3721,Diya,Verma,diya.verma3721@example.com,Hyderabad,Premium,2024-02-08
3722,Vikram,Sharma,vikram.sharma3722@example.com,Hyderabad,Regular,2023-05-17
3723,Karan,Malhotra,karan.malhotra3723@example.com,Bangalore,Regular,2025-03-29
3724,Kavya,Verma,kavya.verma3724@example.com,Mumbai,Budget,2023-08-04
3725,Rohan,Desai,rohan.desai3725@example.com,Chennai,Budget,2023-02-08
3726,Aditya,Mehta,aditya.mehta3726@example.com,Bangalore,Budget,2024-04-24
3727,Priya,Gupta,priya.gupta3727@example.com,Ahmedabad,Budget,2023-03-23
3728,Ananya,Joshi,ananya.joshi3728@example.com,Pune,Budget,2025-01-15
3729,Aryan,Joshi,aryan.joshi3729@example.com,Jaipur,Budget,2024-07-25
3730,Ananya,Reddy,ananya.reddy3730@example.com,Pune,Regular,2024-11-11
3731,Kavya,Shah,kavya.shah3731@example.com,Chennai,Budget,2024-11-29
3732,Kabir,Mehta,kabir.mehta3732@example.com,Mumbai,Regular,2025-04-14
3733,Aryan,Kapoor,aryan.kapoor3733@example.com,Chennai,Regular,2024-06-05
3734,Diya,Sharma,diya.sharma3734@example.com,Chennai,Budget,2024-08-28
3735,Aryan,Gupta,aryan.gupta3735@example.com,Bangalore,Regular,2025-04-23
3736,Kabir,Bhat,kabir.bhat3736@example.com,Ahmedabad,Budget,2023-09-12
3737,Arjun,Iyer,arjun.iyer3737@example.com,Jaipur,Regular,2024-07-09
3738,Diya,Malhotra,diya.malhotra3738@example.com,Pune,Regular,2024-08-03
3739,Kabir,Patel,kabir.patel3739@example.com,Ahmedabad,Budget,2024-09-30
3740,Aditya,Nair,aditya.nair3740@example.com,Mumbai,Regular,2023-11-18
3741,Isha,Patel,isha.patel3741@example.com,Ahmedabad,Budget,2024-02-29
3742,Ananya,Kapoor,ananya.kapoor3742@example.com,Chennai,Regular,2023-05-02
3743,Priya,Bhat,priya.bhat3743@example.com,Surat,Regular,2024-02-10
3744,Isha,Desai,isha.desai3744@example.com,Chennai,Regular,2023-08-29
3745,Rohan,Kapoor,rohan.kapoor3745@example.com,Surat,Regular,2023-06-13
3746,Diya,Desai,diya.desai3746@example.com,Delhi,Premium,2023-03-26
3747,Aarav,Patel,aarav.patel3747@example.com,Kolkata,Regular,2024-07-07
3748,Aditya,Bhat,aditya.bhat3748@example.com,Bangalore,Budget,2025-03-23
3749,Aarav,Singh,aarav.singh3749@example.com,Mumbai,Premium,2023-07-01
3750,Aisha,Reddy,aisha.reddy3750@example.com,Pune,Regular,2024-12-03
3751,Aditya,Sharma,aditya.sharma3751@example.com,Chennai,Regular,2023-06-19
3752,Vivaan,Joshi,vivaan.joshi3752@example.com,Mumbai,Regular,2023-03-26
3753,Karan,Nair,karan.nair3753@example.com,Kolkata,Budget,2023-06-24
3754,Priya,Gupta,priya.gupta3754@example.com,Surat,Regular,2023-10-01
3755,Riya,Gupta,riya.gupta3755@example.com,Surat,Regular,2025-05-01
3756,Aditya,Singh,aditya.singh3756@example.com,Chennai,Regular,2024-09-12
3757,Riya,Gupta,riya.gupta3757@example.com,Surat,Regular,2024-05-23
3758,Vikram,Sharma,vikram.sharma3758@example.com,Pune,Regular,2024-02-07
3759,Priya,Nair,priya.nair3759@example.com,Pune,Budget,2024-04-08
3760,Vikram,Verma,vikram.verma3760@example.com,Kolkata,Regular,2024-10-31
3761,Kabir,Nair,kabir.nair3761@example.com,Chennai,Regular,2025-05-17
3762,Karan,Mehta,karan.mehta3762@example.com,Bangalore,Budget,2024-04-17
3763,Vivaan,Gupta,vivaan.gupta3763@example.com,Surat,Budget,2023-03-02
3764,Rahul,Gupta,rahul.gupta3764@example.com,Bangalore,Premium,2024-04-04
3765,Aditya,Verma,aditya.verma3765@example.com,Pune,Regular,2025-02-27
3766,Kavya,Mehta,kavya.mehta3766@example.com,Ahmedabad,Regular,2025-01-05
3767,Arjun,Bhat,arjun.bhat3767@example.com,Jaipur,Budget,2024-10-21
3768,Vikram,Bhat,vikram.bhat3768@example.com,Hyderabad,Budget,2024-12-27
3769,Vivaan,Kapoor,vivaan.kapoor3769@example.com,Kolkata,Regular,2023-06-10
3770,Aditya,Sharma,aditya.sharma3770@example.com,Chennai,Regular,2023-02-02
3771,Priya,Singh,priya.singh3771@example.com,Kolkata,Budget,2024-11-05
3772,Ananya,Singh,ananya.singh3772@example.com,Pune,Budget,2023-05-17
3773,Isha,Reddy,isha.reddy3773@example.com,Surat,Budget,2023-11-19
3774,Rohan,Sharma,rohan.sharma3774@example.com,Bangalore,Budget,2025-06-09
3775,Isha,Gupta,isha.gupta3775@example.com,Pune,Premium,2024-05-13
3776,Rahul,Mehta,rahul.mehta3776@example.com,Surat,Regular,2024-06-09
3777,Aryan,Bhat,aryan.bhat3777@example.com,Bangalore,Regular,2023-07-27
3778,Aarav,Reddy,aarav.reddy3778@example.com,Pune,Budget,2024-01-05
3779,Aisha,Kapoor,aisha.kapoor3779@example.com,Delhi,Regular,2023-01-03
3780,Riya,Mehta,riya.mehta3780@example.com,Bangalore,Regular,2023-08-05
3781,Riya,Verma,riya.verma3781@example.com,Kolkata,Budget,2024-06-27
3782,Kavya,Joshi,kavya.joshi3782@example.com,Hyderabad,Regular,2024-09-18
3783,Vivaan,Singh,vivaan.singh3783@example.com,Surat,Regular,2025-01-06
3784,Sneha,Nair,sneha.nair3784@example.com,Mumbai,Regular,2024-04-12
3785,Aarav,Malhotra,aarav.malhotra3785@example.com,Delhi,Regular,2024-08-26
3786,Isha,Bhat,isha.bhat3786@example.com,Surat,Regular,2024-04-19
3787,Ananya,Desai,ananya.desai3787@example.com,Hyderabad,Regular,2024-08-28
3788,Vikram,Bhat,vikram.bhat3788@example.com,Mumbai,Budget,2024-10-29
3789,Kavya,Verma,kavya.verma3789@example.com,Chennai,Premium,2024-02-09
3790,Kabir,Sharma,kabir.sharma3790@example.com,Ahmedabad,Regular,2023-08-16
3791,Aarav,Malhotra,aarav.malhotra3791@example.com,Delhi,Budget,2023-02-18
3792,Aryan,Shah,aryan.shah3792@example.com,Jaipur,Budget,2025-04-13
3793,Aarav,Shah,aarav.shah3793@example.com,Chennai,Budget,2025-06-08
3794,Vivaan,Singh,vivaan.singh3794@example.com,Hyderabad,Regular,2024-08-17
3795,Sneha,Verma,sneha.verma3795@example.com,Delhi,Budget,2025-03-09
3796,Diya,Shah,diya.shah3796@example.com,Pune,Regular,2025-01-13
3797,Karan,Sharma,karan.sharma3797@example.com,Kolkata,Premium,2024-12-02
3798,Kabir,Singh,kabir.singh3798@example.com,Delhi,Premium,2023-01-22
3799,Aryan,Patel,aryan.patel3799@example.com,Chennai,Regular,2024-11-04
3800,Isha,Patel,isha.patel3800@example.com,Hyderabad,Budget,2024-03-12
3801,Aisha,Gupta,aisha.gupta3801@example.com,Chennai,Regular,2025-02-22
3802,Sneha,Iyer,sneha.iyer3802@example.com,Delhi,Premium,2024-07-15
3803,Rahul,Desai,rahul.desai3803@example.com,Mumbai,Budget,2023-05-05
3804,Aditya,Nair,aditya.nair3804@example.com,Chennai,Budget,2025-02-27
3805,Arjun,Nair,arjun.nair3805@example.com,Pune,Premium,2024-04-07
3806,Sneha,Singh,sneha.singh3806@example.com,Delhi,Regular,2024-06-07
3807,Nisha,Verma,nisha.verma3807@example.com,Delhi,Regular,2025-03-15
3808,Aditya,Kapoor,aditya.kapoor3808@example.com,Kolkata,Budget,2023-06-30
3809,Sneha,Verma,sneha.verma3809@example.com,Mumbai,Budget,2025-01-12
3810,Nisha,Nair,nisha.nair3810@example.com,Delhi,Budget,2025-03-23
3811,Rohan,Patel,rohan.patel3811@example.com,Bangalore,Regular,2023-12-17
3812,Sneha,Mehta,sneha.mehta3812@example.com,Pune,Premium,2024-05-05
3813,Diya,Nair,diya.nair3813@example.com,Kolkata,Premium,2025-02-13
3814,Riya,Nair,riya.nair3814@example.com,Kolkata,Regular,2025-04-11
3815,Karan,Joshi,karan.joshi3815@example.com,Ahmedabad,Budget,2024-10-14
3816,Aditya,Iyer,aditya.iyer3816@example.com,Ahmedabad,Regular,2023-08-21
3817,Meera,Malhotra,meera.malhotra3817@example.com,Pune,Regular,2023-11-26
3818,Vivaan,Sharma,vivaan.sharma3818@example.com,Hyderabad,Premium,2024-04-08
3819,Aisha,Sharma,aisha.sharma3819@example.com,Pune,Regular,2024-11-11
3820,Isha,Iyer,isha.iyer3820@example.com,Mumbai,Budget,2025-05-07
3821,Meera,Gupta,meera.gupta3821@example.com,Delhi,Regular,2023-05-18
3822,Sneha,Nair,sneha.nair3822@example.com,Surat,Premium,2023-04-30
3823,Priya,Shah,priya.shah3823@example.com,Pune,Premium,2024-07-18
3824,Vivaan,Nair,vivaan.nair3824@example.com,Pune,Regular,2025-05-05
3825,Sneha,Desai,sneha.desai3825@example.com,Chennai,Premium,2024-03-11
3826,Arjun,Sharma,arjun.sharma3826@example.com,Bangalore,Regular,2023-11-04
3827,Diya,Patel,diya.patel3827@example.com,Pune,Budget,2023-10-15
3828,Aditya,Shah,aditya.shah3828@example.com,Delhi,Regular,2024-01-08
3829,Vikram,Malhotra,vikram.malhotra3829@example.com,Mumbai,Budget,2023-01-24
3830,Ananya,Patel,ananya.patel3830@example.com,Delhi,Budget,2024-12-29
3831,Riya,Joshi,riya.joshi3831@example.com,Delhi,Regular,2024-09-05
3832,Arjun,Verma,arjun.verma3832@example.com,Pune,Regular,2025-02-25
3833,Arjun,Patel,arjun.patel3833@example.com,Hyderabad,Regular,2024-08-13
3834,Aditya,Mehta,aditya.mehta3834@example.com,Chennai,Regular,2023-02-20
3835,Sneha,Nair,sneha.nair3835@example.com,Delhi,Budget,2024-07-08
3836,Sneha,Bhat,sneha.bhat3836@example.com,Jaipur,Regular,2024-08-14
3837,Sneha,Reddy,sneha.reddy3837@example.com,Delhi,Budget,2023-11-01
3838,Vivaan,Verma,vivaan.verma3838@example.com,Kolkata,Premium,2025-06-18
3839,Ananya,Verma,ananya.verma3839@example.com,Mumbai,Premium,2025-01-28
3840,Arjun,Joshi,arjun.joshi3840@example.com,Delhi,Budget,2023-01-05
3841,Vivaan,Singh,vivaan.singh3841@example.com,Pune,Regular,2025-04-08
3842,Arjun,Verma,arjun.verma3842@example.com,Surat,Budget,2023-06-12
3843,Kabir,Gupta,kabir.gupta3843@example.com,Bangalore,Regular,2023-12-09
3844,Kavya,Iyer,kavya.iyer3844@example.com,Delhi,Regular,2025-06-06
3845,Aarav,Singh,aarav.singh3845@example.com,Bangalore,Regular,2023-08-12
3846,Riya,Mehta,riya.mehta3846@example.com,Mumbai,Regular,2024-02-22
3847,Aryan,Joshi,aryan.joshi3847@example.com,Hyderabad,Regular,2025-03-24
3848,Kabir,Sharma,kabir.sharma3848@example.com,Hyderabad,Regular,2024-03-16
3849,Diya,Mehta,diya.mehta3849@example.com,Jaipur,Regular,2025-04-24
3850,Rahul,Malhotra,rahul.malhotra3850@example.com,Kolkata,Budget,2024-08-27
3851,Vikram,Verma,vikram.verma3851@example.com,Surat,Budget,2023-09-13
3852,Arjun,Iyer,arjun.iyer3852@example.com,Chennai,Regular,2024-03-06
3853,Priya,Sharma,priya.sharma3853@example.com,Kolkata,Regular,2023-04-28
3854,Aryan,Iyer,aryan.iyer3854@example.com,Surat,Regular,2023-05-12
3855,Kavya,Gupta,kavya.gupta3855@example.com,Hyderabad,Premium,2024-11-18
3856,Vivaan,Mehta,vivaan.mehta3856@example.com,Mumbai,Budget,2023-09-13
3857,Diya,Patel,diya.patel3857@example.com,Chennai,Budget,2023-08-12
3858,Kavya,Sharma,kavya.sharma3858@example.com,Hyderabad,Budget,2024-10-29
3859,Aarav,Malhotra,aarav.malhotra3859@example.com,Pune,Regular,2023-04-20
3860,Rahul,Patel,rahul.patel3860@example.com,Delhi,Budget,2025-01-11
3861,Ananya,Malhotra,ananya.malhotra3861@example.com,Jaipur,Regular,2024-01-23
3862,Meera,Reddy,meera.reddy3862@example.com,Bangalore,Regular,2023-07-26
3863,Aisha,Mehta,aisha.mehta3863@example.com,Hyderabad,Regular,2025-06-09
3864,Aryan,Malhotra,aryan.malhotra3864@example.com,Chennai,Premium,2023-02-20
3865,Meera,Patel,meera.patel3865@example.com,Mumbai,Budget,2023-03-04
3866,Riya,Verma,riya.verma3866@example.com,Kolkata,Premium,2023-07-28
3867,Vikram,Patel,vikram.patel3867@example.com,Chennai,Regular,2023-10-18
3868,Aarav,Singh,aarav.singh3868@example.com,Jaipur,Premium,2025-03-15
3869,Meera,Kapoor,meera.kapoor3869@example.com,Hyderabad,Regular,2023-11-07
3870,Aryan,Desai,aryan.desai3870@example.com,Kolkata,Regular,2024-05-03
3871,Priya,Mehta,priya.mehta3871@example.com,Bangalore,Premium,2024-03-24
3872,Kabir,Reddy,kabir.reddy3872@example.com,Kolkata,Regular,2024-05-12
3873,Sneha,Shah,sneha.shah3873@example.com,Bangalore,Premium,2024-10-19
3874,Aisha,Shah,aisha.shah3874@example.com,Delhi,Regular,2023-09-18
3875,Riya,Nair,riya.nair3875@example.com,Kolkata,Premium,2023-11-14
3876,Kavya,Bhat,kavya.bhat3876@example.com,Hyderabad,Budget,2023-04-20
3877,Aryan,Nair,aryan.nair3877@example.com,Jaipur,Budget,2023-09-08
3878,Kavya,Nair,kavya.nair3878@example.com,Bangalore,Regular,2024-06-26
3879,Riya,Sharma,riya.sharma3879@example.com,Mumbai,Regular,2023-06-02
3880,Sneha,Malhotra,sneha.malhotra3880@example.com,Pune,Premium,2024-08-04
3881,Karan,Patel,karan.patel3881@example.com,Chennai,Budget,2023-04-22
3882,Isha,Verma,isha.verma3882@example.com,Chennai,Regular,2024-12-13
3883,Diya,Reddy,diya.reddy3883@example.com,Surat,Regular,2025-05-12
3884,Aisha,Gupta,aisha.gupta3884@example.com,Ahmedabad,Regular,2024-01-25
3885,Kabir,Kapoor,kabir.kapoor3885@example.com,Pune,Regular,2023-02-16
3886,Kabir,Shah,kabir.shah3886@example.com,Ahmedabad,Regular,2023-12-08
3887,Sneha,Sharma,sneha.sharma3887@example.com,Delhi,Premium,2024-12-07
3888,Rahul,Mehta,rahul.mehta3888@example.com,Mumbai,Regular,2024-02-25
3889,Isha,Shah,isha.shah3889@example.com,Delhi,Premium,2025-01-26
3890,Sneha,Singh,sneha.singh3890@example.com,Bangalore,Regular,2025-01-05
3891,Karan,Mehta,karan.mehta3891@example.com,Delhi,Premium,2024-01-15
3892,Aarav,Bhat,aarav.bhat3892@example.com,Kolkata,Premium,2024-08-24
3893,Aryan,Reddy,aryan.reddy3893@example.com,Ahmedabad,Budget,2024-08-25
3894,Aditya,Kapoor,aditya.kapoor3894@example.com,Surat,Premium,2023-08-31
3895,Aryan,Nair,aryan.nair3895@example.com,Jaipur,Budget,2024-09-04
3896,Kabir,Sharma,kabir.sharma3896@example.com,Chennai,Regular,2024-05-02
3897,Aarav,Bhat,aarav.bhat3897@example.com,Ahmedabad,Budget,2025-05-12
3898,Karan,Nair,karan.nair3898@example.com,Pune,Premium,2024-02-26
3899,Riya,Joshi,riya.joshi3899@example.com,Surat,Regular,2023-08-23
3900,Isha,Iyer,isha.iyer3900@example.com,Pune,Budget,2023-12-24
3901,Sneha,Iyer,sneha.iyer3901@example.com,Mumbai,Budget,2023-06-18
3902,Kavya,Sharma,kavya.sharma3902@example.com,Chennai,Regular,2024-11-14
3903,Rohan,Mehta,rohan.mehta3903@example.com,Mumbai,Budget,2025-01-25
3904,Karan,Desai,karan.desai3904@example.com,Hyderabad,Premium,2023-08-03
3905,Meera,Sharma,meera.sharma3905@example.com,Ahmedabad,Regular,2024-11-08
3906,Rahul,Sharma,rahul.sharma3906@example.com,Hyderabad,Regular,2023-05-01
3907,Vikram,Desai,vikram.desai3907@example.com,Kolkata,Regular,2024-12-04
3908,Aditya,Desai,aditya.desai3908@example.com,Ahmedabad,Regular,2023-06-12
3909,Rohan,Kapoor,rohan.kapoor3909@example.com,Jaipur,Regular,2023-02-05
3910,Isha,Gupta,isha.gupta3910@example.com,Bangalore,Regular,2023-03-28
3911,Rahul,Malhotra,rahul.malhotra3911@example.com,Kolkata,Regular,2023-04-22
3912,Rohan,Verma,rohan.verma3912@example.com,Jaipur,Budget,2024-12-31
3913,Riya,Bhat,riya.bhat3913@example.com,Surat,Budget,2024-08-28
3914,Meera,Patel,meera.patel3914@example.com,Surat,Regular,2025-04-28
3915,Kavya,Mehta,kavya.mehta3915@example.com,Kolkata,Regular,2024-04-04
3916,Meera,Verma,meera.verma3916@example.com,Chennai,Regular,2023-11-20
3917,Aarav,Mehta,aarav.mehta3917@example.com,Chennai,Regular,2024-02-20
3918,Sneha,Singh,sneha.singh3918@example.com,Surat,Premium,2023-04-04
3919,Rahul,Bhat,rahul.bhat3919@example.com,Hyderabad,Budget,2023-02-25
3920,Sneha,Desai,sneha.desai3920@example.com,Jaipur,Regular,2023-04-26
3921,Kavya,Iyer,kavya.iyer3921@example.com,Bangalore,Premium,2025-01-25
3922,Rohan,Shah,rohan.shah3922@example.com,Hyderabad,Budget,2025-06-15
3923,Kabir,Bhat,kabir.bhat3923@example.com,Jaipur,Budget,2023-02-21
3924,Sneha,Bhat,sneha.bhat3924@example.com,Hyderabad,Regular,2023-03-17
3925,Aditya,Kapoor,aditya.kapoor3925@example.com,Jaipur,Premium,2024-06-21
3926,Aryan,Kapoor,aryan.kapoor3926@example.com,Bangalore,Budget,2024-07-16
3927,Vivaan,Malhotra,vivaan.malhotra3927@example.com,Hyderabad,Premium,2024-05-17
3928,Kabir,Iyer,kabir.iyer3928@example.com,Delhi,Regular,2024-10-13
3929,Nisha,Singh,nisha.singh3929@example.com,Kolkata,Budget,2023-03-15
3930,Sneha,Gupta,sneha.gupta3930@example.com,Pune,Regular,2025-01-25
3931,Aryan,Desai,aryan.desai3931@example.com,Mumbai,Premium,2023-12-12
3932,Aarav,Nair,aarav.nair3932@example.com,Mumbai,Budget,2023-01-28
3933,Aarav,Gupta,aarav.gupta3933@example.com,Bangalore,Budget,2023-11-27
3934,Kavya,Gupta,kavya.gupta3934@example.com,Hyderabad,Regular,2023-03-26
3935,Arjun,Singh,arjun.singh3935@example.com,Jaipur,Regular,2025-03-13
3936,Vivaan,Nair,vivaan.nair3936@example.com,Surat,Premium,2024-10-07
3937,Rahul,Kapoor,rahul.kapoor3937@example.com,Kolkata,Regular,2023-11-17
3938,Riya,Reddy,riya.reddy3938@example.com,Chennai,Regular,2023-10-24
3939,Aditya,Shah,aditya.shah3939@example.com,Bangalore,Regular,2025-04-12
3940,Kavya,Shah,kavya.shah3940@example.com,Chennai,Regular,2024-05-03
3941,Aditya,Patel,aditya.patel3941@example.com,Chennai,Regular,2023-06-29
3942,Vivaan,Kapoor,vivaan.kapoor3942@example.com,Ahmedabad,Premium,2024-01-24
3943,Isha,Singh,isha.singh3943@example.com,Mumbai,Regular,2023-01-27
3944,Aarav,Reddy,aarav.reddy3944@example.com,Hyderabad,Regular,2023-09-25
3945,Ananya,Gupta,ananya.gupta3945@example.com,Jaipur,Regular,2024-01-06
3946,Rahul,Malhotra,rahul.malhotra3946@example.com,Surat,Premium,2024-01-22
3947,Isha,Patel,isha.patel3947@example.com,Chennai,Regular,2025-03-27
3948,Ananya,Kapoor,ananya.kapoor3948@example.com,Mumbai,Regular,2024-11-08
3949,Rohan,Nair,rohan.nair3949@example.com,Kolkata,Budget,2024-08-13
3950,Sneha,Iyer,sneha.iyer3950@example.com,Ahmedabad,Premium,2023-02-10
3951,Karan,Mehta,karan.mehta3951@example.com,Surat,Budget,2024-02-25
3952,Sneha,Singh,sneha.singh3952@example.com,Pune,Budget,2024-09-24
3953,Aarav,Nair,aarav.nair3953@example.com,Jaipur,Regular,2024-10-01
3954,Aditya,Sharma,aditya.sharma3954@example.com,Mumbai,Budget,2023-10-02
3955,Diya,Verma,diya.verma3955@example.com,Jaipur,Premium,2025-05-04
3956,Sneha,Bhat,sneha.bhat3956@example.com,Mumbai,Regular,2024-06-25
3957,Aryan,Desai,aryan.desai3957@example.com,Bangalore,Regular,2024-10-21
3958,Priya,Singh,priya.singh3958@example.com,Jaipur,Regular,2023-09-12
3959,Karan,Shah,karan.shah3959@example.com,Delhi,Regular,2024-10-25
3960,Kabir,Patel,kabir.patel3960@example.com,Delhi,Premium,2024-11-20
3961,Diya,Joshi,diya.joshi3961@example.com,Chennai,Budget,2024-11-25
3962,Riya,Joshi,riya.joshi3962@example.com,Chennai,Regular,2024-10-22
3963,Rohan,Sharma,rohan.sharma3963@example.com,Kolkata,Budget,2023-09-06
3964,Rahul,Kapoor,rahul.kapoor3964@example.com,Jaipur,Regular,2025-01-09
3965,Arjun,Verma,arjun.verma3965@example.com,Chennai,Premium,2025-03-07
3966,Vivaan,Desai,vivaan.desai3966@example.com,Chennai,Budget,2024-02-04
3967,Diya,Patel,diya.patel3967@example.com,Pune,Budget,2023-12-30
3968,Vivaan,Patel,vivaan.patel3968@example.com,Hyderabad,Budget,2024-02-17
3969,Aisha,Kapoor,aisha.kapoor3969@example.com,Bangalore,Regular,2024-07-10
3970,Aarav,Reddy,aarav.reddy3970@example.com,Ahmedabad,Regular,2023-03-28
3971,Isha,Nair,isha.nair3971@example.com,Chennai,Regular,2023-10-14
3972,Riya,Shah,riya.shah3972@example.com,Hyderabad,Budget,2023-01-24
3973,Aisha,Mehta,aisha.mehta3973@example.com,Jaipur,Regular,2024-07-23
3974,Aryan,Kapoor,aryan.kapoor3974@example.com,Bangalore,Regular,2025-01-12
3975,Vivaan,Reddy,vivaan.reddy3975@example.com,Pune,Premium,2024-12-05
3976,Vivaan,Desai,vivaan.desai3976@example.com,Hyderabad,Regular,2023-10-26
3977,Karan,Mehta,karan.mehta3977@example.com,Pune,Regular,2025-02-22
3978,Riya,Verma,riya.verma3978@example.com,Pune,Budget,2024-08-24
3979,Arjun,Malhotra,arjun.malhotra3979@example.com,Hyderabad,Budget,2025-01-15
3980,Arjun,Gupta,arjun.gupta3980@example.com,Surat,Regular,2023-04-07
3981,Meera,Iyer,meera.iyer3981@example.com,Delhi,Regular,2025-06-18
3982,Nisha,Mehta,nisha.mehta3982@example.com,Surat,Premium,2023-09-04
3983,Karan,Singh,karan.singh3983@example.com,Bangalore,Regular,2023-08-10
3984,Ananya,Mehta,ananya.mehta3984@example.com,Kolkata,Budget,2023-02-10
3985,Aditya,Gupta,aditya.gupta3985@example.com,Surat,Budget,2025-02-07
3986,Priya,Nair,priya.nair3986@example.com,Kolkata,Premium,2023-12-02
3987,Riya,Desai,riya.desai3987@example.com,Jaipur,Budget,2024-02-21
3988,Riya,Bhat,riya.bhat3988@example.com,Mumbai,Budget,2023-01-09
3989,Karan,Desai,karan.desai3989@example.com,Mumbai,Regular,2023-01-28
3990,Ananya,Nair,ananya.nair3990@example.com,Delhi,Regular,2024-02-29
3991,Nisha,Shah,nisha.shah3991@example.com,Hyderabad,Regular,2023-01-14
3992,Ananya,Singh,ananya.singh3992@example.com,Ahmedabad,Regular,2024-10-14
3993,Vikram,Desai,vikram.desai3993@example.com,Delhi,Budget,2024-09-02
3994,Isha,Bhat,isha.bhat3994@example.com,Surat,Regular,2023-01-04
3995,Diya,Kapoor,diya.kapoor3995@example.com,Pune,Premium,2024-09-16
3996,Vivaan,Gupta,vivaan.gupta3996@example.com,Surat,Premium,2023-11-15
3997,Arjun,Desai,arjun.desai3997@example.com,Surat,Regular,2024-06-22
3998,Sneha,Verma,sneha.verma3998@example.com,Hyderabad,Regular,2023-08-20
3999,Priya,Kapoor,priya.kapoor3999@example.com,Mumbai,Regular,2025-05-08
4000,Isha,Mehta,isha.mehta4000@example.com,Bangalore,Budget,2023-06-24
4001,Nisha,Joshi,nisha.joshi4001@example.com,Bangalore,Premium,2024-06-01
4002,Meera,Verma,meera.verma4002@example.com,Pune,Regular,2023-12-10
4003,Aditya,Verma,aditya.verma4003@example.com,Chennai,Premium,2023-02-07
4004,Sneha,Malhotra,sneha.malhotra4004@example.com,Mumbai,Budget,2025-02-04
4005,Aarav,Nair,aarav.nair4005@example.com,Pune,Regular,2025-03-22
4006,Diya,Malhotra,diya.malhotra4006@example.com,Mumbai,Regular,2024-03-21
4007,Arjun,Gupta,arjun.gupta4007@example.com,Bangalore,Regular,2025-02-03
4008,Aarav,Sharma,aarav.sharma4008@example.com,Mumbai,Regular,2023-07-17
4009,Karan,Kapoor,karan.kapoor4009@example.com,Kolkata,Budget,2024-02-04
4010,Aditya,Desai,aditya.desai4010@example.com,Mumbai,Regular,2025-06-11
4011,Meera,Gupta,meera.gupta4011@example.com,Hyderabad,Premium,2023-11-25
4012,Rohan,Nair,rohan.nair4012@example.com,Chennai,Budget,2023-08-12
4013,Aisha,Sharma,aisha.sharma4013@example.com,Kolkata,Regular,2025-04-17
4014,Rohan,Malhotra,rohan.malhotra4014@example.com,Delhi,Regular,2024-08-08
4015,Priya,Malhotra,priya.malhotra4015@example.com,Jaipur,Regular,2025-02-20
4016,Rahul,Joshi,rahul.joshi4016@example.com,Jaipur,Budget,2023-08-04
4017,Vikram,Iyer,vikram.iyer4017@example.com,Delhi,Regular,2023-02-11
4018,Sneha,Sharma,sneha.sharma4018@example.com,Jaipur,Budget,2025-03-23
4019,Karan,Kapoor,karan.kapoor4019@example.com,Hyderabad,Regular,2023-11-02
4020,Sneha,Iyer,sneha.iyer4020@example.com,Bangalore,Regular,2024-06-25
4021,Karan,Mehta,karan.mehta4021@example.com,Pune,Regular,2024-10-22
4022,Arjun,Sharma,arjun.sharma4022@example.com,Pune,Regular,2023-04-15
4023,Aarav,Joshi,aarav.joshi4023@example.com,Mumbai,Regular,2025-04-21
4024,Kavya,Joshi,kavya.joshi4024@example.com,Delhi,Budget,2024-12-25
4025,Vikram,Joshi,vikram.joshi4025@example.com,Mumbai,Budget,2023-07-06
4026,Meera,Verma,meera.verma4026@example.com,Bangalore,Regular,2024-08-19
4027,Nisha,Iyer,nisha.iyer4027@example.com,Surat,Budget,2024-08-09
4028,Isha,Nair,isha.nair4028@example.com,Surat,Budget,2024-10-01
4029,Vikram,Desai,vikram.desai4029@example.com,Surat,Budget,2024-07-19
4030,Meera,Gupta,meera.gupta4030@example.com,Chennai,Premium,2024-06-18
4031,Aisha,Joshi,aisha.joshi4031@example.com,Surat,Regular,2024-01-29
4032,Ananya,Joshi,ananya.joshi4032@example.com,Chennai,Premium,2023-04-16
4033,Riya,Bhat,riya.bhat4033@example.com,Surat,Regular,2023-11-14
4034,Karan,Patel,karan.patel4034@example.com,Delhi,Regular,2023-07-14
4035,Kabir,Verma,kabir.verma4035@example.com,Bangalore,Budget,2025-03-10
4036,Isha,Malhotra,isha.malhotra4036@example.com,Jaipur,Budget,2024-07-31
4037,Vivaan,Malhotra,vivaan.malhotra4037@example.com,Mumbai,Budget,2024-09-29
4038,Priya,Patel,priya.patel4038@example.com,Delhi,Regular,2024-02-12
4039,Isha,Bhat,isha.bhat4039@example.com,Ahmedabad,Regular,2023-02-01
4040,Karan,Verma,karan.verma4040@example.com,Hyderabad,Regular,2024-07-29
4041,Kabir,Kapoor,kabir.kapoor4041@example.com,Surat,Budget,2024-11-17
4042,Kabir,Bhat,kabir.bhat4042@example.com,Bangalore,Regular,2024-06-16
4043,Sneha,Nair,sneha.nair4043@example.com,Chennai,Budget,2023-01-18
4044,Aisha,Malhotra,aisha.malhotra4044@example.com,Delhi,Budget,2024-11-10
4045,Kavya,Joshi,kavya.joshi4045@example.com,Pune,Premium,2024-03-20
4046,Rahul,Malhotra,rahul.malhotra4046@example.com,Pune,Regular,2024-08-27
4047,Rahul,Malhotra,rahul.malhotra4047@example.com,Chennai,Premium,2024-11-07
4048,Sneha,Malhotra,sneha.malhotra4048@example.com,Kolkata,Regular,2024-08-09
4049,Aditya,Bhat,aditya.bhat4049@example.com,Hyderabad,Premium,2025-04-29
4050,Priya,Nair,priya.nair4050@example.com,Delhi,Regular,2024-03-12
4051,Rahul,Nair,rahul.nair4051@example.com,Jaipur,Regular,2023-07-14
4052,Ananya,Bhat,ananya.bhat4052@example.com,Delhi,Regular,2025-02-07
4053,Karan,Nair,karan.nair4053@example.com,Kolkata,Regular,2023-10-01
4054,Kabir,Joshi,kabir.joshi4054@example.com,Chennai,Budget,2025-03-26
4055,Aryan,Reddy,aryan.reddy4055@example.com,Mumbai,Budget,2023-02-11
4056,Rohan,Singh,rohan.singh4056@example.com,Hyderabad,Premium,2025-02-09
4057,Riya,Malhotra,riya.malhotra4057@example.com,Kolkata,Budget,2024-09-06
4058,Diya,Gupta,diya.gupta4058@example.com,Delhi,Budget,2023-02-26
4059,Diya,Shah,diya.shah4059@example.com,Delhi,Premium,2023-07-26
4060,Karan,Desai,karan.desai4060@example.com,Pune,Budget,2024-09-18
4061,Aarav,Sharma,aarav.sharma4061@example.com,Kolkata,Regular,2023-03-09
4062,Nisha,Reddy,nisha.reddy4062@example.com,Delhi,Regular,2023-10-13
4063,Nisha,Gupta,nisha.gupta4063@example.com,Pune,Premium,2025-05-28
4064,Isha,Nair,isha.nair4064@example.com,Jaipur,Regular,2023-07-01
4065,Kavya,Singh,kavya.singh4065@example.com,Kolkata,Regular,2024-10-19
4066,Vivaan,Iyer,vivaan.iyer4066@example.com,Hyderabad,Regular,2024-01-13
4067,Aryan,Sharma,aryan.sharma4067@example.com,Ahmedabad,Regular,2024-05-22
4068,Vikram,Malhotra,vikram.malhotra4068@example.com,Mumbai,Budget,2023-06-16
4069,Meera,Bhat,meera.bhat4069@example.com,Kolkata,Budget,2023-05-24
4070,Isha,Reddy,isha.reddy4070@example.com,Surat,Premium,2023-05-14
4071,Aarav,Shah,aarav.shah4071@example.com,Delhi,Budget,2025-03-28
4072,Priya,Iyer,priya.iyer4072@example.com,Ahmedabad,Budget,2024-10-02
4073,Vivaan,Patel,vivaan.patel4073@example.com,Surat,Premium,2024-08-01
4074,Aryan,Sharma,aryan.sharma4074@example.com,Jaipur,Regular,2024-02-11
4075,Aryan,Gupta,aryan.gupta4075@example.com,Hyderabad,Regular,2023-07-19
4076,Kabir,Gupta,kabir.gupta4076@example.com,Pune,Regular,2023-05-16
4077,Rohan,Mehta,rohan.mehta4077@example.com,Kolkata,Premium,2023-12-20
4078,Sneha,Bhat,sneha.bhat4078@example.com,Ahmedabad,Premium,2023-03-23
4079,Rohan,Reddy,rohan.reddy4079@example.com,Delhi,Regular,2023-04-15
4080,Aarav,Malhotra,aarav.malhotra4080@example.com,Hyderabad,Budget,2023-04-26
4081,Kabir,Desai,kabir.desai4081@example.com,Pune,Premium,2024-06-09
4082,Priya,Shah,priya.shah4082@example.com,Pune,Regular,2024-08-10
4083,Karan,Mehta,karan.mehta4083@example.com,Delhi,Budget,2024-04-03
4084,Sneha,Verma,sneha.verma4084@example.com,Chennai,Regular,2023-11-11
4085,Rohan,Desai,rohan.desai4085@example.com,Pune,Premium,2024-08-15
4086,Diya,Verma,diya.verma4086@example.com,Mumbai,Budget,2024-06-06
4087,Arjun,Malhotra,arjun.malhotra4087@example.com,Chennai,Budget,2023-10-10
4088,Kabir,Singh,kabir.singh4088@example.com,Chennai,Budget,2023-07-29
4089,Diya,Singh,diya.singh4089@example.com,Delhi,Budget,2024-07-01
4090,Meera,Iyer,meera.iyer4090@example.com,Ahmedabad,Regular,2025-03-20
4091,Rohan,Bhat,rohan.bhat4091@example.com,Delhi,Premium,2023-07-11
4092,Rohan,Reddy,rohan.reddy4092@example.com,Ahmedabad,Budget,2023-04-05
4093,Kavya,Shah,kavya.shah4093@example.com,Bangalore,Premium,2025-04-27
4094,Karan,Verma,karan.verma4094@example.com,Kolkata,Regular,2024-06-15
4095,Sneha,Kapoor,sneha.kapoor4095@example.com,Ahmedabad,Budget,2025-01-22
4096,Nisha,Singh,nisha.singh4096@example.com,Kolkata,Budget,2023-08-28
4097,Kabir,Desai,kabir.desai4097@example.com,Jaipur,Regular,2025-04-22
4098,Arjun,Desai,arjun.desai4098@example.com,Bangalore,Regular,2024-06-11
4099,Ananya,Malhotra,ananya.malhotra4099@example.com,Pune,Regular,2023-01-30
4100,Meera,Iyer,meera.iyer4100@example.com,Ahmedabad,Budget,2023-01-24
4101,Kavya,Shah,kavya.shah4101@example.com,Kolkata,Regular,2025-01-06
4102,Arjun,Singh,arjun.singh4102@example.com,Mumbai,Regular,2024-05-04
4103,Priya,Mehta,priya.mehta4103@example.com,Jaipur,Budget,2024-02-19
4104,Rahul,Desai,rahul.desai4104@example.com,Mumbai,Regular,2025-03-22
4105,Aarav,Malhotra,aarav.malhotra4105@example.com,Bangalore,Premium,2024-07-07
4106,Rohan,Patel,rohan.patel4106@example.com,Pune,Regular,2023-08-18
4107,Rohan,Gupta,rohan.gupta4107@example.com,Pune,Premium,2024-02-07
4108,Ananya,Shah,ananya.shah4108@example.com,Delhi,Regular,2024-04-03
4109,Diya,Joshi,diya.joshi4109@example.com,Delhi,Regular,2023-06-03
4110,Rohan,Gupta,rohan.gupta4110@example.com,Bangalore,Regular,2024-08-07
4111,Diya,Singh,diya.singh4111@example.com,Surat,Budget,2025-02-12
4112,Sneha,Joshi,sneha.joshi4112@example.com,Chennai,Regular,2024-07-01
4113,Nisha,Joshi,nisha.joshi4113@example.com,Chennai,Budget,2024-07-08
4114,Aarav,Patel,aarav.patel4114@example.com,Mumbai,Budget,2023-05-10
4115,Vivaan,Joshi,vivaan.joshi4115@example.com,Hyderabad,Regular,2024-12-09
4116,Sneha,Malhotra,sneha.malhotra4116@example.com,Surat,Budget,2025-01-06
4117,Aryan,Shah,aryan.shah4117@example.com,Bangalore,Regular,2023-10-26
4118,Nisha,Kapoor,nisha.kapoor4118@example.com,Surat,Regular,2025-05-16
4119,Aditya,Reddy,aditya.reddy4119@example.com,Chennai,Regular,2023-03-28
4120,Sneha,Shah,sneha.shah4120@example.com,Mumbai,Regular,2024-04-13
4121,Meera,Gupta,meera.gupta4121@example.com,Bangalore,Regular,2024-01-01
4122,Sneha,Malhotra,sneha.malhotra4122@example.com,Kolkata,Regular,2024-04-03
4123,Sneha,Nair,sneha.nair4123@example.com,Bangalore,Premium,2024-11-03
4124,Nisha,Singh,nisha.singh4124@example.com,Kolkata,Budget,2023-10-09
4125,Nisha,Gupta,nisha.gupta4125@example.com,Ahmedabad,Regular,2025-01-06
4126,Sneha,Singh,sneha.singh4126@example.com,Jaipur,Premium,2024-01-29
4127,Nisha,Joshi,nisha.joshi4127@example.com,Jaipur,Regular,2024-03-22
4128,Rahul,Desai,rahul.desai4128@example.com,Bangalore,Regular,2025-05-04
4129,Kavya,Mehta,kavya.mehta4129@example.com,Mumbai,Budget,2024-05-20
4130,Sneha,Kapoor,sneha.kapoor4130@example.com,Jaipur,Premium,2024-11-28
4131,Rohan,Reddy,rohan.reddy4131@example.com,Hyderabad,Regular,2024-10-02
4132,Aryan,Bhat,aryan.bhat4132@example.com,Pune,Budget,2023-01-31
4133,Diya,Malhotra,diya.malhotra4133@example.com,Surat,Regular,2025-01-15
4134,Meera,Joshi,meera.joshi4134@example.com,Mumbai,Regular,2023-02-09
4135,Rohan,Verma,rohan.verma4135@example.com,Bangalore,Budget,2024-07-08
4136,Ananya,Desai,ananya.desai4136@example.com,Chennai,Regular,2024-01-19
4137,Riya,Malhotra,riya.malhotra4137@example.com,Surat,Regular,2024-04-16
4138,Rahul,Kapoor,rahul.kapoor4138@example.com,Surat,Regular,2025-04-26
4139,Kabir,Reddy,kabir.reddy4139@example.com,Jaipur,Budget,2023-05-17
4140,Aryan,Nair,aryan.nair4140@example.com,Hyderabad,Budget,2024-02-05
4141,Karan,Shah,karan.shah4141@example.com,Delhi,Regular,2024-08-09
4142,Rohan,Verma,rohan.verma4142@example.com,Pune,Regular,2023-03-23
4143,Ananya,Iyer,ananya.iyer4143@example.com,Bangalore,Budget,2024-05-09
4144,Ananya,Malhotra,ananya.malhotra4144@example.com,Surat,Regular,2023-06-21
4145,Kavya,Mehta,kavya.mehta4145@example.com,Hyderabad,Regular,2025-06-08
4146,Nisha,Nair,nisha.nair4146@example.com,Pune,Premium,2024-12-03
4147,Riya,Gupta,riya.gupta4147@example.com,Kolkata,Regular,2024-07-27
4148,Aarav,Reddy,aarav.reddy4148@example.com,Jaipur,Regular,2024-05-16
4149,Diya,Desai,diya.desai4149@example.com,Pune,Premium,2024-07-26
4150,Ananya,Nair,ananya.nair4150@example.com,Chennai,Budget,2024-05-14
4151,Kabir,Sharma,kabir.sharma4151@example.com,Chennai,Regular,2023-07-18
4152,Arjun,Bhat,arjun.bhat4152@example.com,Jaipur,Budget,2024-11-22
4153,Aditya,Bhat,aditya.bhat4153@example.com,Delhi,Budget,2025-05-02
4154,Nisha,Singh,nisha.singh4154@example.com,Mumbai,Regular,2023-06-18
4155,Ananya,Joshi,ananya.joshi4155@example.com,Chennai,Budget,2023-08-30
4156,Aditya,Desai,aditya.desai4156@example.com,Hyderabad,Regular,2024-01-08
4157,Aditya,Kapoor,aditya.kapoor4157@example.com,Ahmedabad,Premium,2023-10-28
4158,Ananya,Mehta,ananya.mehta4158@example.com,Hyderabad,Budget,2023-04-20
4159,Aisha,Joshi,aisha.joshi4159@example.com,Kolkata,Regular,2023-08-08
4160,Riya,Gupta,riya.gupta4160@example.com,Kolkata,Regular,2023-09-01
4161,Ananya,Sharma,ananya.sharma4161@example.com,Surat,Regular,2023-01-17
4162,Rahul,Iyer,rahul.iyer4162@example.com,Delhi,Regular,2025-06-04
4163,Aditya,Sharma,aditya.sharma4163@example.com,Pune,Regular,2025-03-05
4164,Diya,Joshi,diya.joshi4164@example.com,Delhi,Regular,2024-06-25
4165,Riya,Singh,riya.singh4165@example.com,Mumbai,Regular,2024-07-28
4166,Rahul,Nair,rahul.nair4166@example.com,Mumbai,Regular,2024-05-04
4167,Rahul,Mehta,rahul.mehta4167@example.com,Jaipur,Regular,2025-05-14
4168,Aisha,Malhotra,aisha.malhotra4168@example.com,Bangalore,Budget,2023-06-16
4169,Sneha,Nair,sneha.nair4169@example.com,Kolkata,Regular,2025-04-08
4170,Ananya,Desai,ananya.desai4170@example.com,Surat,Regular,2025-03-02
4171,Meera,Shah,meera.shah4171@example.com,Chennai,Regular,2024-03-28
4172,Rohan,Patel,rohan.patel4172@example.com,Pune,Regular,2024-05-19
4173,Aryan,Shah,aryan.shah4173@example.com,Pune,Budget,2024-10-09
4174,Isha,Kapoor,isha.kapoor4174@example.com,Pune,Budget,2025-03-26
4175,Nisha,Verma,nisha.verma4175@example.com,Jaipur,Premium,2023-07-02
4176,Nisha,Bhat,nisha.bhat4176@example.com,Delhi,Budget,2023-05-02
4177,Isha,Kapoor,isha.kapoor4177@example.com,Bangalore,Budget,2023-01-27
4178,Aarav,Bhat,aarav.bhat4178@example.com,Mumbai,Regular,2023-02-10
4179,Vikram,Kapoor,vikram.kapoor4179@example.com,Hyderabad,Regular,2024-10-16
4180,Kabir,Gupta,kabir.gupta4180@example.com,Bangalore,Regular,2023-08-31
4181,Arjun,Nair,arjun.nair4181@example.com,Pune,Premium,2023-11-30
4182,Aarav,Kapoor,aarav.kapoor4182@example.com,Ahmedabad,Premium,2023-12-15
4183,Karan,Reddy,karan.reddy4183@example.com,Kolkata,Regular,2024-10-10
4184,Rohan,Reddy,rohan.reddy4184@example.com,Chennai,Regular,2023-04-13
4185,Riya,Shah,riya.shah4185@example.com,Kolkata,Regular,2024-09-23
4186,Nisha,Iyer,nisha.iyer4186@example.com,Bangalore,Regular,2024-05-17
4187,Kabir,Malhotra,kabir.malhotra4187@example.com,Ahmedabad,Budget,2024-04-04
4188,Vikram,Reddy,vikram.reddy4188@example.com,Bangalore,Budget,2024-02-28
4189,Rahul,Kapoor,rahul.kapoor4189@example.com,Jaipur,Budget,2025-05-16
4190,Rohan,Bhat,rohan.bhat4190@example.com,Chennai,Regular,2024-01-13
4191,Aditya,Shah,aditya.shah4191@example.com,Bangalore,Budget,2023-08-12
4192,Arjun,Iyer,arjun.iyer4192@example.com,Hyderabad,Budget,2023-05-17
4193,Rahul,Mehta,rahul.mehta4193@example.com,Bangalore,Budget,2024-09-13
4194,Aarav,Reddy,aarav.reddy4194@example.com,Surat,Premium,2023-11-09
4195,Diya,Iyer,diya.iyer4195@example.com,Delhi,Regular,2023-01-09
4196,Isha,Verma,isha.verma4196@example.com,Bangalore,Regular,2024-05-16
4197,Sneha,Singh,sneha.singh4197@example.com,Mumbai,Regular,2023-12-20
4198,Priya,Malhotra,priya.malhotra4198@example.com,Delhi,Regular,2024-06-15
4199,Rohan,Nair,rohan.nair4199@example.com,Pune,Regular,2023-07-05
4200,Ananya,Verma,ananya.verma4200@example.com,Pune,Regular,2025-02-03
4201,Aryan,Singh,aryan.singh4201@example.com,Kolkata,Regular,2023-05-19
4202,Kavya,Sharma,kavya.sharma4202@example.com,Bangalore,Regular,2023-11-30
4203,Riya,Desai,riya.desai4203@example.com,Ahmedabad,Regular,2025-03-05
4204,Sneha,Mehta,sneha.mehta4204@example.com,Delhi,Regular,2025-01-17
4205,Sneha,Desai,sneha.desai4205@example.com,Ahmedabad,Budget,2023-07-06
4206,Priya,Patel,priya.patel4206@example.com,Ahmedabad,Regular,2023-03-06
4207,Karan,Singh,karan.singh4207@example.com,Hyderabad,Budget,2025-03-17
4208,Kavya,Patel,kavya.patel4208@example.com,Mumbai,Regular,2025-05-07
4209,Rohan,Patel,rohan.patel4209@example.com,Surat,Budget,2024-08-13
4210,Karan,Iyer,karan.iyer4210@example.com,Bangalore,Budget,2024-02-26
4211,Isha,Nair,isha.nair4211@example.com,Surat,Premium,2023-12-01
4212,Vikram,Mehta,vikram.mehta4212@example.com,Jaipur,Premium,2024-07-20
4213,Rohan,Kapoor,rohan.kapoor4213@example.com,Pune,Budget,2024-10-30
4214,Kabir,Nair,kabir.nair4214@example.com,Jaipur,Regular,2024-08-14
4215,Sneha,Verma,sneha.verma4215@example.com,Kolkata,Premium,2023-10-01
4216,Meera,Iyer,meera.iyer4216@example.com,Ahmedabad,Regular,2025-01-31
4217,Diya,Verma,diya.verma4217@example.com,Mumbai,Regular,2023-09-11
4218,Aryan,Desai,aryan.desai4218@example.com,Surat,Budget,2023-09-17
4219,Priya,Joshi,priya.joshi4219@example.com,Delhi,Regular,2025-01-02
4220,Meera,Joshi,meera.joshi4220@example.com,Surat,Regular,2025-04-24
4221,Rohan,Joshi,rohan.joshi4221@example.com,Ahmedabad,Premium,2023-06-28
4222,Vivaan,Kapoor,vivaan.kapoor4222@example.com,Surat,Regular,2023-09-10
4223,Riya,Bhat,riya.bhat4223@example.com,Delhi,Regular,2024-05-24
4224,Ananya,Patel,ananya.patel4224@example.com,Jaipur,Budget,2024-08-16
4225,Riya,Mehta,riya.mehta4225@example.com,Bangalore,Premium,2023-05-14
4226,Arjun,Patel,arjun.patel4226@example.com,Pune,Regular,2025-03-23
4227,Vivaan,Shah,vivaan.shah4227@example.com,Bangalore,Premium,2023-07-12
4228,Vivaan,Verma,vivaan.verma4228@example.com,Jaipur,Regular,2025-02-18
4229,Meera,Shah,meera.shah4229@example.com,Jaipur,Budget,2024-05-30
4230,Meera,Kapoor,meera.kapoor4230@example.com,Hyderabad,Regular,2024-12-01
4231,Aisha,Reddy,aisha.reddy4231@example.com,Pune,Regular,2024-06-10
4232,Sneha,Malhotra,sneha.malhotra4232@example.com,Mumbai,Regular,2023-03-04
4233,Aryan,Verma,aryan.verma4233@example.com,Kolkata,Regular,2023-08-30
4234,Kavya,Desai,kavya.desai4234@example.com,Surat,Regular,2025-03-24
4235,Meera,Gupta,meera.gupta4235@example.com,Bangalore,Budget,2023-12-22
4236,Kavya,Bhat,kavya.bhat4236@example.com,Delhi,Premium,2025-06-07
4237,Rahul,Reddy,rahul.reddy4237@example.com,Bangalore,Budget,2024-08-14
4238,Kavya,Iyer,kavya.iyer4238@example.com,Mumbai,Premium,2023-12-23
4239,Karan,Singh,karan.singh4239@example.com,Jaipur,Regular,2023-10-11
4240,Nisha,Desai,nisha.desai4240@example.com,Mumbai,Regular,2023-07-21
4241,Priya,Gupta,priya.gupta4241@example.com,Surat,Regular,2023-08-04
4242,Nisha,Gupta,nisha.gupta4242@example.com,Kolkata,Premium,2023-05-29
4243,Rahul,Iyer,rahul.iyer4243@example.com,Delhi,Regular,2023-06-05
4244,Arjun,Desai,arjun.desai4244@example.com,Ahmedabad,Regular,2024-12-04
4245,Rahul,Sharma,rahul.sharma4245@example.com,Surat,Budget,2023-04-28
4246,Aditya,Gupta,aditya.gupta4246@example.com,Kolkata,Regular,2023-04-26
4247,Rahul,Bhat,rahul.bhat4247@example.com,Mumbai,Premium,2023-07-05
4248,Vivaan,Singh,vivaan.singh4248@example.com,Pune,Regular,2023-05-20
4249,Riya,Nair,riya.nair4249@example.com,Hyderabad,Regular,2024-03-24
4250,Nisha,Iyer,nisha.iyer4250@example.com,Hyderabad,Premium,2025-01-17
4251,Kavya,Mehta,kavya.mehta4251@example.com,Kolkata,Regular,2024-03-17
4252,Sneha,Sharma,sneha.sharma4252@example.com,Bangalore,Regular,2024-11-07
4253,Vikram,Nair,vikram.nair4253@example.com,Delhi,Premium,2024-06-17
4254,Vikram,Patel,vikram.patel4254@example.com,Delhi,Regular,2023-04-13
4255,Sneha,Reddy,sneha.reddy4255@example.com,Jaipur,Premium,2024-02-09
4256,Ananya,Desai,ananya.desai4256@example.com,Surat,Regular,2023-01-09
4257,Rahul,Patel,rahul.patel4257@example.com,Chennai,Regular,2024-09-02
4258,Aarav,Desai,aarav.desai4258@example.com,Surat,Regular,2025-04-22
4259,Aisha,Kapoor,aisha.kapoor4259@example.com,Kolkata,Budget,2025-01-08
4260,Aditya,Nair,aditya.nair4260@example.com,Mumbai,Budget,2025-01-29
4261,Karan,Iyer,karan.iyer4261@example.com,Surat,Regular,2024-11-13
4262,Rahul,Nair,rahul.nair4262@example.com,Surat,Regular,2024-12-12
4263,Aarav,Nair,aarav.nair4263@example.com,Hyderabad,Budget,2023-04-10
4264,Arjun,Patel,arjun.patel4264@example.com,Hyderabad,Regular,2023-10-10
4265,Aisha,Shah,aisha.shah4265@example.com,Jaipur,Regular,2023-12-01
4266,Vikram,Nair,vikram.nair4266@example.com,Hyderabad,Budget,2023-05-14
4267,Aryan,Gupta,aryan.gupta4267@example.com,Bangalore,Premium,2025-01-30
4268,Priya,Bhat,priya.bhat4268@example.com,Kolkata,Premium,2023-02-25
4269,Nisha,Patel,nisha.patel4269@example.com,Hyderabad,Regular,2024-05-05
4270,Aryan,Sharma,aryan.sharma4270@example.com,Surat,Regular,2023-06-20
4271,Meera,Iyer,meera.iyer4271@example.com,Delhi,Regular,2025-01-08
4272,Kavya,Sharma,kavya.sharma4272@example.com,Hyderabad,Premium,2024-02-27
4273,Vikram,Shah,vikram.shah4273@example.com,Delhi,Regular,2024-10-27
4274,Aryan,Desai,aryan.desai4274@example.com,Mumbai,Regular,2023-06-12
4275,Vikram,Sharma,vikram.sharma4275@example.com,Mumbai,Premium,2023-09-13
4276,Nisha,Kapoor,nisha.kapoor4276@example.com,Ahmedabad,Regular,2024-02-20
4277,Meera,Kapoor,meera.kapoor4277@example.com,Chennai,Regular,2024-03-09
4278,Aisha,Singh,aisha.singh4278@example.com,Pune,Regular,2024-08-27
4279,Isha,Desai,isha.desai4279@example.com,Hyderabad,Regular,2023-06-26
4280,Arjun,Patel,arjun.patel4280@example.com,Chennai,Regular,2025-05-06
4281,Aarav,Gupta,aarav.gupta4281@example.com,Jaipur,Premium,2023-02-15
4282,Arjun,Nair,arjun.nair4282@example.com,Jaipur,Premium,2025-03-13
4283,Karan,Sharma,karan.sharma4283@example.com,Kolkata,Regular,2025-04-05
4284,Arjun,Singh,arjun.singh4284@example.com,Chennai,Budget,2024-02-13
4285,Aditya,Singh,aditya.singh4285@example.com,Kolkata,Regular,2023-06-15
4286,Sneha,Sharma,sneha.sharma4286@example.com,Delhi,Budget,2024-06-13
4287,Aisha,Singh,aisha.singh4287@example.com,Bangalore,Regular,2023-04-20
4288,Arjun,Kapoor,arjun.kapoor4288@example.com,Mumbai,Regular,2024-12-22
4289,Karan,Shah,karan.shah4289@example.com,Kolkata,Regular,2023-02-13
4290,Kabir,Sharma,kabir.sharma4290@example.com,Hyderabad,Regular,2024-04-18
4291,Vivaan,Desai,vivaan.desai4291@example.com,Chennai,Regular,2025-06-10
4292,Riya,Verma,riya.verma4292@example.com,Chennai,Regular,2024-05-18
4293,Diya,Patel,diya.patel4293@example.com,Hyderabad,Premium,2023-04-27
4294,Kavya,Malhotra,kavya.malhotra4294@example.com,Pune,Regular,2023-07-06
4295,Riya,Reddy,riya.reddy4295@example.com,Ahmedabad,Regular,2023-12-30
4296,Isha,Joshi,isha.joshi4296@example.com,Ahmedabad,Premium,2023-09-17
4297,Arjun,Shah,arjun.shah4297@example.com,Pune,Regular,2023-01-06
4298,Karan,Joshi,karan.joshi4298@example.com,Bangalore,Budget,2024-02-17
4299,Meera,Bhat,meera.bhat4299@example.com,Kolkata,Budget,2023-09-18
4300,Isha,Desai,isha.desai4300@example.com,Delhi,Regular,2023-06-02
4301,Aditya,Shah,aditya.shah4301@example.com,Bangalore,Regular,2023-09-04
4302,Priya,Sharma,priya.sharma4302@example.com,Mumbai,Budget,2023-02-02
4303,Diya,Malhotra,diya.malhotra4303@example.com,Delhi,Regular,2024-03-11
4304,Ananya,Reddy,ananya.reddy4304@example.com,Mumbai,Budget,2024-08-26
4305,Arjun,Sharma,arjun.sharma4305@example.com,Surat,Regular,2024-04-02
4306,Meera,Gupta,meera.gupta4306@example.com,Mumbai,Premium,2023-09-16
4307,Aryan,Joshi,aryan.joshi4307@example.com,Jaipur,Budget,2023-08-30
4308,Sneha,Gupta,sneha.gupta4308@example.com,Surat,Budget,2025-04-20
4309,Aryan,Joshi,aryan.joshi4309@example.com,Pune,Regular,2023-01-04
4310,Aditya,Kapoor,aditya.kapoor4310@example.com,Bangalore,Premium,2025-03-14
4311,Nisha,Joshi,nisha.joshi4311@example.com,Mumbai,Budget,2024-05-28
4312,Vikram,Reddy,vikram.reddy4312@example.com,Surat,Budget,2025-04-30
4313,Diya,Nair,diya.nair4313@example.com,Jaipur,Budget,2024-09-12
4314,Kabir,Reddy,kabir.reddy4314@example.com,Hyderabad,Regular,2023-03-08
4315,Meera,Reddy,meera.reddy4315@example.com,Kolkata,Regular,2023-05-04
4316,Sneha,Iyer,sneha.iyer4316@example.com,Delhi,Regular,2023-10-27
4317,Diya,Gupta,diya.gupta4317@example.com,Hyderabad,Regular,2023-06-02
4318,Vivaan,Singh,vivaan.singh4318@example.com,Surat,Regular,2024-05-06
4319,Kabir,Desai,kabir.desai4319@example.com,Pune,Regular,2023-06-28
4320,Karan,Iyer,karan.iyer4320@example.com,Jaipur,Regular,2024-12-06
4321,Nisha,Verma,nisha.verma4321@example.com,Surat,Budget,2024-08-19
4322,Nisha,Singh,nisha.singh4322@example.com,Mumbai,Premium,2025-04-06
4323,Aryan,Patel,aryan.patel4323@example.com,Bangalore,Premium,2024-03-17
4324,Meera,Sharma,meera.sharma4324@example.com,Ahmedabad,Budget,2024-06-11
4325,Sneha,Desai,sneha.desai4325@example.com,Delhi,Premium,2023-06-25
4326,Vivaan,Desai,vivaan.desai4326@example.com,Mumbai,Regular,2023-06-12
4327,Aryan,Gupta,aryan.gupta4327@example.com,Jaipur,Budget,2025-05-20
4328,Aditya,Mehta,aditya.mehta4328@example.com,Surat,Regular,2024-01-14
4329,Nisha,Shah,nisha.shah4329@example.com,Surat,Regular,2025-03-09
4330,Rahul,Bhat,rahul.bhat4330@example.com,Delhi,Budget,2023-04-25
4331,Aarav,Iyer,aarav.iyer4331@example.com,Jaipur,Regular,2025-05-06
4332,Kavya,Verma,kavya.verma4332@example.com,Jaipur,Premium,2024-11-08
4333,Aditya,Shah,aditya.shah4333@example.com,Chennai,Regular,2024-02-13
4334,Rahul,Patel,rahul.patel4334@example.com,Delhi,Regular,2025-02-15
4335,Aisha,Shah,aisha.shah4335@example.com,Hyderabad,Regular,2024-06-09
4336,Meera,Shah,meera.shah4336@example.com,Ahmedabad,Budget,2024-01-18
4337,Sneha,Patel,sneha.patel4337@example.com,Mumbai,Regular,2023-03-05
4338,Vivaan,Malhotra,vivaan.malhotra4338@example.com,Pune,Regular,2024-04-30
4339,Aditya,Desai,aditya.desai4339@example.com,Bangalore,Budget,2025-05-12
4340,Diya,Joshi,diya.joshi4340@example.com,Chennai,Regular,2023-03-29
4341,Aditya,Nair,aditya.nair4341@example.com,Delhi,Budget,2024-10-25
4342,Riya,Bhat,riya.bhat4342@example.com,Surat,Regular,2024-05-26
4343,Rohan,Joshi,rohan.joshi4343@example.com,Kolkata,Regular,2024-11-17
4344,Riya,Patel,riya.patel4344@example.com,Kolkata,Regular,2024-04-19
4345,Priya,Reddy,priya.reddy4345@example.com,Mumbai,Regular,2024-10-12
4346,Kavya,Kapoor,kavya.kapoor4346@example.com,Delhi,Regular,2023-08-23
4347,Aditya,Nair,aditya.nair4347@example.com,Kolkata,Premium,2024-08-17
4348,Isha,Sharma,isha.sharma4348@example.com,Jaipur,Regular,2024-05-21
4349,Rohan,Singh,rohan.singh4349@example.com,Jaipur,Regular,2023-10-18
4350,Ananya,Iyer,ananya.iyer4350@example.com,Pune,Premium,2024-01-22
4351,Meera,Joshi,meera.joshi4351@example.com,Kolkata,Regular,2025-03-28
4352,Vivaan,Bhat,vivaan.bhat4352@example.com,Kolkata,Budget,2024-09-11
4353,Vikram,Desai,vikram.desai4353@example.com,Kolkata,Regular,2024-09-16
4354,Kabir,Iyer,kabir.iyer4354@example.com,Surat,Regular,2023-09-29
4355,Aryan,Singh,aryan.singh4355@example.com,Chennai,Regular,2024-06-07
4356,Meera,Sharma,meera.sharma4356@example.com,Jaipur,Regular,2023-06-06
4357,Diya,Patel,diya.patel4357@example.com,Pune,Regular,2023-06-13
4358,Kabir,Desai,kabir.desai4358@example.com,Kolkata,Regular,2024-10-07
4359,Sneha,Patel,sneha.patel4359@example.com,Jaipur,Budget,2023-01-01
4360,Kabir,Verma,kabir.verma4360@example.com,Kolkata,Regular,2024-07-01
4361,Riya,Mehta,riya.mehta4361@example.com,Mumbai,Budget,2024-09-20
4362,Rahul,Verma,rahul.verma4362@example.com,Ahmedabad,Regular,2024-02-09
4363,Riya,Singh,riya.singh4363@example.com,Surat,Premium,2024-09-08
4364,Aarav,Joshi,aarav.joshi4364@example.com,Delhi,Premium,2025-05-03
4365,Aditya,Mehta,aditya.mehta4365@example.com,Delhi,Regular,2025-04-29
4366,Kabir,Kapoor,kabir.kapoor4366@example.com,Surat,Regular,2024-11-08
4367,Rohan,Desai,rohan.desai4367@example.com,Hyderabad,Budget,2025-06-13
4368,Arjun,Mehta,arjun.mehta4368@example.com,Ahmedabad,Budget,2023-08-07
4369,Aarav,Kapoor,aarav.kapoor4369@example.com,Hyderabad,Premium,2023-07-11
4370,Aryan,Kapoor,aryan.kapoor4370@example.com,Jaipur,Premium,2024-07-23
4371,Ananya,Nair,ananya.nair4371@example.com,Mumbai,Budget,2025-04-29
4372,Aisha,Bhat,aisha.bhat4372@example.com,Chennai,Regular,2023-10-13
4373,Aryan,Gupta,aryan.gupta4373@example.com,Delhi,Regular,2024-09-23
4374,Vivaan,Desai,vivaan.desai4374@example.com,Chennai,Regular,2023-07-17
4375,Kavya,Malhotra,kavya.malhotra4375@example.com,Delhi,Regular,2024-02-16
4376,Priya,Bhat,priya.bhat4376@example.com,Delhi,Budget,2025-02-04
4377,Rahul,Iyer,rahul.iyer4377@example.com,Surat,Regular,2023-09-22
4378,Sneha,Reddy,sneha.reddy4378@example.com,Jaipur,Regular,2023-02-12
4379,Aarav,Desai,aarav.desai4379@example.com,Ahmedabad,Budget,2024-02-15
4380,Rahul,Gupta,rahul.gupta4380@example.com,Delhi,Regular,2023-10-06
4381,Isha,Shah,isha.shah4381@example.com,Delhi,Budget,2025-05-18
4382,Ananya,Joshi,ananya.joshi4382@example.com,Kolkata,Regular,2023-07-09
4383,Aryan,Shah,aryan.shah4383@example.com,Surat,Regular,2024-03-08
4384,Nisha,Nair,nisha.nair4384@example.com,Surat,Regular,2023-09-12
4385,Nisha,Shah,nisha.shah4385@example.com,Chennai,Budget,2024-03-26
4386,Diya,Joshi,diya.joshi4386@example.com,Delhi,Regular,2023-11-16
4387,Kavya,Verma,kavya.verma4387@example.com,Mumbai,Premium,2023-11-18
4388,Nisha,Patel,nisha.patel4388@example.com,Surat,Regular,2025-01-09
4389,Vivaan,Desai,vivaan.desai4389@example.com,Ahmedabad,Budget,2024-12-04
4390,Kabir,Iyer,kabir.iyer4390@example.com,Mumbai,Regular,2024-01-26
4391,Aditya,Singh,aditya.singh4391@example.com,Kolkata,Regular,2023-03-22
4392,Vivaan,Mehta,vivaan.mehta4392@example.com,Surat,Regular,2025-05-02
4393,Sneha,Nair,sneha.nair4393@example.com,Hyderabad,Regular,2024-02-09
4394,Kabir,Malhotra,kabir.malhotra4394@example.com,Bangalore,Premium,2024-12-27
4395,Kavya,Verma,kavya.verma4395@example.com,Pune,Regular,2023-12-02
4396,Diya,Singh,diya.singh4396@example.com,Mumbai,Premium,2023-01-08
4397,Kavya,Verma,kavya.verma4397@example.com,Bangalore,Regular,2025-04-06
4398,Kavya,Verma,kavya.verma4398@example.com,Mumbai,Regular,2023-07-03
4399,Diya,Malhotra,diya.malhotra4399@example.com,Chennai,Budget,2024-11-29
4400,Sneha,Joshi,sneha.joshi4400@example.com,Kolkata,Regular,2024-03-21
4401,Vivaan,Kapoor,vivaan.kapoor4401@example.com,Kolkata,Regular,2025-03-19
4402,Aarav,Desai,aarav.desai4402@example.com,Chennai,Regular,2025-03-20
4403,Aisha,Singh,aisha.singh4403@example.com,Ahmedabad,Regular,2025-02-13
4404,Aarav,Joshi,aarav.joshi4404@example.com,Chennai,Budget,2024-04-06
4405,Kabir,Mehta,kabir.mehta4405@example.com,Jaipur,Budget,2025-03-11
4406,Aarav,Malhotra,aarav.malhotra4406@example.com,Hyderabad,Budget,2023-05-14
4407,Aisha,Verma,aisha.verma4407@example.com,Kolkata,Budget,2025-03-29
4408,Rahul,Desai,rahul.desai4408@example.com,Bangalore,Budget,2024-10-10
4409,Ananya,Iyer,ananya.iyer4409@example.com,Mumbai,Premium,2023-10-24
4410,Ananya,Joshi,ananya.joshi4410@example.com,Pune,Regular,2024-09-14
4411,Vivaan,Sharma,vivaan.sharma4411@example.com,Kolkata,Regular,2024-12-12
4412,Rohan,Gupta,rohan.gupta4412@example.com,Bangalore,Regular,2023-06-29
4413,Meera,Malhotra,meera.malhotra4413@example.com,Ahmedabad,Regular,2024-05-04
4414,Rahul,Nair,rahul.nair4414@example.com,Surat,Premium,2023-11-20
4415,Aarav,Gupta,aarav.gupta4415@example.com,Bangalore,Regular,2023-03-22
4416,Arjun,Gupta,arjun.gupta4416@example.com,Jaipur,Budget,2024-01-17
4417,Aryan,Shah,aryan.shah4417@example.com,Jaipur,Regular,2025-03-27
4418,Vivaan,Sharma,vivaan.sharma4418@example.com,Jaipur,Premium,2025-02-17
4419,Priya,Joshi,priya.joshi4419@example.com,Kolkata,Regular,2024-06-12
4420,Priya,Shah,priya.shah4420@example.com,Hyderabad,Budget,2023-05-11
4421,Rohan,Joshi,rohan.joshi4421@example.com,Pune,Regular,2024-09-01
4422,Aarav,Bhat,aarav.bhat4422@example.com,Chennai,Regular,2025-04-01
4423,Isha,Nair,isha.nair4423@example.com,Bangalore,Regular,2023-09-27
4424,Isha,Gupta,isha.gupta4424@example.com,Delhi,Budget,2023-05-31
4425,Vivaan,Mehta,vivaan.mehta4425@example.com,Chennai,Regular,2024-06-25
4426,Priya,Kapoor,priya.kapoor4426@example.com,Kolkata,Regular,2023-08-22
4427,Kavya,Iyer,kavya.iyer4427@example.com,Jaipur,Premium,2024-01-31
4428,Sneha,Kapoor,sneha.kapoor4428@example.com,Bangalore,Regular,2025-04-18
4429,Aryan,Shah,aryan.shah4429@example.com,Chennai,Premium,2023-06-29
4430,Sneha,Iyer,sneha.iyer4430@example.com,Hyderabad,Regular,2025-02-08
4431,Aryan,Kapoor,aryan.kapoor4431@example.com,Chennai,Premium,2025-03-27
4432,Isha,Verma,isha.verma4432@example.com,Pune,Regular,2023-11-09
4433,Meera,Kapoor,meera.kapoor4433@example.com,Bangalore,Budget,2025-01-27
4434,Aditya,Gupta,aditya.gupta4434@example.com,Hyderabad,Regular,2023-05-24
4435,Meera,Verma,meera.verma4435@example.com,Jaipur,Regular,2025-02-27
4436,Priya,Reddy,priya.reddy4436@example.com,Delhi,Regular,2024-09-27
4437,Diya,Nair,diya.nair4437@example.com,Hyderabad,Regular,2023-07-31
4438,Rohan,Singh,rohan.singh4438@example.com,Mumbai,Regular,2023-06-23
4439,Sneha,Shah,sneha.shah4439@example.com,Bangalore,Budget,2024-01-24
4440,Priya,Kapoor,priya.kapoor4440@example.com,Mumbai,Regular,2025-01-01
4441,Vivaan,Nair,vivaan.nair4441@example.com,Delhi,Regular,2025-05-17
4442,Diya,Mehta,diya.mehta4442@example.com,Mumbai,Regular,2025-04-26
4443,Karan,Sharma,karan.sharma4443@example.com,Surat,Budget,2024-01-31
4444,Kabir,Kapoor,kabir.kapoor4444@example.com,Jaipur,Regular,2025-01-06
4445,Rahul,Verma,rahul.verma4445@example.com,Hyderabad,Regular,2024-10-01
4446,Kabir,Bhat,kabir.bhat4446@example.com,Mumbai,Premium,2023-11-09
4447,Arjun,Shah,arjun.shah4447@example.com,Kolkata,Regular,2023-03-12
4448,Riya,Verma,riya.verma4448@example.com,Delhi,Budget,2024-06-10
4449,Aisha,Patel,aisha.patel4449@example.com,Chennai,Regular,2023-10-13
4450,Aisha,Verma,aisha.verma4450@example.com,Kolkata,Premium,2023-09-26
4451,Sneha,Mehta,sneha.mehta4451@example.com,Jaipur,Budget,2025-04-19
4452,Aditya,Singh,aditya.singh4452@example.com,Surat,Regular,2024-09-09
4453,Sneha,Gupta,sneha.gupta4453@example.com,Pune,Regular,2023-01-16
4454,Nisha,Gupta,nisha.gupta4454@example.com,Jaipur,Regular,2023-05-31
4455,Riya,Shah,riya.shah4455@example.com,Chennai,Budget,2024-11-07
4456,Diya,Nair,diya.nair4456@example.com,Surat,Regular,2024-09-29
4457,Kavya,Shah,kavya.shah4457@example.com,Bangalore,Budget,2024-06-10
4458,Nisha,Sharma,nisha.sharma4458@example.com,Pune,Regular,2023-11-10
4459,Rahul,Desai,rahul.desai4459@example.com,Delhi,Regular,2024-05-05
4460,Meera,Reddy,meera.reddy4460@example.com,Chennai,Regular,2023-05-21
4461,Vivaan,Nair,vivaan.nair4461@example.com,Surat,Regular,2023-04-02
4462,Diya,Iyer,diya.iyer4462@example.com,Bangalore,Regular,2023-09-16
4463,Karan,Desai,karan.desai4463@example.com,Hyderabad,Regular,2024-07-24
4464,Rohan,Shah,rohan.shah4464@example.com,Hyderabad,Regular,2023-08-30
4465,Arjun,Patel,arjun.patel4465@example.com,Jaipur,Regular,2023-04-26
4466,Diya,Bhat,diya.bhat4466@example.com,Bangalore,Budget,2025-04-16
4467,Kavya,Mehta,kavya.mehta4467@example.com,Jaipur,Budget,2023-06-26
4468,Vivaan,Iyer,vivaan.iyer4468@example.com,Jaipur,Budget,2024-08-14
4469,Rohan,Patel,rohan.patel4469@example.com,Mumbai,Budget,2023-05-05
4470,Aarav,Patel,aarav.patel4470@example.com,Bangalore,Budget,2023-08-24
4471,Aarav,Gupta,aarav.gupta4471@example.com,Jaipur,Regular,2024-12-09
4472,Isha,Malhotra,isha.malhotra4472@example.com,Mumbai,Budget,2023-04-28
4473,Riya,Desai,riya.desai4473@example.com,Surat,Regular,2024-10-08
4474,Sneha,Bhat,sneha.bhat4474@example.com,Ahmedabad,Budget,2025-04-01
4475,Arjun,Sharma,arjun.sharma4475@example.com,Delhi,Budget,2024-07-14
4476,Karan,Kapoor,karan.kapoor4476@example.com,Delhi,Regular,2024-01-28
4477,Kabir,Bhat,kabir.bhat4477@example.com,Chennai,Budget,2024-07-20
4478,Kabir,Reddy,kabir.reddy4478@example.com,Surat,Regular,2023-03-29
4479,Vivaan,Nair,vivaan.nair4479@example.com,Chennai,Regular,2024-05-09
4480,Sneha,Reddy,sneha.reddy4480@example.com,Hyderabad,Regular,2023-05-22
4481,Isha,Desai,isha.desai4481@example.com,Pune,Budget,2024-08-25
4482,Arjun,Sharma,arjun.sharma4482@example.com,Hyderabad,Budget,2023-01-04
4483,Aarav,Singh,aarav.singh4483@example.com,Kolkata,Budget,2025-05-05
4484,Aarav,Kapoor,aarav.kapoor4484@example.com,Chennai,Budget,2025-04-16
4485,Kavya,Malhotra,kavya.malhotra4485@example.com,Delhi,Regular,2024-03-24
4486,Vivaan,Malhotra,vivaan.malhotra4486@example.com,Kolkata,Regular,2024-03-19
4487,Aditya,Gupta,aditya.gupta4487@example.com,Kolkata,Budget,2023-01-14
4488,Vikram,Desai,vikram.desai4488@example.com,Delhi,Budget,2023-03-30
4489,Kabir,Verma,kabir.verma4489@example.com,Ahmedabad,Regular,2023-01-02
4490,Arjun,Malhotra,arjun.malhotra4490@example.com,Surat,Regular,2024-09-20
4491,Nisha,Singh,nisha.singh4491@example.com,Jaipur,Regular,2023-02-12
4492,Aisha,Nair,aisha.nair4492@example.com,Hyderabad,Regular,2024-07-29
4493,Sneha,Mehta,sneha.mehta4493@example.com,Jaipur,Premium,2023-10-29
4494,Sneha,Iyer,sneha.iyer4494@example.com,Surat,Regular,2024-08-04
4495,Rohan,Malhotra,rohan.malhotra4495@example.com,Ahmedabad,Budget,2024-09-13
4496,Riya,Mehta,riya.mehta4496@example.com,Kolkata,Regular,2024-07-06
4497,Riya,Bhat,riya.bhat4497@example.com,Surat,Premium,2024-10-12
4498,Riya,Reddy,riya.reddy4498@example.com,Ahmedabad,Budget,2024-11-07
4499,Aditya,Kapoor,aditya.kapoor4499@example.com,Pune,Budget,2023-02-01
4500,Isha,Patel,isha.patel4500@example.com,Ahmedabad,Budget,2024-01-07
4501,Kavya,Singh,kavya.singh4501@example.com,Mumbai,Regular,2024-01-22
4502,Kabir,Patel,kabir.patel4502@example.com,Delhi,Premium,2023-01-23
4503,Aisha,Singh,aisha.singh4503@example.com,Jaipur,Regular,2025-05-19
4504,Rohan,Malhotra,rohan.malhotra4504@example.com,Chennai,Budget,2023-01-16
4505,Sneha,Desai,sneha.desai4505@example.com,Surat,Regular,2023-01-06
4506,Rahul,Gupta,rahul.gupta4506@example.com,Ahmedabad,Regular,2025-03-13
4507,Riya,Kapoor,riya.kapoor4507@example.com,Ahmedabad,Regular,2023-05-01
4508,Vikram,Iyer,vikram.iyer4508@example.com,Bangalore,Regular,2023-04-03
4509,Diya,Joshi,diya.joshi4509@example.com,Delhi,Premium,2023-07-09
4510,Sneha,Patel,sneha.patel4510@example.com,Delhi,Regular,2023-10-15
4511,Kavya,Malhotra,kavya.malhotra4511@example.com,Kolkata,Regular,2023-05-22
4512,Rohan,Patel,rohan.patel4512@example.com,Ahmedabad,Regular,2024-09-09
4513,Kavya,Gupta,kavya.gupta4513@example.com,Mumbai,Budget,2024-04-05
4514,Aryan,Iyer,aryan.iyer4514@example.com,Pune,Regular,2025-01-18
4515,Rahul,Gupta,rahul.gupta4515@example.com,Jaipur,Regular,2025-04-23
4516,Vikram,Kapoor,vikram.kapoor4516@example.com,Mumbai,Regular,2024-05-12
4517,Riya,Patel,riya.patel4517@example.com,Surat,Premium,2023-01-03
4518,Aisha,Singh,aisha.singh4518@example.com,Mumbai,Budget,2025-04-30
4519,Aarav,Iyer,aarav.iyer4519@example.com,Delhi,Regular,2023-02-20
4520,Kabir,Bhat,kabir.bhat4520@example.com,Pune,Regular,2024-12-22
4521,Vivaan,Singh,vivaan.singh4521@example.com,Hyderabad,Budget,2023-06-25
4522,Aryan,Desai,aryan.desai4522@example.com,Ahmedabad,Budget,2025-06-04
4523,Riya,Patel,riya.patel4523@example.com,Surat,Regular,2024-07-27
4524,Aryan,Sharma,aryan.sharma4524@example.com,Delhi,Regular,2023-03-01
4525,Riya,Patel,riya.patel4525@example.com,Chennai,Budget,2023-06-14
4526,Kabir,Gupta,kabir.gupta4526@example.com,Kolkata,Premium,2023-05-20
4527,Sneha,Bhat,sneha.bhat4527@example.com,Pune,Premium,2025-03-24
4528,Aditya,Sharma,aditya.sharma4528@example.com,Pune,Budget,2025-03-16
4529,Vivaan,Gupta,vivaan.gupta4529@example.com,Surat,Regular,2023-04-29
4530,Aarav,Joshi,aarav.joshi4530@example.com,Ahmedabad,Budget,2023-07-02
4531,Arjun,Desai,arjun.desai4531@example.com,Delhi,Regular,2024-11-03
4532,Isha,Gupta,isha.gupta4532@example.com,Mumbai,Budget,2025-02-04
4533,Kabir,Desai,kabir.desai4533@example.com,Ahmedabad,Premium,2025-06-01
4534,Kavya,Patel,kavya.patel4534@example.com,Mumbai,Premium,2023-07-24
4535,Aditya,Nair,aditya.nair4535@example.com,Surat,Regular,2024-03-16
4536,Aarav,Sharma,aarav.sharma4536@example.com,Chennai,Budget,2024-05-10
4537,Aditya,Bhat,aditya.bhat4537@example.com,Surat,Budget,2024-05-31
4538,Sneha,Iyer,sneha.iyer4538@example.com,Chennai,Regular,2023-12-02
4539,Rahul,Nair,rahul.nair4539@example.com,Jaipur,Regular,2024-08-04
4540,Kavya,Shah,kavya.shah4540@example.com,Hyderabad,Budget,2024-08-09
4541,Isha,Kapoor,isha.kapoor4541@example.com,Surat,Regular,2023-05-15
4542,Priya,Nair,priya.nair4542@example.com,Kolkata,Budget,2023-04-29
4543,Aditya,Joshi,aditya.joshi4543@example.com,Jaipur,Budget,2025-03-23
4544,Priya,Mehta,priya.mehta4544@example.com,Chennai,Budget,2025-04-04
4545,Aditya,Mehta,aditya.mehta4545@example.com,Delhi,Premium,2025-02-28
4546,Ananya,Sharma,ananya.sharma4546@example.com,Pune,Budget,2023-06-07
4547,Nisha,Malhotra,nisha.malhotra4547@example.com,Bangalore,Premium,2023-08-16
4548,Vikram,Mehta,vikram.mehta4548@example.com,Pune,Regular,2025-03-13
4549,Riya,Nair,riya.nair4549@example.com,Hyderabad,Regular,2025-04-23
4550,Rahul,Malhotra,rahul.malhotra4550@example.com,Mumbai,Regular,2024-06-26
4551,Aryan,Shah,aryan.shah4551@example.com,Mumbai,Budget,2024-03-21
4552,Meera,Mehta,meera.mehta4552@example.com,Jaipur,Regular,2024-08-25
4553,Aryan,Bhat,aryan.bhat4553@example.com,Jaipur,Regular,2023-11-03
4554,Sneha,Verma,sneha.verma4554@example.com,Pune,Budget,2023-07-01
4555,Diya,Bhat,diya.bhat4555@example.com,Chennai,Regular,2025-03-27
4556,Rahul,Shah,rahul.shah4556@example.com,Pune,Regular,2023-02-18
4557,Meera,Desai,meera.desai4557@example.com,Chennai,Budget,2024-03-30
4558,Diya,Kapoor,diya.kapoor4558@example.com,Surat,Regular,2024-04-04
4559,Aditya,Kapoor,aditya.kapoor4559@example.com,Bangalore,Regular,2024-02-11
4560,Rohan,Iyer,rohan.iyer4560@example.com,Mumbai,Regular,2025-04-24
4561,Sneha,Bhat,sneha.bhat4561@example.com,Pune,Premium,2023-12-08
4562,Priya,Reddy,priya.reddy4562@example.com,Chennai,Budget,2024-12-17
4563,Nisha,Gupta,nisha.gupta4563@example.com,Delhi,Budget,2023-08-28
4564,Arjun,Singh,arjun.singh4564@example.com,Jaipur,Budget,2025-03-08
4565,Arjun,Joshi,arjun.joshi4565@example.com,Mumbai,Premium,2024-12-04
4566,Vikram,Iyer,vikram.iyer4566@example.com,Kolkata,Premium,2024-03-31
4567,Rohan,Patel,rohan.patel4567@example.com,Mumbai,Regular,2024-10-11
4568,Nisha,Kapoor,nisha.kapoor4568@example.com,Pune,Budget,2023-08-28
4569,Aryan,Iyer,aryan.iyer4569@example.com,Bangalore,Budget,2023-03-27
4570,Aditya,Reddy,aditya.reddy4570@example.com,Bangalore,Regular,2023-05-19
4571,Ananya,Nair,ananya.nair4571@example.com,Surat,Regular,2025-03-23
4572,Vivaan,Sharma,vivaan.sharma4572@example.com,Kolkata,Budget,2023-06-11
4573,Vivaan,Gupta,vivaan.gupta4573@example.com,Delhi,Regular,2023-11-24
4574,Rohan,Bhat,rohan.bhat4574@example.com,Pune,Budget,2025-06-18
4575,Kavya,Verma,kavya.verma4575@example.com,Surat,Regular,2024-03-26
4576,Meera,Verma,meera.verma4576@example.com,Ahmedabad,Premium,2023-02-14
4577,Meera,Iyer,meera.iyer4577@example.com,Bangalore,Regular,2023-07-15
4578,Sneha,Sharma,sneha.sharma4578@example.com,Surat,Regular,2023-12-29
4579,Aarav,Bhat,aarav.bhat4579@example.com,Delhi,Premium,2023-08-25
4580,Diya,Verma,diya.verma4580@example.com,Surat,Regular,2024-11-24
4581,Vikram,Nair,vikram.nair4581@example.com,Mumbai,Regular,2025-01-08
4582,Kavya,Gupta,kavya.gupta4582@example.com,Chennai,Regular,2023-01-04
4583,Vivaan,Bhat,vivaan.bhat4583@example.com,Kolkata,Premium,2023-08-08
4584,Nisha,Iyer,nisha.iyer4584@example.com,Chennai,Premium,2025-02-17
4585,Sneha,Verma,sneha.verma4585@example.com,Surat,Budget,2024-10-03
4586,Kabir,Reddy,kabir.reddy4586@example.com,Surat,Regular,2023-12-11
4587,Rohan,Shah,rohan.shah4587@example.com,Pune,Budget,2024-01-03
4588,Kabir,Bhat,kabir.bhat4588@example.com,Surat,Regular,2024-01-18
4589,Vivaan,Kapoor,vivaan.kapoor4589@example.com,Delhi,Premium,2024-02-02
4590,Isha,Singh,isha.singh4590@example.com,Surat,Premium,2024-08-06
4591,Aarav,Malhotra,aarav.malhotra4591@example.com,Kolkata,Budget,2024-08-07
4592,Sneha,Sharma,sneha.sharma4592@example.com,Jaipur,Regular,2023-03-17
4593,Meera,Singh,meera.singh4593@example.com,Mumbai,Budget,2023-09-27
4594,Kabir,Singh,kabir.singh4594@example.com,Chennai,Regular,2024-05-27
4595,Rahul,Iyer,rahul.iyer4595@example.com,Hyderabad,Regular,2023-08-12
4596,Vikram,Verma,vikram.verma4596@example.com,Pune,Budget,2024-08-17
4597,Aarav,Sharma,aarav.sharma4597@example.com,Ahmedabad,Regular,2024-02-07
4598,Rohan,Kapoor,rohan.kapoor4598@example.com,Mumbai,Regular,2023-12-02
4599,Aisha,Desai,aisha.desai4599@example.com,Delhi,Regular,2023-01-12
4600,Diya,Kapoor,diya.kapoor4600@example.com,Bangalore,Budget,2023-09-19
4601,Rohan,Verma,rohan.verma4601@example.com,Ahmedabad,Regular,2023-04-19
4602,Rohan,Joshi,rohan.joshi4602@example.com,Bangalore,Regular,2023-03-04
4603,Kavya,Iyer,kavya.iyer4603@example.com,Bangalore,Regular,2025-03-08
4604,Kabir,Verma,kabir.verma4604@example.com,Delhi,Premium,2023-12-05
4605,Vivaan,Joshi,vivaan.joshi4605@example.com,Kolkata,Budget,2023-02-10
4606,Vivaan,Kapoor,vivaan.kapoor4606@example.com,Mumbai,Regular,2023-09-08
4607,Sneha,Shah,sneha.shah4607@example.com,Jaipur,Regular,2024-02-28
4608,Aarav,Patel,aarav.patel4608@example.com,Delhi,Regular,2023-04-30
4609,Meera,Mehta,meera.mehta4609@example.com,Bangalore,Regular,2025-03-24
4610,Aarav,Verma,aarav.verma4610@example.com,Pune,Budget,2024-11-25
4611,Meera,Kapoor,meera.kapoor4611@example.com,Surat,Regular,2025-02-11
4612,Sneha,Singh,sneha.singh4612@example.com,Surat,Budget,2023-11-28
4613,Aditya,Patel,aditya.patel4613@example.com,Surat,Budget,2024-08-30
4614,Vikram,Patel,vikram.patel4614@example.com,Mumbai,Regular,2024-02-09
4615,Kabir,Malhotra,kabir.malhotra4615@example.com,Bangalore,Budget,2024-11-18
4616,Rahul,Singh,rahul.singh4616@example.com,Pune,Regular,2024-01-14
4617,Aditya,Verma,aditya.verma4617@example.com,Ahmedabad,Budget,2024-04-18
4618,Nisha,Patel,nisha.patel4618@example.com,Ahmedabad,Premium,2023-01-02
4619,Aisha,Desai,aisha.desai4619@example.com,Hyderabad,Budget,2023-06-15
4620,Sneha,Sharma,sneha.sharma4620@example.com,Hyderabad,Regular,2023-07-05
4621,Rohan,Gupta,rohan.gupta4621@example.com,Surat,Budget,2024-10-24
4622,Rohan,Gupta,rohan.gupta4622@example.com,Jaipur,Budget,2023-12-28
4623,Riya,Joshi,riya.joshi4623@example.com,Mumbai,Regular,2024-05-15
4624,Kavya,Gupta,kavya.gupta4624@example.com,Delhi,Budget,2024-03-20
4625,Riya,Malhotra,riya.malhotra4625@example.com,Jaipur,Regular,2023-08-05
4626,Sneha,Shah,sneha.shah4626@example.com,Surat,Budget,2023-03-25
4627,Kavya,Iyer,kavya.iyer4627@example.com,Ahmedabad,Regular,2024-04-19
4628,Arjun,Malhotra,arjun.malhotra4628@example.com,Jaipur,Premium,2024-07-23
4629,Vivaan,Nair,vivaan.nair4629@example.com,Pune,Budget,2025-03-02
4630,Priya,Shah,priya.shah4630@example.com,Surat,Budget,2025-02-22
4631,Aditya,Shah,aditya.shah4631@example.com,Surat,Budget,2024-01-20
4632,Riya,Bhat,riya.bhat4632@example.com,Ahmedabad,Budget,2024-08-18
4633,Riya,Verma,riya.verma4633@example.com,Chennai,Budget,2023-12-06
4634,Arjun,Shah,arjun.shah4634@example.com,Bangalore,Budget,2023-05-22
4635,Priya,Patel,priya.patel4635@example.com,Mumbai,Regular,2023-01-02
4636,Karan,Joshi,karan.joshi4636@example.com,Jaipur,Premium,2023-10-29
4637,Kabir,Patel,kabir.patel4637@example.com,Bangalore,Premium,2024-11-09
4638,Aditya,Verma,aditya.verma4638@example.com,Ahmedabad,Budget,2023-10-13
4639,Karan,Iyer,karan.iyer4639@example.com,Jaipur,Budget,2023-05-15
4640,Aditya,Malhotra,aditya.malhotra4640@example.com,Surat,Regular,2024-01-04
4641,Karan,Iyer,karan.iyer4641@example.com,Bangalore,Budget,2023-01-11
4642,Aarav,Patel,aarav.patel4642@example.com,Hyderabad,Budget,2023-02-06
4643,Aryan,Bhat,aryan.bhat4643@example.com,Bangalore,Regular,2025-01-01
4644,Rahul,Patel,rahul.patel4644@example.com,Ahmedabad,Regular,2025-01-04
4645,Rahul,Iyer,rahul.iyer4645@example.com,Delhi,Regular,2025-06-15
4646,Karan,Sharma,karan.sharma4646@example.com,Bangalore,Regular,2025-03-06
4647,Isha,Kapoor,isha.kapoor4647@example.com,Kolkata,Regular,2023-02-18
4648,Karan,Sharma,karan.sharma4648@example.com,Mumbai,Regular,2024-11-29
4649,Nisha,Mehta,nisha.mehta4649@example.com,Ahmedabad,Regular,2025-04-28
4650,Aisha,Malhotra,aisha.malhotra4650@example.com,Delhi,Regular,2024-08-21
4651,Kabir,Patel,kabir.patel4651@example.com,Delhi,Regular,2025-02-25
4652,Rohan,Joshi,rohan.joshi4652@example.com,Kolkata,Regular,2023-04-02
4653,Aditya,Singh,aditya.singh4653@example.com,Kolkata,Budget,2023-11-02
4654,Vivaan,Desai,vivaan.desai4654@example.com,Surat,Budget,2023-06-12
4655,Riya,Mehta,riya.mehta4655@example.com,Mumbai,Regular,2023-05-03
4656,Sneha,Desai,sneha.desai4656@example.com,Delhi,Regular,2023-10-10
4657,Diya,Patel,diya.patel4657@example.com,Surat,Premium,2023-06-04
4658,Karan,Gupta,karan.gupta4658@example.com,Ahmedabad,Premium,2024-03-05
4659,Vivaan,Kapoor,vivaan.kapoor4659@example.com,Jaipur,Budget,2024-02-20
4660,Isha,Desai,isha.desai4660@example.com,Ahmedabad,Budget,2024-02-07
4661,Vivaan,Malhotra,vivaan.malhotra4661@example.com,Kolkata,Budget,2023-08-28
4662,Aditya,Joshi,aditya.joshi4662@example.com,Kolkata,Regular,2024-06-08
4663,Vivaan,Verma,vivaan.verma4663@example.com,Chennai,Budget,2024-08-18
4664,Aryan,Verma,aryan.verma4664@example.com,Mumbai,Regular,2024-11-02
4665,Isha,Malhotra,isha.malhotra4665@example.com,Chennai,Regular,2023-07-21
4666,Karan,Iyer,karan.iyer4666@example.com,Surat,Regular,2023-08-19
4667,Aarav,Verma,aarav.verma4667@example.com,Surat,Regular,2024-10-24
4668,Meera,Mehta,meera.mehta4668@example.com,Bangalore,Regular,2023-05-13
4669,Isha,Bhat,isha.bhat4669@example.com,Delhi,Premium,2025-05-04
4670,Rahul,Verma,rahul.verma4670@example.com,Kolkata,Regular,2023-08-10
4671,Ananya,Reddy,ananya.reddy4671@example.com,Pune,Regular,2024-07-22
4672,Rahul,Gupta,rahul.gupta4672@example.com,Jaipur,Budget,2024-11-26
4673,Vivaan,Shah,vivaan.shah4673@example.com,Ahmedabad,Budget,2025-01-22
4674,Nisha,Reddy,nisha.reddy4674@example.com,Delhi,Budget,2024-09-24
4675,Isha,Patel,isha.patel4675@example.com,Hyderabad,Budget,2024-10-16
4676,Aditya,Reddy,aditya.reddy4676@example.com,Surat,Regular,2024-09-07
4677,Aryan,Mehta,aryan.mehta4677@example.com,Jaipur,Regular,2023-07-25
4678,Kabir,Bhat,kabir.bhat4678@example.com,Chennai,Budget,2023-05-18
4679,Rohan,Bhat,rohan.bhat4679@example.com,Mumbai,Regular,2024-01-10
4680,Kabir,Mehta,kabir.mehta4680@example.com,Chennai,Budget,2023-09-09
4681,Vivaan,Nair,vivaan.nair4681@example.com,Hyderabad,Premium,2024-12-07
4682,Aisha,Desai,aisha.desai4682@example.com,Jaipur,Regular,2024-11-15
4683,Aarav,Kapoor,aarav.kapoor4683@example.com,Chennai,Regular,2025-01-06
4684,Meera,Nair,meera.nair4684@example.com,Kolkata,Budget,2025-01-15
4685,Kavya,Reddy,kavya.reddy4685@example.com,Ahmedabad,Regular,2023-10-03
4686,Meera,Malhotra,meera.malhotra4686@example.com,Chennai,Budget,2024-08-23
4687,Ananya,Mehta,ananya.mehta4687@example.com,Hyderabad,Regular,2024-01-05
4688,Kavya,Singh,kavya.singh4688@example.com,Chennai,Regular,2025-05-27
4689,Nisha,Nair,nisha.nair4689@example.com,Kolkata,Budget,2024-05-29
4690,Aditya,Malhotra,aditya.malhotra4690@example.com,Chennai,Premium,2023-08-02
4691,Rohan,Kapoor,rohan.kapoor4691@example.com,Pune,Premium,2023-10-20
4692,Aarav,Joshi,aarav.joshi4692@example.com,Surat,Budget,2023-12-07
4693,Vikram,Shah,vikram.shah4693@example.com,Pune,Regular,2023-03-31
4694,Diya,Joshi,diya.joshi4694@example.com,Pune,Budget,2023-05-27
4695,Aisha,Joshi,aisha.joshi4695@example.com,Kolkata,Regular,2024-01-26
4696,Meera,Patel,meera.patel4696@example.com,Hyderabad,Premium,2023-04-26
4697,Aryan,Patel,aryan.patel4697@example.com,Pune,Budget,2023-09-03
4698,Kavya,Gupta,kavya.gupta4698@example.com,Bangalore,Regular,2023-09-30
4699,Vikram,Sharma,vikram.sharma4699@example.com,Chennai,Regular,2024-11-14
4700,Kavya,Mehta,kavya.mehta4700@example.com,Bangalore,Budget,2023-09-11
4701,Arjun,Verma,arjun.verma4701@example.com,Pune,Budget,2025-03-06
4702,Karan,Iyer,karan.iyer4702@example.com,Mumbai,Regular,2025-04-09
4703,Isha,Mehta,isha.mehta4703@example.com,Ahmedabad,Regular,2024-11-04
4704,Aarav,Sharma,aarav.sharma4704@example.com,Delhi,Regular,2024-06-30
4705,Riya,Desai,riya.desai4705@example.com,Bangalore,Premium,2023-12-31
4706,Arjun,Gupta,arjun.gupta4706@example.com,Jaipur,Regular,2024-01-13
4707,Sneha,Verma,sneha.verma4707@example.com,Bangalore,Regular,2023-11-22
4708,Aryan,Iyer,aryan.iyer4708@example.com,Kolkata,Budget,2023-06-30
4709,Riya,Nair,riya.nair4709@example.com,Chennai,Regular,2024-04-16
4710,Priya,Sharma,priya.sharma4710@example.com,Ahmedabad,Regular,2023-04-26
4711,Rohan,Desai,rohan.desai4711@example.com,Mumbai,Regular,2024-10-25
4712,Isha,Nair,isha.nair4712@example.com,Bangalore,Regular,2023-12-16
4713,Meera,Singh,meera.singh4713@example.com,Bangalore,Regular,2024-04-08
4714,Diya,Reddy,diya.reddy4714@example.com,Kolkata,Regular,2023-11-28
4715,Meera,Sharma,meera.sharma4715@example.com,Chennai,Budget,2023-04-25
4716,Vivaan,Bhat,vivaan.bhat4716@example.com,Pune,Budget,2025-02-20
4717,Meera,Bhat,meera.bhat4717@example.com,Delhi,Premium,2024-07-03
4718,Aisha,Kapoor,aisha.kapoor4718@example.com,Jaipur,Regular,2024-10-26
4719,Vivaan,Sharma,vivaan.sharma4719@example.com,Bangalore,Regular,2023-01-26
4720,Rohan,Iyer,rohan.iyer4720@example.com,Delhi,Regular,2023-05-12
4721,Ananya,Singh,ananya.singh4721@example.com,Hyderabad,Premium,2024-11-09
4722,Aarav,Joshi,aarav.joshi4722@example.com,Hyderabad,Budget,2023-11-05
4723,Arjun,Nair,arjun.nair4723@example.com,Kolkata,Regular,2023-08-11
4724,Aditya,Singh,aditya.singh4724@example.com,Mumbai,Regular,2023-06-18
4725,Karan,Malhotra,karan.malhotra4725@example.com,Pune,Regular,2024-09-29
4726,Rahul,Shah,rahul.shah4726@example.com,Kolkata,Regular,2025-03-05
4727,Aarav,Joshi,aarav.joshi4727@example.com,Bangalore,Regular,2024-10-22
4728,Priya,Nair,priya.nair4728@example.com,Pune,Premium,2023-09-10
4729,Aisha,Joshi,aisha.joshi4729@example.com,Hyderabad,Budget,2023-12-27
4730,Rahul,Patel,rahul.patel4730@example.com,Ahmedabad,Regular,2023-06-04
4731,Nisha,Mehta,nisha.mehta4731@example.com,Surat,Regular,2024-06-18
4732,Aarav,Verma,aarav.verma4732@example.com,Ahmedabad,Regular,2024-01-08
4733,Kabir,Nair,kabir.nair4733@example.com,Hyderabad,Premium,2023-12-29
4734,Isha,Malhotra,isha.malhotra4734@example.com,Jaipur,Regular,2023-03-31
4735,Vivaan,Singh,vivaan.singh4735@example.com,Delhi,Budget,2024-02-11
4736,Sneha,Singh,sneha.singh4736@example.com,Jaipur,Regular,2023-02-16
4737,Nisha,Singh,nisha.singh4737@example.com,Delhi,Budget,2025-03-17
4738,Rohan,Desai,rohan.desai4738@example.com,Hyderabad,Regular,2025-05-24
4739,Arjun,Sharma,arjun.sharma4739@example.com,Delhi,Regular,2024-05-18
4740,Arjun,Kapoor,arjun.kapoor4740@example.com,Jaipur,Regular,2024-10-22
4741,Sneha,Reddy,sneha.reddy4741@example.com,Bangalore,Budget,2024-07-27
4742,Priya,Reddy,priya.reddy4742@example.com,Kolkata,Budget,2025-03-23
4743,Aryan,Shah,aryan.shah4743@example.com,Chennai,Budget,2025-05-30
4744,Priya,Mehta,priya.mehta4744@example.com,Ahmedabad,Budget,2023-11-29
4745,Rahul,Patel,rahul.patel4745@example.com,Hyderabad,Budget,2023-08-03
4746,Rahul,Patel,rahul.patel4746@example.com,Jaipur,Premium,2023-06-15
4747,Arjun,Nair,arjun.nair4747@example.com,Chennai,Regular,2024-09-14
4748,Rahul,Kapoor,rahul.kapoor4748@example.com,Surat,Regular,2024-07-27
4749,Rohan,Patel,rohan.patel4749@example.com,Pune,Regular,2025-01-21
4750,Diya,Patel,diya.patel4750@example.com,Surat,Budget,2025-04-20
4751,Ananya,Mehta,ananya.mehta4751@example.com,Mumbai,Budget,2024-01-16
4752,Kabir,Desai,kabir.desai4752@example.com,Ahmedabad,Budget,2024-10-12
4753,Kabir,Gupta,kabir.gupta4753@example.com,Delhi,Regular,2025-05-25
4754,Aryan,Malhotra,aryan.malhotra4754@example.com,Ahmedabad,Regular,2024-12-01
4755,Kabir,Sharma,kabir.sharma4755@example.com,Pune,Regular,2024-05-12
4756,Sneha,Verma,sneha.verma4756@example.com,Delhi,Regular,2025-03-01
4757,Ananya,Patel,ananya.patel4757@example.com,Delhi,Regular,2023-01-14
4758,Diya,Patel,diya.patel4758@example.com,Mumbai,Regular,2024-02-15
4759,Vikram,Reddy,vikram.reddy4759@example.com,Hyderabad,Regular,2024-02-13
4760,Priya,Reddy,priya.reddy4760@example.com,Kolkata,Premium,2024-01-10
4761,Aryan,Nair,aryan.nair4761@example.com,Mumbai,Regular,2024-05-02
4762,Aryan,Joshi,aryan.joshi4762@example.com,Bangalore,Budget,2023-03-16
4763,Aditya,Kapoor,aditya.kapoor4763@example.com,Kolkata,Budget,2023-03-30
4764,Aryan,Gupta,aryan.gupta4764@example.com,Surat,Budget,2023-03-21
4765,Ananya,Kapoor,ananya.kapoor4765@example.com,Chennai,Premium,2024-03-14
4766,Aditya,Joshi,aditya.joshi4766@example.com,Kolkata,Regular,2025-01-08
4767,Karan,Joshi,karan.joshi4767@example.com,Ahmedabad,Regular,2023-11-25
4768,Aisha,Nair,aisha.nair4768@example.com,Mumbai,Regular,2023-07-09
4769,Aarav,Nair,aarav.nair4769@example.com,Mumbai,Regular,2023-05-21
4770,Isha,Patel,isha.patel4770@example.com,Mumbai,Premium,2024-11-13
4771,Priya,Gupta,priya.gupta4771@example.com,Delhi,Premium,2023-05-20
4772,Aditya,Mehta,aditya.mehta4772@example.com,Hyderabad,Budget,2024-08-08
4773,Isha,Bhat,isha.bhat4773@example.com,Kolkata,Regular,2024-09-27
4774,Kavya,Reddy,kavya.reddy4774@example.com,Kolkata,Premium,2024-04-09
4775,Riya,Singh,riya.singh4775@example.com,Delhi,Regular,2023-08-09
4776,Priya,Bhat,priya.bhat4776@example.com,Hyderabad,Premium,2024-05-10
4777,Nisha,Nair,nisha.nair4777@example.com,Bangalore,Regular,2023-07-09
4778,Diya,Reddy,diya.reddy4778@example.com,Mumbai,Regular,2025-02-21
4779,Ananya,Iyer,ananya.iyer4779@example.com,Jaipur,Regular,2024-08-13
4780,Priya,Reddy,priya.reddy4780@example.com,Kolkata,Regular,2024-07-11
4781,Karan,Reddy,karan.reddy4781@example.com,Surat,Budget,2024-12-02
4782,Vikram,Mehta,vikram.mehta4782@example.com,Surat,Premium,2023-04-29
4783,Diya,Kapoor,diya.kapoor4783@example.com,Hyderabad,Premium,2023-11-13
4784,Riya,Reddy,riya.reddy4784@example.com,Surat,Regular,2025-01-12
4785,Rohan,Mehta,rohan.mehta4785@example.com,Bangalore,Premium,2023-05-08
4786,Arjun,Joshi,arjun.joshi4786@example.com,Pune,Budget,2023-03-12
4787,Aisha,Singh,aisha.singh4787@example.com,Kolkata,Regular,2025-04-06
4788,Vikram,Joshi,vikram.joshi4788@example.com,Ahmedabad,Budget,2024-10-17
4789,Vikram,Singh,vikram.singh4789@example.com,Mumbai,Premium,2023-01-08
4790,Isha,Shah,isha.shah4790@example.com,Kolkata,Regular,2024-04-20
4791,Sneha,Reddy,sneha.reddy4791@example.com,Kolkata,Regular,2025-02-19
4792,Vikram,Joshi,vikram.joshi4792@example.com,Surat,Regular,2024-04-03
4793,Vikram,Bhat,vikram.bhat4793@example.com,Kolkata,Budget,2023-04-02
4794,Diya,Bhat,diya.bhat4794@example.com,Kolkata,Regular,2023-12-22
4795,Vivaan,Verma,vivaan.verma4795@example.com,Pune,Premium,2025-05-28
4796,Isha,Mehta,isha.mehta4796@example.com,Pune,Regular,2023-12-28
4797,Priya,Mehta,priya.mehta4797@example.com,Surat,Budget,2023-02-08
4798,Aryan,Joshi,aryan.joshi4798@example.com,Surat,Regular,2024-03-12
4799,Meera,Singh,meera.singh4799@example.com,Delhi,Budget,2023-03-22
4800,Kavya,Reddy,kavya.reddy4800@example.com,Bangalore,Regular,2024-01-02
4801,Diya,Mehta,diya.mehta4801@example.com,Hyderabad,Premium,2023-11-25
4802,Aisha,Joshi,aisha.joshi4802@example.com,Mumbai,Regular,2024-04-22
4803,Aisha,Gupta,aisha.gupta4803@example.com,Jaipur,Regular,2023-06-15
4804,Isha,Reddy,isha.reddy4804@example.com,Kolkata,Regular,2023-07-31
4805,Aditya,Desai,aditya.desai4805@example.com,Surat,Regular,2023-11-18
4806,Riya,Joshi,riya.joshi4806@example.com,Jaipur,Budget,2025-05-20
4807,Ananya,Joshi,ananya.joshi4807@example.com,Pune,Budget,2024-02-07
4808,Isha,Reddy,isha.reddy4808@example.com,Hyderabad,Regular,2024-03-21
4809,Ananya,Nair,ananya.nair4809@example.com,Chennai,Budget,2023-09-26
4810,Vikram,Iyer,vikram.iyer4810@example.com,Delhi,Budget,2023-09-21
4811,Vikram,Joshi,vikram.joshi4811@example.com,Kolkata,Regular,2023-05-05
4812,Nisha,Joshi,nisha.joshi4812@example.com,Surat,Regular,2023-09-08
4813,Aryan,Verma,aryan.verma4813@example.com,Ahmedabad,Regular,2024-08-15
4814,Kavya,Bhat,kavya.bhat4814@example.com,Kolkata,Regular,2023-10-04
4815,Riya,Nair,riya.nair4815@example.com,Jaipur,Regular,2024-11-23
4816,Kabir,Sharma,kabir.sharma4816@example.com,Pune,Regular,2024-08-30
4817,Rahul,Joshi,rahul.joshi4817@example.com,Ahmedabad,Budget,2025-01-10
4818,Karan,Joshi,karan.joshi4818@example.com,Jaipur,Regular,2024-11-16
4819,Riya,Joshi,riya.joshi4819@example.com,Chennai,Premium,2025-05-28
4820,Rohan,Gupta,rohan.gupta4820@example.com,Surat,Regular,2023-01-09
4821,Vivaan,Iyer,vivaan.iyer4821@example.com,Delhi,Budget,2023-06-27
4822,Vivaan,Singh,vivaan.singh4822@example.com,Chennai,Budget,2023-12-01
4823,Riya,Kapoor,riya.kapoor4823@example.com,Chennai,Regular,2023-07-17
4824,Isha,Kapoor,isha.kapoor4824@example.com,Ahmedabad,Budget,2023-12-11
4825,Rahul,Desai,rahul.desai4825@example.com,Bangalore,Premium,2025-03-07
4826,Aarav,Sharma,aarav.sharma4826@example.com,Chennai,Regular,2023-11-06
4827,Vikram,Malhotra,vikram.malhotra4827@example.com,Bangalore,Budget,2023-03-07
4828,Kabir,Joshi,kabir.joshi4828@example.com,Mumbai,Premium,2023-02-25
4829,Aisha,Gupta,aisha.gupta4829@example.com,Delhi,Regular,2023-05-20
4830,Meera,Kapoor,meera.kapoor4830@example.com,Kolkata,Budget,2025-05-29
4831,Riya,Iyer,riya.iyer4831@example.com,Kolkata,Regular,2024-09-01
4832,Kavya,Kapoor,kavya.kapoor4832@example.com,Ahmedabad,Budget,2024-10-05
4833,Sneha,Malhotra,sneha.malhotra4833@example.com,Delhi,Budget,2025-04-05
4834,Nisha,Mehta,nisha.mehta4834@example.com,Chennai,Budget,2023-03-12
4835,Sneha,Verma,sneha.verma4835@example.com,Chennai,Regular,2023-07-13
4836,Diya,Malhotra,diya.malhotra4836@example.com,Delhi,Premium,2023-08-15
4837,Sneha,Shah,sneha.shah4837@example.com,Mumbai,Budget,2024-01-15
4838,Vikram,Bhat,vikram.bhat4838@example.com,Hyderabad,Budget,2023-07-07
4839,Rohan,Bhat,rohan.bhat4839@example.com,Bangalore,Premium,2024-11-17
4840,Kabir,Mehta,kabir.mehta4840@example.com,Ahmedabad,Regular,2023-11-14
4841,Aryan,Malhotra,aryan.malhotra4841@example.com,Delhi,Premium,2023-08-01
4842,Kabir,Reddy,kabir.reddy4842@example.com,Surat,Regular,2024-04-06
4843,Diya,Nair,diya.nair4843@example.com,Jaipur,Budget,2025-04-21
4844,Vivaan,Shah,vivaan.shah4844@example.com,Pune,Budget,2025-03-21
4845,Rahul,Joshi,rahul.joshi4845@example.com,Chennai,Regular,2025-05-31
4846,Kavya,Sharma,kavya.sharma4846@example.com,Delhi,Regular,2023-06-06
4847,Priya,Singh,priya.singh4847@example.com,Delhi,Regular,2023-10-20
4848,Karan,Sharma,karan.sharma4848@example.com,Hyderabad,Budget,2023-11-06
4849,Vivaan,Patel,vivaan.patel4849@example.com,Jaipur,Budget,2023-08-22
4850,Aisha,Sharma,aisha.sharma4850@example.com,Bangalore,Budget,2023-06-17
4851,Nisha,Verma,nisha.verma4851@example.com,Kolkata,Regular,2024-03-08
4852,Meera,Nair,meera.nair4852@example.com,Bangalore,Regular,2023-12-11
4853,Rahul,Shah,rahul.shah4853@example.com,Surat,Budget,2023-06-06
4854,Aarav,Patel,aarav.patel4854@example.com,Bangalore,Regular,2023-01-17
4855,Kavya,Gupta,kavya.gupta4855@example.com,Hyderabad,Budget,2023-08-09
4856,Kabir,Sharma,kabir.sharma4856@example.com,Hyderabad,Regular,2023-08-13
4857,Meera,Singh,meera.singh4857@example.com,Delhi,Regular,2023-03-11
4858,Isha,Nair,isha.nair4858@example.com,Pune,Budget,2024-04-12
4859,Aarav,Singh,aarav.singh4859@example.com,Kolkata,Premium,2025-05-26
4860,Priya,Joshi,priya.joshi4860@example.com,Pune,Budget,2024-09-16
4861,Ananya,Mehta,ananya.mehta4861@example.com,Mumbai,Regular,2025-02-05
4862,Aisha,Mehta,aisha.mehta4862@example.com,Delhi,Budget,2023-02-27
4863,Rohan,Bhat,rohan.bhat4863@example.com,Surat,Regular,2023-08-25
4864,Aryan,Desai,aryan.desai4864@example.com,Bangalore,Regular,2024-05-14
4865,Karan,Verma,karan.verma4865@example.com,Bangalore,Premium,2025-01-03
4866,Sneha,Verma,sneha.verma4866@example.com,Delhi,Budget,2024-04-14
4867,Kavya,Nair,kavya.nair4867@example.com,Mumbai,Premium,2025-01-29
4868,Rohan,Patel,rohan.patel4868@example.com,Bangalore,Regular,2024-11-08
4869,Aisha,Sharma,aisha.sharma4869@example.com,Kolkata,Budget,2024-03-25
4870,Aryan,Reddy,aryan.reddy4870@example.com,Ahmedabad,Budget,2024-07-13
4871,Arjun,Desai,arjun.desai4871@example.com,Ahmedabad,Regular,2024-05-02
4872,Aryan,Malhotra,aryan.malhotra4872@example.com,Surat,Budget,2023-04-19
4873,Nisha,Bhat,nisha.bhat4873@example.com,Bangalore,Budget,2025-06-01
4874,Vivaan,Malhotra,vivaan.malhotra4874@example.com,Jaipur,Regular,2024-01-04
4875,Meera,Patel,meera.patel4875@example.com,Ahmedabad,Regular,2025-03-18
4876,Ananya,Shah,ananya.shah4876@example.com,Delhi,Regular,2025-06-12
4877,Ananya,Joshi,ananya.joshi4877@example.com,Surat,Budget,2023-02-11
4878,Ananya,Malhotra,ananya.malhotra4878@example.com,Jaipur,Regular,2024-02-08
4879,Aryan,Bhat,aryan.bhat4879@example.com,Bangalore,Budget,2024-06-03
4880,Priya,Mehta,priya.mehta4880@example.com,Hyderabad,Regular,2024-10-04
4881,Aditya,Nair,aditya.nair4881@example.com,Delhi,Premium,2023-07-10
4882,Aditya,Sharma,aditya.sharma4882@example.com,Jaipur,Regular,2023-05-03
4883,Riya,Sharma,riya.sharma4883@example.com,Pune,Budget,2023-08-30
4884,Sneha,Malhotra,sneha.malhotra4884@example.com,Surat,Premium,2025-04-06
4885,Aditya,Singh,aditya.singh4885@example.com,Mumbai,Budget,2025-05-25
4886,Priya,Verma,priya.verma4886@example.com,Mumbai,Budget,2024-12-11
4887,Kabir,Joshi,kabir.joshi4887@example.com,Pune,Premium,2023-06-04
4888,Nisha,Joshi,nisha.joshi4888@example.com,Pune,Regular,2023-09-15
4889,Ananya,Iyer,ananya.iyer4889@example.com,Delhi,Regular,2025-02-21
4890,Rohan,Patel,rohan.patel4890@example.com,Ahmedabad,Budget,2023-05-26
4891,Aryan,Mehta,aryan.mehta4891@example.com,Jaipur,Regular,2023-08-14
4892,Rohan,Sharma,rohan.sharma4892@example.com,Chennai,Premium,2024-01-05
4893,Arjun,Malhotra,arjun.malhotra4893@example.com,Kolkata,Regular,2023-06-30
4894,Aryan,Joshi,aryan.joshi4894@example.com,Kolkata,Budget,2025-06-19
4895,Karan,Bhat,karan.bhat4895@example.com,Mumbai,Regular,2023-07-19
4896,Karan,Mehta,karan.mehta4896@example.com,Chennai,Regular,2023-10-24
4897,Aarav,Verma,aarav.verma4897@example.com,Jaipur,Regular,2024-05-29
4898,Nisha,Joshi,nisha.joshi4898@example.com,Mumbai,Regular,2023-12-05
4899,Aarav,Nair,aarav.nair4899@example.com,Mumbai,Budget,2023-06-20
4900,Nisha,Reddy,nisha.reddy4900@example.com,Jaipur,Regular,2024-01-22
4901,Aditya,Joshi,aditya.joshi4901@example.com,Pune,Regular,2025-02-23
4902,Meera,Singh,meera.singh4902@example.com,Surat,Budget,2023-09-21
4903,Rohan,Malhotra,rohan.malhotra4903@example.com,Hyderabad,Regular,2024-03-13
4904,Nisha,Iyer,nisha.iyer4904@example.com,Kolkata,Regular,2023-11-21
4905,Rohan,Singh,rohan.singh4905@example.com,Ahmedabad,Regular,2024-05-24
4906,Rohan,Patel,rohan.patel4906@example.com,Surat,Regular,2024-01-03
4907,Isha,Gupta,isha.gupta4907@example.com,Pune,Regular,2024-02-13
4908,Rahul,Nair,rahul.nair4908@example.com,Bangalore,Premium,2024-09-11
4909,Aisha,Joshi,aisha.joshi4909@example.com,Bangalore,Regular,2025-01-12
4910,Vikram,Gupta,vikram.gupta4910@example.com,Pune,Budget,2023-03-15
4911,Isha,Mehta,isha.mehta4911@example.com,Bangalore,Regular,2023-02-13
4912,Ananya,Nair,ananya.nair4912@example.com,Surat,Regular,2024-11-11
4913,Isha,Mehta,isha.mehta4913@example.com,Bangalore,Regular,2024-04-19
4914,Rohan,Desai,rohan.desai4914@example.com,Chennai,Regular,2024-09-29
4915,Rohan,Sharma,rohan.sharma4915@example.com,Kolkata,Premium,2024-03-17
4916,Aryan,Joshi,aryan.joshi4916@example.com,Mumbai,Regular,2024-06-10
4917,Sneha,Kapoor,sneha.kapoor4917@example.com,Hyderabad,Regular,2023-04-10
4918,Arjun,Mehta,arjun.mehta4918@example.com,Jaipur,Budget,2024-11-01
4919,Vivaan,Sharma,vivaan.sharma4919@example.com,Surat,Regular,2023-10-07
4920,Kabir,Iyer,kabir.iyer4920@example.com,Bangalore,Premium,2025-05-26
4921,Aditya,Patel,aditya.patel4921@example.com,Bangalore,Premium,2025-05-20
4922,Rohan,Nair,rohan.nair4922@example.com,Pune,Budget,2023-03-20
4923,Riya,Reddy,riya.reddy4923@example.com,Pune,Regular,2023-04-26
4924,Isha,Shah,isha.shah4924@example.com,Jaipur,Regular,2024-03-03
4925,Diya,Verma,diya.verma4925@example.com,Delhi,Budget,2023-01-09
4926,Arjun,Shah,arjun.shah4926@example.com,Chennai,Regular,2023-12-01
4927,Vivaan,Malhotra,vivaan.malhotra4927@example.com,Chennai,Budget,2023-11-13
4928,Aarav,Sharma,aarav.sharma4928@example.com,Kolkata,Regular,2025-03-24
4929,Riya,Bhat,riya.bhat4929@example.com,Ahmedabad,Regular,2024-05-24
4930,Priya,Mehta,priya.mehta4930@example.com,Pune,Regular,2025-05-01
4931,Diya,Reddy,diya.reddy4931@example.com,Chennai,Budget,2024-02-16
4932,Diya,Iyer,diya.iyer4932@example.com,Delhi,Regular,2023-11-15
4933,Rahul,Mehta,rahul.mehta4933@example.com,Bangalore,Premium,2023-10-31
4934,Rahul,Iyer,rahul.iyer4934@example.com,Bangalore,Regular,2024-03-22
4935,Karan,Patel,karan.patel4935@example.com,Chennai,Regular,2023-01-18
4936,Vivaan,Verma,vivaan.verma4936@example.com,Surat,Regular,2023-06-17
4937,Karan,Nair,karan.nair4937@example.com,Chennai,Budget,2023-04-26
4938,Riya,Bhat,riya.bhat4938@example.com,Delhi,Premium,2024-08-04
4939,Nisha,Singh,nisha.singh4939@example.com,Kolkata,Regular,2023-06-07
4940,Nisha,Joshi,nisha.joshi4940@example.com,Surat,Regular,2023-10-12
4941,Arjun,Reddy,arjun.reddy4941@example.com,Jaipur,Regular,2023-06-14
4942,Arjun,Iyer,arjun.iyer4942@example.com,Mumbai,Premium,2024-07-16
4943,Isha,Malhotra,isha.malhotra4943@example.com,Mumbai,Budget,2024-02-24
4944,Rohan,Iyer,rohan.iyer4944@example.com,Mumbai,Premium,2023-01-03
4945,Karan,Iyer,karan.iyer4945@example.com,Jaipur,Regular,2023-06-15
4946,Sneha,Malhotra,sneha.malhotra4946@example.com,Delhi,Premium,2023-07-13
4947,Vivaan,Kapoor,vivaan.kapoor4947@example.com,Bangalore,Regular,2025-04-09
4948,Riya,Bhat,riya.bhat4948@example.com,Jaipur,Budget,2023-08-29
4949,Aisha,Shah,aisha.shah4949@example.com,Bangalore,Budget,2024-12-06
4950,Nisha,Patel,nisha.patel4950@example.com,Surat,Budget,2024-11-06
4951,Vivaan,Sharma,vivaan.sharma4951@example.com,Kolkata,Regular,2024-04-06
4952,Isha,Patel,isha.patel4952@example.com,Ahmedabad,Budget,2025-04-22
4953,Kabir,Desai,kabir.desai4953@example.com,Bangalore,Budget,2023-08-21
4954,Karan,Bhat,karan.bhat4954@example.com,Jaipur,Regular,2025-06-12
4955,Diya,Reddy,diya.reddy4955@example.com,Hyderabad,Regular,2025-03-19
4956,Priya,Malhotra,priya.malhotra4956@example.com,Delhi,Regular,2025-02-03
4957,Arjun,Bhat,arjun.bhat4957@example.com,Jaipur,Budget,2024-10-08
4958,Diya,Patel,diya.patel4958@example.com,Ahmedabad,Premium,2024-02-12
4959,Isha,Shah,isha.shah4959@example.com,Delhi,Premium,2023-11-09
4960,Aditya,Mehta,aditya.mehta4960@example.com,Jaipur,Budget,2023-06-08
4961,Karan,Bhat,karan.bhat4961@example.com,Surat,Regular,2023-08-20
4962,Sneha,Desai,sneha.desai4962@example.com,Hyderabad,Regular,2024-06-04
4963,Rohan,Singh,rohan.singh4963@example.com,Surat,Budget,2025-01-24
4964,Aditya,Shah,aditya.shah4964@example.com,Pune,Budget,2024-05-03
4965,Aarav,Malhotra,aarav.malhotra4965@example.com,Ahmedabad,Regular,2024-05-08
4966,Vivaan,Malhotra,vivaan.malhotra4966@example.com,Pune,Budget,2025-02-12
4967,Rohan,Sharma,rohan.sharma4967@example.com,Jaipur,Regular,2024-10-12
4968,Aryan,Mehta,aryan.mehta4968@example.com,Delhi,Regular,2025-02-27
4969,Meera,Joshi,meera.joshi4969@example.com,Kolkata,Premium,2024-03-31
4970,Riya,Iyer,riya.iyer4970@example.com,Pune,Budget,2023-04-24
4971,Isha,Joshi,isha.joshi4971@example.com,Jaipur,Regular,2025-05-23
4972,Sneha,Iyer,sneha.iyer4972@example.com,Pune,Regular,2023-11-03
4973,Rohan,Iyer,rohan.iyer4973@example.com,Mumbai,Budget,2024-11-22
4974,Rahul,Iyer,rahul.iyer4974@example.com,Kolkata,Regular,2024-02-05
4975,Diya,Shah,diya.shah4975@example.com,Bangalore,Regular,2024-01-29
4976,Aisha,Joshi,aisha.joshi4976@example.com,Delhi,Premium,2025-04-29
4977,Meera,Mehta,meera.mehta4977@example.com,Surat,Regular,2023-11-12
4978,Kavya,Bhat,kavya.bhat4978@example.com,Pune,Regular,2023-06-16
4979,Nisha,Verma,nisha.verma4979@example.com,Kolkata,Regular,2024-11-18
4980,Aarav,Nair,aarav.nair4980@example.com,Chennai,Budget,2024-03-31
4981,Kavya,Desai,kavya.desai4981@example.com,Mumbai,Regular,2024-09-14
4982,Priya,Patel,priya.patel4982@example.com,Surat,Regular,2025-02-22
4983,Kavya,Verma,kavya.verma4983@example.com,Ahmedabad,Regular,2023-03-06
4984,Diya,Singh,diya.singh4984@example.com,Jaipur,Premium,2023-01-23
4985,Nisha,Singh,nisha.singh4985@example.com,Ahmedabad,Regular,2023-11-11
4986,Aisha,Reddy,aisha.reddy4986@example.com,Surat,Regular,2024-09-24
4987,Aryan,Gupta,aryan.gupta4987@example.com,Hyderabad,Budget,2024-06-05
4988,Riya,Desai,riya.desai4988@example.com,Delhi,Regular,2023-11-06
4989,Kabir,Verma,kabir.verma4989@example.com,Ahmedabad,Regular,2025-05-09
4990,Ananya,Mehta,ananya.mehta4990@example.com,Surat,Regular,2024-02-13
4991,Sneha,Gupta,sneha.gupta4991@example.com,Chennai,Budget,2024-01-25
4992,Sneha,Sharma,sneha.sharma4992@example.com,Chennai,Regular,2023-09-29
4993,Nisha,Patel,nisha.patel4993@example.com,Jaipur,Budget,2024-11-09
4994,Aarav,Kapoor,aarav.kapoor4994@example.com,Delhi,Budget,2023-06-25
4995,Vivaan,Patel,vivaan.patel4995@example.com,Bangalore,Budget,2024-02-13
4996,Vivaan,Malhotra,vivaan.malhotra4996@example.com,Chennai,Regular,2024-02-14
4997,Vivaan,Sharma,vivaan.sharma4997@example.com,Jaipur,Regular,2025-05-10
4998,Sneha,Desai,sneha.desai4998@example.com,Pune,Regular,2023-09-16
4999,Kabir,Sharma,kabir.sharma4999@example.com,Jaipur,Regular,2024-07-23
5000,Karan,Desai,karan.desai5000@example.com,Mumbai,Regular,2024-11-12
