order_item_id,order_id,product_id,quantity,unit_price
1,1,7,2,18492.28
2,2,75,3,27545.83
3,3,84,3,27377.47
4,4,153,2,28994.85
5,5,192,1,2957.41
6,6,172,3,11683.09
7,7,192,2,2957.41
8,8,67,2,10450.83
9,9,61,1,3768.98
10,10,193,1,9071.96
11,11,112,1,13028.13
12,12,158,3,24324.06
13,13,110,1,28002.99
14,14,124,1,7049.35
15,15,35,1,16408.02
16,16,130,3,13160.01
17,17,113,3,16263.55
18,18,52,4,1034.09
19,19,54,1,13304.66
20,20,96,3,20513.9
21,21,150,5,3511.86
22,22,167,1,8144.35
23,23,75,1,27545.83
24,24,12,5,28934.67
25,25,21,4,4061.98
26,26,176,3,4315.47
27,27,66,4,21839.21
28,28,127,2,7022.99
29,29,65,3,10719.81
30,30,196,2,10134.09
31,31,65,2,10719.81
32,32,45,2,9921.88
33,33,43,5,15077.83
34,34,5,4,1235.05
35,35,14,1,1200.29
36,36,32,1,5374.36
37,37,167,5,8144.35
38,38,84,2,27377.47
39,39,50,5,8022.24
40,40,154,4,23101.64
41,41,45,5,9921.88
42,42,139,4,4801.64
43,43,84,1,27377.47
44,44,195,3,16085.73
45,45,13,1,10634.86
46,46,26,1,12546.76
47,47,193,5,9071.96
48,48,32,5,5374.36
49,49,176,1,4315.47
50,50,52,3,1034.09
51,51,102,4,13557.46
52,52,23,5,15541.22
53,53,48,3,11405.06
54,54,127,1,7022.99
55,55,54,1,13304.66
56,56,86,5,12094.11
57,57,24,4,13804.57
58,58,160,2,574.04
59,59,27,5,15343.35
60,60,19,4,21294.24
61,61,184,2,2190.56
62,62,87,4,25821.69
63,63,161,5,377.71
64,64,8,5,11385.66
65,65,4,4,5202.8
66,66,79,5,27672.78
67,67,59,1,8391.44
68,68,80,1,23718.28
69,69,133,1,2299.38
70,70,124,4,7049.35
71,71,106,2,16769.45
72,72,138,3,1398.1
73,73,176,3,4315.47
74,74,147,3,17781.52
75,75,44,4,23468.86
76,76,155,2,13686.84
77,77,169,3,16919.54
78,78,99,5,20431.12
79,79,146,4,7872.91
80,80,160,4,574.04
81,81,115,4,19349.21
82,82,176,2,4315.47
83,83,190,2,4782.23
84,84,78,4,3968.49
85,85,187,4,11738.99
86,86,123,2,12118.15
87,87,53,4,878.34
88,88,138,3,1398.1
89,89,116,2,3984.38
90,90,157,1,12947.92
91,91,116,3,3984.38
92,92,196,2,10134.09
93,93,42,3,3206.85
94,94,91,5,24150.89
95,95,166,3,17663.18
96,96,127,3,7022.99
97,97,148,1,4657.5
98,98,183,1,13427.6
99,99,198,2,7897.84
100,100,140,4,3677.83
101,101,137,3,14887.13
102,102,147,5,17781.52
103,103,86,5,12094.11
104,104,8,1,11385.66
105,105,191,1,955.75
106,106,101,2,8547.18
107,107,109,2,1949.14
108,108,178,4,823.83
109,109,24,1,13804.57
110,110,149,5,15111.25
111,111,68,2,21527.67
112,112,19,5,21294.24
113,113,167,5,8144.35
114,114,190,1,4782.23
115,115,111,2,14461.81
116,116,112,5,13028.13
117,117,159,1,5770.16
118,118,194,3,12707.5
119,119,123,3,12118.15
120,120,100,4,12627.27
121,121,15,1,10692.78
122,122,21,2,4061.98
123,123,175,4,24477.29
124,124,139,1,4801.64
125,125,127,1,7022.99
126,126,23,1,15541.22
127,127,175,5,24477.29
128,128,53,2,878.34
129,129,87,4,25821.69
130,130,18,2,6431.52
131,131,161,4,377.71
132,132,4,2,5202.8
133,133,140,3,3677.83
134,134,83,1,16795.16
135,135,182,2,7031.34
136,136,155,1,13686.84
137,137,46,4,9915.48
138,138,68,4,21527.67
139,139,168,3,929.8
140,140,178,5,823.83
141,141,64,3,2967.21
142,142,41,2,4660.83
143,143,193,2,9071.96
144,144,87,2,25821.69
145,145,147,5,17781.52
146,146,149,3,15111.25
147,147,116,3,3984.38
148,148,72,1,16174.11
149,149,47,1,14713.56
150,150,111,3,14461.81
151,151,7,3,18492.28
152,152,52,5,1034.09
153,153,19,1,21294.24
154,154,16,4,6157.77
155,155,17,5,19432.15
156,156,124,4,7049.35
157,157,165,2,2455.33
158,158,71,3,17028.76
159,159,51,5,4582.1
160,160,31,3,8530.85
161,161,43,5,15077.83
162,162,117,2,20433.55
163,163,70,3,12988.47
164,164,151,1,18344.56
165,165,99,4,20431.12
166,166,6,1,21150.77
167,167,111,4,14461.81
168,168,96,1,20513.9
169,169,97,2,15480.83
170,170,176,3,4315.47
171,171,133,4,2299.38
172,172,109,5,1949.14
173,173,97,5,15480.83
174,174,71,5,17028.76
175,175,28,4,16098.38
176,176,128,4,1071.68
177,177,70,2,12988.47
178,178,20,4,5539.73
179,179,160,2,574.04
180,180,166,4,17663.18
181,181,15,5,10692.78
182,182,139,2,4801.64
183,183,113,2,16263.55
184,184,45,5,9921.88
185,185,110,5,28002.99
186,186,182,4,7031.34
187,187,61,2,3768.98
188,188,151,4,18344.56
189,189,71,4,17028.76
190,190,158,2,24324.06
191,191,162,1,6165.41
192,192,151,2,18344.56
193,193,92,4,15601.31
194,194,16,2,6157.77
195,195,170,1,4852.6
196,196,172,4,11683.09
197,197,62,4,17180.02
198,198,126,5,11041.81
199,199,108,5,14335.21
200,200,126,3,11041.81
201,201,124,1,7049.35
202,202,34,1,3657.63
203,203,1,1,21191.29
204,204,49,4,9269.71
205,205,53,4,878.34
206,206,17,4,19432.15
207,207,43,2,15077.83
208,208,105,1,9571.88
209,209,76,2,6546.83
210,210,136,3,16321.7
211,211,107,2,5735.07
212,212,86,2,12094.11
213,213,107,1,5735.07
214,214,145,1,10429.51
215,215,144,5,25378.87
216,216,9,5,7868.98
217,217,190,2,4782.23
218,218,194,1,12707.5
219,219,199,5,14879.64
220,220,28,4,16098.38
221,221,7,2,18492.28
222,222,176,5,4315.47
223,223,182,1,7031.34
224,224,127,4,7022.99
225,225,63,3,7112.08
226,226,44,1,23468.86
227,227,114,2,12921.43
228,228,50,3,8022.24
229,229,153,1,28994.85
230,230,103,5,6595.4
231,231,167,2,8144.35
232,232,40,2,13014.18
233,233,59,3,8391.44
234,234,105,5,9571.88
235,235,141,3,23613.7
236,236,76,4,6546.83
237,237,156,3,17418.26
238,238,100,2,12627.27
239,239,56,4,23513.58
240,240,198,5,7897.84
241,241,37,2,19923.36
242,242,159,1,5770.16
243,243,114,3,12921.43
244,244,43,5,15077.83
245,245,15,2,10692.78
246,246,168,4,929.8
247,247,164,1,5452.82
248,248,1,1,21191.29
249,249,114,5,12921.43
250,250,46,4,9915.48
251,251,136,3,16321.7
252,252,156,3,17418.26
253,253,185,4,17714.54
254,254,148,1,4657.5
255,255,196,1,10134.09
256,256,53,5,878.34
257,257,121,1,14581.68
258,258,110,3,28002.99
259,259,176,1,4315.47
260,260,168,1,929.8
261,261,50,1,8022.24
262,262,97,4,15480.83
263,263,173,2,3363.26
264,264,20,2,5539.73
265,265,173,3,3363.26
266,266,182,5,7031.34
267,267,11,5,11525.15
268,268,72,4,16174.11
269,269,112,2,13028.13
270,270,174,3,17094.14
271,271,198,2,7897.84
272,272,33,3,351.77
273,273,96,5,20513.9
274,274,21,5,4061.98
275,275,69,4,7059.92
276,276,143,2,14111.6
277,277,31,4,8530.85
278,278,139,3,4801.64
279,279,186,1,21268.61
280,280,8,2,11385.66
281,281,27,5,15343.35
282,282,26,3,12546.76
283,283,163,5,3797.21
284,284,86,2,12094.11
285,285,4,3,5202.8
286,286,146,1,7872.91
287,287,175,2,24477.29
288,288,184,4,2190.56
289,289,14,5,1200.29
290,290,131,4,9463.24
291,291,153,5,28994.85
292,292,43,2,15077.83
293,293,29,5,3278.0
294,294,52,1,1034.09
295,295,82,1,17607.83
296,296,23,2,15541.22
297,297,158,4,24324.06
298,298,162,4,6165.41
299,299,5,2,1235.05
300,300,73,1,896.37
301,301,49,2,9269.71
302,302,157,2,12947.92
303,303,148,4,4657.5
304,304,133,3,2299.38
305,305,144,2,25378.87
306,306,37,3,19923.36
307,307,126,2,11041.81
308,308,34,3,3657.63
309,309,112,2,13028.13
310,310,143,1,14111.6
311,311,53,3,878.34
312,312,146,1,7872.91
313,313,19,5,21294.24
314,314,81,2,19237.52
315,315,68,2,21527.67
316,316,102,4,13557.46
317,317,157,3,12947.92
318,318,83,3,16795.16
319,319,163,3,3797.21
320,320,9,4,7868.98
321,321,141,3,23613.7
322,322,98,4,740.62
323,323,18,1,6431.52
324,324,138,3,1398.1
325,325,194,2,12707.5
326,326,62,3,17180.02
327,327,43,2,15077.83
328,328,95,4,8444.18
329,329,115,3,19349.21
330,330,131,3,9463.24
331,331,83,1,16795.16
332,332,65,3,10719.81
333,333,80,4,23718.28
334,334,100,3,12627.27
335,335,169,5,16919.54
336,336,129,4,9625.23
337,337,78,1,3968.49
338,338,60,1,5460.7
339,339,161,1,377.71
340,340,85,4,3493.07
341,341,148,2,4657.5
342,342,154,5,23101.64
343,343,52,4,1034.09
344,344,179,1,13532.44
345,345,16,4,6157.77
346,346,194,3,12707.5
347,347,73,5,896.37
348,348,76,5,6546.83
349,349,129,4,9625.23
350,350,193,2,9071.96
351,351,188,4,996.04
352,352,18,3,6431.52
353,353,77,2,16616.81
354,354,42,3,3206.85
355,355,166,1,17663.18
356,356,138,4,1398.1
357,357,79,4,27672.78
358,358,102,2,13557.46
359,359,157,1,12947.92
360,360,10,4,27040.17
361,361,106,3,16769.45
362,362,136,1,16321.7
363,363,30,4,4085.97
364,364,101,5,8547.18
365,365,195,5,16085.73
366,366,200,2,20420.05
367,367,190,1,4782.23
368,368,105,4,9571.88
369,369,67,2,10450.83
370,370,199,2,14879.64
371,371,140,2,3677.83
372,372,130,2,13160.01
373,373,26,5,12546.76
374,374,52,4,1034.09
375,375,46,2,9915.48
376,376,183,1,13427.6
377,377,173,2,3363.26
378,378,120,2,8634.24
379,379,6,1,21150.77
380,380,39,3,17650.3
381,381,192,1,2957.41
382,382,185,1,17714.54
383,383,99,2,20431.12
384,384,59,3,8391.44
385,385,171,1,11785.29
386,386,94,5,4040.83
387,387,74,4,7274.5
388,388,23,5,15541.22
389,389,88,1,10810.93
390,390,1,2,21191.29
391,391,98,5,740.62
392,392,149,5,15111.25
393,393,47,2,14713.56
394,394,161,3,377.71
395,395,43,2,15077.83
396,396,94,4,4040.83
397,397,58,2,2402.97
398,398,194,4,12707.5
399,399,65,2,10719.81
400,400,88,5,10810.93
401,401,55,1,6404.02
402,402,138,2,1398.1
403,403,136,3,16321.7
404,404,40,4,13014.18
405,405,26,5,12546.76
406,406,160,1,574.04
407,407,147,5,17781.52
408,408,47,4,14713.56
409,409,193,4,9071.96
410,410,150,2,3511.86
411,411,63,5,7112.08
412,412,101,5,8547.18
413,413,112,5,13028.13
414,414,5,1,1235.05
415,415,9,2,7868.98
416,416,150,2,3511.86
417,417,192,4,2957.41
418,418,70,3,12988.47
419,419,58,2,2402.97
420,420,27,2,15343.35
421,421,69,4,7059.92
422,422,34,5,3657.63
423,423,148,3,4657.5
424,424,91,1,24150.89
425,425,43,2,15077.83
426,426,182,2,7031.34
427,427,63,1,7112.08
428,428,109,3,1949.14
429,429,152,2,14395.46
430,430,154,2,23101.64
431,431,193,2,9071.96
432,432,36,5,15665.94
433,433,84,2,27377.47
434,434,52,3,1034.09
435,435,75,2,27545.83
436,436,110,2,28002.99
437,437,126,2,11041.81
438,438,33,4,351.77
439,439,89,3,22077.15
440,440,123,5,12118.15
441,441,161,3,377.71
442,442,88,4,10810.93
443,443,90,5,16959.04
444,444,63,5,7112.08
445,445,13,3,10634.86
446,446,27,3,15343.35
447,447,197,1,10336.5
448,448,75,4,27545.83
449,449,153,4,28994.85
450,450,188,3,996.04
451,451,117,2,20433.55
452,452,118,5,14798.89
453,453,15,5,10692.78
454,454,131,2,9463.24
455,455,171,3,11785.29
456,456,14,3,1200.29
457,457,164,4,5452.82
458,458,131,1,9463.24
459,459,181,1,8035.92
460,460,190,1,4782.23
461,461,76,4,6546.83
462,462,4,5,5202.8
463,463,112,2,13028.13
464,464,79,3,27672.78
465,465,187,1,11738.99
466,466,94,4,4040.83
467,467,51,3,4582.1
468,468,36,1,15665.94
469,469,142,1,17820.58
470,470,184,3,2190.56
471,471,22,3,10992.16
472,472,65,5,10719.81
473,473,200,2,20420.05
474,474,155,2,13686.84
475,475,197,4,10336.5
476,476,131,4,9463.24
477,477,149,3,15111.25
478,478,130,4,13160.01
479,479,167,2,8144.35
480,480,19,2,21294.24
481,481,189,3,5861.15
482,482,85,1,3493.07
483,483,116,5,3984.38
484,484,30,2,4085.97
485,485,19,5,21294.24
486,486,17,1,19432.15
487,487,160,4,574.04
488,488,151,5,18344.56
489,489,173,4,3363.26
490,490,11,5,11525.15
491,491,104,2,17468.31
492,492,106,4,16769.45
493,493,184,3,2190.56
494,494,189,1,5861.15
495,495,194,2,12707.5
496,496,115,4,19349.21
497,497,129,3,9625.23
498,498,46,4,9915.48
499,499,113,2,16263.55
500,500,25,1,14280.01
501,501,114,4,12921.43
502,502,33,2,351.77
503,503,164,1,5452.82
504,504,95,1,8444.18
505,505,91,2,24150.89
506,506,26,1,12546.76
507,507,185,1,17714.54
508,508,127,5,7022.99
509,509,64,5,2967.21
510,510,154,2,23101.64
511,511,184,1,2190.56
512,512,194,2,12707.5
513,513,64,5,2967.21
514,514,132,2,3487.55
515,515,138,4,1398.1
516,516,161,4,377.71
517,517,195,5,16085.73
518,518,194,5,12707.5
519,519,117,5,20433.55
520,520,7,5,18492.28
521,521,136,3,16321.7
522,522,51,3,4582.1
523,523,198,2,7897.84
524,524,26,1,12546.76
525,525,153,4,28994.85
526,526,174,4,17094.14
527,527,1,4,21191.29
528,528,12,4,28934.67
529,529,3,3,13312.12
530,530,3,2,13312.12
531,531,59,1,8391.44
532,532,126,4,11041.81
533,533,47,1,14713.56
534,534,46,1,9915.48
535,535,131,4,9463.24
536,536,76,3,6546.83
537,537,2,4,15826.16
538,538,147,5,17781.52
539,539,133,5,2299.38
540,540,57,5,12361.23
541,541,32,5,5374.36
542,542,44,5,23468.86
543,543,29,4,3278.0
544,544,180,4,14598.18
545,545,160,4,574.04
546,546,14,3,1200.29
547,547,200,2,20420.05
548,548,129,4,9625.23
549,549,124,5,7049.35
550,550,14,5,1200.29
551,551,176,5,4315.47
552,552,189,4,5861.15
553,553,22,2,10992.16
554,554,90,5,16959.04
555,555,75,2,27545.83
556,556,20,5,5539.73
557,557,65,4,10719.81
558,558,105,3,9571.88
559,559,33,1,351.77
560,560,55,1,6404.02
561,561,108,3,14335.21
562,562,34,1,3657.63
563,563,114,5,12921.43
564,564,164,1,5452.82
565,565,167,2,8144.35
566,566,152,2,14395.46
567,567,192,2,2957.41
568,568,102,1,13557.46
569,569,46,1,9915.48
570,570,70,1,12988.47
571,571,148,5,4657.5
572,572,169,2,16919.54
573,573,41,4,4660.83
574,574,183,4,13427.6
575,575,84,3,27377.47
576,576,35,2,16408.02
577,577,52,2,1034.09
578,578,173,4,3363.26
579,579,175,4,24477.29
580,580,189,5,5861.15
581,581,57,5,12361.23
582,582,151,5,18344.56
583,583,20,3,5539.73
584,584,166,5,17663.18
585,585,132,3,3487.55
586,586,22,2,10992.16
587,587,108,2,14335.21
588,588,130,3,13160.01
589,589,119,5,5173.11
590,590,174,1,17094.14
591,591,40,5,13014.18
592,592,42,3,3206.85
593,593,155,4,13686.84
594,594,28,2,16098.38
595,595,194,3,12707.5
596,596,127,4,7022.99
597,597,56,4,23513.58
598,598,113,2,16263.55
599,599,2,5,15826.16
600,600,122,5,7649.28
601,601,56,4,23513.58
602,602,166,3,17663.18
603,603,192,4,2957.41
604,604,93,3,18565.89
605,605,151,4,18344.56
606,606,200,4,20420.05
607,607,56,1,23513.58
608,608,195,2,16085.73
609,609,70,1,12988.47
610,610,100,4,12627.27
611,611,40,3,13014.18
612,612,38,5,5822.86
613,613,103,5,6595.4
614,614,171,3,11785.29
615,615,133,4,2299.38
616,616,140,4,3677.83
617,617,164,5,5452.82
618,618,196,1,10134.09
619,619,144,1,25378.87
620,620,118,3,14798.89
621,621,113,4,16263.55
622,622,67,5,10450.83
623,623,71,5,17028.76
624,624,29,1,3278.0
625,625,70,2,12988.47
626,626,147,2,17781.52
627,627,78,2,3968.49
628,628,180,5,14598.18
629,629,31,5,8530.85
630,630,81,5,19237.52
631,631,131,1,9463.24
632,632,180,4,14598.18
633,633,18,5,6431.52
634,634,134,5,904.04
635,635,35,1,16408.02
636,636,149,4,15111.25
637,637,53,3,878.34
638,638,31,3,8530.85
639,639,92,5,15601.31
640,640,158,2,24324.06
641,641,157,1,12947.92
642,642,52,5,1034.09
643,643,111,1,14461.81
644,644,37,1,19923.36
645,645,101,4,8547.18
646,646,112,3,13028.13
647,647,30,3,4085.97
648,648,63,5,7112.08
649,649,144,5,25378.87
650,650,88,5,10810.93
651,651,21,5,4061.98
652,652,130,4,13160.01
653,653,73,4,896.37
654,654,133,4,2299.38
655,655,133,2,2299.38
656,656,136,1,16321.7
657,657,130,1,13160.01
658,658,195,4,16085.73
659,659,116,4,3984.38
660,660,95,4,8444.18
661,661,58,2,2402.97
662,662,136,4,16321.7
663,663,82,1,17607.83
664,664,9,5,7868.98
665,665,170,3,4852.6
666,666,48,5,11405.06
667,667,111,3,14461.81
668,668,81,4,19237.52
669,669,90,1,16959.04
670,670,32,2,5374.36
671,671,182,1,7031.34
672,672,72,5,16174.11
673,673,161,4,377.71
674,674,53,5,878.34
675,675,86,2,12094.11
676,676,185,4,17714.54
677,677,128,4,1071.68
678,678,12,5,28934.67
679,679,86,5,12094.11
680,680,46,5,9915.48
681,681,57,2,12361.23
682,682,193,4,9071.96
683,683,160,1,574.04
684,684,48,4,11405.06
685,685,85,5,3493.07
686,686,134,5,904.04
687,687,51,3,4582.1
688,688,176,3,4315.47
689,689,17,5,19432.15
690,690,82,2,17607.83
691,691,25,4,14280.01
692,692,139,2,4801.64
693,693,174,1,17094.14
694,694,111,1,14461.81
695,695,123,4,12118.15
696,696,47,3,14713.56
697,697,48,3,11405.06
698,698,44,1,23468.86
699,699,69,1,7059.92
700,700,177,2,25108.98
701,701,90,4,16959.04
702,702,200,4,20420.05
703,703,7,4,18492.28
704,704,54,2,13304.66
705,705,45,3,9921.88
706,706,59,4,8391.44
707,707,164,2,5452.82
708,708,24,1,13804.57
709,709,4,3,5202.8
710,710,54,2,13304.66
711,711,101,4,8547.18
712,712,128,2,1071.68
713,713,173,4,3363.26
714,714,43,1,15077.83
715,715,99,5,20431.12
716,716,179,2,13532.44
717,717,184,4,2190.56
718,718,81,3,19237.52
719,719,170,1,4852.6
720,720,7,4,18492.28
721,721,160,1,574.04
722,722,172,5,11683.09
723,723,31,5,8530.85
724,724,97,3,15480.83
725,725,100,5,12627.27
726,726,142,1,17820.58
727,727,34,2,3657.63
728,728,199,1,14879.64
729,729,21,4,4061.98
730,730,77,2,16616.81
731,731,187,1,11738.99
732,732,71,5,17028.76
733,733,69,2,7059.92
734,734,93,4,18565.89
735,735,141,4,23613.7
736,736,133,2,2299.38
737,737,4,2,5202.8
738,738,184,2,2190.56
739,739,67,1,10450.83
740,740,110,2,28002.99
741,741,175,1,24477.29
742,742,24,3,13804.57
743,743,72,1,16174.11
744,744,47,2,14713.56
745,745,113,4,16263.55
746,746,177,3,25108.98
747,747,20,1,5539.73
748,748,129,4,9625.23
749,749,197,4,10336.5
750,750,149,2,15111.25
751,751,86,3,12094.11
752,752,24,2,13804.57
753,753,69,3,7059.92
754,754,98,3,740.62
755,755,65,4,10719.81
756,756,193,5,9071.96
757,757,131,1,9463.24
758,758,111,1,14461.81
759,759,188,2,996.04
760,760,39,5,17650.3
761,761,120,3,8634.24
762,762,83,1,16795.16
763,763,166,4,17663.18
764,764,137,2,14887.13
765,765,125,1,6220.2
766,766,170,2,4852.6
767,767,52,3,1034.09
768,768,148,4,4657.5
769,769,27,1,15343.35
770,770,196,5,10134.09
771,771,162,4,6165.41
772,772,99,2,20431.12
773,773,165,5,2455.33
774,774,55,5,6404.02
775,775,95,3,8444.18
776,776,94,4,4040.83
777,777,189,2,5861.15
778,778,82,3,17607.83
779,779,95,2,8444.18
780,780,57,2,12361.23
781,781,83,1,16795.16
782,782,14,5,1200.29
783,783,113,2,16263.55
784,784,25,2,14280.01
785,785,88,1,10810.93
786,786,153,2,28994.85
787,787,128,2,1071.68
788,788,132,1,3487.55
789,789,150,3,3511.86
790,790,136,2,16321.7
791,791,158,4,24324.06
792,792,95,5,8444.18
793,793,122,3,7649.28
794,794,191,5,955.75
795,795,115,4,19349.21
796,796,129,5,9625.23
797,797,8,2,11385.66
798,798,199,2,14879.64
799,799,161,2,377.71
800,800,180,3,14598.18
801,801,83,4,16795.16
802,802,51,4,4582.1
803,803,73,3,896.37
804,804,167,3,8144.35
805,805,47,5,14713.56
806,806,25,4,14280.01
807,807,86,3,12094.11
808,808,128,4,1071.68
809,809,99,2,20431.12
810,810,9,5,7868.98
811,811,187,3,11738.99
812,812,86,5,12094.11
813,813,166,1,17663.18
814,814,104,5,17468.31
815,815,157,3,12947.92
816,816,188,2,996.04
817,817,164,4,5452.82
818,818,75,4,27545.83
819,819,141,5,23613.7
820,820,30,2,4085.97
821,821,32,4,5374.36
822,822,175,1,24477.29
823,823,25,2,14280.01
824,824,174,1,17094.14
825,825,58,5,2402.97
826,826,79,3,27672.78
827,827,127,3,7022.99
828,828,149,4,15111.25
829,829,6,5,21150.77
830,830,71,4,17028.76
831,831,167,1,8144.35
832,832,103,3,6595.4
833,833,66,5,21839.21
834,834,141,4,23613.7
835,835,46,4,9915.48
836,836,122,1,7649.28
837,837,186,2,21268.61
838,838,68,1,21527.67
839,839,72,1,16174.11
840,840,165,5,2455.33
841,841,163,2,3797.21
842,842,85,4,3493.07
843,843,114,2,12921.43
844,844,53,1,878.34
845,845,155,1,13686.84
846,846,192,2,2957.41
847,847,44,1,23468.86
848,848,28,5,16098.38
849,849,38,3,5822.86
850,850,118,2,14798.89
851,851,64,1,2967.21
852,852,23,5,15541.22
853,853,164,1,5452.82
854,854,21,5,4061.98
855,855,101,3,8547.18
856,856,174,4,17094.14
857,857,24,5,13804.57
858,858,10,1,27040.17
859,859,165,1,2455.33
860,860,11,1,11525.15
861,861,8,3,11385.66
862,862,9,5,7868.98
863,863,121,1,14581.68
864,864,70,3,12988.47
865,865,197,1,10336.5
866,866,191,5,955.75
867,867,159,2,5770.16
868,868,180,1,14598.18
869,869,162,4,6165.41
870,870,60,2,5460.7
871,871,105,1,9571.88
872,872,194,2,12707.5
873,873,145,4,10429.51
874,874,31,5,8530.85
875,875,46,3,9915.48
876,876,132,1,3487.55
877,877,9,4,7868.98
878,878,7,5,18492.28
879,879,52,5,1034.09
880,880,2,5,15826.16
881,881,19,1,21294.24
882,882,17,3,19432.15
883,883,106,3,16769.45
884,884,60,2,5460.7
885,885,36,2,15665.94
886,886,168,3,929.8
887,887,42,1,3206.85
888,888,146,3,7872.91
889,889,108,5,14335.21
890,890,185,3,17714.54
891,891,83,1,16795.16
892,892,156,5,17418.26
893,893,181,4,8035.92
894,894,40,4,13014.18
895,895,53,3,878.34
896,896,46,5,9915.48
897,897,154,3,23101.64
898,898,107,2,5735.07
899,899,57,5,12361.23
900,900,63,1,7112.08
901,901,187,5,11738.99
902,902,95,1,8444.18
903,903,146,2,7872.91
904,904,76,2,6546.83
905,905,35,4,16408.02
906,906,118,5,14798.89
907,907,132,2,3487.55
908,908,61,1,3768.98
909,909,120,3,8634.24
910,910,190,1,4782.23
911,911,22,1,10992.16
912,912,85,4,3493.07
913,913,109,1,1949.14
914,914,32,5,5374.36
915,915,138,3,1398.1
916,916,155,1,13686.84
917,917,179,5,13532.44
918,918,75,5,27545.83
919,919,182,2,7031.34
920,920,125,3,6220.2
921,921,6,3,21150.77
922,922,82,3,17607.83
923,923,165,5,2455.33
924,924,182,3,7031.34
925,925,177,5,25108.98
926,926,148,4,4657.5
927,927,50,4,8022.24
928,928,87,4,25821.69
929,929,155,2,13686.84
930,930,97,5,15480.83
931,931,65,1,10719.81
932,932,79,5,27672.78
933,933,166,3,17663.18
934,934,193,3,9071.96
935,935,158,2,24324.06
936,936,105,1,9571.88
937,937,163,2,3797.21
938,938,143,2,14111.6
939,939,91,3,24150.89
940,940,158,4,24324.06
941,941,114,1,12921.43
942,942,195,1,16085.73
943,943,132,2,3487.55
944,944,77,3,16616.81
945,945,73,5,896.37
946,946,148,3,4657.5
947,947,143,4,14111.6
948,948,152,1,14395.46
949,949,103,2,6595.4
950,950,171,3,11785.29
951,951,160,1,574.04
952,952,144,4,25378.87
953,953,48,4,11405.06
954,954,31,2,8530.85
955,955,184,5,2190.56
956,956,181,2,8035.92
957,957,87,5,25821.69
958,958,176,2,4315.47
959,959,2,5,15826.16
960,960,68,1,21527.67
961,961,19,3,21294.24
962,962,63,3,7112.08
963,963,187,4,11738.99
964,964,33,5,351.77
965,965,7,5,18492.28
966,966,20,2,5539.73
967,967,30,4,4085.97
968,968,164,3,5452.82
969,969,34,2,3657.63
970,970,59,3,8391.44
971,971,27,1,15343.35
972,972,141,4,23613.7
973,973,1,2,21191.29
974,974,52,2,1034.09
975,975,98,1,740.62
976,976,191,1,955.75
977,977,30,2,4085.97
978,978,120,4,8634.24
979,979,4,4,5202.8
980,980,56,3,23513.58
981,981,188,4,996.04
982,982,11,1,11525.15
983,983,10,5,27040.17
984,984,190,1,4782.23
985,985,74,2,7274.5
986,986,146,3,7872.91
987,987,180,2,14598.18
988,988,34,2,3657.63
989,989,196,5,10134.09
990,990,49,4,9269.71
991,991,63,5,7112.08
992,992,125,3,6220.2
993,993,123,5,12118.15
994,994,180,1,14598.18
995,995,158,4,24324.06
996,996,175,2,24477.29
997,997,106,2,16769.45
998,998,165,2,2455.33
999,999,110,4,28002.99
1000,1000,127,4,7022.99
1001,1001,183,3,13427.6
1002,1002,160,5,574.04
1003,1003,39,3,17650.3
1004,1004,30,4,4085.97
1005,1005,187,3,11738.99
1006,1006,61,2,3768.98
1007,1007,48,4,11405.06
1008,1008,21,2,4061.98
1009,1009,36,4,15665.94
1010,1010,112,3,13028.13
1011,1011,93,3,18565.89
1012,1012,90,2,16959.04
1013,1013,8,4,11385.66
1014,1014,3,3,13312.12
1015,1015,17,3,19432.15
1016,1016,120,1,8634.24
1017,1017,17,5,19432.15
1018,1018,105,5,9571.88
1019,1019,190,2,4782.23
1020,1020,175,1,24477.29
1021,1021,78,1,3968.49
1022,1022,151,4,18344.56
1023,1023,4,2,5202.8
1024,1024,165,2,2455.33
1025,1025,165,1,2455.33
1026,1026,30,5,4085.97
1027,1027,82,2,17607.83
1028,1028,170,4,4852.6
1029,1029,107,2,5735.07
1030,1030,3,1,13312.12
1031,1031,177,3,25108.98
1032,1032,178,2,823.83
1033,1033,74,3,7274.5
1034,1034,47,2,14713.56
1035,1035,25,5,14280.01
1036,1036,131,1,9463.24
1037,1037,31,3,8530.85
1038,1038,81,1,19237.52
1039,1039,132,1,3487.55
1040,1040,48,3,11405.06
1041,1041,42,4,3206.85
1042,1042,79,2,27672.78
1043,1043,54,5,13304.66
1044,1044,58,3,2402.97
1045,1045,116,5,3984.38
1046,1046,83,3,16795.16
1047,1047,35,4,16408.02
1048,1048,87,1,25821.69
1049,1049,163,5,3797.21
1050,1050,105,1,9571.88
1051,1051,84,4,27377.47
1052,1052,158,1,24324.06
1053,1053,190,4,4782.23
1054,1054,180,2,14598.18
1055,1055,107,3,5735.07
1056,1056,170,3,4852.6
1057,1057,200,5,20420.05
1058,1058,107,2,5735.07
1059,1059,48,2,11405.06
1060,1060,126,3,11041.81
1061,1061,2,4,15826.16
1062,1062,105,1,9571.88
1063,1063,44,4,23468.86
1064,1064,174,2,17094.14
1065,1065,19,2,21294.24
1066,1066,177,4,25108.98
1067,1067,188,2,996.04
1068,1068,147,1,17781.52
1069,1069,169,3,16919.54
1070,1070,41,5,4660.83
1071,1071,94,5,4040.83
1072,1072,192,4,2957.41
1073,1073,97,4,15480.83
1074,1074,102,5,13557.46
1075,1075,97,4,15480.83
1076,1076,99,1,20431.12
1077,1077,137,2,14887.13
1078,1078,149,2,15111.25
1079,1079,141,2,23613.7
1080,1080,67,4,10450.83
1081,1081,145,5,10429.51
1082,1082,91,5,24150.89
1083,1083,187,3,11738.99
1084,1084,22,4,10992.16
1085,1085,200,5,20420.05
1086,1086,103,2,6595.4
1087,1087,121,5,14581.68
1088,1088,123,2,12118.15
1089,1089,173,4,3363.26
1090,1090,86,1,12094.11
1091,1091,190,5,4782.23
1092,1092,26,3,12546.76
1093,1093,199,1,14879.64
1094,1094,193,1,9071.96
1095,1095,37,1,19923.36
1096,1096,90,1,16959.04
1097,1097,12,3,28934.67
1098,1098,114,3,12921.43
1099,1099,15,5,10692.78
1100,1100,10,5,27040.17
1101,1101,106,5,16769.45
1102,1102,101,4,8547.18
1103,1103,88,2,10810.93
1104,1104,45,4,9921.88
1105,1105,93,1,18565.89
1106,1106,147,2,17781.52
1107,1107,83,5,16795.16
1108,1108,118,3,14798.89
1109,1109,193,2,9071.96
1110,1110,96,2,20513.9
1111,1111,88,3,10810.93
1112,1112,132,1,3487.55
1113,1113,139,2,4801.64
1114,1114,97,2,15480.83
1115,1115,184,3,2190.56
1116,1116,43,5,15077.83
1117,1117,142,1,17820.58
1118,1118,80,1,23718.28
1119,1119,43,1,15077.83
1120,1120,3,3,13312.12
1121,1121,14,2,1200.29
1122,1122,77,3,16616.81
1123,1123,53,5,878.34
1124,1124,79,3,27672.78
1125,1125,118,4,14798.89
1126,1126,169,2,16919.54
1127,1127,16,1,6157.77
1128,1128,197,1,10336.5
1129,1129,154,4,23101.64
1130,1130,2,3,15826.16
1131,1131,96,3,20513.9
1132,1132,115,2,19349.21
1133,1133,32,2,5374.36
1134,1134,187,2,11738.99
1135,1135,125,2,6220.2
1136,1136,46,4,9915.48
1137,1137,105,4,9571.88
1138,1138,159,4,5770.16
1139,1139,34,5,3657.63
1140,1140,29,2,3278.0
1141,1141,155,1,13686.84
1142,1142,81,4,19237.52
1143,1143,1,4,21191.29
1144,1144,131,5,9463.24
1145,1145,26,4,12546.76
1146,1146,172,2,11683.09
1147,1147,41,5,4660.83
1148,1148,51,5,4582.1
1149,1149,69,1,7059.92
1150,1150,173,4,3363.26
1151,1151,69,4,7059.92
1152,1152,166,5,17663.18
1153,1153,116,3,3984.38
1154,1154,185,4,17714.54
1155,1155,150,4,3511.86
1156,1156,87,2,25821.69
1157,1157,183,3,13427.6
1158,1158,112,1,13028.13
1159,1159,25,3,14280.01
1160,1160,102,3,13557.46
1161,1161,4,4,5202.8
1162,1162,69,4,7059.92
1163,1163,162,5,6165.41
1164,1164,67,3,10450.83
1165,1165,192,1,2957.41
1166,1166,144,4,25378.87
1167,1167,97,2,15480.83
1168,1168,29,5,3278.0
1169,1169,186,4,21268.61
1170,1170,84,2,27377.47
1171,1171,103,4,6595.4
1172,1172,34,5,3657.63
1173,1173,69,3,7059.92
1174,1174,173,1,3363.26
1175,1175,87,5,25821.69
1176,1176,167,1,8144.35
1177,1177,53,3,878.34
1178,1178,132,3,3487.55
1179,1179,191,4,955.75
1180,1180,70,5,12988.47
1181,1181,64,2,2967.21
1182,1182,35,3,16408.02
1183,1183,137,2,14887.13
1184,1184,25,4,14280.01
1185,1185,5,1,1235.05
1186,1186,114,5,12921.43
1187,1187,145,3,10429.51
1188,1188,30,5,4085.97
1189,1189,171,2,11785.29
1190,1190,162,3,6165.41
1191,1191,77,3,16616.81
1192,1192,86,2,12094.11
1193,1193,181,1,8035.92
1194,1194,11,5,11525.15
1195,1195,137,2,14887.13
1196,1196,62,3,17180.02
1197,1197,134,1,904.04
1198,1198,47,4,14713.56
1199,1199,117,3,20433.55
1200,1200,136,3,16321.7
1201,1201,111,3,14461.81
1202,1202,8,4,11385.66
1203,1203,195,4,16085.73
1204,1204,79,1,27672.78
1205,1205,61,2,3768.98
1206,1206,144,3,25378.87
1207,1207,33,3,351.77
1208,1208,133,3,2299.38
1209,1209,147,4,17781.52
1210,1210,177,3,25108.98
1211,1211,160,4,574.04
1212,1212,31,2,8530.85
1213,1213,82,3,17607.83
1214,1214,114,2,12921.43
1215,1215,149,2,15111.25
1216,1216,156,4,17418.26
1217,1217,70,1,12988.47
1218,1218,124,3,7049.35
1219,1219,53,3,878.34
1220,1220,129,5,9625.23
1221,1221,99,4,20431.12
1222,1222,67,1,10450.83
1223,1223,166,4,17663.18
1224,1224,7,5,18492.28
1225,1225,72,1,16174.11
1226,1226,190,5,4782.23
1227,1227,24,4,13804.57
1228,1228,199,2,14879.64
1229,1229,65,5,10719.81
1230,1230,82,3,17607.83
1231,1231,122,5,7649.28
1232,1232,43,2,15077.83
1233,1233,112,2,13028.13
1234,1234,45,4,9921.88
1235,1235,108,1,14335.21
1236,1236,43,1,15077.83
1237,1237,3,1,13312.12
1238,1238,89,3,22077.15
1239,1239,58,2,2402.97
1240,1240,105,5,9571.88
1241,1241,166,1,17663.18
1242,1242,166,4,17663.18
1243,1243,61,4,3768.98
1244,1244,131,4,9463.24
1245,1245,183,5,13427.6
1246,1246,190,2,4782.23
1247,1247,15,5,10692.78
1248,1248,102,4,13557.46
1249,1249,146,3,7872.91
1250,1250,71,1,17028.76
1251,1251,158,5,24324.06
1252,1252,143,3,14111.6
1253,1253,129,1,9625.23
1254,1254,32,2,5374.36
1255,1255,138,2,1398.1
1256,1256,68,2,21527.67
1257,1257,132,4,3487.55
1258,1258,3,1,13312.12
1259,1259,118,4,14798.89
1260,1260,48,1,11405.06
1261,1261,39,4,17650.3
1262,1262,158,2,24324.06
1263,1263,53,1,878.34
1264,1264,36,2,15665.94
1265,1265,87,5,25821.69
1266,1266,156,2,17418.26
1267,1267,164,2,5452.82
1268,1268,65,1,10719.81
1269,1269,27,4,15343.35
1270,1270,39,5,17650.3
1271,1271,105,4,9571.88
1272,1272,138,4,1398.1
1273,1273,183,4,13427.6
1274,1274,54,1,13304.66
1275,1275,70,1,12988.47
1276,1276,186,1,21268.61
1277,1277,193,1,9071.96
1278,1278,160,1,574.04
1279,1279,22,3,10992.16
1280,1280,125,5,6220.2
1281,1281,18,3,6431.52
1282,1282,179,5,13532.44
1283,1283,193,5,9071.96
1284,1284,123,2,12118.15
1285,1285,103,5,6595.4
1286,1286,108,2,14335.21
1287,1287,52,4,1034.09
1288,1288,140,2,3677.83
1289,1289,31,4,8530.85
1290,1290,95,3,8444.18
1291,1291,46,3,9915.48
1292,1292,33,3,351.77
1293,1293,5,4,1235.05
1294,1294,100,1,12627.27
1295,1295,87,3,25821.69
1296,1296,72,2,16174.11
1297,1297,76,4,6546.83
1298,1298,87,3,25821.69
1299,1299,51,3,4582.1
1300,1300,155,5,13686.84
1301,1301,153,4,28994.85
1302,1302,24,1,13804.57
1303,1303,195,5,16085.73
1304,1304,57,1,12361.23
1305,1305,71,5,17028.76
1306,1306,94,1,4040.83
1307,1307,136,1,16321.7
1308,1308,86,2,12094.11
1309,1309,188,2,996.04
1310,1310,116,1,3984.38
1311,1311,173,1,3363.26
1312,1312,17,1,19432.15
1313,1313,69,5,7059.92
1314,1314,31,3,8530.85
1315,1315,55,5,6404.02
1316,1316,171,2,11785.29
1317,1317,123,3,12118.15
1318,1318,118,3,14798.89
1319,1319,189,5,5861.15
1320,1320,170,1,4852.6
1321,1321,4,2,5202.8
1322,1322,129,2,9625.23
1323,1323,146,4,7872.91
1324,1324,27,4,15343.35
1325,1325,38,4,5822.86
1326,1326,129,2,9625.23
1327,1327,6,5,21150.77
1328,1328,94,1,4040.83
1329,1329,87,1,25821.69
1330,1330,58,2,2402.97
1331,1331,98,1,740.62
1332,1332,143,3,14111.6
1333,1333,94,5,4040.83
1334,1334,90,3,16959.04
1335,1335,194,5,12707.5
1336,1336,21,5,4061.98
1337,1337,147,4,17781.52
1338,1338,66,2,21839.21
1339,1339,124,4,7049.35
1340,1340,95,2,8444.18
1341,1341,82,3,17607.83
1342,1342,4,2,5202.8
1343,1343,166,5,17663.18
1344,1344,37,3,19923.36
1345,1345,12,3,28934.67
1346,1346,149,2,15111.25
1347,1347,38,5,5822.86
1348,1348,169,1,16919.54
1349,1349,8,5,11385.66
1350,1350,24,5,13804.57
1351,1351,80,1,23718.28
1352,1352,51,1,4582.1
1353,1353,45,2,9921.88
1354,1354,200,4,20420.05
1355,1355,175,4,24477.29
1356,1356,52,2,1034.09
1357,1357,20,2,5539.73
1358,1358,129,5,9625.23
1359,1359,102,4,13557.46
1360,1360,55,4,6404.02
1361,1361,89,5,22077.15
1362,1362,62,3,17180.02
1363,1363,14,2,1200.29
1364,1364,139,3,4801.64
1365,1365,121,5,14581.68
1366,1366,15,1,10692.78
1367,1367,103,1,6595.4
1368,1368,56,5,23513.58
1369,1369,59,3,8391.44
1370,1370,3,1,13312.12
1371,1371,54,2,13304.66
1372,1372,146,5,7872.91
1373,1373,148,1,4657.5
1374,1374,15,2,10692.78
1375,1375,5,2,1235.05
1376,1376,4,2,5202.8
1377,1377,145,5,10429.51
1378,1378,65,2,10719.81
1379,1379,87,5,25821.69
1380,1380,111,1,14461.81
1381,1381,36,1,15665.94
1382,1382,194,3,12707.5
1383,1383,73,1,896.37
1384,1384,143,2,14111.6
1385,1385,159,5,5770.16
1386,1386,146,2,7872.91
1387,1387,180,4,14598.18
1388,1388,14,4,1200.29
1389,1389,47,2,14713.56
1390,1390,26,2,12546.76
1391,1391,98,3,740.62
1392,1392,140,3,3677.83
1393,1393,31,5,8530.85
1394,1394,180,4,14598.18
1395,1395,16,4,6157.77
1396,1396,48,3,11405.06
1397,1397,41,4,4660.83
1398,1398,19,5,21294.24
1399,1399,174,5,17094.14
1400,1400,110,4,28002.99
1401,1401,152,4,14395.46
1402,1402,131,4,9463.24
1403,1403,116,4,3984.38
1404,1404,151,1,18344.56
1405,1405,86,5,12094.11
1406,1406,164,2,5452.82
1407,1407,30,3,4085.97
1408,1408,109,4,1949.14
1409,1409,107,5,5735.07
1410,1410,69,1,7059.92
1411,1411,97,5,15480.83
1412,1412,198,2,7897.84
1413,1413,113,5,16263.55
1414,1414,117,1,20433.55
1415,1415,72,5,16174.11
1416,1416,179,2,13532.44
1417,1417,139,5,4801.64
1418,1418,21,2,4061.98
1419,1419,46,1,9915.48
1420,1420,19,3,21294.24
1421,1421,100,4,12627.27
1422,1422,152,4,14395.46
1423,1423,117,2,20433.55
1424,1424,179,4,13532.44
1425,1425,123,1,12118.15
1426,1426,107,2,5735.07
1427,1427,140,3,3677.83
1428,1428,132,2,3487.55
1429,1429,133,2,2299.38
1430,1430,154,4,23101.64
1431,1431,171,3,11785.29
1432,1432,64,2,2967.21
1433,1433,100,5,12627.27
1434,1434,187,2,11738.99
1435,1435,68,2,21527.67
1436,1436,46,4,9915.48
1437,1437,136,2,16321.7
1438,1438,68,3,21527.67
1439,1439,64,4,2967.21
1440,1440,3,5,13312.12
1441,1441,83,5,16795.16
1442,1442,188,4,996.04
1443,1443,91,2,24150.89
1444,1444,33,5,351.77
1445,1445,123,3,12118.15
1446,1446,113,4,16263.55
1447,1447,140,1,3677.83
1448,1448,93,4,18565.89
1449,1449,118,4,14798.89
1450,1450,128,3,1071.68
1451,1451,19,5,21294.24
1452,1452,54,1,13304.66
1453,1453,26,3,12546.76
1454,1454,70,2,12988.47
1455,1455,164,2,5452.82
1456,1456,116,4,3984.38
1457,1457,157,2,12947.92
1458,1458,46,1,9915.48
1459,1459,68,1,21527.67
1460,1460,104,5,17468.31
1461,1461,193,1,9071.96
1462,1462,144,5,25378.87
1463,1463,63,1,7112.08
1464,1464,151,2,18344.56
1465,1465,28,4,16098.38
1466,1466,115,4,19349.21
1467,1467,75,4,27545.83
1468,1468,93,4,18565.89
1469,1469,113,4,16263.55
1470,1470,132,3,3487.55
1471,1471,139,5,4801.64
1472,1472,78,5,3968.49
1473,1473,91,2,24150.89
1474,1474,190,2,4782.23
1475,1475,64,3,2967.21
1476,1476,19,5,21294.24
1477,1477,148,3,4657.5
1478,1478,171,5,11785.29
1479,1479,2,3,15826.16
1480,1480,148,5,4657.5
1481,1481,13,2,10634.86
1482,1482,65,1,10719.81
1483,1483,120,1,8634.24
1484,1484,166,5,17663.18
1485,1485,99,5,20431.12
1486,1486,188,3,996.04
1487,1487,69,1,7059.92
1488,1488,104,2,17468.31
1489,1489,72,2,16174.11
1490,1490,46,5,9915.48
1491,1491,117,5,20433.55
1492,1492,178,5,823.83
1493,1493,47,1,14713.56
1494,1494,156,5,17418.26
1495,1495,42,4,3206.85
1496,1496,90,2,16959.04
1497,1497,104,2,17468.31
1498,1498,8,5,11385.66
1499,1499,153,5,28994.85
1500,1500,25,3,14280.01
1501,1501,18,2,6431.52
1502,1502,109,4,1949.14
1503,1503,22,1,10992.16
1504,1504,32,4,5374.36
1505,1505,191,4,955.75
1506,1506,186,3,21268.61
1507,1507,31,3,8530.85
1508,1508,10,3,27040.17
1509,1509,11,1,11525.15
1510,1510,96,5,20513.9
1511,1511,84,4,27377.47
1512,1512,158,3,24324.06
1513,1513,119,5,5173.11
1514,1514,174,1,17094.14
1515,1515,160,3,574.04
1516,1516,16,1,6157.77
1517,1517,127,4,7022.99
1518,1518,174,4,17094.14
1519,1519,20,5,5539.73
1520,1520,42,1,3206.85
1521,1521,199,2,14879.64
1522,1522,80,4,23718.28
1523,1523,198,5,7897.84
1524,1524,154,2,23101.64
1525,1525,128,1,1071.68
1526,1526,44,2,23468.86
1527,1527,143,2,14111.6
1528,1528,7,2,18492.28
1529,1529,67,4,10450.83
1530,1530,78,2,3968.49
1531,1531,70,1,12988.47
1532,1532,26,3,12546.76
1533,1533,163,5,3797.21
1534,1534,184,5,2190.56
1535,1535,53,3,878.34
1536,1536,109,1,1949.14
1537,1537,49,3,9269.71
1538,1538,4,5,5202.8
1539,1539,98,3,740.62
1540,1540,24,3,13804.57
1541,1541,10,1,27040.17
1542,1542,62,3,17180.02
1543,1543,98,5,740.62
1544,1544,106,4,16769.45
1545,1545,197,2,10336.5
1546,1546,78,2,3968.49
1547,1547,158,1,24324.06
1548,1548,42,1,3206.85
1549,1549,142,4,17820.58
1550,1550,108,2,14335.21
1551,1551,172,3,11683.09
1552,1552,31,5,8530.85
1553,1553,78,3,3968.49
1554,1554,108,4,14335.21
1555,1555,83,3,16795.16
1556,1556,36,3,15665.94
1557,1557,65,2,10719.81
1558,1558,68,2,21527.67
1559,1559,129,1,9625.23
1560,1560,116,4,3984.38
1561,1561,91,4,24150.89
1562,1562,60,3,5460.7
1563,1563,53,2,878.34
1564,1564,185,1,17714.54
1565,1565,199,3,14879.64
1566,1566,110,3,28002.99
1567,1567,174,4,17094.14
1568,1568,37,1,19923.36
1569,1569,53,5,878.34
1570,1570,21,5,4061.98
1571,1571,25,2,14280.01
1572,1572,111,4,14461.81
1573,1573,180,2,14598.18
1574,1574,100,5,12627.27
1575,1575,83,1,16795.16
1576,1576,24,2,13804.57
1577,1577,129,1,9625.23
1578,1578,29,3,3278.0
1579,1579,72,3,16174.11
1580,1580,90,1,16959.04
1581,1581,152,4,14395.46
1582,1582,177,5,25108.98
1583,1583,27,1,15343.35
1584,1584,118,1,14798.89
1585,1585,71,2,17028.76
1586,1586,197,5,10336.5
1587,1587,14,5,1200.29
1588,1588,118,1,14798.89
1589,1589,71,1,17028.76
1590,1590,45,3,9921.88
1591,1591,5,5,1235.05
1592,1592,96,4,20513.9
1593,1593,138,4,1398.1
1594,1594,153,3,28994.85
1595,1595,71,2,17028.76
1596,1596,83,5,16795.16
1597,1597,168,2,929.8
1598,1598,193,4,9071.96
1599,1599,157,5,12947.92
1600,1600,22,5,10992.16
1601,1601,103,3,6595.4
1602,1602,1,3,21191.29
1603,1603,48,2,11405.06
1604,1604,9,3,7868.98
1605,1605,47,2,14713.56
1606,1606,108,4,14335.21
1607,1607,128,4,1071.68
1608,1608,138,4,1398.1
1609,1609,72,5,16174.11
1610,1610,39,4,17650.3
1611,1611,131,3,9463.24
1612,1612,135,2,21436.4
1613,1613,17,3,19432.15
1614,1614,144,2,25378.87
1615,1615,132,5,3487.55
1616,1616,76,3,6546.83
1617,1617,16,4,6157.77
1618,1618,132,3,3487.55
1619,1619,162,3,6165.41
1620,1620,76,4,6546.83
1621,1621,37,5,19923.36
1622,1622,112,3,13028.13
1623,1623,23,4,15541.22
1624,1624,120,2,8634.24
1625,1625,53,1,878.34
1626,1626,76,3,6546.83
1627,1627,79,5,27672.78
1628,1628,21,3,4061.98
1629,1629,13,3,10634.86
1630,1630,78,4,3968.49
1631,1631,72,4,16174.11
1632,1632,102,3,13557.46
1633,1633,7,2,18492.28
1634,1634,114,5,12921.43
1635,1635,5,4,1235.05
1636,1636,35,5,16408.02
1637,1637,118,2,14798.89
1638,1638,36,1,15665.94
1639,1639,174,3,17094.14
1640,1640,108,1,14335.21
1641,1641,105,1,9571.88
1642,1642,144,5,25378.87
1643,1643,82,1,17607.83
1644,1644,101,3,8547.18
1645,1645,90,3,16959.04
1646,1646,17,1,19432.15
1647,1647,184,1,2190.56
1648,1648,47,1,14713.56
1649,1649,46,1,9915.48
1650,1650,46,1,9915.48
1651,1651,4,5,5202.8
1652,1652,198,2,7897.84
1653,1653,197,2,10336.5
1654,1654,76,4,6546.83
1655,1655,79,4,27672.78
1656,1656,112,3,13028.13
1657,1657,6,4,21150.77
1658,1658,114,5,12921.43
1659,1659,110,2,28002.99
1660,1660,43,1,15077.83
1661,1661,1,4,21191.29
1662,1662,11,2,11525.15
1663,1663,38,4,5822.86
1664,1664,22,4,10992.16
1665,1665,155,1,13686.84
1666,1666,11,1,11525.15
1667,1667,148,4,4657.5
1668,1668,62,1,17180.02
1669,1669,65,4,10719.81
1670,1670,136,3,16321.7
1671,1671,190,5,4782.23
1672,1672,104,1,17468.31
1673,1673,18,1,6431.52
1674,1674,121,2,14581.68
1675,1675,152,4,14395.46
1676,1676,191,5,955.75
1677,1677,65,3,10719.81
1678,1678,195,2,16085.73
1679,1679,131,3,9463.24
1680,1680,90,5,16959.04
1681,1681,57,2,12361.23
1682,1682,93,1,18565.89
1683,1683,61,5,3768.98
1684,1684,124,5,7049.35
1685,1685,109,3,1949.14
1686,1686,38,1,5822.86
1687,1687,89,1,22077.15
1688,1688,187,2,11738.99
1689,1689,17,1,19432.15
1690,1690,20,4,5539.73
1691,1691,101,4,8547.18
1692,1692,105,5,9571.88
1693,1693,25,1,14280.01
1694,1694,155,2,13686.84
1695,1695,128,4,1071.68
1696,1696,156,4,17418.26
1697,1697,86,1,12094.11
1698,1698,150,5,3511.86
1699,1699,160,4,574.04
1700,1700,187,2,11738.99
1701,1701,48,3,11405.06
1702,1702,71,5,17028.76
1703,1703,125,2,6220.2
1704,1704,6,5,21150.77
1705,1705,75,1,27545.83
1706,1706,188,1,996.04
1707,1707,144,1,25378.87
1708,1708,84,5,27377.47
1709,1709,82,5,17607.83
1710,1710,3,3,13312.12
1711,1711,192,1,2957.41
1712,1712,87,3,25821.69
1713,1713,86,2,12094.11
1714,1714,137,5,14887.13
1715,1715,167,1,8144.35
1716,1716,28,2,16098.38
1717,1717,27,2,15343.35
1718,1718,21,4,4061.98
1719,1719,4,4,5202.8
1720,1720,139,5,4801.64
1721,1721,160,1,574.04
1722,1722,99,1,20431.12
1723,1723,44,1,23468.86
1724,1724,63,5,7112.08
1725,1725,124,2,7049.35
1726,1726,17,1,19432.15
1727,1727,116,1,3984.38
1728,1728,37,4,19923.36
1729,1729,105,2,9571.88
1730,1730,103,3,6595.4
1731,1731,115,2,19349.21
1732,1732,68,2,21527.67
1733,1733,90,1,16959.04
1734,1734,143,4,14111.6
1735,1735,187,4,11738.99
1736,1736,133,5,2299.38
1737,1737,86,4,12094.11
1738,1738,91,3,24150.89
1739,1739,14,4,1200.29
1740,1740,94,1,4040.83
1741,1741,188,5,996.04
1742,1742,119,1,5173.11
1743,1743,190,1,4782.23
1744,1744,138,1,1398.1
1745,1745,145,5,10429.51
1746,1746,147,1,17781.52
1747,1747,14,4,1200.29
1748,1748,92,3,15601.31
1749,1749,111,4,14461.81
1750,1750,195,2,16085.73
1751,1751,153,5,28994.85
1752,1752,101,5,8547.18
1753,1753,137,4,14887.13
1754,1754,200,4,20420.05
1755,1755,193,4,9071.96
1756,1756,2,5,15826.16
1757,1757,123,4,12118.15
1758,1758,3,2,13312.12
1759,1759,6,4,21150.77
1760,1760,2,4,15826.16
1761,1761,35,4,16408.02
1762,1762,175,5,24477.29
1763,1763,106,1,16769.45
1764,1764,61,2,3768.98
1765,1765,170,2,4852.6
1766,1766,26,3,12546.76
1767,1767,33,1,351.77
1768,1768,196,2,10134.09
1769,1769,43,3,15077.83
1770,1770,171,5,11785.29
1771,1771,151,3,18344.56
1772,1772,136,4,16321.7
1773,1773,121,3,14581.68
1774,1774,27,3,15343.35
1775,1775,188,1,996.04
1776,1776,73,3,896.37
1777,1777,181,5,8035.92
1778,1778,35,3,16408.02
1779,1779,128,5,1071.68
1780,1780,40,4,13014.18
1781,1781,161,5,377.71
1782,1782,130,4,13160.01
1783,1783,23,3,15541.22
1784,1784,43,5,15077.83
1785,1785,31,5,8530.85
1786,1786,11,4,11525.15
1787,1787,31,2,8530.85
1788,1788,146,5,7872.91
1789,1789,198,3,7897.84
1790,1790,127,2,7022.99
1791,1791,115,4,19349.21
1792,1792,13,1,10634.86
1793,1793,98,1,740.62
1794,1794,106,2,16769.45
1795,1795,134,4,904.04
1796,1796,94,4,4040.83
1797,1797,16,1,6157.77
1798,1798,20,4,5539.73
1799,1799,59,1,8391.44
1800,1800,115,5,19349.21
1801,1801,53,2,878.34
1802,1802,124,3,7049.35
1803,1803,112,1,13028.13
1804,1804,181,2,8035.92
1805,1805,180,5,14598.18
1806,1806,90,1,16959.04
1807,1807,155,2,13686.84
1808,1808,36,5,15665.94
1809,1809,97,4,15480.83
1810,1810,146,5,7872.91
1811,1811,89,2,22077.15
1812,1812,72,5,16174.11
1813,1813,169,5,16919.54
1814,1814,88,2,10810.93
1815,1815,185,1,17714.54
1816,1816,199,5,14879.64
1817,1817,139,3,4801.64
1818,1818,173,1,3363.26
1819,1819,36,4,15665.94
1820,1820,62,4,17180.02
1821,1821,62,1,17180.02
1822,1822,89,4,22077.15
1823,1823,38,2,5822.86
1824,1824,75,2,27545.83
1825,1825,172,5,11683.09
1826,1826,163,4,3797.21
1827,1827,105,3,9571.88
1828,1828,42,3,3206.85
1829,1829,163,4,3797.21
1830,1830,105,4,9571.88
1831,1831,88,3,10810.93
1832,1832,148,5,4657.5
1833,1833,146,5,7872.91
1834,1834,17,3,19432.15
1835,1835,161,1,377.71
1836,1836,22,5,10992.16
1837,1837,156,2,17418.26
1838,1838,7,4,18492.28
1839,1839,196,3,10134.09
1840,1840,186,4,21268.61
1841,1841,54,3,13304.66
1842,1842,88,3,10810.93
1843,1843,78,1,3968.49
1844,1844,60,3,5460.7
1845,1845,119,5,5173.11
1846,1846,128,3,1071.68
1847,1847,40,3,13014.18
1848,1848,48,3,11405.06
1849,1849,22,2,10992.16
1850,1850,121,4,14581.68
1851,1851,194,3,12707.5
1852,1852,181,2,8035.92
1853,1853,58,4,2402.97
1854,1854,197,1,10336.5
1855,1855,27,5,15343.35
1856,1856,135,3,21436.4
1857,1857,198,2,7897.84
1858,1858,45,3,9921.88
1859,1859,82,2,17607.83
1860,1860,114,4,12921.43
1861,1861,187,4,11738.99
1862,1862,164,2,5452.82
1863,1863,115,5,19349.21
1864,1864,15,2,10692.78
1865,1865,81,3,19237.52
1866,1866,51,2,4582.1
1867,1867,59,1,8391.44
1868,1868,167,3,8144.35
1869,1869,151,2,18344.56
1870,1870,94,2,4040.83
1871,1871,109,5,1949.14
1872,1872,60,1,5460.7
1873,1873,129,1,9625.23
1874,1874,189,3,5861.15
1875,1875,109,1,1949.14
1876,1876,47,4,14713.56
1877,1877,151,1,18344.56
1878,1878,164,4,5452.82
1879,1879,10,2,27040.17
1880,1880,104,3,17468.31
1881,1881,106,5,16769.45
1882,1882,196,1,10134.09
1883,1883,168,3,929.8
1884,1884,98,4,740.62
1885,1885,79,3,27672.78
1886,1886,19,2,21294.24
1887,1887,96,4,20513.9
1888,1888,173,4,3363.26
1889,1889,60,5,5460.7
1890,1890,138,3,1398.1
1891,1891,50,4,8022.24
1892,1892,155,1,13686.84
1893,1893,53,3,878.34
1894,1894,171,4,11785.29
1895,1895,189,4,5861.15
1896,1896,166,5,17663.18
1897,1897,50,4,8022.24
1898,1898,135,5,21436.4
1899,1899,19,5,21294.24
1900,1900,102,1,13557.46
1901,1901,55,1,6404.02
1902,1902,156,1,17418.26
1903,1903,140,5,3677.83
1904,1904,46,3,9915.48
1905,1905,97,1,15480.83
1906,1906,64,5,2967.21
1907,1907,108,2,14335.21
1908,1908,118,4,14798.89
1909,1909,12,3,28934.67
1910,1910,174,2,17094.14
1911,1911,8,5,11385.66
1912,1912,101,2,8547.18
1913,1913,114,5,12921.43
1914,1914,150,1,3511.86
1915,1915,76,5,6546.83
1916,1916,155,4,13686.84
1917,1917,162,4,6165.41
1918,1918,187,3,11738.99
1919,1919,193,1,9071.96
1920,1920,73,1,896.37
1921,1921,107,2,5735.07
1922,1922,76,1,6546.83
1923,1923,33,2,351.77
1924,1924,164,5,5452.82
1925,1925,177,4,25108.98
1926,1926,171,2,11785.29
1927,1927,96,1,20513.9
1928,1928,165,3,2455.33
1929,1929,69,1,7059.92
1930,1930,101,3,8547.18
1931,1931,50,1,8022.24
1932,1932,129,1,9625.23
1933,1933,174,5,17094.14
1934,1934,52,5,1034.09
1935,1935,54,1,13304.66
1936,1936,160,2,574.04
1937,1937,164,1,5452.82
1938,1938,61,2,3768.98
1939,1939,192,4,2957.41
1940,1940,52,4,1034.09
1941,1941,124,3,7049.35
1942,1942,126,5,11041.81
1943,1943,161,5,377.71
1944,1944,41,3,4660.83
1945,1945,197,4,10336.5
1946,1946,167,1,8144.35
1947,1947,5,3,1235.05
1948,1948,180,2,14598.18
1949,1949,42,5,3206.85
1950,1950,44,5,23468.86
1951,1951,147,3,17781.52
1952,1952,55,5,6404.02
1953,1953,114,2,12921.43
1954,1954,26,4,12546.76
1955,1955,114,4,12921.43
1956,1956,193,4,9071.96
1957,1957,27,3,15343.35
1958,1958,53,3,878.34
1959,1959,53,5,878.34
1960,1960,130,4,13160.01
1961,1961,136,1,16321.7
1962,1962,125,1,6220.2
1963,1963,135,5,21436.4
1964,1964,183,2,13427.6
1965,1965,110,1,28002.99
1966,1966,43,5,15077.83
1967,1967,176,5,4315.47
1968,1968,96,5,20513.9
1969,1969,163,5,3797.21
1970,1970,96,1,20513.9
1971,1971,123,1,12118.15
1972,1972,154,1,23101.64
1973,1973,195,3,16085.73
1974,1974,58,3,2402.97
1975,1975,45,1,9921.88
1976,1976,148,3,4657.5
1977,1977,19,4,21294.24
1978,1978,179,5,13532.44
1979,1979,129,3,9625.23
1980,1980,22,3,10992.16
1981,1981,6,3,21150.77
1982,1982,200,1,20420.05
1983,1983,118,2,14798.89
1984,1984,110,5,28002.99
1985,1985,31,1,8530.85
1986,1986,47,1,14713.56
1987,1987,122,1,7649.28
1988,1988,91,1,24150.89
1989,1989,48,2,11405.06
1990,1990,164,2,5452.82
1991,1991,100,3,12627.27
1992,1992,175,1,24477.29
1993,1993,19,5,21294.24
1994,1994,40,4,13014.18
1995,1995,85,1,3493.07
1996,1996,174,3,17094.14
1997,1997,100,4,12627.27
1998,1998,144,5,25378.87
1999,1999,1,5,21191.29
2000,2000,172,1,11683.09
2001,2001,126,1,11041.81
2002,2002,66,4,21839.21
2003,2003,3,2,13312.12
2004,2004,38,5,5822.86
2005,2005,15,1,10692.78
2006,2006,129,1,9625.23
2007,2007,103,3,6595.4
2008,2008,31,5,8530.85
2009,2009,91,2,24150.89
2010,2010,173,5,3363.26
2011,2011,193,2,9071.96
2012,2012,85,1,3493.07
2013,2013,181,1,8035.92
2014,2014,188,2,996.04
2015,2015,129,4,9625.23
2016,2016,53,4,878.34
2017,2017,135,5,21436.4
2018,2018,6,5,21150.77
2019,2019,174,5,17094.14
2020,2020,168,2,929.8
2021,2021,190,4,4782.23
2022,2022,129,1,9625.23
2023,2023,111,4,14461.81
2024,2024,169,1,16919.54
2025,2025,4,2,5202.8
2026,2026,38,1,5822.86
2027,2027,49,5,9269.71
2028,2028,59,4,8391.44
2029,2029,73,5,896.37
2030,2030,190,3,4782.23
2031,2031,172,2,11683.09
2032,2032,48,1,11405.06
2033,2033,130,5,13160.01
2034,2034,85,1,3493.07
2035,2035,200,1,20420.05
2036,2036,149,1,15111.25
2037,2037,152,4,14395.46
2038,2038,16,5,6157.77
2039,2039,89,5,22077.15
2040,2040,180,1,14598.18
2041,2041,97,2,15480.83
2042,2042,1,4,21191.29
2043,2043,42,4,3206.85
2044,2044,92,1,15601.31
2045,2045,141,4,23613.7
2046,2046,141,2,23613.7
2047,2047,164,4,5452.82
2048,2048,133,5,2299.38
2049,2049,1,4,21191.29
2050,2050,116,3,3984.38
2051,2051,87,2,25821.69
2052,2052,98,1,740.62
2053,2053,174,4,17094.14
2054,2054,13,1,10634.86
2055,2055,151,1,18344.56
2056,2056,160,1,574.04
2057,2057,84,2,27377.47
2058,2058,81,4,19237.52
2059,2059,117,5,20433.55
2060,2060,80,5,23718.28
2061,2061,172,3,11683.09
2062,2062,154,3,23101.64
2063,2063,129,4,9625.23
2064,2064,6,1,21150.77
2065,2065,88,1,10810.93
2066,2066,189,5,5861.15
2067,2067,112,1,13028.13
2068,2068,24,1,13804.57
2069,2069,60,5,5460.7
2070,2070,157,3,12947.92
2071,2071,176,3,4315.47
2072,2072,22,1,10992.16
2073,2073,35,1,16408.02
2074,2074,75,3,27545.83
2075,2075,184,5,2190.56
2076,2076,40,5,13014.18
2077,2077,109,5,1949.14
2078,2078,178,5,823.83
2079,2079,38,2,5822.86
2080,2080,193,1,9071.96
2081,2081,170,4,4852.6
2082,2082,47,2,14713.56
2083,2083,132,1,3487.55
2084,2084,151,2,18344.56
2085,2085,11,1,11525.15
2086,2086,58,5,2402.97
2087,2087,110,3,28002.99
2088,2088,30,2,4085.97
2089,2089,91,5,24150.89
2090,2090,84,4,27377.47
2091,2091,170,5,4852.6
2092,2092,130,2,13160.01
2093,2093,14,5,1200.29
2094,2094,186,1,21268.61
2095,2095,115,5,19349.21
2096,2096,65,4,10719.81
2097,2097,183,3,13427.6
2098,2098,57,3,12361.23
2099,2099,46,3,9915.48
2100,2100,189,2,5861.15
2101,2101,29,1,3278.0
2102,2102,184,2,2190.56
2103,2103,124,5,7049.35
2104,2104,83,3,16795.16
2105,2105,20,4,5539.73
2106,2106,190,4,4782.23
2107,2107,23,5,15541.22
2108,2108,199,1,14879.64
2109,2109,81,4,19237.52
2110,2110,4,2,5202.8
2111,2111,98,3,740.62
2112,2112,110,1,28002.99
2113,2113,12,1,28934.67
2114,2114,47,3,14713.56
2115,2115,113,1,16263.55
2116,2116,70,4,12988.47
2117,2117,123,2,12118.15
2118,2118,181,3,8035.92
2119,2119,40,5,13014.18
2120,2120,50,3,8022.24
2121,2121,168,2,929.8
2122,2122,50,3,8022.24
2123,2123,130,4,13160.01
2124,2124,39,1,17650.3
2125,2125,59,4,8391.44
2126,2126,49,3,9269.71
2127,2127,178,3,823.83
2128,2128,165,4,2455.33
2129,2129,145,5,10429.51
2130,2130,109,4,1949.14
2131,2131,188,1,996.04
2132,2132,180,5,14598.18
2133,2133,159,1,5770.16
2134,2134,105,2,9571.88
2135,2135,29,3,3278.0
2136,2136,43,2,15077.83
2137,2137,105,4,9571.88
2138,2138,51,5,4582.1
2139,2139,117,5,20433.55
2140,2140,162,4,6165.41
2141,2141,150,3,3511.86
2142,2142,182,5,7031.34
2143,2143,192,5,2957.41
2144,2144,21,3,4061.98
2145,2145,97,1,15480.83
2146,2146,110,4,28002.99
2147,2147,136,3,16321.7
2148,2148,181,5,8035.92
2149,2149,172,5,11683.09
2150,2150,184,4,2190.56
2151,2151,59,5,8391.44
2152,2152,66,4,21839.21
2153,2153,4,4,5202.8
2154,2154,50,5,8022.24
2155,2155,142,3,17820.58
2156,2156,116,5,3984.38
2157,2157,141,3,23613.7
2158,2158,191,2,955.75
2159,2159,27,1,15343.35
2160,2160,157,5,12947.92
2161,2161,56,3,23513.58
2162,2162,165,3,2455.33
2163,2163,175,4,24477.29
2164,2164,132,2,3487.55
2165,2165,68,2,21527.67
2166,2166,140,1,3677.83
2167,2167,82,3,17607.83
2168,2168,1,5,21191.29
2169,2169,178,4,823.83
2170,2170,53,3,878.34
2171,2171,70,2,12988.47
2172,2172,77,5,16616.81
2173,2173,19,2,21294.24
2174,2174,71,2,17028.76
2175,2175,54,4,13304.66
2176,2176,183,2,13427.6
2177,2177,44,5,23468.86
2178,2178,119,2,5173.11
2179,2179,105,3,9571.88
2180,2180,106,5,16769.45
2181,2181,186,3,21268.61
2182,2182,197,1,10336.5
2183,2183,64,2,2967.21
2184,2184,113,3,16263.55
2185,2185,118,3,14798.89
2186,2186,200,2,20420.05
2187,2187,140,3,3677.83
2188,2188,116,5,3984.38
2189,2189,31,3,8530.85
2190,2190,26,1,12546.76
2191,2191,173,1,3363.26
2192,2192,194,3,12707.5
2193,2193,173,1,3363.26
2194,2194,13,5,10634.86
2195,2195,156,1,17418.26
2196,2196,191,1,955.75
2197,2197,127,2,7022.99
2198,2198,135,4,21436.4
2199,2199,190,3,4782.23
2200,2200,42,3,3206.85
2201,2201,161,3,377.71
2202,2202,151,3,18344.56
2203,2203,19,5,21294.24
2204,2204,6,2,21150.77
2205,2205,127,5,7022.99
2206,2206,36,4,15665.94
2207,2207,195,2,16085.73
2208,2208,126,5,11041.81
2209,2209,136,1,16321.7
2210,2210,10,1,27040.17
2211,2211,161,4,377.71
2212,2212,177,1,25108.98
2213,2213,26,1,12546.76
2214,2214,57,3,12361.23
2215,2215,30,4,4085.97
2216,2216,198,1,7897.84
2217,2217,117,2,20433.55
2218,2218,131,2,9463.24
2219,2219,142,1,17820.58
2220,2220,46,4,9915.48
2221,2221,185,1,17714.54
2222,2222,162,2,6165.41
2223,2223,194,4,12707.5
2224,2224,24,3,13804.57
2225,2225,168,2,929.8
2226,2226,159,2,5770.16
2227,2227,15,1,10692.78
2228,2228,64,5,2967.21
2229,2229,156,4,17418.26
2230,2230,137,3,14887.13
2231,2231,111,4,14461.81
2232,2232,143,1,14111.6
2233,2233,92,2,15601.31
2234,2234,160,3,574.04
2235,2235,164,3,5452.82
2236,2236,183,1,13427.6
2237,2237,21,4,4061.98
2238,2238,51,4,4582.1
2239,2239,129,5,9625.23
2240,2240,18,3,6431.52
2241,2241,16,2,6157.77
2242,2242,9,1,7868.98
2243,2243,188,1,996.04
2244,2244,189,4,5861.15
2245,2245,182,3,7031.34
2246,2246,110,5,28002.99
2247,2247,47,4,14713.56
2248,2248,10,3,27040.17
2249,2249,33,5,351.77
2250,2250,58,2,2402.97
2251,2251,91,3,24150.89
2252,2252,66,5,21839.21
2253,2253,126,3,11041.81
2254,2254,116,1,3984.38
2255,2255,56,4,23513.58
2256,2256,161,2,377.71
2257,2257,82,4,17607.83
2258,2258,127,4,7022.99
2259,2259,170,4,4852.6
2260,2260,195,1,16085.73
2261,2261,174,1,17094.14
2262,2262,33,4,351.77
2263,2263,106,3,16769.45
2264,2264,68,1,21527.67
2265,2265,121,4,14581.68
2266,2266,1,5,21191.29
2267,2267,166,2,17663.18
2268,2268,188,5,996.04
2269,2269,69,3,7059.92
2270,2270,9,3,7868.98
2271,2271,183,3,13427.6
2272,2272,38,5,5822.86
2273,2273,184,3,2190.56
2274,2274,80,2,23718.28
2275,2275,26,2,12546.76
2276,2276,68,4,21527.67
2277,2277,42,5,3206.85
2278,2278,144,4,25378.87
2279,2279,60,4,5460.7
2280,2280,96,5,20513.9
2281,2281,79,3,27672.78
2282,2282,133,1,2299.38
2283,2283,138,5,1398.1
2284,2284,29,4,3278.0
2285,2285,131,3,9463.24
2286,2286,161,5,377.71
2287,2287,116,2,3984.38
2288,2288,176,2,4315.47
2289,2289,196,1,10134.09
2290,2290,11,5,11525.15
2291,2291,140,3,3677.83
2292,2292,154,5,23101.64
2293,2293,46,2,9915.48
2294,2294,158,4,24324.06
2295,2295,4,4,5202.8
2296,2296,119,5,5173.11
2297,2297,91,2,24150.89
2298,2298,47,3,14713.56
2299,2299,50,2,8022.24
2300,2300,150,5,3511.86
2301,2301,21,5,4061.98
2302,2302,27,3,15343.35
2303,2303,126,5,11041.81
2304,2304,59,3,8391.44
2305,2305,49,4,9269.71
2306,2306,44,4,23468.86
2307,2307,95,4,8444.18
2308,2308,163,3,3797.21
2309,2309,76,4,6546.83
2310,2310,172,5,11683.09
2311,2311,15,5,10692.78
2312,2312,127,3,7022.99
2313,2313,179,3,13532.44
2314,2314,14,5,1200.29
2315,2315,163,2,3797.21
2316,2316,195,3,16085.73
2317,2317,172,1,11683.09
2318,2318,87,2,25821.69
2319,2319,42,3,3206.85
2320,2320,73,5,896.37
2321,2321,199,1,14879.64
2322,2322,196,4,10134.09
2323,2323,138,4,1398.1
2324,2324,99,3,20431.12
2325,2325,4,1,5202.8
2326,2326,198,3,7897.84
2327,2327,15,2,10692.78
2328,2328,52,5,1034.09
2329,2329,18,3,6431.52
2330,2330,135,2,21436.4
2331,2331,95,1,8444.18
2332,2332,161,5,377.71
2333,2333,139,1,4801.64
2334,2334,152,3,14395.46
2335,2335,107,5,5735.07
2336,2336,84,3,27377.47
2337,2337,152,1,14395.46
2338,2338,170,5,4852.6
2339,2339,49,5,9269.71
2340,2340,74,1,7274.5
2341,2341,19,4,21294.24
2342,2342,177,3,25108.98
2343,2343,81,5,19237.52
2344,2344,199,2,14879.64
2345,2345,177,2,25108.98
2346,2346,119,2,5173.11
2347,2347,189,4,5861.15
2348,2348,15,4,10692.78
2349,2349,1,4,21191.29
2350,2350,162,4,6165.41
2351,2351,29,2,3278.0
2352,2352,73,5,896.37
2353,2353,128,1,1071.68
2354,2354,44,2,23468.86
2355,2355,122,3,7649.28
2356,2356,30,2,4085.97
2357,2357,170,1,4852.6
2358,2358,59,5,8391.44
2359,2359,19,1,21294.24
2360,2360,25,2,14280.01
2361,2361,200,3,20420.05
2362,2362,80,2,23718.28
2363,2363,16,5,6157.77
2364,2364,116,4,3984.38
2365,2365,134,1,904.04
2366,2366,155,1,13686.84
2367,2367,98,3,740.62
2368,2368,34,5,3657.63
2369,2369,199,5,14879.64
2370,2370,120,3,8634.24
2371,2371,1,2,21191.29
2372,2372,189,2,5861.15
2373,2373,61,5,3768.98
2374,2374,97,1,15480.83
2375,2375,134,5,904.04
2376,2376,115,3,19349.21
2377,2377,47,4,14713.56
2378,2378,91,2,24150.89
2379,2379,187,2,11738.99
2380,2380,23,5,15541.22
2381,2381,141,5,23613.7
2382,2382,67,5,10450.83
2383,2383,92,1,15601.31
2384,2384,94,2,4040.83
2385,2385,46,4,9915.48
2386,2386,159,2,5770.16
2387,2387,170,4,4852.6
2388,2388,164,4,5452.82
2389,2389,163,4,3797.21
2390,2390,145,3,10429.51
2391,2391,28,2,16098.38
2392,2392,120,1,8634.24
2393,2393,56,3,23513.58
2394,2394,128,2,1071.68
2395,2395,40,1,13014.18
2396,2396,157,5,12947.92
2397,2397,41,3,4660.83
2398,2398,166,2,17663.18
2399,2399,37,3,19923.36
2400,2400,125,2,6220.2
2401,2401,174,4,17094.14
2402,2402,116,1,3984.38
2403,2403,191,3,955.75
2404,2404,191,2,955.75
2405,2405,152,3,14395.46
2406,2406,3,2,13312.12
2407,2407,75,3,27545.83
2408,2408,131,1,9463.24
2409,2409,116,4,3984.38
2410,2410,110,1,28002.99
2411,2411,119,3,5173.11
2412,2412,110,3,28002.99
2413,2413,195,5,16085.73
2414,2414,198,3,7897.84
2415,2415,107,5,5735.07
2416,2416,52,2,1034.09
2417,2417,4,2,5202.8
2418,2418,28,2,16098.38
2419,2419,79,1,27672.78
2420,2420,124,1,7049.35
2421,2421,170,2,4852.6
2422,2422,97,5,15480.83
2423,2423,46,1,9915.48
2424,2424,41,1,4660.83
2425,2425,36,3,15665.94
2426,2426,170,5,4852.6
2427,2427,168,2,929.8
2428,2428,195,2,16085.73
2429,2429,131,4,9463.24
2430,2430,53,1,878.34
2431,2431,184,5,2190.56
2432,2432,132,4,3487.55
2433,2433,43,2,15077.83
2434,2434,180,2,14598.18
2435,2435,25,3,14280.01
2436,2436,132,3,3487.55
2437,2437,48,1,11405.06
2438,2438,42,2,3206.85
2439,2439,85,2,3493.07
2440,2440,59,4,8391.44
2441,2441,15,5,10692.78
2442,2442,29,4,3278.0
2443,2443,109,4,1949.14
2444,2444,151,1,18344.56
2445,2445,117,4,20433.55
2446,2446,114,5,12921.43
2447,2447,147,2,17781.52
2448,2448,18,1,6431.52
2449,2449,139,1,4801.64
2450,2450,130,1,13160.01
2451,2451,197,2,10336.5
2452,2452,27,3,15343.35
2453,2453,129,5,9625.23
2454,2454,65,2,10719.81
2455,2455,161,5,377.71
2456,2456,19,5,21294.24
2457,2457,74,3,7274.5
2458,2458,40,2,13014.18
2459,2459,177,1,25108.98
2460,2460,112,2,13028.13
2461,2461,103,5,6595.4
2462,2462,108,2,14335.21
2463,2463,63,1,7112.08
2464,2464,169,4,16919.54
2465,2465,146,3,7872.91
2466,2466,123,3,12118.15
2467,2467,60,2,5460.7
2468,2468,109,3,1949.14
2469,2469,123,4,12118.15
2470,2470,194,5,12707.5
2471,2471,139,3,4801.64
2472,2472,89,2,22077.15
2473,2473,188,2,996.04
2474,2474,104,4,17468.31
2475,2475,87,4,25821.69
2476,2476,20,1,5539.73
2477,2477,149,3,15111.25
2478,2478,134,3,904.04
2479,2479,81,2,19237.52
2480,2480,63,4,7112.08
2481,2481,128,2,1071.68
2482,2482,72,3,16174.11
2483,2483,12,4,28934.67
2484,2484,6,1,21150.77
2485,2485,167,2,8144.35
2486,2486,95,5,8444.18
2487,2487,25,2,14280.01
2488,2488,124,4,7049.35
2489,2489,148,1,4657.5
2490,2490,6,5,21150.77
2491,2491,159,1,5770.16
2492,2492,177,5,25108.98
2493,2493,139,3,4801.64
2494,2494,191,3,955.75
2495,2495,34,1,3657.63
2496,2496,140,5,3677.83
2497,2497,107,1,5735.07
2498,2498,170,3,4852.6
2499,2499,66,5,21839.21
2500,2500,83,4,16795.16
2501,2501,134,2,904.04
2502,2502,82,1,17607.83
2503,2503,129,4,9625.23
2504,2504,12,3,28934.67
2505,2505,97,2,15480.83
2506,2506,181,2,8035.92
2507,2507,174,3,17094.14
2508,2508,18,1,6431.52
2509,2509,108,5,14335.21
2510,2510,129,3,9625.23
2511,2511,140,1,3677.83
2512,2512,7,5,18492.28
2513,2513,19,2,21294.24
2514,2514,53,2,878.34
2515,2515,181,5,8035.92
2516,2516,4,4,5202.8
2517,2517,155,2,13686.84
2518,2518,195,4,16085.73
2519,2519,46,1,9915.48
2520,2520,200,5,20420.05
2521,2521,155,3,13686.84
2522,2522,85,5,3493.07
2523,2523,42,1,3206.85
2524,2524,134,4,904.04
2525,2525,96,5,20513.9
2526,2526,165,3,2455.33
2527,2527,46,2,9915.48
2528,2528,82,3,17607.83
2529,2529,194,4,12707.5
2530,2530,62,1,17180.02
2531,2531,13,2,10634.86
2532,2532,175,2,24477.29
2533,2533,107,5,5735.07
2534,2534,49,5,9269.71
2535,2535,180,4,14598.18
2536,2536,119,4,5173.11
2537,2537,190,2,4782.23
2538,2538,72,1,16174.11
2539,2539,59,1,8391.44
2540,2540,172,4,11683.09
2541,2541,114,4,12921.43
2542,2542,56,1,23513.58
2543,2543,198,4,7897.84
2544,2544,173,1,3363.26
2545,2545,130,3,13160.01
2546,2546,174,4,17094.14
2547,2547,123,4,12118.15
2548,2548,142,1,17820.58
2549,2549,2,4,15826.16
2550,2550,21,4,4061.98
2551,2551,78,5,3968.49
2552,2552,38,3,5822.86
2553,2553,123,1,12118.15
2554,2554,148,1,4657.5
2555,2555,102,5,13557.46
2556,2556,83,3,16795.16
2557,2557,132,2,3487.55
2558,2558,52,3,1034.09
2559,2559,191,1,955.75
2560,2560,36,2,15665.94
2561,2561,173,1,3363.26
2562,2562,138,4,1398.1
2563,2563,41,3,4660.83
2564,2564,58,2,2402.97
2565,2565,37,2,19923.36
2566,2566,181,4,8035.92
2567,2567,41,4,4660.83
2568,2568,95,2,8444.18
2569,2569,71,1,17028.76
2570,2570,43,1,15077.83
2571,2571,138,2,1398.1
2572,2572,38,4,5822.86
2573,2573,176,2,4315.47
2574,2574,65,2,10719.81
2575,2575,138,1,1398.1
2576,2576,157,1,12947.92
2577,2577,78,5,3968.49
2578,2578,183,1,13427.6
2579,2579,123,4,12118.15
2580,2580,84,3,27377.47
2581,2581,68,2,21527.67
2582,2582,100,4,12627.27
2583,2583,191,1,955.75
2584,2584,93,4,18565.89
2585,2585,184,5,2190.56
2586,2586,114,2,12921.43
2587,2587,89,5,22077.15
2588,2588,127,5,7022.99
2589,2589,27,2,15343.35
2590,2590,165,2,2455.33
2591,2591,199,4,14879.64
2592,2592,23,1,15541.22
2593,2593,188,4,996.04
2594,2594,173,1,3363.26
2595,2595,140,4,3677.83
2596,2596,13,5,10634.86
2597,2597,163,5,3797.21
2598,2598,143,1,14111.6
2599,2599,142,2,17820.58
2600,2600,84,3,27377.47
2601,2601,57,4,12361.23
2602,2602,69,5,7059.92
2603,2603,14,3,1200.29
2604,2604,160,3,574.04
2605,2605,196,3,10134.09
2606,2606,199,4,14879.64
2607,2607,116,1,3984.38
2608,2608,161,4,377.71
2609,2609,174,4,17094.14
2610,2610,148,2,4657.5
2611,2611,37,5,19923.36
2612,2612,150,1,3511.86
2613,2613,153,5,28994.85
2614,2614,30,5,4085.97
2615,2615,42,2,3206.85
2616,2616,51,4,4582.1
2617,2617,118,4,14798.89
2618,2618,109,3,1949.14
2619,2619,53,5,878.34
2620,2620,2,1,15826.16
2621,2621,173,5,3363.26
2622,2622,177,2,25108.98
2623,2623,107,3,5735.07
2624,2624,146,2,7872.91
2625,2625,68,3,21527.67
2626,2626,72,3,16174.11
2627,2627,132,2,3487.55
2628,2628,85,4,3493.07
2629,2629,186,2,21268.61
2630,2630,115,1,19349.21
2631,2631,120,5,8634.24
2632,2632,164,3,5452.82
2633,2633,14,5,1200.29
2634,2634,123,4,12118.15
2635,2635,47,2,14713.56
2636,2636,75,3,27545.83
2637,2637,124,1,7049.35
2638,2638,9,1,7868.98
2639,2639,29,5,3278.0
2640,2640,68,4,21527.67
2641,2641,131,3,9463.24
2642,2642,200,4,20420.05
2643,2643,98,5,740.62
2644,2644,23,1,15541.22
2645,2645,56,2,23513.58
2646,2646,5,3,1235.05
2647,2647,199,5,14879.64
2648,2648,56,5,23513.58
2649,2649,167,3,8144.35
2650,2650,57,3,12361.23
2651,2651,142,4,17820.58
2652,2652,92,3,15601.31
2653,2653,65,5,10719.81
2654,2654,173,5,3363.26
2655,2655,191,2,955.75
2656,2656,126,5,11041.81
2657,2657,192,4,2957.41
2658,2658,173,3,3363.26
2659,2659,100,2,12627.27
2660,2660,17,3,19432.15
2661,2661,199,5,14879.64
2662,2662,85,5,3493.07
2663,2663,91,4,24150.89
2664,2664,48,3,11405.06
2665,2665,161,2,377.71
2666,2666,149,4,15111.25
2667,2667,46,2,9915.48
2668,2668,22,2,10992.16
2669,2669,25,1,14280.01
2670,2670,58,1,2402.97
2671,2671,155,4,13686.84
2672,2672,84,2,27377.47
2673,2673,88,4,10810.93
2674,2674,11,2,11525.15
2675,2675,39,4,17650.3
2676,2676,78,4,3968.49
2677,2677,37,1,19923.36
2678,2678,37,1,19923.36
2679,2679,24,2,13804.57
2680,2680,129,5,9625.23
2681,2681,99,2,20431.12
2682,2682,21,5,4061.98
2683,2683,173,2,3363.26
2684,2684,53,3,878.34
2685,2685,47,5,14713.56
2686,2686,127,4,7022.99
2687,2687,4,1,5202.8
2688,2688,153,1,28994.85
2689,2689,33,4,351.77
2690,2690,123,1,12118.15
2691,2691,101,3,8547.18
2692,2692,197,5,10336.5
2693,2693,190,1,4782.23
2694,2694,81,3,19237.52
2695,2695,23,5,15541.22
2696,2696,171,5,11785.29
2697,2697,6,1,21150.77
2698,2698,1,3,21191.29
2699,2699,94,5,4040.83
2700,2700,47,1,14713.56
2701,2701,21,1,4061.98
2702,2702,24,1,13804.57
2703,2703,114,4,12921.43
2704,2704,80,5,23718.28
2705,2705,139,1,4801.64
2706,2706,199,1,14879.64
2707,2707,135,2,21436.4
2708,2708,105,4,9571.88
2709,2709,65,3,10719.81
2710,2710,51,4,4582.1
2711,2711,195,1,16085.73
2712,2712,69,5,7059.92
2713,2713,123,5,12118.15
2714,2714,161,5,377.71
2715,2715,152,1,14395.46
2716,2716,77,4,16616.81
2717,2717,166,2,17663.18
2718,2718,80,2,23718.28
2719,2719,161,2,377.71
2720,2720,133,2,2299.38
2721,2721,137,1,14887.13
2722,2722,64,3,2967.21
2723,2723,174,2,17094.14
2724,2724,9,2,7868.98
2725,2725,166,2,17663.18
2726,2726,1,3,21191.29
2727,2727,49,5,9269.71
2728,2728,148,2,4657.5
2729,2729,179,5,13532.44
2730,2730,185,3,17714.54
2731,2731,156,1,17418.26
2732,2732,105,5,9571.88
2733,2733,154,4,23101.64
2734,2734,15,3,10692.78
2735,2735,176,4,4315.47
2736,2736,9,4,7868.98
2737,2737,190,5,4782.23
2738,2738,42,5,3206.85
2739,2739,91,4,24150.89
2740,2740,85,4,3493.07
2741,2741,4,4,5202.8
2742,2742,82,4,17607.83
2743,2743,93,5,18565.89
2744,2744,92,2,15601.31
2745,2745,162,3,6165.41
2746,2746,80,5,23718.28
2747,2747,22,1,10992.16
2748,2748,25,3,14280.01
2749,2749,51,5,4582.1
2750,2750,58,4,2402.97
2751,2751,147,1,17781.52
2752,2752,25,3,14280.01
2753,2753,38,1,5822.86
2754,2754,21,4,4061.98
2755,2755,123,5,12118.15
2756,2756,96,2,20513.9
2757,2757,172,3,11683.09
2758,2758,166,3,17663.18
2759,2759,96,4,20513.9
2760,2760,143,2,14111.6
2761,2761,172,3,11683.09
2762,2762,81,2,19237.52
2763,2763,88,1,10810.93
2764,2764,87,2,25821.69
2765,2765,106,2,16769.45
2766,2766,142,1,17820.58
2767,2767,126,3,11041.81
2768,2768,45,4,9921.88
2769,2769,82,3,17607.83
2770,2770,171,5,11785.29
2771,2771,168,4,929.8
2772,2772,195,3,16085.73
2773,2773,126,3,11041.81
2774,2774,154,2,23101.64
2775,2775,70,2,12988.47
2776,2776,66,2,21839.21
2777,2777,33,4,351.77
2778,2778,144,1,25378.87
2779,2779,150,4,3511.86
2780,2780,120,4,8634.24
2781,2781,6,4,21150.77
2782,2782,122,1,7649.28
2783,2783,114,2,12921.43
2784,2784,88,1,10810.93
2785,2785,49,1,9269.71
2786,2786,74,4,7274.5
2787,2787,91,4,24150.89
2788,2788,183,2,13427.6
2789,2789,57,5,12361.23
2790,2790,109,4,1949.14
2791,2791,87,5,25821.69
2792,2792,22,2,10992.16
2793,2793,50,3,8022.24
2794,2794,87,5,25821.69
2795,2795,126,3,11041.81
2796,2796,38,2,5822.86
2797,2797,164,4,5452.82
2798,2798,174,1,17094.14
2799,2799,115,3,19349.21
2800,2800,82,4,17607.83
2801,2801,180,5,14598.18
2802,2802,148,2,4657.5
2803,2803,126,2,11041.81
2804,2804,108,4,14335.21
2805,2805,157,4,12947.92
2806,2806,24,4,13804.57
2807,2807,17,4,19432.15
2808,2808,8,4,11385.66
2809,2809,102,3,13557.46
2810,2810,134,5,904.04
2811,2811,74,4,7274.5
2812,2812,36,5,15665.94
2813,2813,7,1,18492.28
2814,2814,166,1,17663.18
2815,2815,82,3,17607.83
2816,2816,27,2,15343.35
2817,2817,101,5,8547.18
2818,2818,96,5,20513.9
2819,2819,187,1,11738.99
2820,2820,108,5,14335.21
2821,2821,60,1,5460.7
2822,2822,98,5,740.62
2823,2823,176,5,4315.47
2824,2824,66,4,21839.21
2825,2825,114,4,12921.43
2826,2826,27,4,15343.35
2827,2827,162,2,6165.41
2828,2828,128,5,1071.68
2829,2829,31,5,8530.85
2830,2830,194,4,12707.5
2831,2831,60,1,5460.7
2832,2832,42,5,3206.85
2833,2833,180,4,14598.18
2834,2834,172,1,11683.09
2835,2835,130,5,13160.01
2836,2836,197,1,10336.5
2837,2837,170,5,4852.6
2838,2838,36,4,15665.94
2839,2839,18,2,6431.52
2840,2840,56,3,23513.58
2841,2841,50,2,8022.24
2842,2842,10,4,27040.17
2843,2843,127,5,7022.99
2844,2844,78,5,3968.49
2845,2845,193,1,9071.96
2846,2846,143,4,14111.6
2847,2847,31,2,8530.85
2848,2848,75,4,27545.83
2849,2849,99,3,20431.12
2850,2850,156,4,17418.26
2851,2851,150,3,3511.86
2852,2852,87,5,25821.69
2853,2853,118,1,14798.89
2854,2854,36,5,15665.94
2855,2855,169,2,16919.54
2856,2856,166,5,17663.18
2857,2857,58,3,2402.97
2858,2858,84,1,27377.47
2859,2859,51,2,4582.1
2860,2860,23,3,15541.22
2861,2861,7,3,18492.28
2862,2862,23,5,15541.22
2863,2863,166,4,17663.18
2864,2864,178,4,823.83
2865,2865,198,2,7897.84
2866,2866,179,4,13532.44
2867,2867,127,1,7022.99
2868,2868,178,1,823.83
2869,2869,103,4,6595.4
2870,2870,116,5,3984.38
2871,2871,140,3,3677.83
2872,2872,5,4,1235.05
2873,2873,158,4,24324.06
2874,2874,23,4,15541.22
2875,2875,63,5,7112.08
2876,2876,22,2,10992.16
2877,2877,21,4,4061.98
2878,2878,58,1,2402.97
2879,2879,131,1,9463.24
2880,2880,156,1,17418.26
2881,2881,62,4,17180.02
2882,2882,74,5,7274.5
2883,2883,193,2,9071.96
2884,2884,109,1,1949.14
2885,2885,168,4,929.8
2886,2886,163,4,3797.21
2887,2887,108,3,14335.21
2888,2888,163,2,3797.21
2889,2889,109,5,1949.14
2890,2890,127,2,7022.99
2891,2891,6,2,21150.77
2892,2892,29,3,3278.0
2893,2893,140,5,3677.83
2894,2894,6,5,21150.77
2895,2895,33,5,351.77
2896,2896,193,2,9071.96
2897,2897,148,5,4657.5
2898,2898,119,3,5173.11
2899,2899,1,5,21191.29
2900,2900,193,1,9071.96
2901,2901,48,3,11405.06
2902,2902,62,4,17180.02
2903,2903,38,3,5822.86
2904,2904,195,5,16085.73
2905,2905,158,2,24324.06
2906,2906,6,2,21150.77
2907,2907,105,3,9571.88
2908,2908,33,5,351.77
2909,2909,82,1,17607.83
2910,2910,139,1,4801.64
2911,2911,49,2,9269.71
2912,2912,105,1,9571.88
2913,2913,168,5,929.8
2914,2914,99,2,20431.12
2915,2915,87,1,25821.69
2916,2916,78,3,3968.49
2917,2917,66,5,21839.21
2918,2918,100,4,12627.27
2919,2919,81,3,19237.52
2920,2920,94,5,4040.83
2921,2921,117,2,20433.55
2922,2922,153,2,28994.85
2923,2923,17,3,19432.15
2924,2924,24,3,13804.57
2925,2925,67,5,10450.83
2926,2926,135,5,21436.4
2927,2927,125,5,6220.2
2928,2928,117,3,20433.55
2929,2929,105,1,9571.88
2930,2930,65,3,10719.81
2931,2931,197,3,10336.5
2932,2932,4,3,5202.8
2933,2933,162,2,6165.41
2934,2934,142,3,17820.58
2935,2935,44,2,23468.86
2936,2936,141,1,23613.7
2937,2937,69,2,7059.92
2938,2938,8,4,11385.66
2939,2939,73,3,896.37
2940,2940,185,1,17714.54
2941,2941,174,3,17094.14
2942,2942,8,5,11385.66
2943,2943,179,1,13532.44
2944,2944,61,5,3768.98
2945,2945,159,4,5770.16
2946,2946,1,4,21191.29
2947,2947,69,4,7059.92
2948,2948,192,3,2957.41
2949,2949,94,2,4040.83
2950,2950,120,1,8634.24
2951,2951,192,4,2957.41
2952,2952,2,2,15826.16
2953,2953,199,2,14879.64
2954,2954,31,3,8530.85
2955,2955,20,2,5539.73
2956,2956,132,3,3487.55
2957,2957,2,5,15826.16
2958,2958,35,4,16408.02
2959,2959,139,5,4801.64
2960,2960,111,1,14461.81
2961,2961,110,1,28002.99
2962,2962,108,2,14335.21
2963,2963,120,4,8634.24
2964,2964,9,5,7868.98
2965,2965,131,5,9463.24
2966,2966,31,2,8530.85
2967,2967,113,5,16263.55
2968,2968,147,5,17781.52
2969,2969,45,1,9921.88
2970,2970,127,5,7022.99
2971,2971,85,2,3493.07
2972,2972,11,1,11525.15
2973,2973,91,2,24150.89
2974,2974,187,1,11738.99
2975,2975,149,5,15111.25
2976,2976,177,1,25108.98
2977,2977,111,3,14461.81
2978,2978,13,1,10634.86
2979,2979,117,2,20433.55
2980,2980,174,5,17094.14
2981,2981,71,3,17028.76
2982,2982,54,3,13304.66
2983,2983,21,3,4061.98
2984,2984,196,2,10134.09
2985,2985,172,2,11683.09
2986,2986,168,1,929.8
2987,2987,113,3,16263.55
2988,2988,52,4,1034.09
2989,2989,67,3,10450.83
2990,2990,137,5,14887.13
2991,2991,45,3,9921.88
2992,2992,63,5,7112.08
2993,2993,24,4,13804.57
2994,2994,197,4,10336.5
2995,2995,194,4,12707.5
2996,2996,40,1,13014.18
2997,2997,23,5,15541.22
2998,2998,49,4,9269.71
2999,2999,148,2,4657.5
3000,3000,8,5,11385.66
3001,3001,135,1,21436.4
3002,3002,80,5,23718.28
3003,3003,127,3,7022.99
3004,3004,124,3,7049.35
3005,3005,31,3,8530.85
3006,3006,64,1,2967.21
3007,3007,72,2,16174.11
3008,3008,46,4,9915.48
3009,3009,94,2,4040.83
3010,3010,78,1,3968.49
3011,3011,41,3,4660.83
3012,3012,73,1,896.37
3013,3013,175,5,24477.29
3014,3014,89,3,22077.15
3015,3015,29,5,3278.0
3016,3016,170,1,4852.6
3017,3017,149,2,15111.25
3018,3018,157,1,12947.92
3019,3019,138,2,1398.1
3020,3020,195,4,16085.73
3021,3021,17,4,19432.15
3022,3022,83,2,16795.16
3023,3023,156,4,17418.26
3024,3024,166,1,17663.18
3025,3025,7,3,18492.28
3026,3026,183,3,13427.6
3027,3027,45,4,9921.88
3028,3028,61,2,3768.98
3029,3029,200,5,20420.05
3030,3030,87,2,25821.69
3031,3031,54,1,13304.66
3032,3032,191,4,955.75
3033,3033,125,2,6220.2
3034,3034,24,2,13804.57
3035,3035,140,4,3677.83
3036,3036,171,1,11785.29
3037,3037,53,1,878.34
3038,3038,93,4,18565.89
3039,3039,62,4,17180.02
3040,3040,65,2,10719.81
3041,3041,64,3,2967.21
3042,3042,64,3,2967.21
3043,3043,180,4,14598.18
3044,3044,81,2,19237.52
3045,3045,33,2,351.77
3046,3046,155,1,13686.84
3047,3047,35,4,16408.02
3048,3048,137,4,14887.13
3049,3049,141,5,23613.7
3050,3050,11,5,11525.15
3051,3051,160,2,574.04
3052,3052,84,3,27377.47
3053,3053,123,3,12118.15
3054,3054,119,4,5173.11
3055,3055,12,2,28934.67
3056,3056,128,1,1071.68
3057,3057,30,3,4085.97
3058,3058,143,3,14111.6
3059,3059,173,1,3363.26
3060,3060,79,3,27672.78
3061,3061,77,1,16616.81
3062,3062,3,3,13312.12
3063,3063,72,2,16174.11
3064,3064,41,3,4660.83
3065,3065,4,5,5202.8
3066,3066,113,3,16263.55
3067,3067,21,2,4061.98
3068,3068,187,4,11738.99
3069,3069,122,5,7649.28
3070,3070,69,5,7059.92
3071,3071,96,5,20513.9
3072,3072,157,4,12947.92
3073,3073,92,5,15601.31
3074,3074,139,5,4801.64
3075,3075,197,3,10336.5
3076,3076,13,4,10634.86
3077,3077,51,1,4582.1
3078,3078,180,4,14598.18
3079,3079,102,1,13557.46
3080,3080,145,2,10429.51
3081,3081,155,4,13686.84
3082,3082,172,1,11683.09
3083,3083,200,4,20420.05
3084,3084,22,2,10992.16
3085,3085,162,1,6165.41
3086,3086,16,1,6157.77
3087,3087,152,1,14395.46
3088,3088,139,1,4801.64
3089,3089,16,1,6157.77
3090,3090,97,5,15480.83
3091,3091,77,4,16616.81
3092,3092,172,4,11683.09
3093,3093,134,1,904.04
3094,3094,3,4,13312.12
3095,3095,178,3,823.83
3096,3096,200,4,20420.05
3097,3097,78,5,3968.49
3098,3098,12,3,28934.67
3099,3099,120,2,8634.24
3100,3100,148,4,4657.5
3101,3101,50,2,8022.24
3102,3102,60,3,5460.7
3103,3103,86,4,12094.11
3104,3104,150,3,3511.86
3105,3105,190,4,4782.23
3106,3106,96,4,20513.9
3107,3107,174,2,17094.14
3108,3108,26,5,12546.76
3109,3109,186,4,21268.61
3110,3110,162,3,6165.41
3111,3111,187,2,11738.99
3112,3112,134,4,904.04
3113,3113,17,1,19432.15
3114,3114,82,4,17607.83
3115,3115,41,4,4660.83
3116,3116,26,5,12546.76
3117,3117,36,1,15665.94
3118,3118,156,4,17418.26
3119,3119,4,4,5202.8
3120,3120,132,2,3487.55
3121,3121,47,4,14713.56
3122,3122,191,3,955.75
3123,3123,100,5,12627.27
3124,3124,11,4,11525.15
3125,3125,154,3,23101.64
3126,3126,53,5,878.34
3127,3127,32,2,5374.36
3128,3128,132,4,3487.55
3129,3129,74,5,7274.5
3130,3130,51,1,4582.1
3131,3131,200,4,20420.05
3132,3132,53,4,878.34
3133,3133,98,3,740.62
3134,3134,102,3,13557.46
3135,3135,82,3,17607.83
3136,3136,8,4,11385.66
3137,3137,146,1,7872.91
3138,3138,141,3,23613.7
3139,3139,21,5,4061.98
3140,3140,199,4,14879.64
3141,3141,116,5,3984.38
3142,3142,70,5,12988.47
3143,3143,119,3,5173.11
3144,3144,82,1,17607.83
3145,3145,146,4,7872.91
3146,3146,156,5,17418.26
3147,3147,12,5,28934.67
3148,3148,84,5,27377.47
3149,3149,148,5,4657.5
3150,3150,26,5,12546.76
3151,3151,187,1,11738.99
3152,3152,144,3,25378.87
3153,3153,109,1,1949.14
3154,3154,60,2,5460.7
3155,3155,90,3,16959.04
3156,3156,157,1,12947.92
3157,3157,118,5,14798.89
3158,3158,69,2,7059.92
3159,3159,177,4,25108.98
3160,3160,145,4,10429.51
3161,3161,123,3,12118.15
3162,3162,85,1,3493.07
3163,3163,50,1,8022.24
3164,3164,26,4,12546.76
3165,3165,81,1,19237.52
3166,3166,12,3,28934.67
3167,3167,134,1,904.04
3168,3168,105,4,9571.88
3169,3169,107,3,5735.07
3170,3170,65,2,10719.81
3171,3171,163,5,3797.21
3172,3172,78,3,3968.49
3173,3173,117,1,20433.55
3174,3174,85,3,3493.07
3175,3175,141,1,23613.7
3176,3176,174,2,17094.14
3177,3177,39,1,17650.3
3178,3178,92,5,15601.31
3179,3179,89,3,22077.15
3180,3180,134,3,904.04
3181,3181,68,2,21527.67
3182,3182,74,3,7274.5
3183,3183,1,1,21191.29
3184,3184,37,1,19923.36
3185,3185,42,3,3206.85
3186,3186,188,5,996.04
3187,3187,81,5,19237.52
3188,3188,140,2,3677.83
3189,3189,4,3,5202.8
3190,3190,6,3,21150.77
3191,3191,113,2,16263.55
3192,3192,54,1,13304.66
3193,3193,92,3,15601.31
3194,3194,41,5,4660.83
3195,3195,42,2,3206.85
3196,3196,145,2,10429.51
3197,3197,108,2,14335.21
3198,3198,65,2,10719.81
3199,3199,40,2,13014.18
3200,3200,151,4,18344.56
3201,3201,14,1,1200.29
3202,3202,195,5,16085.73
3203,3203,176,4,4315.47
3204,3204,166,4,17663.18
3205,3205,159,4,5770.16
3206,3206,186,1,21268.61
3207,3207,57,1,12361.23
3208,3208,66,5,21839.21
3209,3209,47,4,14713.56
3210,3210,135,3,21436.4
3211,3211,116,5,3984.38
3212,3212,95,4,8444.18
3213,3213,134,5,904.04
3214,3214,33,1,351.77
3215,3215,121,2,14581.68
3216,3216,114,5,12921.43
3217,3217,156,1,17418.26
3218,3218,106,4,16769.45
3219,3219,21,5,4061.98
3220,3220,132,4,3487.55
3221,3221,97,1,15480.83
3222,3222,138,4,1398.1
3223,3223,76,1,6546.83
3224,3224,114,5,12921.43
3225,3225,172,5,11683.09
3226,3226,200,4,20420.05
3227,3227,43,1,15077.83
3228,3228,67,5,10450.83
3229,3229,168,3,929.8
3230,3230,93,3,18565.89
3231,3231,180,2,14598.18
3232,3232,115,1,19349.21
3233,3233,92,2,15601.31
3234,3234,24,1,13804.57
3235,3235,191,3,955.75
3236,3236,183,4,13427.6
3237,3237,5,1,1235.05
3238,3238,194,2,12707.5
3239,3239,169,4,16919.54
3240,3240,157,2,12947.92
3241,3241,29,2,3278.0
3242,3242,26,5,12546.76
3243,3243,185,3,17714.54
3244,3244,170,1,4852.6
3245,3245,34,5,3657.63
3246,3246,131,1,9463.24
3247,3247,192,1,2957.41
3248,3248,90,2,16959.04
3249,3249,26,5,12546.76
3250,3250,140,2,3677.83
3251,3251,75,4,27545.83
3252,3252,35,1,16408.02
3253,3253,119,3,5173.11
3254,3254,8,1,11385.66
3255,3255,120,4,8634.24
3256,3256,9,5,7868.98
3257,3257,15,1,10692.78
3258,3258,11,1,11525.15
3259,3259,100,2,12627.27
3260,3260,86,2,12094.11
3261,3261,137,1,14887.13
3262,3262,15,1,10692.78
3263,3263,62,1,17180.02
3264,3264,184,2,2190.56
3265,3265,82,3,17607.83
3266,3266,195,2,16085.73
3267,3267,128,4,1071.68
3268,3268,173,1,3363.26
3269,3269,100,5,12627.27
3270,3270,63,4,7112.08
3271,3271,121,1,14581.68
3272,3272,4,1,5202.8
3273,3273,55,1,6404.02
3274,3274,42,4,3206.85
3275,3275,9,3,7868.98
3276,3276,41,3,4660.83
3277,3277,147,5,17781.52
3278,3278,158,4,24324.06
3279,3279,166,5,17663.18
3280,3280,180,4,14598.18
3281,3281,124,1,7049.35
3282,3282,129,3,9625.23
3283,3283,73,5,896.37
3284,3284,10,1,27040.17
3285,3285,59,2,8391.44
3286,3286,123,5,12118.15
3287,3287,165,5,2455.33
3288,3288,122,2,7649.28
3289,3289,166,2,17663.18
3290,3290,145,1,10429.51
3291,3291,99,3,20431.12
3292,3292,56,3,23513.58
3293,3293,57,5,12361.23
3294,3294,24,4,13804.57
3295,3295,176,5,4315.47
3296,3296,40,1,13014.18
3297,3297,86,1,12094.11
3298,3298,9,4,7868.98
3299,3299,113,4,16263.55
3300,3300,37,4,19923.36
3301,3301,121,1,14581.68
3302,3302,156,4,17418.26
3303,3303,63,3,7112.08
3304,3304,120,3,8634.24
3305,3305,38,5,5822.86
3306,3306,122,1,7649.28
3307,3307,103,2,6595.4
3308,3308,163,3,3797.21
3309,3309,79,2,27672.78
3310,3310,22,4,10992.16
3311,3311,68,3,21527.67
3312,3312,141,1,23613.7
3313,3313,21,1,4061.98
3314,3314,173,5,3363.26
3315,3315,82,2,17607.83
3316,3316,46,1,9915.48
3317,3317,139,1,4801.64
3318,3318,166,2,17663.18
3319,3319,32,4,5374.36
3320,3320,168,4,929.8
3321,3321,158,1,24324.06
3322,3322,121,2,14581.68
3323,3323,119,4,5173.11
3324,3324,144,4,25378.87
3325,3325,149,1,15111.25
3326,3326,116,1,3984.38
3327,3327,117,2,20433.55
3328,3328,110,2,28002.99
3329,3329,27,1,15343.35
3330,3330,126,1,11041.81
3331,3331,57,4,12361.23
3332,3332,101,2,8547.18
3333,3333,142,4,17820.58
3334,3334,86,3,12094.11
3335,3335,143,3,14111.6
3336,3336,198,1,7897.84
3337,3337,138,2,1398.1
3338,3338,59,2,8391.44
3339,3339,124,1,7049.35
3340,3340,193,3,9071.96
3341,3341,155,2,13686.84
3342,3342,155,3,13686.84
3343,3343,33,3,351.77
3344,3344,56,3,23513.58
3345,3345,199,1,14879.64
3346,3346,136,5,16321.7
3347,3347,94,3,4040.83
3348,3348,67,3,10450.83
3349,3349,9,4,7868.98
3350,3350,94,4,4040.83
3351,3351,134,3,904.04
3352,3352,5,4,1235.05
3353,3353,27,2,15343.35
3354,3354,45,4,9921.88
3355,3355,17,4,19432.15
3356,3356,68,3,21527.67
3357,3357,8,1,11385.66
3358,3358,7,4,18492.28
3359,3359,94,2,4040.83
3360,3360,178,1,823.83
3361,3361,142,2,17820.58
3362,3362,67,4,10450.83
3363,3363,137,1,14887.13
3364,3364,61,4,3768.98
3365,3365,74,2,7274.5
3366,3366,64,2,2967.21
3367,3367,135,3,21436.4
3368,3368,134,5,904.04
3369,3369,134,1,904.04
3370,3370,27,4,15343.35
3371,3371,72,3,16174.11
3372,3372,53,1,878.34
3373,3373,34,4,3657.63
3374,3374,73,1,896.37
3375,3375,171,3,11785.29
3376,3376,197,4,10336.5
3377,3377,35,1,16408.02
3378,3378,168,1,929.8
3379,3379,155,4,13686.84
3380,3380,118,2,14798.89
3381,3381,86,1,12094.11
3382,3382,57,2,12361.23
3383,3383,72,4,16174.11
3384,3384,188,3,996.04
3385,3385,190,4,4782.23
3386,3386,182,2,7031.34
3387,3387,20,2,5539.73
3388,3388,66,2,21839.21
3389,3389,71,4,17028.76
3390,3390,167,1,8144.35
3391,3391,75,4,27545.83
3392,3392,109,2,1949.14
3393,3393,89,5,22077.15
3394,3394,9,4,7868.98
3395,3395,3,2,13312.12
3396,3396,52,1,1034.09
3397,3397,161,5,377.71
3398,3398,168,1,929.8
3399,3399,43,4,15077.83
3400,3400,128,4,1071.68
3401,3401,191,3,955.75
3402,3402,12,4,28934.67
3403,3403,109,1,1949.14
3404,3404,39,1,17650.3
3405,3405,162,1,6165.41
3406,3406,171,2,11785.29
3407,3407,76,2,6546.83
3408,3408,166,4,17663.18
3409,3409,5,3,1235.05
3410,3410,147,4,17781.52
3411,3411,48,5,11405.06
3412,3412,144,5,25378.87
3413,3413,97,5,15480.83
3414,3414,168,1,929.8
3415,3415,106,2,16769.45
3416,3416,132,5,3487.55
3417,3417,44,4,23468.86
3418,3418,137,1,14887.13
3419,3419,12,3,28934.67
3420,3420,53,2,878.34
3421,3421,9,4,7868.98
3422,3422,199,3,14879.64
3423,3423,158,2,24324.06
3424,3424,186,5,21268.61
3425,3425,155,3,13686.84
3426,3426,156,3,17418.26
3427,3427,24,2,13804.57
3428,3428,66,4,21839.21
3429,3429,171,5,11785.29
3430,3430,200,5,20420.05
3431,3431,193,3,9071.96
3432,3432,102,1,13557.46
3433,3433,120,2,8634.24
3434,3434,180,4,14598.18
3435,3435,185,5,17714.54
3436,3436,136,4,16321.7
3437,3437,166,5,17663.18
3438,3438,191,3,955.75
3439,3439,98,2,740.62
3440,3440,9,1,7868.98
3441,3441,192,4,2957.41
3442,3442,100,1,12627.27
3443,3443,27,5,15343.35
3444,3444,9,1,7868.98
3445,3445,44,2,23468.86
3446,3446,85,3,3493.07
3447,3447,82,2,17607.83
3448,3448,31,4,8530.85
3449,3449,44,5,23468.86
3450,3450,35,3,16408.02
3451,3451,48,1,11405.06
3452,3452,157,4,12947.92
3453,3453,34,2,3657.63
3454,3454,200,2,20420.05
3455,3455,75,5,27545.83
3456,3456,68,5,21527.67
3457,3457,3,1,13312.12
3458,3458,125,1,6220.2
3459,3459,159,3,5770.16
3460,3460,59,1,8391.44
3461,3461,3,4,13312.12
3462,3462,50,4,8022.24
3463,3463,7,5,18492.28
3464,3464,106,3,16769.45
3465,3465,51,3,4582.1
3466,3466,175,4,24477.29
3467,3467,28,4,16098.38
3468,3468,6,5,21150.77
3469,3469,36,1,15665.94
3470,3470,44,4,23468.86
3471,3471,6,5,21150.77
3472,3472,58,2,2402.97
3473,3473,15,2,10692.78
3474,3474,154,4,23101.64
3475,3475,157,1,12947.92
3476,3476,58,3,2402.97
3477,3477,198,3,7897.84
3478,3478,103,4,6595.4
3479,3479,193,5,9071.96
3480,3480,13,1,10634.86
3481,3481,51,4,4582.1
3482,3482,161,3,377.71
3483,3483,149,3,15111.25
3484,3484,39,3,17650.3
3485,3485,120,2,8634.24
3486,3486,19,2,21294.24
3487,3487,189,5,5861.15
3488,3488,19,2,21294.24
3489,3489,66,4,21839.21
3490,3490,182,2,7031.34
3491,3491,16,1,6157.77
3492,3492,46,5,9915.48
3493,3493,123,5,12118.15
3494,3494,99,1,20431.12
3495,3495,124,4,7049.35
3496,3496,151,2,18344.56
3497,3497,200,1,20420.05
3498,3498,64,2,2967.21
3499,3499,64,5,2967.21
3500,3500,92,3,15601.31
3501,3501,144,4,25378.87
3502,3502,200,2,20420.05
3503,3503,32,3,5374.36
3504,3504,186,3,21268.61
3505,3505,32,3,5374.36
3506,3506,103,2,6595.4
3507,3507,171,2,11785.29
3508,3508,115,5,19349.21
3509,3509,5,2,1235.05
3510,3510,100,5,12627.27
3511,3511,153,5,28994.85
3512,3512,152,1,14395.46
3513,3513,196,4,10134.09
3514,3514,109,3,1949.14
3515,3515,10,2,27040.17
3516,3516,6,2,21150.77
3517,3517,4,4,5202.8
3518,3518,12,5,28934.67
3519,3519,197,1,10336.5
3520,3520,170,5,4852.6
3521,3521,190,2,4782.23
3522,3522,114,1,12921.43
3523,3523,141,1,23613.7
3524,3524,66,4,21839.21
3525,3525,81,2,19237.52
3526,3526,24,4,13804.57
3527,3527,70,2,12988.47
3528,3528,25,3,14280.01
3529,3529,118,3,14798.89
3530,3530,197,1,10336.5
3531,3531,196,3,10134.09
3532,3532,164,3,5452.82
3533,3533,188,3,996.04
3534,3534,114,4,12921.43
3535,3535,93,2,18565.89
3536,3536,88,5,10810.93
3537,3537,56,3,23513.58
3538,3538,85,1,3493.07
3539,3539,88,5,10810.93
3540,3540,48,2,11405.06
3541,3541,21,2,4061.98
3542,3542,120,4,8634.24
3543,3543,174,3,17094.14
3544,3544,121,3,14581.68
3545,3545,126,1,11041.81
3546,3546,42,1,3206.85
3547,3547,150,2,3511.86
3548,3548,142,3,17820.58
3549,3549,175,1,24477.29
3550,3550,45,3,9921.88
3551,3551,85,4,3493.07
3552,3552,43,3,15077.83
3553,3553,59,4,8391.44
3554,3554,141,2,23613.7
3555,3555,128,4,1071.68
3556,3556,148,4,4657.5
3557,3557,124,3,7049.35
3558,3558,61,2,3768.98
3559,3559,132,2,3487.55
3560,3560,161,3,377.71
3561,3561,65,3,10719.81
3562,3562,98,3,740.62
3563,3563,189,4,5861.15
3564,3564,37,1,19923.36
3565,3565,58,4,2402.97
3566,3566,148,2,4657.5
3567,3567,96,5,20513.9
3568,3568,116,5,3984.38
3569,3569,9,1,7868.98
3570,3570,15,4,10692.78
3571,3571,104,5,17468.31
3572,3572,84,3,27377.47
3573,3573,35,1,16408.02
3574,3574,126,1,11041.81
3575,3575,88,2,10810.93
3576,3576,151,3,18344.56
3577,3577,175,3,24477.29
3578,3578,108,3,14335.21
3579,3579,175,3,24477.29
3580,3580,38,1,5822.86
3581,3581,147,5,17781.52
3582,3582,136,5,16321.7
3583,3583,32,1,5374.36
3584,3584,79,2,27672.78
3585,3585,200,5,20420.05
3586,3586,101,2,8547.18
3587,3587,161,2,377.71
3588,3588,41,3,4660.83
3589,3589,78,4,3968.49
3590,3590,47,4,14713.56
3591,3591,177,4,25108.98
3592,3592,44,4,23468.86
3593,3593,154,2,23101.64
3594,3594,69,1,7059.92
3595,3595,151,2,18344.56
3596,3596,25,2,14280.01
3597,3597,133,1,2299.38
3598,3598,151,4,18344.56
3599,3599,87,4,25821.69
3600,3600,174,2,17094.14
3601,3601,195,5,16085.73
3602,3602,161,4,377.71
3603,3603,139,4,4801.64
3604,3604,43,4,15077.83
3605,3605,7,5,18492.28
3606,3606,195,5,16085.73
3607,3607,194,5,12707.5
3608,3608,113,5,16263.55
3609,3609,153,4,28994.85
3610,3610,165,4,2455.33
3611,3611,25,2,14280.01
3612,3612,28,2,16098.38
3613,3613,102,5,13557.46
3614,3614,11,3,11525.15
3615,3615,66,3,21839.21
3616,3616,178,3,823.83
3617,3617,103,4,6595.4
3618,3618,197,4,10336.5
3619,3619,185,5,17714.54
3620,3620,26,2,12546.76
3621,3621,60,1,5460.7
3622,3622,111,1,14461.81
3623,3623,93,3,18565.89
3624,3624,193,3,9071.96
3625,3625,45,2,9921.88
3626,3626,69,2,7059.92
3627,3627,117,2,20433.55
3628,3628,95,2,8444.18
3629,3629,5,4,1235.05
3630,3630,58,5,2402.97
3631,3631,191,2,955.75
3632,3632,151,4,18344.56
3633,3633,90,1,16959.04
3634,3634,182,1,7031.34
3635,3635,153,2,28994.85
3636,3636,180,1,14598.18
3637,3637,128,2,1071.68
3638,3638,94,2,4040.83
3639,3639,178,2,823.83
3640,3640,131,3,9463.24
3641,3641,34,4,3657.63
3642,3642,83,1,16795.16
3643,3643,45,5,9921.88
3644,3644,116,4,3984.38
3645,3645,91,3,24150.89
3646,3646,111,5,14461.81
3647,3647,95,3,8444.18
3648,3648,148,1,4657.5
3649,3649,84,5,27377.47
3650,3650,133,5,2299.38
3651,3651,167,1,8144.35
3652,3652,95,5,8444.18
3653,3653,192,1,2957.41
3654,3654,186,4,21268.61
3655,3655,176,5,4315.47
3656,3656,181,1,8035.92
3657,3657,127,4,7022.99
3658,3658,89,1,22077.15
3659,3659,188,4,996.04
3660,3660,97,5,15480.83
3661,3661,23,1,15541.22
3662,3662,82,4,17607.83
3663,3663,168,5,929.8
3664,3664,119,2,5173.11
3665,3665,83,4,16795.16
3666,3666,128,2,1071.68
3667,3667,170,5,4852.6
3668,3668,14,1,1200.29
3669,3669,97,2,15480.83
3670,3670,163,1,3797.21
3671,3671,106,3,16769.45
3672,3672,143,2,14111.6
3673,3673,127,1,7022.99
3674,3674,43,4,15077.83
3675,3675,25,5,14280.01
3676,3676,90,4,16959.04
3677,3677,109,3,1949.14
3678,3678,45,1,9921.88
3679,3679,198,4,7897.84
3680,3680,22,2,10992.16
3681,3681,143,5,14111.6
3682,3682,147,1,17781.52
3683,3683,149,1,15111.25
3684,3684,122,1,7649.28
3685,3685,13,3,10634.86
3686,3686,194,3,12707.5
3687,3687,20,3,5539.73
3688,3688,122,1,7649.28
3689,3689,73,4,896.37
3690,3690,183,4,13427.6
3691,3691,100,3,12627.27
3692,3692,92,3,15601.31
3693,3693,143,5,14111.6
3694,3694,129,1,9625.23
3695,3695,198,4,7897.84
3696,3696,148,4,4657.5
3697,3697,33,2,351.77
3698,3698,199,4,14879.64
3699,3699,128,4,1071.68
3700,3700,108,1,14335.21
3701,3701,86,1,12094.11
3702,3702,90,3,16959.04
3703,3703,192,4,2957.41
3704,3704,86,1,12094.11
3705,3705,64,2,2967.21
3706,3706,15,4,10692.78
3707,3707,81,2,19237.52
3708,3708,33,2,351.77
3709,3709,153,4,28994.85
3710,3710,165,3,2455.33
3711,3711,186,5,21268.61
3712,3712,168,5,929.8
3713,3713,74,5,7274.5
3714,3714,55,5,6404.02
3715,3715,187,3,11738.99
3716,3716,118,5,14798.89
3717,3717,125,2,6220.2
3718,3718,64,2,2967.21
3719,3719,200,2,20420.05
3720,3720,141,2,23613.7
3721,3721,147,3,17781.52
3722,3722,176,4,4315.47
3723,3723,183,4,13427.6
3724,3724,141,4,23613.7
3725,3725,163,4,3797.21
3726,3726,156,3,17418.26
3727,3727,145,3,10429.51
3728,3728,162,1,6165.41
3729,3729,162,3,6165.41
3730,3730,131,1,9463.24
3731,3731,185,3,17714.54
3732,3732,59,1,8391.44
3733,3733,69,3,7059.92
3734,3734,67,4,10450.83
3735,3735,168,4,929.8
3736,3736,19,2,21294.24
3737,3737,101,4,8547.18
3738,3738,58,3,2402.97
3739,3739,66,3,21839.21
3740,3740,151,2,18344.56
3741,3741,145,2,10429.51
3742,3742,65,2,10719.81
3743,3743,66,1,21839.21
3744,3744,49,4,9269.71
3745,3745,93,5,18565.89
3746,3746,107,3,5735.07
3747,3747,166,4,17663.18
3748,3748,101,1,8547.18
3749,3749,158,4,24324.06
3750,3750,10,1,27040.17
3751,3751,169,4,16919.54
3752,3752,84,3,27377.47
3753,3753,28,1,16098.38
3754,3754,37,2,19923.36
3755,3755,99,4,20431.12
3756,3756,181,2,8035.92
3757,3757,1,4,21191.29
3758,3758,143,2,14111.6
3759,3759,124,5,7049.35
3760,3760,86,4,12094.11
3761,3761,142,5,17820.58
3762,3762,73,3,896.37
3763,3763,100,1,12627.27
3764,3764,129,3,9625.23
3765,3765,130,4,13160.01
3766,3766,169,1,16919.54
3767,3767,142,2,17820.58
3768,3768,133,5,2299.38
3769,3769,43,4,15077.83
3770,3770,166,5,17663.18
3771,3771,65,3,10719.81
3772,3772,89,5,22077.15
3773,3773,48,4,11405.06
3774,3774,121,1,14581.68
3775,3775,104,3,17468.31
3776,3776,70,1,12988.47
3777,3777,35,1,16408.02
3778,3778,23,2,15541.22
3779,3779,125,4,6220.2
3780,3780,57,1,12361.23
3781,3781,9,4,7868.98
3782,3782,67,1,10450.83
3783,3783,100,3,12627.27
3784,3784,142,3,17820.58
3785,3785,151,1,18344.56
3786,3786,167,3,8144.35
3787,3787,116,2,3984.38
3788,3788,155,2,13686.84
3789,3789,65,5,10719.81
3790,3790,122,3,7649.28
3791,3791,21,3,4061.98
3792,3792,165,3,2455.33
3793,3793,59,3,8391.44
3794,3794,199,1,14879.64
3795,3795,168,2,929.8
3796,3796,39,3,17650.3
3797,3797,176,2,4315.47
3798,3798,143,3,14111.6
3799,3799,165,1,2455.33
3800,3800,10,5,27040.17
3801,3801,54,1,13304.66
3802,3802,139,5,4801.64
3803,3803,151,2,18344.56
3804,3804,71,3,17028.76
3805,3805,199,1,14879.64
3806,3806,169,4,16919.54
3807,3807,146,3,7872.91
3808,3808,106,2,16769.45
3809,3809,171,2,11785.29
3810,3810,94,3,4040.83
3811,3811,66,4,21839.21
3812,3812,34,5,3657.63
3813,3813,15,2,10692.78
3814,3814,104,3,17468.31
3815,3815,27,4,15343.35
3816,3816,81,2,19237.52
3817,3817,79,5,27672.78
3818,3818,29,3,3278.0
3819,3819,63,2,7112.08
3820,3820,38,1,5822.86
3821,3821,15,1,10692.78
3822,3822,196,5,10134.09
3823,3823,64,4,2967.21
3824,3824,94,4,4040.83
3825,3825,107,3,5735.07
3826,3826,1,1,21191.29
3827,3827,41,5,4660.83
3828,3828,42,3,3206.85
3829,3829,190,2,4782.23
3830,3830,28,3,16098.38
3831,3831,165,5,2455.33
3832,3832,89,2,22077.15
3833,3833,94,3,4040.83
3834,3834,109,5,1949.14
3835,3835,153,1,28994.85
3836,3836,119,2,5173.11
3837,3837,43,1,15077.83
3838,3838,29,3,3278.0
3839,3839,87,4,25821.69
3840,3840,174,2,17094.14
3841,3841,160,2,574.04
3842,3842,36,4,15665.94
3843,3843,58,3,2402.97
3844,3844,29,3,3278.0
3845,3845,134,1,904.04
3846,3846,129,3,9625.23
3847,3847,126,1,11041.81
3848,3848,184,5,2190.56
3849,3849,134,3,904.04
3850,3850,151,3,18344.56
3851,3851,122,4,7649.28
3852,3852,52,5,1034.09
3853,3853,105,2,9571.88
3854,3854,5,4,1235.05
3855,3855,98,1,740.62
3856,3856,121,5,14581.68
3857,3857,108,3,14335.21
3858,3858,41,2,4660.83
3859,3859,152,2,14395.46
3860,3860,40,3,13014.18
3861,3861,55,1,6404.02
3862,3862,157,4,12947.92
3863,3863,55,1,6404.02
3864,3864,184,5,2190.56
3865,3865,142,3,17820.58
3866,3866,120,3,8634.24
3867,3867,29,2,3278.0
3868,3868,67,5,10450.83
3869,3869,43,1,15077.83
3870,3870,99,5,20431.12
3871,3871,76,3,6546.83
3872,3872,67,4,10450.83
3873,3873,112,1,13028.13
3874,3874,144,3,25378.87
3875,3875,81,3,19237.52
3876,3876,155,1,13686.84
3877,3877,164,2,5452.82
3878,3878,25,5,14280.01
3879,3879,152,1,14395.46
3880,3880,7,4,18492.28
3881,3881,41,4,4660.83
3882,3882,183,4,13427.6
3883,3883,124,5,7049.35
3884,3884,4,4,5202.8
3885,3885,149,1,15111.25
3886,3886,62,2,17180.02
3887,3887,15,4,10692.78
3888,3888,63,2,7112.08
3889,3889,174,1,17094.14
3890,3890,131,1,9463.24
3891,3891,166,4,17663.18
3892,3892,168,3,929.8
3893,3893,91,2,24150.89
3894,3894,30,3,4085.97
3895,3895,127,4,7022.99
3896,3896,155,5,13686.84
3897,3897,92,3,15601.31
3898,3898,171,2,11785.29
3899,3899,197,3,10336.5
3900,3900,155,4,13686.84
3901,3901,10,2,27040.17
3902,3902,86,5,12094.11
3903,3903,6,2,21150.77
3904,3904,114,5,12921.43
3905,3905,4,1,5202.8
3906,3906,38,1,5822.86
3907,3907,137,1,14887.13
3908,3908,52,2,1034.09
3909,3909,24,2,13804.57
3910,3910,172,4,11683.09
3911,3911,109,4,1949.14
3912,3912,87,1,25821.69
3913,3913,190,1,4782.23
3914,3914,87,1,25821.69
3915,3915,27,2,15343.35
3916,3916,185,3,17714.54
3917,3917,151,3,18344.56
3918,3918,49,3,9269.71
3919,3919,190,3,4782.23
3920,3920,52,4,1034.09
3921,3921,45,2,9921.88
3922,3922,29,5,3278.0
3923,3923,31,5,8530.85
3924,3924,92,1,15601.31
3925,3925,66,5,21839.21
3926,3926,135,5,21436.4
3927,3927,123,3,12118.15
3928,3928,153,5,28994.85
3929,3929,64,5,2967.21
3930,3930,51,5,4582.1
3931,3931,107,3,5735.07
3932,3932,27,2,15343.35
3933,3933,109,4,1949.14
3934,3934,56,1,23513.58
3935,3935,39,4,17650.3
3936,3936,149,5,15111.25
3937,3937,51,4,4582.1
3938,3938,182,2,7031.34
3939,3939,29,2,3278.0
3940,3940,18,3,6431.52
3941,3941,123,4,12118.15
3942,3942,9,2,7868.98
3943,3943,50,5,8022.24
3944,3944,33,1,351.77
3945,3945,165,2,2455.33
3946,3946,22,2,10992.16
3947,3947,99,4,20431.12
3948,3948,53,4,878.34
3949,3949,101,4,8547.18
3950,3950,195,2,16085.73
3951,3951,77,4,16616.81
3952,3952,22,4,10992.16
3953,3953,9,2,7868.98
3954,3954,168,3,929.8
3955,3955,40,5,13014.18
3956,3956,141,1,23613.7
3957,3957,127,4,7022.99
3958,3958,110,1,28002.99
3959,3959,45,5,9921.88
3960,3960,188,2,996.04
3961,3961,81,4,19237.52
3962,3962,109,5,1949.14
3963,3963,174,5,17094.14
3964,3964,40,4,13014.18
3965,3965,24,1,13804.57
3966,3966,145,1,10429.51
3967,3967,111,3,14461.81
3968,3968,165,3,2455.33
3969,3969,6,5,21150.77
3970,3970,22,5,10992.16
3971,3971,80,5,23718.28
3972,3972,185,1,17714.54
3973,3973,91,1,24150.89
3974,3974,89,3,22077.15
3975,3975,75,1,27545.83
3976,3976,85,1,3493.07
3977,3977,185,1,17714.54
3978,3978,149,1,15111.25
3979,3979,89,5,22077.15
3980,3980,192,2,2957.41
3981,3981,124,4,7049.35
3982,3982,193,4,9071.96
3983,3983,72,5,16174.11
3984,3984,22,3,10992.16
3985,3985,151,4,18344.56
3986,3986,59,3,8391.44
3987,3987,178,5,823.83
3988,3988,73,2,896.37
3989,3989,185,5,17714.54
3990,3990,109,4,1949.14
3991,3991,46,4,9915.48
3992,3992,70,1,12988.47
3993,3993,194,1,12707.5
3994,3994,141,1,23613.7
3995,3995,35,4,16408.02
3996,3996,123,5,12118.15
3997,3997,189,1,5861.15
3998,3998,130,4,13160.01
3999,3999,187,2,11738.99
4000,4000,162,4,6165.41
4001,4001,90,4,16959.04
4002,4002,51,5,4582.1
4003,4003,124,3,7049.35
4004,4004,119,2,5173.11
4005,4005,121,3,14581.68
4006,4006,103,2,6595.4
4007,4007,21,4,4061.98
4008,4008,80,5,23718.28
4009,4009,77,4,16616.81
4010,4010,120,1,8634.24
4011,4011,198,1,7897.84
4012,4012,83,4,16795.16
4013,4013,135,1,21436.4
4014,4014,27,4,15343.35
4015,4015,92,4,15601.31
4016,4016,111,2,14461.81
4017,4017,18,2,6431.52
4018,4018,129,4,9625.23
4019,4019,17,2,19432.15
4020,4020,3,2,13312.12
4021,4021,179,5,13532.44
4022,4022,173,2,3363.26
4023,4023,100,3,12627.27
4024,4024,169,5,16919.54
4025,4025,141,5,23613.7
4026,4026,143,3,14111.6
4027,4027,185,1,17714.54
4028,4028,12,4,28934.67
4029,4029,191,4,955.75
4030,4030,87,4,25821.69
4031,4031,125,4,6220.2
4032,4032,95,3,8444.18
4033,4033,192,2,2957.41
4034,4034,63,1,7112.08
4035,4035,132,1,3487.55
4036,4036,63,5,7112.08
4037,4037,173,3,3363.26
4038,4038,128,5,1071.68
4039,4039,38,1,5822.86
4040,4040,172,5,11683.09
4041,4041,12,2,28934.67
4042,4042,132,2,3487.55
4043,4043,4,3,5202.8
4044,4044,87,3,25821.69
4045,4045,197,3,10336.5
4046,4046,43,4,15077.83
4047,4047,24,3,13804.57
4048,4048,158,4,24324.06
4049,4049,45,2,9921.88
4050,4050,176,5,4315.47
4051,4051,97,2,15480.83
4052,4052,116,5,3984.38
4053,4053,52,2,1034.09
4054,4054,83,2,16795.16
4055,4055,196,1,10134.09
4056,4056,110,5,28002.99
4057,4057,168,4,929.8
4058,4058,119,4,5173.11
4059,4059,192,2,2957.41
4060,4060,49,1,9269.71
4061,4061,37,1,19923.36
4062,4062,190,2,4782.23
4063,4063,63,3,7112.08
4064,4064,89,3,22077.15
4065,4065,90,2,16959.04
4066,4066,149,1,15111.25
4067,4067,191,1,955.75
4068,4068,6,1,21150.77
4069,4069,7,4,18492.28
4070,4070,118,3,14798.89
4071,4071,3,5,13312.12
4072,4072,10,3,27040.17
4073,4073,142,4,17820.58
4074,4074,49,3,9269.71
4075,4075,91,1,24150.89
4076,4076,171,3,11785.29
4077,4077,54,2,13304.66
4078,4078,48,4,11405.06
4079,4079,148,4,4657.5
4080,4080,8,2,11385.66
4081,4081,171,1,11785.29
4082,4082,196,5,10134.09
4083,4083,67,2,10450.83
4084,4084,24,4,13804.57
4085,4085,187,1,11738.99
4086,4086,87,2,25821.69
4087,4087,60,2,5460.7
4088,4088,150,5,3511.86
4089,4089,163,5,3797.21
4090,4090,21,1,4061.98
4091,4091,162,1,6165.41
4092,4092,126,3,11041.81
4093,4093,197,2,10336.5
4094,4094,137,2,14887.13
4095,4095,94,2,4040.83
4096,4096,152,3,14395.46
4097,4097,30,5,4085.97
4098,4098,39,1,17650.3
4099,4099,156,4,17418.26
4100,4100,42,5,3206.85
4101,4101,69,5,7059.92
4102,4102,192,4,2957.41
4103,4103,195,5,16085.73
4104,4104,106,1,16769.45
4105,4105,120,1,8634.24
4106,4106,124,1,7049.35
4107,4107,61,5,3768.98
4108,4108,124,2,7049.35
4109,4109,47,3,14713.56
4110,4110,29,2,3278.0
4111,4111,190,1,4782.23
4112,4112,78,2,3968.49
4113,4113,191,5,955.75
4114,4114,84,3,27377.47
4115,4115,153,3,28994.85
4116,4116,54,1,13304.66
4117,4117,180,1,14598.18
4118,4118,85,1,3493.07
4119,4119,148,1,4657.5
4120,4120,137,5,14887.13
4121,4121,101,5,8547.18
4122,4122,84,5,27377.47
4123,4123,198,1,7897.84
4124,4124,110,4,28002.99
4125,4125,53,5,878.34
4126,4126,49,1,9269.71
4127,4127,77,1,16616.81
4128,4128,48,5,11405.06
4129,4129,156,4,17418.26
4130,4130,51,5,4582.1
4131,4131,110,2,28002.99
4132,4132,32,5,5374.36
4133,4133,185,2,17714.54
4134,4134,32,3,5374.36
4135,4135,47,3,14713.56
4136,4136,32,4,5374.36
4137,4137,22,4,10992.16
4138,4138,155,1,13686.84
4139,4139,191,1,955.75
4140,4140,45,5,9921.88
4141,4141,161,4,377.71
4142,4142,25,2,14280.01
4143,4143,182,2,7031.34
4144,4144,31,1,8530.85
4145,4145,116,1,3984.38
4146,4146,23,5,15541.22
4147,4147,81,4,19237.52
4148,4148,163,5,3797.21
4149,4149,99,4,20431.12
4150,4150,5,5,1235.05
4151,4151,152,2,14395.46
4152,4152,10,1,27040.17
4153,4153,197,5,10336.5
4154,4154,22,4,10992.16
4155,4155,25,1,14280.01
4156,4156,7,2,18492.28
4157,4157,182,5,7031.34
4158,4158,26,5,12546.76
4159,4159,195,1,16085.73
4160,4160,130,3,13160.01
4161,4161,25,2,14280.01
4162,4162,30,3,4085.97
4163,4163,139,1,4801.64
4164,4164,152,4,14395.46
4165,4165,77,5,16616.81
4166,4166,154,3,23101.64
4167,4167,152,4,14395.46
4168,4168,184,1,2190.56
4169,4169,28,4,16098.38
4170,4170,74,5,7274.5
4171,4171,189,3,5861.15
4172,4172,111,2,14461.81
4173,4173,137,4,14887.13
4174,4174,193,3,9071.96
4175,4175,120,2,8634.24
4176,4176,93,4,18565.89
4177,4177,146,5,7872.91
4178,4178,127,4,7022.99
4179,4179,165,5,2455.33
4180,4180,156,5,17418.26
4181,4181,125,1,6220.2
4182,4182,158,1,24324.06
4183,4183,44,1,23468.86
4184,4184,38,4,5822.86
4185,4185,47,1,14713.56
4186,4186,14,3,1200.29
4187,4187,67,1,10450.83
4188,4188,99,4,20431.12
4189,4189,22,1,10992.16
4190,4190,60,4,5460.7
4191,4191,45,3,9921.88
4192,4192,93,4,18565.89
4193,4193,124,1,7049.35
4194,4194,46,1,9915.48
4195,4195,66,1,21839.21
4196,4196,61,4,3768.98
4197,4197,41,4,4660.83
4198,4198,189,1,5861.15
4199,4199,81,4,19237.52
4200,4200,88,3,10810.93
4201,4201,192,1,2957.41
4202,4202,76,2,6546.83
4203,4203,59,1,8391.44
4204,4204,10,4,27040.17
4205,4205,2,2,15826.16
4206,4206,12,1,28934.67
4207,4207,128,2,1071.68
4208,4208,105,4,9571.88
4209,4209,39,5,17650.3
4210,4210,38,3,5822.86
4211,4211,85,4,3493.07
4212,4212,186,3,21268.61
4213,4213,189,4,5861.15
4214,4214,88,1,10810.93
4215,4215,123,1,12118.15
4216,4216,5,3,1235.05
4217,4217,33,3,351.77
4218,4218,57,5,12361.23
4219,4219,188,4,996.04
4220,4220,42,4,3206.85
4221,4221,146,3,7872.91
4222,4222,95,2,8444.18
4223,4223,16,1,6157.77
4224,4224,110,3,28002.99
4225,4225,187,5,11738.99
4226,4226,47,2,14713.56
4227,4227,134,3,904.04
4228,4228,190,4,4782.23
4229,4229,93,3,18565.89
4230,4230,199,4,14879.64
4231,4231,42,2,3206.85
4232,4232,114,3,12921.43
4233,4233,113,1,16263.55
4234,4234,106,5,16769.45
4235,4235,47,5,14713.56
4236,4236,166,3,17663.18
4237,4237,111,1,14461.81
4238,4238,152,4,14395.46
4239,4239,140,1,3677.83
4240,4240,134,1,904.04
4241,4241,29,5,3278.0
4242,4242,188,3,996.04
4243,4243,148,5,4657.5
4244,4244,18,4,6431.52
4245,4245,145,4,10429.51
4246,4246,119,2,5173.11
4247,4247,91,3,24150.89
4248,4248,68,1,21527.67
4249,4249,72,4,16174.11
4250,4250,87,1,25821.69
4251,4251,64,5,2967.21
4252,4252,42,4,3206.85
4253,4253,105,5,9571.88
4254,4254,36,2,15665.94
4255,4255,135,1,21436.4
4256,4256,166,3,17663.18
4257,4257,71,1,17028.76
4258,4258,95,1,8444.18
4259,4259,74,3,7274.5
4260,4260,146,4,7872.91
4261,4261,163,3,3797.21
4262,4262,74,5,7274.5
4263,4263,127,2,7022.99
4264,4264,36,5,15665.94
4265,4265,95,4,8444.18
4266,4266,103,3,6595.4
4267,4267,72,1,16174.11
4268,4268,24,2,13804.57
4269,4269,103,2,6595.4
4270,4270,28,4,16098.38
4271,4271,46,5,9915.48
4272,4272,23,5,15541.22
4273,4273,104,2,17468.31
4274,4274,45,2,9921.88
4275,4275,161,2,377.71
4276,4276,33,4,351.77
4277,4277,195,5,16085.73
4278,4278,13,3,10634.86
4279,4279,48,1,11405.06
4280,4280,119,1,5173.11
4281,4281,7,1,18492.28
4282,4282,25,1,14280.01
4283,4283,157,3,12947.92
4284,4284,158,2,24324.06
4285,4285,152,2,14395.46
4286,4286,177,2,25108.98
4287,4287,38,4,5822.86
4288,4288,37,4,19923.36
4289,4289,200,4,20420.05
4290,4290,129,1,9625.23
4291,4291,186,1,21268.61
4292,4292,84,4,27377.47
4293,4293,200,5,20420.05
4294,4294,46,3,9915.48
4295,4295,96,2,20513.9
4296,4296,45,2,9921.88
4297,4297,196,4,10134.09
4298,4298,127,3,7022.99
4299,4299,86,2,12094.11
4300,4300,166,3,17663.18
4301,4301,68,3,21527.67
4302,4302,128,4,1071.68
4303,4303,158,5,24324.06
4304,4304,66,2,21839.21
4305,4305,1,3,21191.29
4306,4306,55,2,6404.02
4307,4307,149,4,15111.25
4308,4308,178,2,823.83
4309,4309,33,2,351.77
4310,4310,15,3,10692.78
4311,4311,61,4,3768.98
4312,4312,148,4,4657.5
4313,4313,83,5,16795.16
4314,4314,81,1,19237.52
4315,4315,186,3,21268.61
4316,4316,162,1,6165.41
4317,4317,96,2,20513.9
4318,4318,123,1,12118.15
4319,4319,62,4,17180.02
4320,4320,35,2,16408.02
4321,4321,81,3,19237.52
4322,4322,162,4,6165.41
4323,4323,156,4,17418.26
4324,4324,155,1,13686.84
4325,4325,44,1,23468.86
4326,4326,52,4,1034.09
4327,4327,3,2,13312.12
4328,4328,112,5,13028.13
4329,4329,150,5,3511.86
4330,4330,109,1,1949.14
4331,4331,39,3,17650.3
4332,4332,110,4,28002.99
4333,4333,120,3,8634.24
4334,4334,59,3,8391.44
4335,4335,38,5,5822.86
4336,4336,11,4,11525.15
4337,4337,148,1,4657.5
4338,4338,64,2,2967.21
4339,4339,180,3,14598.18
4340,4340,78,4,3968.49
4341,4341,13,3,10634.86
4342,4342,100,2,12627.27
4343,4343,161,5,377.71
4344,4344,31,4,8530.85
4345,4345,55,1,6404.02
4346,4346,48,1,11405.06
4347,4347,107,4,5735.07
4348,4348,183,2,13427.6
4349,4349,198,3,7897.84
4350,4350,103,2,6595.4
4351,4351,146,2,7872.91
4352,4352,188,2,996.04
4353,4353,194,4,12707.5
4354,4354,145,5,10429.51
4355,4355,25,5,14280.01
4356,4356,19,4,21294.24
4357,4357,150,1,3511.86
4358,4358,91,5,24150.89
4359,4359,78,4,3968.49
4360,4360,70,4,12988.47
4361,4361,122,4,7649.28
4362,4362,21,1,4061.98
4363,4363,87,4,25821.69
4364,4364,110,4,28002.99
4365,4365,142,3,17820.58
4366,4366,146,4,7872.91
4367,4367,69,5,7059.92
4368,4368,111,4,14461.81
4369,4369,76,4,6546.83
4370,4370,82,2,17607.83
4371,4371,144,4,25378.87
4372,4372,41,3,4660.83
4373,4373,167,4,8144.35
4374,4374,125,4,6220.2
4375,4375,117,3,20433.55
4376,4376,104,1,17468.31
4377,4377,159,1,5770.16
4378,4378,1,5,21191.29
4379,4379,119,1,5173.11
4380,4380,89,5,22077.15
4381,4381,129,1,9625.23
4382,4382,155,5,13686.84
4383,4383,104,5,17468.31
4384,4384,112,4,13028.13
4385,4385,132,5,3487.55
4386,4386,161,3,377.71
4387,4387,197,5,10336.5
4388,4388,188,1,996.04
4389,4389,73,2,896.37
4390,4390,117,2,20433.55
4391,4391,49,4,9269.71
4392,4392,160,5,574.04
4393,4393,155,4,13686.84
4394,4394,41,4,4660.83
4395,4395,73,4,896.37
4396,4396,129,1,9625.23
4397,4397,29,3,3278.0
4398,4398,41,1,4660.83
4399,4399,142,3,17820.58
4400,4400,89,1,22077.15
4401,4401,162,1,6165.41
4402,4402,9,4,7868.98
4403,4403,54,4,13304.66
4404,4404,24,5,13804.57
4405,4405,17,2,19432.15
4406,4406,87,3,25821.69
4407,4407,193,4,9071.96
4408,4408,83,2,16795.16
4409,4409,25,2,14280.01
4410,4410,113,1,16263.55
4411,4411,72,2,16174.11
4412,4412,100,4,12627.27
4413,4413,174,3,17094.14
4414,4414,176,3,4315.47
4415,4415,157,4,12947.92
4416,4416,87,2,25821.69
4417,4417,10,4,27040.17
4418,4418,26,1,12546.76
4419,4419,168,1,929.8
4420,4420,24,4,13804.57
4421,4421,4,2,5202.8
4422,4422,13,3,10634.86
4423,4423,39,5,17650.3
4424,4424,156,1,17418.26
4425,4425,186,3,21268.61
4426,4426,100,1,12627.27
4427,4427,139,2,4801.64
4428,4428,13,4,10634.86
4429,4429,115,2,19349.21
4430,4430,17,4,19432.15
4431,4431,181,1,8035.92
4432,4432,141,3,23613.7
4433,4433,140,2,3677.83
4434,4434,157,1,12947.92
4435,4435,167,3,8144.35
4436,4436,112,4,13028.13
4437,4437,113,3,16263.55
4438,4438,110,3,28002.99
4439,4439,76,2,6546.83
4440,4440,140,2,3677.83
4441,4441,170,4,4852.6
4442,4442,193,3,9071.96
4443,4443,198,5,7897.84
4444,4444,192,2,2957.41
4445,4445,76,1,6546.83
4446,4446,81,3,19237.52
4447,4447,132,4,3487.55
4448,4448,139,1,4801.64
4449,4449,89,5,22077.15
4450,4450,10,4,27040.17
4451,4451,2,5,15826.16
4452,4452,63,1,7112.08
4453,4453,185,3,17714.54
4454,4454,15,4,10692.78
4455,4455,57,1,12361.23
4456,4456,40,2,13014.18
4457,4457,157,2,12947.92
4458,4458,140,4,3677.83
4459,4459,168,1,929.8
4460,4460,118,1,14798.89
4461,4461,11,5,11525.15
4462,4462,178,3,823.83
4463,4463,166,5,17663.18
4464,4464,184,5,2190.56
4465,4465,80,3,23718.28
4466,4466,140,2,3677.83
4467,4467,83,4,16795.16
4468,4468,14,3,1200.29
4469,4469,128,1,1071.68
4470,4470,15,4,10692.78
4471,4471,187,1,11738.99
4472,4472,89,4,22077.15
4473,4473,101,5,8547.18
4474,4474,110,2,28002.99
4475,4475,193,3,9071.96
4476,4476,177,2,25108.98
4477,4477,136,2,16321.7
4478,4478,10,5,27040.17
4479,4479,148,5,4657.5
4480,4480,112,1,13028.13
4481,4481,179,4,13532.44
4482,4482,122,4,7649.28
4483,4483,144,3,25378.87
4484,4484,111,1,14461.81
4485,4485,134,2,904.04
4486,4486,149,2,15111.25
4487,4487,49,5,9269.71
4488,4488,147,5,17781.52
4489,4489,18,2,6431.52
4490,4490,68,3,21527.67
4491,4491,117,1,20433.55
4492,4492,141,3,23613.7
4493,4493,113,5,16263.55
4494,4494,153,5,28994.85
4495,4495,191,3,955.75
4496,4496,68,1,21527.67
4497,4497,182,3,7031.34
4498,4498,164,1,5452.82
4499,4499,11,5,11525.15
4500,4500,158,2,24324.06
4501,4501,141,5,23613.7
4502,4502,167,5,8144.35
4503,4503,56,3,23513.58
4504,4504,200,2,20420.05
4505,4505,132,4,3487.55
4506,4506,100,3,12627.27
4507,4507,55,1,6404.02
4508,4508,6,1,21150.77
4509,4509,115,3,19349.21
4510,4510,188,4,996.04
4511,4511,112,1,13028.13
4512,4512,102,5,13557.46
4513,4513,75,5,27545.83
4514,4514,66,2,21839.21
4515,4515,64,5,2967.21
4516,4516,184,5,2190.56
4517,4517,130,1,13160.01
4518,4518,116,1,3984.38
4519,4519,82,1,17607.83
4520,4520,4,5,5202.8
4521,4521,60,2,5460.7
4522,4522,17,4,19432.15
4523,4523,9,2,7868.98
4524,4524,50,3,8022.24
4525,4525,6,4,21150.77
4526,4526,160,2,574.04
4527,4527,186,5,21268.61
4528,4528,18,5,6431.52
4529,4529,109,4,1949.14
4530,4530,89,2,22077.15
4531,4531,110,4,28002.99
4532,4532,113,1,16263.55
4533,4533,111,1,14461.81
4534,4534,92,1,15601.31
4535,4535,96,3,20513.9
4536,4536,100,4,12627.27
4537,4537,127,1,7022.99
4538,4538,27,2,15343.35
4539,4539,68,3,21527.67
4540,4540,131,1,9463.24
4541,4541,135,4,21436.4
4542,4542,146,3,7872.91
4543,4543,92,4,15601.31
4544,4544,76,4,6546.83
4545,4545,97,2,15480.83
4546,4546,117,2,20433.55
4547,4547,121,4,14581.68
4548,4548,39,2,17650.3
4549,4549,92,3,15601.31
4550,4550,188,3,996.04
4551,4551,169,4,16919.54
4552,4552,94,5,4040.83
4553,4553,121,5,14581.68
4554,4554,192,4,2957.41
4555,4555,173,3,3363.26
4556,4556,192,5,2957.41
4557,4557,58,2,2402.97
4558,4558,13,2,10634.86
4559,4559,164,4,5452.82
4560,4560,151,5,18344.56
4561,4561,181,5,8035.92
4562,4562,37,4,19923.36
4563,4563,105,2,9571.88
4564,4564,62,2,17180.02
4565,4565,150,4,3511.86
4566,4566,92,5,15601.31
4567,4567,125,3,6220.2
4568,4568,147,5,17781.52
4569,4569,172,1,11683.09
4570,4570,197,4,10336.5
4571,4571,189,3,5861.15
4572,4572,179,5,13532.44
4573,4573,64,3,2967.21
4574,4574,185,1,17714.54
4575,4575,102,1,13557.46
4576,4576,150,1,3511.86
4577,4577,72,5,16174.11
4578,4578,51,3,4582.1
4579,4579,45,2,9921.88
4580,4580,180,4,14598.18
4581,4581,105,5,9571.88
4582,4582,105,1,9571.88
4583,4583,161,4,377.71
4584,4584,120,2,8634.24
4585,4585,35,3,16408.02
4586,4586,38,2,5822.86
4587,4587,139,2,4801.64
4588,4588,128,3,1071.68
4589,4589,41,1,4660.83
4590,4590,125,4,6220.2
4591,4591,154,1,23101.64
4592,4592,129,1,9625.23
4593,4593,34,3,3657.63
4594,4594,181,4,8035.92
4595,4595,185,2,17714.54
4596,4596,192,2,2957.41
4597,4597,150,4,3511.86
4598,4598,60,3,5460.7
4599,4599,33,1,351.77
4600,4600,63,1,7112.08
4601,4601,148,4,4657.5
4602,4602,198,3,7897.84
4603,4603,90,4,16959.04
4604,4604,7,5,18492.28
4605,4605,142,2,17820.58
4606,4606,155,2,13686.84
4607,4607,175,2,24477.29
4608,4608,77,3,16616.81
4609,4609,75,2,27545.83
4610,4610,8,3,11385.66
4611,4611,2,5,15826.16
4612,4612,172,3,11683.09
4613,4613,88,5,10810.93
4614,4614,182,2,7031.34
4615,4615,33,2,351.77
4616,4616,161,3,377.71
4617,4617,117,2,20433.55
4618,4618,53,4,878.34
4619,4619,67,5,10450.83
4620,4620,143,2,14111.6
4621,4621,124,3,7049.35
4622,4622,33,2,351.77
4623,4623,98,4,740.62
4624,4624,58,1,2402.97
4625,4625,10,5,27040.17
4626,4626,101,2,8547.18
4627,4627,1,2,21191.29
4628,4628,95,1,8444.18
4629,4629,48,4,11405.06
4630,4630,118,3,14798.89
4631,4631,46,1,9915.48
4632,4632,114,4,12921.43
4633,4633,118,3,14798.89
4634,4634,69,3,7059.92
4635,4635,68,1,21527.67
4636,4636,181,3,8035.92
4637,4637,67,3,10450.83
4638,4638,56,5,23513.58
4639,4639,173,3,3363.26
4640,4640,143,1,14111.6
4641,4641,171,4,11785.29
4642,4642,174,4,17094.14
4643,4643,32,2,5374.36
4644,4644,127,3,7022.99
4645,4645,146,3,7872.91
4646,4646,71,2,17028.76
4647,4647,115,4,19349.21
4648,4648,72,4,16174.11
4649,4649,3,5,13312.12
4650,4650,161,1,377.71
4651,4651,163,1,3797.21
4652,4652,161,1,377.71
4653,4653,8,2,11385.66
4654,4654,63,3,7112.08
4655,4655,49,1,9269.71
4656,4656,149,4,15111.25
4657,4657,9,4,7868.98
4658,4658,187,1,11738.99
4659,4659,53,3,878.34
4660,4660,149,4,15111.25
4661,4661,136,2,16321.7
4662,4662,172,2,11683.09
4663,4663,194,5,12707.5
4664,4664,143,2,14111.6
4665,4665,178,5,823.83
4666,4666,93,1,18565.89
4667,4667,7,3,18492.28
4668,4668,59,4,8391.44
4669,4669,162,1,6165.41
4670,4670,23,3,15541.22
4671,4671,14,3,1200.29
4672,4672,110,4,28002.99
4673,4673,98,2,740.62
4674,4674,123,4,12118.15
4675,4675,120,4,8634.24
4676,4676,121,5,14581.68
4677,4677,16,3,6157.77
4678,4678,107,4,5735.07
4679,4679,42,3,3206.85
4680,4680,176,1,4315.47
4681,4681,188,3,996.04
4682,4682,106,3,16769.45
4683,4683,110,1,28002.99
4684,4684,149,4,15111.25
4685,4685,177,1,25108.98
4686,4686,136,5,16321.7
4687,4687,29,4,3278.0
4688,4688,179,4,13532.44
4689,4689,122,1,7649.28
4690,4690,85,3,3493.07
4691,4691,187,2,11738.99
4692,4692,117,5,20433.55
4693,4693,140,1,3677.83
4694,4694,150,2,3511.86
4695,4695,56,4,23513.58
4696,4696,96,2,20513.9
4697,4697,16,3,6157.77
4698,4698,122,4,7649.28
4699,4699,13,2,10634.86
4700,4700,141,5,23613.7
4701,4701,169,5,16919.54
4702,4702,48,4,11405.06
4703,4703,121,5,14581.68
4704,4704,170,1,4852.6
4705,4705,79,5,27672.78
4706,4706,59,4,8391.44
4707,4707,61,5,3768.98
4708,4708,138,1,1398.1
4709,4709,92,1,15601.31
4710,4710,10,5,27040.17
4711,4711,162,2,6165.41
4712,4712,18,3,6431.52
4713,4713,44,1,23468.86
4714,4714,43,3,15077.83
4715,4715,11,4,11525.15
4716,4716,172,2,11683.09
4717,4717,26,4,12546.76
4718,4718,163,4,3797.21
4719,4719,183,1,13427.6
4720,4720,100,5,12627.27
4721,4721,3,2,13312.12
4722,4722,89,5,22077.15
4723,4723,170,2,4852.6
4724,4724,136,2,16321.7
4725,4725,82,1,17607.83
4726,4726,146,4,7872.91
4727,4727,193,4,9071.96
4728,4728,25,2,14280.01
4729,4729,179,2,13532.44
4730,4730,76,1,6546.83
4731,4731,87,3,25821.69
4732,4732,148,2,4657.5
4733,4733,62,2,17180.02
4734,4734,174,3,17094.14
4735,4735,193,3,9071.96
4736,4736,95,2,8444.18
4737,4737,139,2,4801.64
4738,4738,89,2,22077.15
4739,4739,26,5,12546.76
4740,4740,121,4,14581.68
4741,4741,120,4,8634.24
4742,4742,59,1,8391.44
4743,4743,149,5,15111.25
4744,4744,17,1,19432.15
4745,4745,40,4,13014.18
4746,4746,80,1,23718.28
4747,4747,62,5,17180.02
4748,4748,158,1,24324.06
4749,4749,88,4,10810.93
4750,4750,196,1,10134.09
4751,4751,144,3,25378.87
4752,4752,12,3,28934.67
4753,4753,146,1,7872.91
4754,4754,10,3,27040.17
4755,4755,49,2,9269.71
4756,4756,62,1,17180.02
4757,4757,2,5,15826.16
4758,4758,133,1,2299.38
4759,4759,193,4,9071.96
4760,4760,45,3,9921.88
4761,4761,29,4,3278.0
4762,4762,195,1,16085.73
4763,4763,185,1,17714.54
4764,4764,25,4,14280.01
4765,4765,172,4,11683.09
4766,4766,94,1,4040.83
4767,4767,90,1,16959.04
4768,4768,80,3,23718.28
4769,4769,43,4,15077.83
4770,4770,133,1,2299.38
4771,4771,152,4,14395.46
4772,4772,195,5,16085.73
4773,4773,127,1,7022.99
4774,4774,198,3,7897.84
4775,4775,185,2,17714.54
4776,4776,192,3,2957.41
4777,4777,178,4,823.83
4778,4778,31,4,8530.85
4779,4779,50,5,8022.24
4780,4780,127,4,7022.99
4781,4781,52,4,1034.09
4782,4782,184,3,2190.56
4783,4783,106,2,16769.45
4784,4784,28,5,16098.38
4785,4785,105,3,9571.88
4786,4786,101,4,8547.18
4787,4787,174,4,17094.14
4788,4788,49,3,9269.71
4789,4789,46,3,9915.48
4790,4790,111,3,14461.81
4791,4791,130,1,13160.01
4792,4792,131,5,9463.24
4793,4793,198,1,7897.84
4794,4794,63,1,7112.08
4795,4795,13,5,10634.86
4796,4796,20,5,5539.73
4797,4797,113,3,16263.55
4798,4798,193,1,9071.96
4799,4799,60,3,5460.7
4800,4800,177,5,25108.98
4801,4801,101,5,8547.18
4802,4802,168,1,929.8
4803,4803,92,5,15601.31
4804,4804,164,2,5452.82
4805,4805,43,2,15077.83
4806,4806,91,3,24150.89
4807,4807,49,2,9269.71
4808,4808,109,2,1949.14
4809,4809,121,1,14581.68
4810,4810,161,3,377.71
4811,4811,20,1,5539.73
4812,4812,167,3,8144.35
4813,4813,74,4,7274.5
4814,4814,152,1,14395.46
4815,4815,41,2,4660.83
4816,4816,24,1,13804.57
4817,4817,43,4,15077.83
4818,4818,156,4,17418.26
4819,4819,113,5,16263.55
4820,4820,159,3,5770.16
4821,4821,104,2,17468.31
4822,4822,77,2,16616.81
4823,4823,13,3,10634.86
4824,4824,30,2,4085.97
4825,4825,81,1,19237.52
4826,4826,15,5,10692.78
4827,4827,183,3,13427.6
4828,4828,8,4,11385.66
4829,4829,23,3,15541.22
4830,4830,198,5,7897.84
4831,4831,175,4,24477.29
4832,4832,90,3,16959.04
4833,4833,158,5,24324.06
4834,4834,135,3,21436.4
4835,4835,131,1,9463.24
4836,4836,101,4,8547.18
4837,4837,6,4,21150.77
4838,4838,198,5,7897.84
4839,4839,23,3,15541.22
4840,4840,28,3,16098.38
4841,4841,178,1,823.83
4842,4842,195,1,16085.73
4843,4843,88,3,10810.93
4844,4844,3,4,13312.12
4845,4845,182,4,7031.34
4846,4846,87,4,25821.69
4847,4847,190,1,4782.23
4848,4848,89,2,22077.15
4849,4849,125,1,6220.2
4850,4850,187,5,11738.99
4851,4851,193,5,9071.96
4852,4852,101,3,8547.18
4853,4853,136,3,16321.7
4854,4854,181,3,8035.92
4855,4855,99,4,20431.12
4856,4856,15,3,10692.78
4857,4857,58,5,2402.97
4858,4858,188,4,996.04
4859,4859,104,5,17468.31
4860,4860,5,4,1235.05
4861,4861,151,4,18344.56
4862,4862,74,3,7274.5
4863,4863,196,1,10134.09
4864,4864,102,5,13557.46
4865,4865,59,4,8391.44
4866,4866,123,2,12118.15
4867,4867,105,2,9571.88
4868,4868,129,5,9625.23
4869,4869,113,2,16263.55
4870,4870,55,5,6404.02
4871,4871,111,4,14461.81
4872,4872,23,1,15541.22
4873,4873,103,3,6595.4
4874,4874,2,3,15826.16
4875,4875,39,4,17650.3
4876,4876,27,4,15343.35
4877,4877,46,2,9915.48
4878,4878,3,5,13312.12
4879,4879,172,1,11683.09
4880,4880,134,2,904.04
4881,4881,79,2,27672.78
4882,4882,38,1,5822.86
4883,4883,137,3,14887.13
4884,4884,53,2,878.34
4885,4885,139,1,4801.64
4886,4886,115,2,19349.21
4887,4887,94,3,4040.83
4888,4888,196,1,10134.09
4889,4889,53,2,878.34
4890,4890,124,5,7049.35
4891,4891,35,5,16408.02
4892,4892,72,2,16174.11
4893,4893,185,3,17714.54
4894,4894,59,2,8391.44
4895,4895,52,5,1034.09
4896,4896,3,1,13312.12
4897,4897,150,2,3511.86
4898,4898,118,2,14798.89
4899,4899,146,3,7872.91
4900,4900,60,5,5460.7
4901,4901,77,5,16616.81
4902,4902,92,5,15601.31
4903,4903,13,2,10634.86
4904,4904,9,3,7868.98
4905,4905,159,4,5770.16
4906,4906,20,3,5539.73
4907,4907,68,1,21527.67
4908,4908,48,2,11405.06
4909,4909,30,3,4085.97
4910,4910,92,3,15601.31
4911,4911,130,2,13160.01
4912,4912,59,1,8391.44
4913,4913,73,2,896.37
4914,4914,162,2,6165.41
4915,4915,106,3,16769.45
4916,4916,34,5,3657.63
4917,4917,155,1,13686.84
4918,4918,9,1,7868.98
4919,4919,137,5,14887.13
4920,4920,104,1,17468.31
4921,4921,186,1,21268.61
4922,4922,62,2,17180.02
4923,4923,95,4,8444.18
4924,4924,3,2,13312.12
4925,4925,200,4,20420.05
4926,4926,200,1,20420.05
4927,4927,154,3,23101.64
4928,4928,158,5,24324.06
4929,4929,17,3,19432.15
4930,4930,165,2,2455.33
4931,4931,4,5,5202.8
4932,4932,182,3,7031.34
4933,4933,161,3,377.71
4934,4934,171,1,11785.29
4935,4935,124,3,7049.35
4936,4936,186,1,21268.61
4937,4937,33,4,351.77
4938,4938,59,4,8391.44
4939,4939,199,4,14879.64
4940,4940,178,3,823.83
4941,4941,1,2,21191.29
4942,4942,131,2,9463.24
4943,4943,55,4,6404.02
4944,4944,186,1,21268.61
4945,4945,32,1,5374.36
4946,4946,162,1,6165.41
4947,4947,166,4,17663.18
4948,4948,4,1,5202.8
4949,4949,67,4,10450.83
4950,4950,8,5,11385.66
4951,4951,100,3,12627.27
4952,4952,95,3,8444.18
4953,4953,131,4,9463.24
4954,4954,4,5,5202.8
4955,4955,196,3,10134.09
4956,4956,135,4,21436.4
4957,4957,90,4,16959.04
4958,4958,139,4,4801.64
4959,4959,48,3,11405.06
4960,4960,151,4,18344.56
4961,4961,116,1,3984.38
4962,4962,31,2,8530.85
4963,4963,38,2,5822.86
4964,4964,38,4,5822.86
4965,4965,91,3,24150.89
4966,4966,46,1,9915.48
4967,4967,45,1,9921.88
4968,4968,175,1,24477.29
4969,4969,104,4,17468.31
4970,4970,27,3,15343.35
4971,4971,166,5,17663.18
4972,4972,153,1,28994.85
4973,4973,150,1,3511.86
4974,4974,17,2,19432.15
4975,4975,10,2,27040.17
4976,4976,197,1,10336.5
4977,4977,180,5,14598.18
4978,4978,58,4,2402.97
4979,4979,121,5,14581.68
4980,4980,86,5,12094.11
4981,4981,12,4,28934.67
4982,4982,197,5,10336.5
4983,4983,150,2,3511.86
4984,4984,139,5,4801.64
4985,4985,196,5,10134.09
4986,4986,44,1,23468.86
4987,4987,156,4,17418.26
4988,4988,104,3,17468.31
4989,4989,200,3,20420.05
4990,4990,41,4,4660.83
4991,4991,86,3,12094.11
4992,4992,90,1,16959.04
4993,4993,96,5,20513.9
4994,4994,18,5,6431.52
4995,4995,169,1,16919.54
4996,4996,36,5,15665.94
4997,4997,71,4,17028.76
4998,4998,47,1,14713.56
4999,4999,20,1,5539.73
5000,5000,91,3,24150.89
5001,5001,108,5,14335.21
5002,5002,127,4,7022.99
5003,5003,117,4,20433.55
5004,5004,83,4,16795.16
5005,5005,31,2,8530.85
5006,5006,3,3,13312.12
5007,5007,12,3,28934.67
5008,5008,190,3,4782.23
5009,5009,109,5,1949.14
5010,5010,55,3,6404.02
5011,5011,100,1,12627.27
5012,5012,120,5,8634.24
5013,5013,59,3,8391.44
5014,5014,23,1,15541.22
5015,5015,117,1,20433.55
5016,5016,22,3,10992.16
5017,5017,197,2,10336.5
5018,5018,18,3,6431.52
5019,5019,21,1,4061.98
5020,5020,53,1,878.34
5021,5021,123,4,12118.15
5022,5022,167,3,8144.35
5023,5023,35,1,16408.02
5024,5024,104,1,17468.31
5025,5025,159,2,5770.16
5026,5026,135,3,21436.4
5027,5027,82,1,17607.83
5028,5028,5,2,1235.05
5029,5029,54,4,13304.66
5030,5030,182,4,7031.34
5031,5031,59,1,8391.44
5032,5032,102,2,13557.46
5033,5033,84,4,27377.47
5034,5034,65,1,10719.81
5035,5035,140,4,3677.83
5036,5036,187,1,11738.99
5037,5037,70,5,12988.47
5038,5038,79,3,27672.78
5039,5039,59,3,8391.44
5040,5040,86,3,12094.11
5041,5041,19,3,21294.24
5042,5042,2,1,15826.16
5043,5043,164,4,5452.82
5044,5044,115,4,19349.21
5045,5045,187,2,11738.99
5046,5046,69,2,7059.92
5047,5047,77,2,16616.81
5048,5048,118,5,14798.89
5049,5049,130,1,13160.01
5050,5050,22,1,10992.16
5051,5051,57,5,12361.23
5052,5052,161,3,377.71
5053,5053,67,2,10450.83
5054,5054,18,3,6431.52
5055,5055,73,4,896.37
5056,5056,25,2,14280.01
5057,5057,179,5,13532.44
5058,5058,120,4,8634.24
5059,5059,140,2,3677.83
5060,5060,35,4,16408.02
5061,5061,126,1,11041.81
5062,5062,151,4,18344.56
5063,5063,84,1,27377.47
5064,5064,145,1,10429.51
5065,5065,98,5,740.62
5066,5066,188,5,996.04
5067,5067,160,2,574.04
5068,5068,166,5,17663.18
5069,5069,75,4,27545.83
5070,5070,194,5,12707.5
5071,5071,69,1,7059.92
5072,5072,41,5,4660.83
5073,5073,17,5,19432.15
5074,5074,137,5,14887.13
5075,5075,46,5,9915.48
5076,5076,55,5,6404.02
5077,5077,29,2,3278.0
5078,5078,49,1,9269.71
5079,5079,5,4,1235.05
5080,5080,26,3,12546.76
5081,5081,37,3,19923.36
5082,5082,42,5,3206.85
5083,5083,117,5,20433.55
5084,5084,66,2,21839.21
5085,5085,182,5,7031.34
5086,5086,38,3,5822.86
5087,5087,44,4,23468.86
5088,5088,102,1,13557.46
5089,5089,179,3,13532.44
5090,5090,127,2,7022.99
5091,5091,58,2,2402.97
5092,5092,113,5,16263.55
5093,5093,151,5,18344.56
5094,5094,129,3,9625.23
5095,5095,175,1,24477.29
5096,5096,122,4,7649.28
5097,5097,133,4,2299.38
5098,5098,50,2,8022.24
5099,5099,26,3,12546.76
5100,5100,120,4,8634.24
5101,5101,56,1,23513.58
5102,5102,71,5,17028.76
5103,5103,53,3,878.34
5104,5104,97,4,15480.83
5105,5105,8,4,11385.66
5106,5106,28,5,16098.38
5107,5107,135,5,21436.4
5108,5108,63,3,7112.08
5109,5109,113,5,16263.55
5110,5110,171,2,11785.29
5111,5111,150,5,3511.86
5112,5112,48,4,11405.06
5113,5113,166,2,17663.18
5114,5114,126,3,11041.81
5115,5115,148,1,4657.5
5116,5116,75,4,27545.83
5117,5117,133,1,2299.38
5118,5118,68,1,21527.67
5119,5119,157,4,12947.92
5120,5120,174,3,17094.14
5121,5121,13,1,10634.86
5122,5122,179,4,13532.44
5123,5123,16,2,6157.77
5124,5124,84,2,27377.47
5125,5125,115,5,19349.21
5126,5126,127,4,7022.99
5127,5127,16,3,6157.77
5128,5128,121,4,14581.68
5129,5129,117,1,20433.55
5130,5130,104,2,17468.31
5131,5131,24,3,13804.57
5132,5132,99,3,20431.12
5133,5133,169,3,16919.54
5134,5134,73,3,896.37
5135,5135,191,4,955.75
5136,5136,192,1,2957.41
5137,5137,16,5,6157.77
5138,5138,21,4,4061.98
5139,5139,89,3,22077.15
5140,5140,89,3,22077.15
5141,5141,40,2,13014.18
5142,5142,161,1,377.71
5143,5143,159,1,5770.16
5144,5144,81,4,19237.52
5145,5145,112,3,13028.13
5146,5146,168,3,929.8
5147,5147,96,4,20513.9
5148,5148,153,1,28994.85
5149,5149,58,2,2402.97
5150,5150,133,5,2299.38
5151,5151,185,3,17714.54
5152,5152,8,4,11385.66
5153,5153,143,1,14111.6
5154,5154,66,3,21839.21
5155,5155,171,5,11785.29
5156,5156,170,1,4852.6
5157,5157,133,5,2299.38
5158,5158,10,2,27040.17
5159,5159,72,3,16174.11
5160,5160,28,5,16098.38
5161,5161,11,2,11525.15
5162,5162,107,3,5735.07
5163,5163,186,2,21268.61
5164,5164,195,1,16085.73
5165,5165,71,2,17028.76
5166,5166,18,3,6431.52
5167,5167,173,4,3363.26
5168,5168,172,5,11683.09
5169,5169,112,1,13028.13
5170,5170,178,1,823.83
5171,5171,138,2,1398.1
5172,5172,109,3,1949.14
5173,5173,15,5,10692.78
5174,5174,16,4,6157.77
5175,5175,183,4,13427.6
5176,5176,56,4,23513.58
5177,5177,83,4,16795.16
5178,5178,79,2,27672.78
5179,5179,51,1,4582.1
5180,5180,42,4,3206.85
5181,5181,36,2,15665.94
5182,5182,162,4,6165.41
5183,5183,160,5,574.04
5184,5184,95,5,8444.18
5185,5185,10,3,27040.17
5186,5186,151,2,18344.56
5187,5187,52,2,1034.09
5188,5188,148,1,4657.5
5189,5189,154,3,23101.64
5190,5190,154,4,23101.64
5191,5191,130,1,13160.01
5192,5192,162,2,6165.41
5193,5193,142,2,17820.58
5194,5194,111,3,14461.81
5195,5195,67,5,10450.83
5196,5196,133,3,2299.38
5197,5197,110,1,28002.99
5198,5198,175,3,24477.29
5199,5199,80,5,23718.28
5200,5200,188,1,996.04
5201,5201,44,2,23468.86
5202,5202,103,4,6595.4
5203,5203,132,2,3487.55
5204,5204,127,2,7022.99
5205,5205,196,5,10134.09
5206,5206,32,4,5374.36
5207,5207,33,5,351.77
5208,5208,178,3,823.83
5209,5209,120,4,8634.24
5210,5210,144,3,25378.87
5211,5211,80,3,23718.28
5212,5212,173,5,3363.26
5213,5213,180,5,14598.18
5214,5214,34,2,3657.63
5215,5215,96,4,20513.9
5216,5216,106,4,16769.45
5217,5217,72,3,16174.11
5218,5218,63,1,7112.08
5219,5219,53,1,878.34
5220,5220,197,5,10336.5
5221,5221,90,3,16959.04
5222,5222,107,4,5735.07
5223,5223,121,4,14581.68
5224,5224,150,1,3511.86
5225,5225,114,3,12921.43
5226,5226,155,4,13686.84
5227,5227,152,3,14395.46
5228,5228,117,4,20433.55
5229,5229,91,4,24150.89
5230,5230,179,3,13532.44
5231,5231,76,1,6546.83
5232,5232,104,5,17468.31
5233,5233,121,2,14581.68
5234,5234,157,1,12947.92
5235,5235,200,2,20420.05
5236,5236,144,2,25378.87
5237,5237,113,4,16263.55
5238,5238,135,5,21436.4
5239,5239,6,4,21150.77
5240,5240,27,1,15343.35
5241,5241,188,5,996.04
5242,5242,43,3,15077.83
5243,5243,155,4,13686.84
5244,5244,102,5,13557.46
5245,5245,82,5,17607.83
5246,5246,15,5,10692.78
5247,5247,44,3,23468.86
5248,5248,135,2,21436.4
5249,5249,17,1,19432.15
5250,5250,160,5,574.04
5251,5251,98,5,740.62
5252,5252,78,2,3968.49
5253,5253,3,4,13312.12
5254,5254,117,3,20433.55
5255,5255,121,1,14581.68
5256,5256,171,3,11785.29
5257,5257,30,1,4085.97
5258,5258,86,4,12094.11
5259,5259,46,3,9915.48
5260,5260,161,3,377.71
5261,5261,114,3,12921.43
5262,5262,1,1,21191.29
5263,5263,25,3,14280.01
5264,5264,179,2,13532.44
5265,5265,40,2,13014.18
5266,5266,170,1,4852.6
5267,5267,55,1,6404.02
5268,5268,41,5,4660.83
5269,5269,122,1,7649.28
5270,5270,133,5,2299.38
5271,5271,134,5,904.04
5272,5272,83,5,16795.16
5273,5273,96,5,20513.9
5274,5274,159,2,5770.16
5275,5275,22,1,10992.16
5276,5276,99,1,20431.12
5277,5277,138,3,1398.1
5278,5278,9,4,7868.98
5279,5279,86,4,12094.11
5280,5280,138,2,1398.1
5281,5281,14,5,1200.29
5282,5282,132,5,3487.55
5283,5283,22,5,10992.16
5284,5284,124,3,7049.35
5285,5285,149,1,15111.25
5286,5286,199,1,14879.64
5287,5287,15,4,10692.78
5288,5288,105,2,9571.88
5289,5289,188,4,996.04
5290,5290,71,3,17028.76
5291,5291,105,2,9571.88
5292,5292,11,5,11525.15
5293,5293,69,2,7059.92
5294,5294,55,2,6404.02
5295,5295,146,4,7872.91
5296,5296,106,2,16769.45
5297,5297,155,3,13686.84
5298,5298,151,3,18344.56
5299,5299,69,2,7059.92
5300,5300,40,3,13014.18
5301,5301,108,5,14335.21
5302,5302,186,2,21268.61
5303,5303,130,2,13160.01
5304,5304,118,3,14798.89
5305,5305,17,4,19432.15
5306,5306,104,3,17468.31
5307,5307,191,3,955.75
5308,5308,6,2,21150.77
5309,5309,185,4,17714.54
5310,5310,5,1,1235.05
5311,5311,83,1,16795.16
5312,5312,30,3,4085.97
5313,5313,145,5,10429.51
5314,5314,43,4,15077.83
5315,5315,191,2,955.75
5316,5316,45,2,9921.88
5317,5317,168,4,929.8
5318,5318,20,4,5539.73
5319,5319,61,1,3768.98
5320,5320,188,2,996.04
5321,5321,191,1,955.75
5322,5322,58,1,2402.97
5323,5323,62,4,17180.02
5324,5324,97,1,15480.83
5325,5325,148,3,4657.5
5326,5326,145,4,10429.51
5327,5327,132,4,3487.55
5328,5328,106,5,16769.45
5329,5329,74,5,7274.5
5330,5330,89,1,22077.15
5331,5331,37,5,19923.36
5332,5332,29,3,3278.0
5333,5333,52,3,1034.09
5334,5334,94,3,4040.83
5335,5335,136,1,16321.7
5336,5336,172,4,11683.09
5337,5337,103,5,6595.4
5338,5338,164,5,5452.82
5339,5339,182,4,7031.34
5340,5340,175,5,24477.29
5341,5341,146,3,7872.91
5342,5342,65,5,10719.81
5343,5343,33,2,351.77
5344,5344,139,4,4801.64
5345,5345,67,5,10450.83
5346,5346,76,2,6546.83
5347,5347,72,4,16174.11
5348,5348,25,3,14280.01
5349,5349,119,5,5173.11
5350,5350,43,2,15077.83
5351,5351,3,1,13312.12
5352,5352,160,5,574.04
5353,5353,9,1,7868.98
5354,5354,24,2,13804.57
5355,5355,145,4,10429.51
5356,5356,58,5,2402.97
5357,5357,50,4,8022.24
5358,5358,165,4,2455.33
5359,5359,107,2,5735.07
5360,5360,95,5,8444.18
5361,5361,37,3,19923.36
5362,5362,18,2,6431.52
5363,5363,164,4,5452.82
5364,5364,25,3,14280.01
5365,5365,16,1,6157.77
5366,5366,49,4,9269.71
5367,5367,87,1,25821.69
5368,5368,43,4,15077.83
5369,5369,56,2,23513.58
5370,5370,125,4,6220.2
5371,5371,98,2,740.62
5372,5372,131,3,9463.24
5373,5373,177,5,25108.98
5374,5374,89,4,22077.15
5375,5375,57,4,12361.23
5376,5376,158,4,24324.06
5377,5377,30,1,4085.97
5378,5378,194,1,12707.5
5379,5379,137,1,14887.13
5380,5380,123,2,12118.15
5381,5381,1,4,21191.29
5382,5382,164,5,5452.82
5383,5383,74,1,7274.5
5384,5384,199,2,14879.64
5385,5385,197,2,10336.5
5386,5386,184,1,2190.56
5387,5387,122,4,7649.28
5388,5388,164,3,5452.82
5389,5389,71,1,17028.76
5390,5390,154,2,23101.64
5391,5391,194,5,12707.5
5392,5392,174,2,17094.14
5393,5393,185,1,17714.54
5394,5394,183,2,13427.6
5395,5395,132,4,3487.55
5396,5396,51,3,4582.1
5397,5397,166,2,17663.18
5398,5398,26,3,12546.76
5399,5399,171,4,11785.29
5400,5400,71,4,17028.76
5401,5401,171,5,11785.29
5402,5402,107,1,5735.07
5403,5403,75,4,27545.83
5404,5404,69,1,7059.92
5405,5405,3,2,13312.12
5406,5406,85,1,3493.07
5407,5407,27,3,15343.35
5408,5408,15,3,10692.78
5409,5409,181,1,8035.92
5410,5410,162,2,6165.41
5411,5411,101,1,8547.18
5412,5412,150,4,3511.86
5413,5413,14,4,1200.29
5414,5414,181,5,8035.92
5415,5415,191,3,955.75
5416,5416,13,2,10634.86
5417,5417,53,3,878.34
5418,5418,133,4,2299.38
5419,5419,192,4,2957.41
5420,5420,87,5,25821.69
5421,5421,161,4,377.71
5422,5422,101,4,8547.18
5423,5423,143,4,14111.6
5424,5424,168,3,929.8
5425,5425,16,5,6157.77
5426,5426,56,1,23513.58
5427,5427,140,5,3677.83
5428,5428,75,4,27545.83
5429,5429,90,2,16959.04
5430,5430,172,1,11683.09
5431,5431,152,5,14395.46
5432,5432,63,1,7112.08
5433,5433,63,4,7112.08
5434,5434,142,2,17820.58
5435,5435,69,4,7059.92
5436,5436,179,2,13532.44
5437,5437,109,1,1949.14
5438,5438,124,4,7049.35
5439,5439,54,5,13304.66
5440,5440,102,3,13557.46
5441,5441,117,2,20433.55
5442,5442,48,3,11405.06
5443,5443,86,2,12094.11
5444,5444,27,5,15343.35
5445,5445,61,2,3768.98
5446,5446,111,1,14461.81
5447,5447,142,4,17820.58
5448,5448,33,3,351.77
5449,5449,176,2,4315.47
5450,5450,158,3,24324.06
5451,5451,178,3,823.83
5452,5452,163,5,3797.21
5453,5453,102,5,13557.46
5454,5454,127,2,7022.99
5455,5455,189,3,5861.15
5456,5456,139,3,4801.64
5457,5457,95,5,8444.18
5458,5458,6,5,21150.77
5459,5459,165,1,2455.33
5460,5460,4,1,5202.8
5461,5461,51,2,4582.1
5462,5462,45,1,9921.88
5463,5463,193,1,9071.96
5464,5464,69,4,7059.92
5465,5465,150,1,3511.86
5466,5466,118,1,14798.89
5467,5467,80,4,23718.28
5468,5468,181,3,8035.92
5469,5469,29,3,3278.0
5470,5470,100,2,12627.27
5471,5471,152,3,14395.46
5472,5472,61,4,3768.98
5473,5473,111,2,14461.81
5474,5474,134,2,904.04
5475,5475,158,2,24324.06
5476,5476,139,5,4801.64
5477,5477,21,4,4061.98
5478,5478,86,1,12094.11
5479,5479,34,4,3657.63
5480,5480,98,5,740.62
5481,5481,144,4,25378.87
5482,5482,97,1,15480.83
5483,5483,2,3,15826.16
5484,5484,195,4,16085.73
5485,5485,63,2,7112.08
5486,5486,54,5,13304.66
5487,5487,64,3,2967.21
5488,5488,188,5,996.04
5489,5489,149,3,15111.25
5490,5490,138,4,1398.1
5491,5491,182,2,7031.34
5492,5492,108,3,14335.21
5493,5493,113,4,16263.55
5494,5494,91,5,24150.89
5495,5495,23,4,15541.22
5496,5496,180,5,14598.18
5497,5497,16,2,6157.77
5498,5498,94,5,4040.83
5499,5499,35,4,16408.02
5500,5500,64,5,2967.21
5501,5501,166,5,17663.18
5502,5502,133,3,2299.38
5503,5503,171,5,11785.29
5504,5504,59,3,8391.44
5505,5505,157,2,12947.92
5506,5506,63,5,7112.08
5507,5507,175,2,24477.29
5508,5508,55,2,6404.02
5509,5509,78,3,3968.49
5510,5510,152,5,14395.46
5511,5511,180,1,14598.18
5512,5512,72,5,16174.11
5513,5513,175,4,24477.29
5514,5514,150,4,3511.86
5515,5515,80,4,23718.28
5516,5516,106,1,16769.45
5517,5517,67,5,10450.83
5518,5518,142,2,17820.58
5519,5519,198,4,7897.84
5520,5520,116,2,3984.38
5521,5521,35,5,16408.02
5522,5522,78,4,3968.49
5523,5523,72,2,16174.11
5524,5524,131,5,9463.24
5525,5525,52,5,1034.09
5526,5526,186,2,21268.61
5527,5527,179,5,13532.44
5528,5528,64,5,2967.21
5529,5529,104,2,17468.31
5530,5530,109,3,1949.14
5531,5531,86,3,12094.11
5532,5532,51,5,4582.1
5533,5533,199,4,14879.64
5534,5534,156,1,17418.26
5535,5535,8,2,11385.66
5536,5536,17,5,19432.15
5537,5537,154,4,23101.64
5538,5538,196,1,10134.09
5539,5539,36,3,15665.94
5540,5540,50,5,8022.24
5541,5541,1,5,21191.29
5542,5542,39,2,17650.3
5543,5543,146,5,7872.91
5544,5544,92,2,15601.31
5545,5545,107,4,5735.07
5546,5546,75,1,27545.83
5547,5547,157,5,12947.92
5548,5548,77,1,16616.81
5549,5549,145,2,10429.51
5550,5550,24,2,13804.57
5551,5551,7,1,18492.28
5552,5552,101,4,8547.18
5553,5553,196,3,10134.09
5554,5554,138,3,1398.1
5555,5555,76,5,6546.83
5556,5556,200,5,20420.05
5557,5557,162,4,6165.41
5558,5558,168,3,929.8
5559,5559,196,1,10134.09
5560,5560,73,2,896.37
5561,5561,175,5,24477.29
5562,5562,12,2,28934.67
5563,5563,189,5,5861.15
5564,5564,45,3,9921.88
5565,5565,25,2,14280.01
5566,5566,168,5,929.8
5567,5567,55,1,6404.02
5568,5568,127,5,7022.99
5569,5569,8,5,11385.66
5570,5570,145,1,10429.51
5571,5571,46,2,9915.48
5572,5572,71,3,17028.76
5573,5573,13,4,10634.86
5574,5574,113,4,16263.55
5575,5575,38,2,5822.86
5576,5576,162,4,6165.41
5577,5577,37,4,19923.36
5578,5578,137,4,14887.13
5579,5579,189,1,5861.15
5580,5580,139,4,4801.64
5581,5581,149,3,15111.25
5582,5582,67,4,10450.83
5583,5583,170,3,4852.6
5584,5584,183,5,13427.6
5585,5585,47,2,14713.56
5586,5586,182,4,7031.34
5587,5587,71,4,17028.76
5588,5588,113,2,16263.55
5589,5589,57,5,12361.23
5590,5590,31,5,8530.85
5591,5591,116,5,3984.38
5592,5592,185,4,17714.54
5593,5593,67,1,10450.83
5594,5594,192,2,2957.41
5595,5595,23,1,15541.22
5596,5596,72,5,16174.11
5597,5597,183,2,13427.6
5598,5598,31,1,8530.85
5599,5599,125,2,6220.2
5600,5600,147,3,17781.52
5601,5601,163,5,3797.21
5602,5602,119,2,5173.11
5603,5603,11,2,11525.15
5604,5604,97,3,15480.83
5605,5605,159,1,5770.16
5606,5606,39,3,17650.3
5607,5607,48,4,11405.06
5608,5608,75,5,27545.83
5609,5609,163,2,3797.21
5610,5610,177,2,25108.98
5611,5611,185,3,17714.54
5612,5612,186,2,21268.61
5613,5613,167,3,8144.35
5614,5614,78,5,3968.49
5615,5615,42,5,3206.85
5616,5616,27,4,15343.35
5617,5617,21,4,4061.98
5618,5618,91,4,24150.89
5619,5619,119,5,5173.11
5620,5620,163,4,3797.21
5621,5621,25,1,14280.01
5622,5622,82,1,17607.83
5623,5623,2,5,15826.16
5624,5624,185,4,17714.54
5625,5625,143,2,14111.6
5626,5626,27,4,15343.35
5627,5627,174,3,17094.14
5628,5628,81,4,19237.52
5629,5629,81,1,19237.52
5630,5630,174,4,17094.14
5631,5631,62,5,17180.02
5632,5632,188,5,996.04
5633,5633,1,3,21191.29
5634,5634,121,4,14581.68
5635,5635,128,5,1071.68
5636,5636,193,2,9071.96
5637,5637,113,4,16263.55
5638,5638,159,1,5770.16
5639,5639,40,4,13014.18
5640,5640,105,4,9571.88
5641,5641,160,5,574.04
5642,5642,63,2,7112.08
5643,5643,22,2,10992.16
5644,5644,149,4,15111.25
5645,5645,15,4,10692.78
5646,5646,13,4,10634.86
5647,5647,186,4,21268.61
5648,5648,99,5,20431.12
5649,5649,178,1,823.83
5650,5650,77,5,16616.81
5651,5651,91,2,24150.89
5652,5652,166,2,17663.18
5653,5653,155,5,13686.84
5654,5654,179,4,13532.44
5655,5655,64,5,2967.21
5656,5656,183,1,13427.6
5657,5657,161,1,377.71
5658,5658,55,3,6404.02
5659,5659,73,5,896.37
5660,5660,101,4,8547.18
5661,5661,13,2,10634.86
5662,5662,96,2,20513.9
5663,5663,90,5,16959.04
5664,5664,129,5,9625.23
5665,5665,60,4,5460.7
5666,5666,52,3,1034.09
5667,5667,142,1,17820.58
5668,5668,48,4,11405.06
5669,5669,124,2,7049.35
5670,5670,167,3,8144.35
5671,5671,134,1,904.04
5672,5672,157,4,12947.92
5673,5673,150,3,3511.86
5674,5674,143,5,14111.6
5675,5675,136,1,16321.7
5676,5676,53,3,878.34
5677,5677,143,4,14111.6
5678,5678,9,4,7868.98
5679,5679,8,5,11385.66
5680,5680,107,3,5735.07
5681,5681,74,2,7274.5
5682,5682,98,3,740.62
5683,5683,124,3,7049.35
5684,5684,166,3,17663.18
5685,5685,90,4,16959.04
5686,5686,177,4,25108.98
5687,5687,84,1,27377.47
5688,5688,11,4,11525.15
5689,5689,63,2,7112.08
5690,5690,58,3,2402.97
5691,5691,144,3,25378.87
5692,5692,173,1,3363.26
5693,5693,74,1,7274.5
5694,5694,118,5,14798.89
5695,5695,152,2,14395.46
5696,5696,171,3,11785.29
5697,5697,46,5,9915.48
5698,5698,16,3,6157.77
5699,5699,59,3,8391.44
5700,5700,78,3,3968.49
5701,5701,83,4,16795.16
5702,5702,132,2,3487.55
5703,5703,56,1,23513.58
5704,5704,125,5,6220.2
5705,5705,51,4,4582.1
5706,5706,6,5,21150.77
5707,5707,187,5,11738.99
5708,5708,155,1,13686.84
5709,5709,171,5,11785.29
5710,5710,125,1,6220.2
5711,5711,65,2,10719.81
5712,5712,112,4,13028.13
5713,5713,16,1,6157.77
5714,5714,62,3,17180.02
5715,5715,92,5,15601.31
5716,5716,192,4,2957.41
5717,5717,99,3,20431.12
5718,5718,120,4,8634.24
5719,5719,166,4,17663.18
5720,5720,17,4,19432.15
5721,5721,4,3,5202.8
5722,5722,178,4,823.83
5723,5723,76,1,6546.83
5724,5724,72,1,16174.11
5725,5725,139,4,4801.64
5726,5726,87,5,25821.69
5727,5727,90,1,16959.04
5728,5728,129,4,9625.23
5729,5729,32,5,5374.36
5730,5730,35,4,16408.02
5731,5731,7,2,18492.28
5732,5732,140,1,3677.83
5733,5733,103,5,6595.4
5734,5734,28,5,16098.38
5735,5735,77,1,16616.81
5736,5736,25,3,14280.01
5737,5737,197,1,10336.5
5738,5738,69,4,7059.92
5739,5739,107,4,5735.07
5740,5740,194,1,12707.5
5741,5741,131,4,9463.24
5742,5742,88,4,10810.93
5743,5743,147,1,17781.52
5744,5744,123,1,12118.15
5745,5745,160,5,574.04
5746,5746,121,1,14581.68
5747,5747,92,1,15601.31
5748,5748,4,4,5202.8
5749,5749,61,5,3768.98
5750,5750,2,5,15826.16
5751,5751,164,4,5452.82
5752,5752,70,4,12988.47
5753,5753,193,5,9071.96
5754,5754,85,5,3493.07
5755,5755,102,2,13557.46
5756,5756,19,3,21294.24
5757,5757,87,2,25821.69
5758,5758,130,1,13160.01
5759,5759,68,2,21527.67
5760,5760,17,3,19432.15
5761,5761,123,5,12118.15
5762,5762,54,2,13304.66
5763,5763,27,4,15343.35
5764,5764,180,2,14598.18
5765,5765,45,2,9921.88
5766,5766,68,5,21527.67
5767,5767,113,1,16263.55
5768,5768,13,4,10634.86
5769,5769,75,5,27545.83
5770,5770,46,4,9915.48
5771,5771,41,2,4660.83
5772,5772,52,4,1034.09
5773,5773,29,1,3278.0
5774,5774,38,2,5822.86
5775,5775,131,4,9463.24
5776,5776,76,1,6546.83
5777,5777,111,5,14461.81
5778,5778,3,4,13312.12
5779,5779,171,4,11785.29
5780,5780,56,4,23513.58
5781,5781,80,4,23718.28
5782,5782,162,3,6165.41
5783,5783,86,5,12094.11
5784,5784,78,2,3968.49
5785,5785,129,4,9625.23
5786,5786,34,2,3657.63
5787,5787,67,1,10450.83
5788,5788,12,3,28934.67
5789,5789,188,4,996.04
5790,5790,85,1,3493.07
5791,5791,134,2,904.04
5792,5792,106,4,16769.45
5793,5793,162,1,6165.41
5794,5794,193,3,9071.96
5795,5795,127,5,7022.99
5796,5796,159,5,5770.16
5797,5797,141,2,23613.7
5798,5798,63,3,7112.08
5799,5799,72,1,16174.11
5800,5800,53,5,878.34
5801,5801,160,5,574.04
5802,5802,103,5,6595.4
5803,5803,100,5,12627.27
5804,5804,167,4,8144.35
5805,5805,102,4,13557.46
5806,5806,92,4,15601.31
5807,5807,118,4,14798.89
5808,5808,63,4,7112.08
5809,5809,65,2,10719.81
5810,5810,119,5,5173.11
5811,5811,179,3,13532.44
5812,5812,42,5,3206.85
5813,5813,112,5,13028.13
5814,5814,57,2,12361.23
5815,5815,48,5,11405.06
5816,5816,124,4,7049.35
5817,5817,18,1,6431.52
5818,5818,136,4,16321.7
5819,5819,104,3,17468.31
5820,5820,153,3,28994.85
5821,5821,187,4,11738.99
5822,5822,34,3,3657.63
5823,5823,150,3,3511.86
5824,5824,133,3,2299.38
5825,5825,2,3,15826.16
5826,5826,50,4,8022.24
5827,5827,25,5,14280.01
5828,5828,55,2,6404.02
5829,5829,27,4,15343.35
5830,5830,134,5,904.04
5831,5831,114,3,12921.43
5832,5832,17,1,19432.15
5833,5833,116,2,3984.38
5834,5834,83,3,16795.16
5835,5835,62,1,17180.02
5836,5836,125,1,6220.2
5837,5837,19,5,21294.24
5838,5838,33,2,351.77
5839,5839,15,5,10692.78
5840,5840,175,1,24477.29
5841,5841,68,4,21527.67
5842,5842,171,5,11785.29
5843,5843,154,5,23101.64
5844,5844,137,4,14887.13
5845,5845,76,5,6546.83
5846,5846,96,5,20513.9
5847,5847,142,1,17820.58
5848,5848,45,5,9921.88
5849,5849,25,2,14280.01
5850,5850,20,3,5539.73
5851,5851,34,3,3657.63
5852,5852,120,1,8634.24
5853,5853,56,4,23513.58
5854,5854,7,5,18492.28
5855,5855,179,1,13532.44
5856,5856,193,1,9071.96
5857,5857,106,2,16769.45
5858,5858,134,5,904.04
5859,5859,198,2,7897.84
5860,5860,7,4,18492.28
5861,5861,187,4,11738.99
5862,5862,155,5,13686.84
5863,5863,23,1,15541.22
5864,5864,195,1,16085.73
5865,5865,152,1,14395.46
5866,5866,111,5,14461.81
5867,5867,27,2,15343.35
5868,5868,53,5,878.34
5869,5869,80,4,23718.28
5870,5870,89,3,22077.15
5871,5871,24,1,13804.57
5872,5872,114,3,12921.43
5873,5873,182,4,7031.34
5874,5874,2,4,15826.16
5875,5875,98,1,740.62
5876,5876,102,3,13557.46
5877,5877,97,3,15480.83
5878,5878,136,4,16321.7
5879,5879,34,1,3657.63
5880,5880,194,1,12707.5
5881,5881,82,2,17607.83
5882,5882,132,5,3487.55
5883,5883,35,3,16408.02
5884,5884,7,5,18492.28
5885,5885,92,2,15601.31
5886,5886,51,5,4582.1
5887,5887,140,1,3677.83
5888,5888,112,2,13028.13
5889,5889,4,3,5202.8
5890,5890,82,2,17607.83
5891,5891,131,1,9463.24
5892,5892,62,5,17180.02
5893,5893,162,3,6165.41
5894,5894,120,5,8634.24
5895,5895,97,4,15480.83
5896,5896,81,4,19237.52
5897,5897,41,3,4660.83
5898,5898,129,2,9625.23
5899,5899,41,2,4660.83
5900,5900,133,1,2299.38
5901,5901,13,5,10634.86
5902,5902,132,3,3487.55
5903,5903,166,5,17663.18
5904,5904,22,4,10992.16
5905,5905,152,4,14395.46
5906,5906,11,5,11525.15
5907,5907,144,5,25378.87
5908,5908,75,1,27545.83
5909,5909,135,3,21436.4
5910,5910,79,1,27672.78
5911,5911,180,2,14598.18
5912,5912,64,4,2967.21
5913,5913,86,5,12094.11
5914,5914,193,4,9071.96
5915,5915,63,3,7112.08
5916,5916,95,3,8444.18
5917,5917,133,4,2299.38
5918,5918,142,5,17820.58
5919,5919,91,4,24150.89
5920,5920,34,2,3657.63
5921,5921,198,3,7897.84
5922,5922,166,4,17663.18
5923,5923,178,3,823.83
5924,5924,53,3,878.34
5925,5925,133,3,2299.38
5926,5926,177,2,25108.98
5927,5927,188,1,996.04
5928,5928,168,1,929.8
5929,5929,159,5,5770.16
5930,5930,162,2,6165.41
5931,5931,132,2,3487.55
5932,5932,113,1,16263.55
5933,5933,139,1,4801.64
5934,5934,3,4,13312.12
5935,5935,25,2,14280.01
5936,5936,33,5,351.77
5937,5937,90,5,16959.04
5938,5938,167,4,8144.35
5939,5939,34,5,3657.63
5940,5940,49,4,9269.71
5941,5941,103,2,6595.4
5942,5942,176,1,4315.47
5943,5943,73,4,896.37
5944,5944,165,1,2455.33
5945,5945,64,4,2967.21
5946,5946,60,4,5460.7
5947,5947,125,2,6220.2
5948,5948,78,3,3968.49
5949,5949,104,1,17468.31
5950,5950,62,3,17180.02
5951,5951,32,5,5374.36
5952,5952,95,2,8444.18
5953,5953,114,4,12921.43
5954,5954,6,5,21150.77
5955,5955,91,3,24150.89
5956,5956,129,3,9625.23
5957,5957,24,3,13804.57
5958,5958,26,3,12546.76
5959,5959,102,4,13557.46
5960,5960,184,2,2190.56
5961,5961,191,2,955.75
5962,5962,87,4,25821.69
5963,5963,100,4,12627.27
5964,5964,77,5,16616.81
5965,5965,195,4,16085.73
5966,5966,153,2,28994.85
5967,5967,188,2,996.04
5968,5968,111,2,14461.81
5969,5969,40,4,13014.18
5970,5970,29,4,3278.0
5971,5971,176,1,4315.47
5972,5972,56,2,23513.58
5973,5973,185,2,17714.54
5974,5974,75,3,27545.83
5975,5975,52,3,1034.09
5976,5976,190,3,4782.23
5977,5977,13,3,10634.86
5978,5978,186,1,21268.61
5979,5979,126,5,11041.81
5980,5980,173,5,3363.26
5981,5981,42,2,3206.85
5982,5982,83,1,16795.16
5983,5983,25,3,14280.01
5984,5984,4,5,5202.8
5985,5985,137,2,14887.13
5986,5986,190,5,4782.23
5987,5987,189,5,5861.15
5988,5988,46,4,9915.48
5989,5989,91,1,24150.89
5990,5990,91,4,24150.89
5991,5991,118,3,14798.89
5992,5992,112,1,13028.13
5993,5993,65,4,10719.81
5994,5994,170,5,4852.6
5995,5995,46,4,9915.48
5996,5996,91,4,24150.89
5997,5997,108,2,14335.21
5998,5998,74,2,7274.5
5999,5999,45,1,9921.88
6000,6000,166,5,17663.18
6001,6001,146,4,7872.91
6002,6002,28,1,16098.38
6003,6003,110,2,28002.99
6004,6004,104,2,17468.31
6005,6005,84,1,27377.47
6006,6006,181,3,8035.92
6007,6007,160,2,574.04
6008,6008,32,2,5374.36
6009,6009,140,2,3677.83
6010,6010,178,5,823.83
6011,6011,192,2,2957.41
6012,6012,84,5,27377.47
6013,6013,186,2,21268.61
6014,6014,175,4,24477.29
6015,6015,174,5,17094.14
6016,6016,114,3,12921.43
6017,6017,29,4,3278.0
6018,6018,21,4,4061.98
6019,6019,46,2,9915.48
6020,6020,142,1,17820.58
6021,6021,83,1,16795.16
6022,6022,74,3,7274.5
6023,6023,2,1,15826.16
6024,6024,173,2,3363.26
6025,6025,138,5,1398.1
6026,6026,58,2,2402.97
6027,6027,92,3,15601.31
6028,6028,12,3,28934.67
6029,6029,106,2,16769.45
6030,6030,30,5,4085.97
6031,6031,85,3,3493.07
6032,6032,146,5,7872.91
6033,6033,4,1,5202.8
6034,6034,22,1,10992.16
6035,6035,186,3,21268.61
6036,6036,15,3,10692.78
6037,6037,87,5,25821.69
6038,6038,198,3,7897.84
6039,6039,41,5,4660.83
6040,6040,82,1,17607.83
6041,6041,68,2,21527.67
6042,6042,177,5,25108.98
6043,6043,6,1,21150.77
6044,6044,77,3,16616.81
6045,6045,132,3,3487.55
6046,6046,98,4,740.62
6047,6047,9,1,7868.98
6048,6048,178,5,823.83
6049,6049,196,3,10134.09
6050,6050,68,3,21527.67
6051,6051,132,5,3487.55
6052,6052,11,1,11525.15
6053,6053,142,2,17820.58
6054,6054,146,1,7872.91
6055,6055,83,3,16795.16
6056,6056,132,1,3487.55
6057,6057,199,3,14879.64
6058,6058,194,2,12707.5
6059,6059,90,5,16959.04
6060,6060,175,1,24477.29
6061,6061,118,4,14798.89
6062,6062,146,2,7872.91
6063,6063,149,2,15111.25
6064,6064,86,2,12094.11
6065,6065,25,3,14280.01
6066,6066,95,1,8444.18
6067,6067,54,1,13304.66
6068,6068,74,4,7274.5
6069,6069,71,3,17028.76
6070,6070,157,2,12947.92
6071,6071,110,5,28002.99
6072,6072,103,1,6595.4
6073,6073,31,3,8530.85
6074,6074,162,4,6165.41
6075,6075,186,1,21268.61
6076,6076,79,1,27672.78
6077,6077,186,1,21268.61
6078,6078,107,1,5735.07
6079,6079,176,5,4315.47
6080,6080,176,5,4315.47
6081,6081,105,2,9571.88
6082,6082,152,5,14395.46
6083,6083,193,5,9071.96
6084,6084,6,1,21150.77
6085,6085,186,4,21268.61
6086,6086,128,2,1071.68
6087,6087,133,1,2299.38
6088,6088,50,4,8022.24
6089,6089,118,1,14798.89
6090,6090,146,1,7872.91
6091,6091,87,3,25821.69
6092,6092,3,3,13312.12
6093,6093,128,4,1071.68
6094,6094,114,2,12921.43
6095,6095,21,1,4061.98
6096,6096,139,4,4801.64
6097,6097,172,2,11683.09
6098,6098,85,4,3493.07
6099,6099,159,4,5770.16
6100,6100,104,1,17468.31
6101,6101,145,1,10429.51
6102,6102,106,3,16769.45
6103,6103,89,2,22077.15
6104,6104,84,4,27377.47
6105,6105,8,5,11385.66
6106,6106,5,4,1235.05
6107,6107,112,5,13028.13
6108,6108,144,1,25378.87
6109,6109,89,5,22077.15
6110,6110,57,5,12361.23
6111,6111,43,2,15077.83
6112,6112,114,5,12921.43
6113,6113,130,3,13160.01
6114,6114,53,2,878.34
6115,6115,30,3,4085.97
6116,6116,9,2,7868.98
6117,6117,110,5,28002.99
6118,6118,174,1,17094.14
6119,6119,137,5,14887.13
6120,6120,108,3,14335.21
6121,6121,142,4,17820.58
6122,6122,29,4,3278.0
6123,6123,181,4,8035.92
6124,6124,126,1,11041.81
6125,6125,27,3,15343.35
6126,6126,119,1,5173.11
6127,6127,147,5,17781.52
6128,6128,133,1,2299.38
6129,6129,24,1,13804.57
6130,6130,193,3,9071.96
6131,6131,180,4,14598.18
6132,6132,75,5,27545.83
6133,6133,2,5,15826.16
6134,6134,51,1,4582.1
6135,6135,84,4,27377.47
6136,6136,11,4,11525.15
6137,6137,26,5,12546.76
6138,6138,123,4,12118.15
6139,6139,144,1,25378.87
6140,6140,179,1,13532.44
6141,6141,19,5,21294.24
6142,6142,197,5,10336.5
6143,6143,65,1,10719.81
6144,6144,198,3,7897.84
6145,6145,100,3,12627.27
6146,6146,154,4,23101.64
6147,6147,155,2,13686.84
6148,6148,80,1,23718.28
6149,6149,65,5,10719.81
6150,6150,128,5,1071.68
6151,6151,50,5,8022.24
6152,6152,97,4,15480.83
6153,6153,46,4,9915.48
6154,6154,139,1,4801.64
6155,6155,119,2,5173.11
6156,6156,34,3,3657.63
6157,6157,28,5,16098.38
6158,6158,195,5,16085.73
6159,6159,90,1,16959.04
6160,6160,141,4,23613.7
6161,6161,77,3,16616.81
6162,6162,13,3,10634.86
6163,6163,17,2,19432.15
6164,6164,117,5,20433.55
6165,6165,140,1,3677.83
6166,6166,65,1,10719.81
6167,6167,132,2,3487.55
6168,6168,117,1,20433.55
6169,6169,70,5,12988.47
6170,6170,174,3,17094.14
6171,6171,108,5,14335.21
6172,6172,108,3,14335.21
6173,6173,167,2,8144.35
6174,6174,134,4,904.04
6175,6175,138,4,1398.1
6176,6176,180,3,14598.18
6177,6177,15,4,10692.78
6178,6178,20,3,5539.73
6179,6179,88,2,10810.93
6180,6180,102,4,13557.46
6181,6181,101,5,8547.18
6182,6182,156,5,17418.26
6183,6183,191,5,955.75
6184,6184,43,5,15077.83
6185,6185,2,3,15826.16
6186,6186,68,4,21527.67
6187,6187,151,1,18344.56
6188,6188,102,4,13557.46
6189,6189,65,1,10719.81
6190,6190,108,5,14335.21
6191,6191,170,2,4852.6
6192,6192,25,2,14280.01
6193,6193,133,1,2299.38
6194,6194,6,4,21150.77
6195,6195,158,4,24324.06
6196,6196,105,3,9571.88
6197,6197,64,2,2967.21
6198,6198,198,3,7897.84
6199,6199,33,5,351.77
6200,6200,172,3,11683.09
6201,6201,27,2,15343.35
6202,6202,61,2,3768.98
6203,6203,14,1,1200.29
6204,6204,59,5,8391.44
6205,6205,3,5,13312.12
6206,6206,80,2,23718.28
6207,6207,29,3,3278.0
6208,6208,37,1,19923.36
6209,6209,39,1,17650.3
6210,6210,14,4,1200.29
6211,6211,175,2,24477.29
6212,6212,94,1,4040.83
6213,6213,162,3,6165.41
6214,6214,180,2,14598.18
6215,6215,101,1,8547.18
6216,6216,118,3,14798.89
6217,6217,117,5,20433.55
6218,6218,97,3,15480.83
6219,6219,92,5,15601.31
6220,6220,174,1,17094.14
6221,6221,88,4,10810.93
6222,6222,64,1,2967.21
6223,6223,30,2,4085.97
6224,6224,113,4,16263.55
6225,6225,144,4,25378.87
6226,6226,53,4,878.34
6227,6227,56,2,23513.58
6228,6228,27,3,15343.35
6229,6229,134,2,904.04
6230,6230,71,4,17028.76
6231,6231,80,3,23718.28
6232,6232,106,3,16769.45
6233,6233,17,1,19432.15
6234,6234,100,3,12627.27
6235,6235,187,3,11738.99
6236,6236,73,4,896.37
6237,6237,104,4,17468.31
6238,6238,77,2,16616.81
6239,6239,14,3,1200.29
6240,6240,18,3,6431.52
6241,6241,176,2,4315.47
6242,6242,145,2,10429.51
6243,6243,132,3,3487.55
6244,6244,128,3,1071.68
6245,6245,126,3,11041.81
6246,6246,200,2,20420.05
6247,6247,127,3,7022.99
6248,6248,143,2,14111.6
6249,6249,121,4,14581.68
6250,6250,147,4,17781.52
6251,6251,34,1,3657.63
6252,6252,68,5,21527.67
6253,6253,72,2,16174.11
6254,6254,187,4,11738.99
6255,6255,127,5,7022.99
6256,6256,195,1,16085.73
6257,6257,115,4,19349.21
6258,6258,53,3,878.34
6259,6259,89,5,22077.15
6260,6260,43,3,15077.83
6261,6261,32,5,5374.36
6262,6262,159,5,5770.16
6263,6263,53,2,878.34
6264,6264,165,1,2455.33
6265,6265,183,2,13427.6
6266,6266,42,3,3206.85
6267,6267,87,1,25821.69
6268,6268,114,1,12921.43
6269,6269,171,1,11785.29
6270,6270,128,5,1071.68
6271,6271,34,4,3657.63
6272,6272,90,4,16959.04
6273,6273,17,4,19432.15
6274,6274,52,1,1034.09
6275,6275,31,5,8530.85
6276,6276,164,4,5452.82
6277,6277,46,4,9915.48
6278,6278,38,4,5822.86
6279,6279,42,5,3206.85
6280,6280,30,4,4085.97
6281,6281,73,3,896.37
6282,6282,85,5,3493.07
6283,6283,168,4,929.8
6284,6284,121,3,14581.68
6285,6285,105,3,9571.88
6286,6286,46,1,9915.48
6287,6287,192,1,2957.41
6288,6288,114,4,12921.43
6289,6289,42,4,3206.85
6290,6290,36,1,15665.94
6291,6291,190,2,4782.23
6292,6292,167,2,8144.35
6293,6293,177,3,25108.98
6294,6294,27,1,15343.35
6295,6295,15,4,10692.78
6296,6296,171,3,11785.29
6297,6297,166,5,17663.18
6298,6298,1,4,21191.29
6299,6299,79,2,27672.78
6300,6300,152,1,14395.46
6301,6301,75,3,27545.83
6302,6302,188,4,996.04
6303,6303,110,5,28002.99
6304,6304,3,3,13312.12
6305,6305,57,1,12361.23
6306,6306,27,4,15343.35
6307,6307,163,1,3797.21
6308,6308,163,2,3797.21
6309,6309,22,2,10992.16
6310,6310,173,4,3363.26
6311,6311,168,4,929.8
6312,6312,16,1,6157.77
6313,6313,49,4,9269.71
6314,6314,22,1,10992.16
6315,6315,72,5,16174.11
6316,6316,186,1,21268.61
6317,6317,61,3,3768.98
6318,6318,119,4,5173.11
6319,6319,76,4,6546.83
6320,6320,17,3,19432.15
6321,6321,8,3,11385.66
6322,6322,144,5,25378.87
6323,6323,85,3,3493.07
6324,6324,31,3,8530.85
6325,6325,15,1,10692.78
6326,6326,69,5,7059.92
6327,6327,93,5,18565.89
6328,6328,44,1,23468.86
6329,6329,110,1,28002.99
6330,6330,74,3,7274.5
6331,6331,2,5,15826.16
6332,6332,39,3,17650.3
6333,6333,194,5,12707.5
6334,6334,43,5,15077.83
6335,6335,141,2,23613.7
6336,6336,94,3,4040.83
6337,6337,135,2,21436.4
6338,6338,40,2,13014.18
6339,6339,195,1,16085.73
6340,6340,18,1,6431.52
6341,6341,48,2,11405.06
6342,6342,100,5,12627.27
6343,6343,127,3,7022.99
6344,6344,151,3,18344.56
6345,6345,198,3,7897.84
6346,6346,181,2,8035.92
6347,6347,67,4,10450.83
6348,6348,55,1,6404.02
6349,6349,173,5,3363.26
6350,6350,88,5,10810.93
6351,6351,127,4,7022.99
6352,6352,94,1,4040.83
6353,6353,187,5,11738.99
6354,6354,199,2,14879.64
6355,6355,79,1,27672.78
6356,6356,31,2,8530.85
6357,6357,4,3,5202.8
6358,6358,39,5,17650.3
6359,6359,20,4,5539.73
6360,6360,169,1,16919.54
6361,6361,125,5,6220.2
6362,6362,167,2,8144.35
6363,6363,101,4,8547.18
6364,6364,97,1,15480.83
6365,6365,139,1,4801.64
6366,6366,107,1,5735.07
6367,6367,154,4,23101.64
6368,6368,123,3,12118.15
6369,6369,163,2,3797.21
6370,6370,45,5,9921.88
6371,6371,93,3,18565.89
6372,6372,129,3,9625.23
6373,6373,169,1,16919.54
6374,6374,91,4,24150.89
6375,6375,132,2,3487.55
6376,6376,197,5,10336.5
6377,6377,17,1,19432.15
6378,6378,92,2,15601.31
6379,6379,131,4,9463.24
6380,6380,133,4,2299.38
6381,6381,34,5,3657.63
6382,6382,8,1,11385.66
6383,6383,20,1,5539.73
6384,6384,28,3,16098.38
6385,6385,50,4,8022.24
6386,6386,87,2,25821.69
6387,6387,70,2,12988.47
6388,6388,91,5,24150.89
6389,6389,80,5,23718.28
6390,6390,8,5,11385.66
6391,6391,88,1,10810.93
6392,6392,118,5,14798.89
6393,6393,97,4,15480.83
6394,6394,135,2,21436.4
6395,6395,157,2,12947.92
6396,6396,51,3,4582.1
6397,6397,176,5,4315.47
6398,6398,133,3,2299.38
6399,6399,68,3,21527.67
6400,6400,131,5,9463.24
6401,6401,128,2,1071.68
6402,6402,115,3,19349.21
6403,6403,133,2,2299.38
6404,6404,73,2,896.37
6405,6405,184,4,2190.56
6406,6406,124,2,7049.35
6407,6407,147,5,17781.52
6408,6408,80,3,23718.28
6409,6409,61,3,3768.98
6410,6410,45,3,9921.88
6411,6411,175,1,24477.29
6412,6412,51,3,4582.1
6413,6413,34,4,3657.63
6414,6414,50,3,8022.24
6415,6415,86,4,12094.11
6416,6416,48,1,11405.06
6417,6417,26,5,12546.76
6418,6418,188,4,996.04
6419,6419,26,5,12546.76
6420,6420,164,1,5452.82
6421,6421,133,4,2299.38
6422,6422,122,2,7649.28
6423,6423,163,2,3797.21
6424,6424,30,4,4085.97
6425,6425,84,4,27377.47
6426,6426,89,2,22077.15
6427,6427,27,4,15343.35
6428,6428,145,3,10429.51
6429,6429,194,2,12707.5
6430,6430,125,2,6220.2
6431,6431,66,4,21839.21
6432,6432,191,3,955.75
6433,6433,34,1,3657.63
6434,6434,159,3,5770.16
6435,6435,31,4,8530.85
6436,6436,10,5,27040.17
6437,6437,155,3,13686.84
6438,6438,73,1,896.37
6439,6439,184,4,2190.56
6440,6440,169,5,16919.54
6441,6441,110,4,28002.99
6442,6442,94,1,4040.83
6443,6443,161,3,377.71
6444,6444,60,4,5460.7
6445,6445,27,3,15343.35
6446,6446,155,2,13686.84
6447,6447,46,5,9915.48
6448,6448,32,4,5374.36
6449,6449,96,4,20513.9
6450,6450,192,4,2957.41
6451,6451,90,4,16959.04
6452,6452,119,2,5173.11
6453,6453,162,5,6165.41
6454,6454,75,3,27545.83
6455,6455,51,2,4582.1
6456,6456,30,5,4085.97
6457,6457,26,3,12546.76
6458,6458,183,3,13427.6
6459,6459,146,4,7872.91
6460,6460,74,5,7274.5
6461,6461,85,1,3493.07
6462,6462,52,2,1034.09
6463,6463,173,2,3363.26
6464,6464,32,2,5374.36
6465,6465,18,2,6431.52
6466,6466,157,5,12947.92
6467,6467,27,1,15343.35
6468,6468,122,1,7649.28
6469,6469,143,4,14111.6
6470,6470,149,2,15111.25
6471,6471,2,2,15826.16
6472,6472,166,2,17663.18
6473,6473,199,4,14879.64
6474,6474,121,4,14581.68
6475,6475,161,1,377.71
6476,6476,27,1,15343.35
6477,6477,119,2,5173.11
6478,6478,98,2,740.62
6479,6479,15,5,10692.78
6480,6480,62,1,17180.02
6481,6481,74,5,7274.5
6482,6482,83,3,16795.16
6483,6483,16,3,6157.77
6484,6484,34,3,3657.63
6485,6485,123,2,12118.15
6486,6486,178,4,823.83
6487,6487,75,2,27545.83
6488,6488,52,1,1034.09
6489,6489,122,1,7649.28
6490,6490,124,5,7049.35
6491,6491,94,3,4040.83
6492,6492,150,2,3511.86
6493,6493,44,4,23468.86
6494,6494,6,1,21150.77
6495,6495,128,5,1071.68
6496,6496,31,5,8530.85
6497,6497,95,3,8444.18
6498,6498,4,1,5202.8
6499,6499,148,5,4657.5
6500,6500,26,1,12546.76
6501,6501,100,3,12627.27
6502,6502,145,2,10429.51
6503,6503,69,2,7059.92
6504,6504,69,3,7059.92
6505,6505,9,2,7868.98
6506,6506,93,5,18565.89
6507,6507,155,3,13686.84
6508,6508,23,1,15541.22
6509,6509,152,3,14395.46
6510,6510,195,5,16085.73
6511,6511,68,3,21527.67
6512,6512,118,1,14798.89
6513,6513,84,1,27377.47
6514,6514,139,3,4801.64
6515,6515,176,3,4315.47
6516,6516,51,5,4582.1
6517,6517,141,1,23613.7
6518,6518,25,4,14280.01
6519,6519,2,3,15826.16
6520,6520,55,3,6404.02
6521,6521,77,1,16616.81
6522,6522,46,4,9915.48
6523,6523,140,4,3677.83
6524,6524,80,4,23718.28
6525,6525,174,5,17094.14
6526,6526,199,5,14879.64
6527,6527,113,2,16263.55
6528,6528,118,3,14798.89
6529,6529,82,4,17607.83
6530,6530,58,1,2402.97
6531,6531,192,2,2957.41
6532,6532,116,5,3984.38
6533,6533,160,5,574.04
6534,6534,196,5,10134.09
6535,6535,50,5,8022.24
6536,6536,22,5,10992.16
6537,6537,112,4,13028.13
6538,6538,187,1,11738.99
6539,6539,128,2,1071.68
6540,6540,57,4,12361.23
6541,6541,195,4,16085.73
6542,6542,14,1,1200.29
6543,6543,124,2,7049.35
6544,6544,85,1,3493.07
6545,6545,161,2,377.71
6546,6546,191,2,955.75
6547,6547,4,5,5202.8
6548,6548,76,3,6546.83
6549,6549,144,5,25378.87
6550,6550,40,5,13014.18
6551,6551,189,4,5861.15
6552,6552,68,5,21527.67
6553,6553,138,4,1398.1
6554,6554,85,5,3493.07
6555,6555,35,3,16408.02
6556,6556,195,2,16085.73
6557,6557,171,3,11785.29
6558,6558,190,3,4782.23
6559,6559,69,4,7059.92
6560,6560,1,3,21191.29
6561,6561,150,1,3511.86
6562,6562,173,2,3363.26
6563,6563,190,3,4782.23
6564,6564,82,1,17607.83
6565,6565,168,3,929.8
6566,6566,163,2,3797.21
6567,6567,77,4,16616.81
6568,6568,156,4,17418.26
6569,6569,56,1,23513.58
6570,6570,41,1,4660.83
6571,6571,166,5,17663.18
6572,6572,75,3,27545.83
6573,6573,134,4,904.04
6574,6574,154,1,23101.64
6575,6575,1,3,21191.29
6576,6576,175,5,24477.29
6577,6577,134,4,904.04
6578,6578,133,2,2299.38
6579,6579,122,5,7649.28
6580,6580,81,4,19237.52
6581,6581,157,3,12947.92
6582,6582,54,2,13304.66
6583,6583,142,4,17820.58
6584,6584,178,2,823.83
6585,6585,33,3,351.77
6586,6586,16,4,6157.77
6587,6587,24,5,13804.57
6588,6588,37,2,19923.36
6589,6589,167,2,8144.35
6590,6590,8,5,11385.66
6591,6591,133,2,2299.38
6592,6592,175,2,24477.29
6593,6593,62,3,17180.02
6594,6594,137,3,14887.13
6595,6595,41,5,4660.83
6596,6596,62,2,17180.02
6597,6597,77,1,16616.81
6598,6598,115,2,19349.21
6599,6599,25,3,14280.01
6600,6600,123,5,12118.15
6601,6601,33,4,351.77
6602,6602,60,3,5460.7
6603,6603,120,3,8634.24
6604,6604,18,5,6431.52
6605,6605,198,5,7897.84
6606,6606,97,3,15480.83
6607,6607,118,3,14798.89
6608,6608,96,2,20513.9
6609,6609,79,2,27672.78
6610,6610,158,1,24324.06
6611,6611,15,3,10692.78
6612,6612,56,2,23513.58
6613,6613,200,3,20420.05
6614,6614,153,2,28994.85
6615,6615,103,5,6595.4
6616,6616,171,4,11785.29
6617,6617,66,2,21839.21
6618,6618,90,2,16959.04
6619,6619,83,4,16795.16
6620,6620,167,5,8144.35
6621,6621,111,1,14461.81
6622,6622,27,3,15343.35
6623,6623,98,3,740.62
6624,6624,72,1,16174.11
6625,6625,97,3,15480.83
6626,6626,82,4,17607.83
6627,6627,33,4,351.77
6628,6628,10,1,27040.17
6629,6629,80,3,23718.28
6630,6630,17,5,19432.15
6631,6631,47,5,14713.56
6632,6632,29,5,3278.0
6633,6633,160,2,574.04
6634,6634,179,3,13532.44
6635,6635,135,4,21436.4
6636,6636,35,4,16408.02
6637,6637,173,2,3363.26
6638,6638,34,4,3657.63
6639,6639,72,2,16174.11
6640,6640,47,1,14713.56
6641,6641,144,3,25378.87
6642,6642,24,5,13804.57
6643,6643,189,5,5861.15
6644,6644,6,2,21150.77
6645,6645,79,1,27672.78
6646,6646,177,2,25108.98
6647,6647,119,4,5173.11
6648,6648,98,2,740.62
6649,6649,64,1,2967.21
6650,6650,20,3,5539.73
6651,6651,99,4,20431.12
6652,6652,40,2,13014.18
6653,6653,161,3,377.71
6654,6654,171,4,11785.29
6655,6655,72,3,16174.11
6656,6656,12,2,28934.67
6657,6657,3,5,13312.12
6658,6658,111,1,14461.81
6659,6659,177,5,25108.98
6660,6660,182,3,7031.34
6661,6661,5,1,1235.05
6662,6662,156,5,17418.26
6663,6663,147,5,17781.52
6664,6664,19,2,21294.24
6665,6665,60,3,5460.7
6666,6666,114,4,12921.43
6667,6667,145,5,10429.51
6668,6668,16,3,6157.77
6669,6669,10,5,27040.17
6670,6670,129,4,9625.23
6671,6671,73,5,896.37
6672,6672,113,2,16263.55
6673,6673,187,5,11738.99
6674,6674,177,1,25108.98
6675,6675,9,3,7868.98
6676,6676,6,2,21150.77
6677,6677,148,4,4657.5
6678,6678,114,3,12921.43
6679,6679,124,5,7049.35
6680,6680,72,4,16174.11
6681,6681,48,3,11405.06
6682,6682,62,1,17180.02
6683,6683,74,5,7274.5
6684,6684,122,5,7649.28
6685,6685,192,1,2957.41
6686,6686,46,2,9915.48
6687,6687,180,5,14598.18
6688,6688,79,1,27672.78
6689,6689,190,5,4782.23
6690,6690,105,4,9571.88
6691,6691,62,3,17180.02
6692,6692,44,3,23468.86
6693,6693,106,5,16769.45
6694,6694,70,4,12988.47
6695,6695,41,5,4660.83
6696,6696,192,1,2957.41
6697,6697,183,3,13427.6
6698,6698,93,4,18565.89
6699,6699,177,3,25108.98
6700,6700,44,1,23468.86
6701,6701,162,2,6165.41
6702,6702,122,5,7649.28
6703,6703,199,4,14879.64
6704,6704,50,5,8022.24
6705,6705,135,3,21436.4
6706,6706,185,3,17714.54
6707,6707,9,5,7868.98
6708,6708,118,5,14798.89
6709,6709,121,1,14581.68
6710,6710,54,3,13304.66
6711,6711,17,3,19432.15
6712,6712,75,3,27545.83
6713,6713,69,1,7059.92
6714,6714,42,4,3206.85
6715,6715,160,2,574.04
6716,6716,43,2,15077.83
6717,6717,115,1,19349.21
6718,6718,104,4,17468.31
6719,6719,36,2,15665.94
6720,6720,11,4,11525.15
6721,6721,38,4,5822.86
6722,6722,106,5,16769.45
6723,6723,145,1,10429.51
6724,6724,114,4,12921.43
6725,6725,123,5,12118.15
6726,6726,112,3,13028.13
6727,6727,67,3,10450.83
6728,6728,154,2,23101.64
6729,6729,12,3,28934.67
6730,6730,107,5,5735.07
6731,6731,3,5,13312.12
6732,6732,100,3,12627.27
6733,6733,8,4,11385.66
6734,6734,32,2,5374.36
6735,6735,17,3,19432.15
6736,6736,157,4,12947.92
6737,6737,166,4,17663.18
6738,6738,72,5,16174.11
6739,6739,30,4,4085.97
6740,6740,30,3,4085.97
6741,6741,120,1,8634.24
6742,6742,111,5,14461.81
6743,6743,161,3,377.71
6744,6744,10,3,27040.17
6745,6745,93,3,18565.89
6746,6746,61,4,3768.98
6747,6747,96,3,20513.9
6748,6748,168,2,929.8
6749,6749,179,5,13532.44
6750,6750,56,2,23513.58
6751,6751,73,3,896.37
6752,6752,169,4,16919.54
6753,6753,109,5,1949.14
6754,6754,19,1,21294.24
6755,6755,76,5,6546.83
6756,6756,175,2,24477.29
6757,6757,66,2,21839.21
6758,6758,177,5,25108.98
6759,6759,189,4,5861.15
6760,6760,53,5,878.34
6761,6761,153,4,28994.85
6762,6762,53,1,878.34
6763,6763,114,1,12921.43
6764,6764,9,2,7868.98
6765,6765,19,4,21294.24
6766,6766,83,5,16795.16
6767,6767,131,1,9463.24
6768,6768,55,4,6404.02
6769,6769,80,4,23718.28
6770,6770,149,3,15111.25
6771,6771,104,3,17468.31
6772,6772,91,3,24150.89
6773,6773,98,1,740.62
6774,6774,76,5,6546.83
6775,6775,195,3,16085.73
6776,6776,197,4,10336.5
6777,6777,61,3,3768.98
6778,6778,66,1,21839.21
6779,6779,185,4,17714.54
6780,6780,51,4,4582.1
6781,6781,166,4,17663.18
6782,6782,20,1,5539.73
6783,6783,107,2,5735.07
6784,6784,21,5,4061.98
6785,6785,68,4,21527.67
6786,6786,177,5,25108.98
6787,6787,122,1,7649.28
6788,6788,37,1,19923.36
6789,6789,9,2,7868.98
6790,6790,182,2,7031.34
6791,6791,115,2,19349.21
6792,6792,150,5,3511.86
6793,6793,127,3,7022.99
6794,6794,143,3,14111.6
6795,6795,136,2,16321.7
6796,6796,124,3,7049.35
6797,6797,76,4,6546.83
6798,6798,12,5,28934.67
6799,6799,67,2,10450.83
6800,6800,150,2,3511.86
6801,6801,93,2,18565.89
6802,6802,145,4,10429.51
6803,6803,103,5,6595.4
6804,6804,2,5,15826.16
6805,6805,132,2,3487.55
6806,6806,103,5,6595.4
6807,6807,12,3,28934.67
6808,6808,25,1,14280.01
6809,6809,7,4,18492.28
6810,6810,199,1,14879.64
6811,6811,15,5,10692.78
6812,6812,111,3,14461.81
6813,6813,188,1,996.04
6814,6814,93,1,18565.89
6815,6815,185,3,17714.54
6816,6816,34,4,3657.63
6817,6817,121,2,14581.68
6818,6818,131,1,9463.24
6819,6819,144,1,25378.87
6820,6820,81,5,19237.52
6821,6821,199,3,14879.64
6822,6822,93,4,18565.89
6823,6823,198,2,7897.84
6824,6824,16,3,6157.77
6825,6825,181,3,8035.92
6826,6826,181,2,8035.92
6827,6827,148,1,4657.5
6828,6828,124,1,7049.35
6829,6829,177,4,25108.98
6830,6830,114,1,12921.43
6831,6831,93,5,18565.89
6832,6832,85,3,3493.07
6833,6833,51,5,4582.1
6834,6834,48,2,11405.06
6835,6835,71,4,17028.76
6836,6836,128,1,1071.68
6837,6837,151,5,18344.56
6838,6838,122,3,7649.28
6839,6839,59,3,8391.44
6840,6840,191,3,955.75
6841,6841,157,2,12947.92
6842,6842,150,5,3511.86
6843,6843,141,3,23613.7
6844,6844,187,1,11738.99
6845,6845,67,5,10450.83
6846,6846,15,1,10692.78
6847,6847,15,4,10692.78
6848,6848,55,2,6404.02
6849,6849,7,1,18492.28
6850,6850,156,3,17418.26
6851,6851,15,2,10692.78
6852,6852,32,2,5374.36
6853,6853,132,4,3487.55
6854,6854,74,5,7274.5
6855,6855,100,1,12627.27
6856,6856,45,5,9921.88
6857,6857,7,4,18492.28
6858,6858,136,1,16321.7
6859,6859,124,4,7049.35
6860,6860,49,4,9269.71
6861,6861,8,5,11385.66
6862,6862,100,1,12627.27
6863,6863,132,5,3487.55
6864,6864,170,1,4852.6
6865,6865,92,3,15601.31
6866,6866,150,5,3511.86
6867,6867,137,3,14887.13
6868,6868,86,3,12094.11
6869,6869,49,2,9269.71
6870,6870,145,1,10429.51
6871,6871,196,1,10134.09
6872,6872,6,3,21150.77
6873,6873,105,1,9571.88
6874,6874,56,4,23513.58
6875,6875,61,2,3768.98
6876,6876,174,5,17094.14
6877,6877,185,3,17714.54
6878,6878,128,1,1071.68
6879,6879,156,2,17418.26
6880,6880,157,4,12947.92
6881,6881,187,3,11738.99
6882,6882,125,2,6220.2
6883,6883,100,5,12627.27
6884,6884,138,4,1398.1
6885,6885,179,2,13532.44
6886,6886,75,4,27545.83
6887,6887,107,4,5735.07
6888,6888,144,5,25378.87
6889,6889,46,1,9915.48
6890,6890,56,1,23513.58
6891,6891,90,4,16959.04
6892,6892,87,1,25821.69
6893,6893,17,4,19432.15
6894,6894,81,3,19237.52
6895,6895,89,2,22077.15
6896,6896,75,1,27545.83
6897,6897,110,5,28002.99
6898,6898,118,2,14798.89
6899,6899,58,2,2402.97
6900,6900,64,3,2967.21
6901,6901,49,5,9269.71
6902,6902,145,1,10429.51
6903,6903,147,1,17781.52
6904,6904,169,3,16919.54
6905,6905,67,3,10450.83
6906,6906,2,2,15826.16
6907,6907,94,3,4040.83
6908,6908,199,5,14879.64
6909,6909,173,1,3363.26
6910,6910,101,3,8547.18
6911,6911,178,2,823.83
6912,6912,66,2,21839.21
6913,6913,127,1,7022.99
6914,6914,97,1,15480.83
6915,6915,44,2,23468.86
6916,6916,167,1,8144.35
6917,6917,93,2,18565.89
6918,6918,98,1,740.62
6919,6919,20,5,5539.73
6920,6920,73,2,896.37
6921,6921,165,4,2455.33
6922,6922,190,1,4782.23
6923,6923,8,5,11385.66
6924,6924,1,3,21191.29
6925,6925,109,1,1949.14
6926,6926,167,4,8144.35
6927,6927,167,5,8144.35
6928,6928,200,5,20420.05
6929,6929,112,5,13028.13
6930,6930,141,3,23613.7
6931,6931,193,3,9071.96
6932,6932,126,4,11041.81
6933,6933,106,5,16769.45
6934,6934,141,4,23613.7
6935,6935,130,4,13160.01
6936,6936,167,5,8144.35
6937,6937,9,4,7868.98
6938,6938,7,1,18492.28
6939,6939,19,5,21294.24
6940,6940,175,5,24477.29
6941,6941,126,2,11041.81
6942,6942,13,4,10634.86
6943,6943,176,5,4315.47
6944,6944,74,4,7274.5
6945,6945,55,5,6404.02
6946,6946,41,3,4660.83
6947,6947,78,3,3968.49
6948,6948,119,1,5173.11
6949,6949,122,2,7649.28
6950,6950,129,3,9625.23
6951,6951,199,4,14879.64
6952,6952,41,1,4660.83
6953,6953,52,1,1034.09
6954,6954,71,5,17028.76
6955,6955,177,4,25108.98
6956,6956,100,4,12627.27
6957,6957,146,3,7872.91
6958,6958,187,5,11738.99
6959,6959,105,2,9571.88
6960,6960,7,2,18492.28
6961,6961,121,3,14581.68
6962,6962,182,1,7031.34
6963,6963,172,3,11683.09
6964,6964,132,1,3487.55
6965,6965,108,4,14335.21
6966,6966,143,1,14111.6
6967,6967,56,2,23513.58
6968,6968,101,1,8547.18
6969,6969,117,2,20433.55
6970,6970,125,2,6220.2
6971,6971,123,1,12118.15
6972,6972,198,4,7897.84
6973,6973,134,1,904.04
6974,6974,142,5,17820.58
6975,6975,116,1,3984.38
6976,6976,144,4,25378.87
6977,6977,187,2,11738.99
6978,6978,96,2,20513.9
6979,6979,104,4,17468.31
6980,6980,186,1,21268.61
6981,6981,89,3,22077.15
6982,6982,42,3,3206.85
6983,6983,161,3,377.71
6984,6984,87,2,25821.69
6985,6985,12,5,28934.67
6986,6986,65,5,10719.81
6987,6987,81,2,19237.52
6988,6988,147,2,17781.52
6989,6989,170,1,4852.6
6990,6990,172,5,11683.09
6991,6991,108,2,14335.21
6992,6992,43,1,15077.83
6993,6993,73,2,896.37
6994,6994,66,4,21839.21
6995,6995,4,3,5202.8
6996,6996,73,4,896.37
6997,6997,60,1,5460.7
6998,6998,173,4,3363.26
6999,6999,187,4,11738.99
7000,7000,72,5,16174.11
7001,7001,47,5,14713.56
7002,7002,125,5,6220.2
7003,7003,73,4,896.37
7004,7004,110,3,28002.99
7005,7005,45,5,9921.88
7006,7006,70,4,12988.47
7007,7007,87,4,25821.69
7008,7008,52,4,1034.09
7009,7009,143,2,14111.6
7010,7010,154,2,23101.64
7011,7011,154,3,23101.64
7012,7012,11,3,11525.15
7013,7013,178,3,823.83
7014,7014,47,3,14713.56
7015,7015,103,2,6595.4
7016,7016,144,4,25378.87
7017,7017,38,3,5822.86
7018,7018,99,2,20431.12
7019,7019,155,2,13686.84
7020,7020,12,2,28934.67
7021,7021,10,4,27040.17
7022,7022,149,5,15111.25
7023,7023,89,5,22077.15
7024,7024,179,4,13532.44
7025,7025,82,3,17607.83
7026,7026,117,3,20433.55
7027,7027,33,5,351.77
7028,7028,104,1,17468.31
7029,7029,47,5,14713.56
7030,7030,76,4,6546.83
7031,7031,170,2,4852.6
7032,7032,7,3,18492.28
7033,7033,165,1,2455.33
7034,7034,4,1,5202.8
7035,7035,84,3,27377.47
7036,7036,130,4,13160.01
7037,7037,171,4,11785.29
7038,7038,27,4,15343.35
7039,7039,40,1,13014.18
7040,7040,29,2,3278.0
7041,7041,147,1,17781.52
7042,7042,6,4,21150.77
7043,7043,199,4,14879.64
7044,7044,82,4,17607.83
7045,7045,143,2,14111.6
7046,7046,98,1,740.62
7047,7047,120,5,8634.24
7048,7048,13,2,10634.86
7049,7049,123,3,12118.15
7050,7050,79,4,27672.78
7051,7051,57,4,12361.23
7052,7052,116,4,3984.38
7053,7053,25,4,14280.01
7054,7054,98,2,740.62
7055,7055,169,3,16919.54
7056,7056,127,1,7022.99
7057,7057,4,5,5202.8
7058,7058,74,4,7274.5
7059,7059,157,2,12947.92
7060,7060,124,4,7049.35
7061,7061,174,2,17094.14
7062,7062,185,2,17714.54
7063,7063,53,1,878.34
7064,7064,192,3,2957.41
7065,7065,62,3,17180.02
7066,7066,145,2,10429.51
7067,7067,1,2,21191.29
7068,7068,138,3,1398.1
7069,7069,116,1,3984.38
7070,7070,42,4,3206.85
7071,7071,29,2,3278.0
7072,7072,159,3,5770.16
7073,7073,185,1,17714.54
7074,7074,24,2,13804.57
7075,7075,191,1,955.75
7076,7076,192,5,2957.41
7077,7077,83,5,16795.16
7078,7078,22,5,10992.16
7079,7079,89,2,22077.15
7080,7080,106,2,16769.45
7081,7081,197,5,10336.5
7082,7082,124,5,7049.35
7083,7083,112,3,13028.13
7084,7084,137,3,14887.13
7085,7085,5,4,1235.05
7086,7086,154,3,23101.64
7087,7087,82,5,17607.83
7088,7088,105,3,9571.88
7089,7089,50,3,8022.24
7090,7090,59,2,8391.44
7091,7091,97,3,15480.83
7092,7092,112,3,13028.13
7093,7093,1,5,21191.29
7094,7094,21,4,4061.98
7095,7095,115,5,19349.21
7096,7096,86,1,12094.11
7097,7097,182,2,7031.34
7098,7098,89,5,22077.15
7099,7099,106,3,16769.45
7100,7100,38,3,5822.86
7101,7101,48,3,11405.06
7102,7102,117,4,20433.55
7103,7103,88,3,10810.93
7104,7104,39,2,17650.3
7105,7105,142,2,17820.58
7106,7106,105,4,9571.88
7107,7107,52,4,1034.09
7108,7108,67,3,10450.83
7109,7109,7,4,18492.28
7110,7110,177,3,25108.98
7111,7111,120,2,8634.24
7112,7112,34,5,3657.63
7113,7113,186,2,21268.61
7114,7114,152,3,14395.46
7115,7115,71,2,17028.76
7116,7116,133,5,2299.38
7117,7117,69,3,7059.92
7118,7118,38,1,5822.86
7119,7119,104,2,17468.31
7120,7120,152,4,14395.46
7121,7121,179,5,13532.44
7122,7122,48,2,11405.06
7123,7123,158,5,24324.06
7124,7124,37,5,19923.36
7125,7125,14,1,1200.29
7126,7126,44,1,23468.86
7127,7127,32,1,5374.36
7128,7128,45,4,9921.88
7129,7129,70,4,12988.47
7130,7130,108,2,14335.21
7131,7131,110,5,28002.99
7132,7132,59,3,8391.44
7133,7133,118,1,14798.89
7134,7134,131,3,9463.24
7135,7135,39,2,17650.3
7136,7136,44,4,23468.86
7137,7137,30,5,4085.97
7138,7138,95,3,8444.18
7139,7139,164,3,5452.82
7140,7140,27,3,15343.35
7141,7141,92,4,15601.31
7142,7142,17,5,19432.15
7143,7143,90,1,16959.04
7144,7144,13,1,10634.86
7145,7145,11,2,11525.15
7146,7146,132,5,3487.55
7147,7147,177,3,25108.98
7148,7148,152,3,14395.46
7149,7149,186,1,21268.61
7150,7150,160,5,574.04
7151,7151,24,3,13804.57
7152,7152,26,3,12546.76
7153,7153,127,2,7022.99
7154,7154,32,4,5374.36
7155,7155,187,4,11738.99
7156,7156,74,2,7274.5
7157,7157,191,4,955.75
7158,7158,152,2,14395.46
7159,7159,194,2,12707.5
7160,7160,69,4,7059.92
7161,7161,24,5,13804.57
7162,7162,81,4,19237.52
7163,7163,149,4,15111.25
7164,7164,191,2,955.75
7165,7165,124,4,7049.35
7166,7166,104,5,17468.31
7167,7167,88,1,10810.93
7168,7168,131,2,9463.24
7169,7169,186,5,21268.61
7170,7170,13,4,10634.86
7171,7171,36,2,15665.94
7172,7172,175,4,24477.29
7173,7173,166,3,17663.18
7174,7174,61,4,3768.98
7175,7175,157,5,12947.92
7176,7176,143,3,14111.6
7177,7177,112,3,13028.13
7178,7178,150,1,3511.86
7179,7179,139,5,4801.64
7180,7180,72,4,16174.11
7181,7181,149,5,15111.25
7182,7182,5,2,1235.05
7183,7183,172,4,11683.09
7184,7184,97,5,15480.83
7185,7185,22,1,10992.16
7186,7186,77,1,16616.81
7187,7187,187,2,11738.99
7188,7188,143,1,14111.6
7189,7189,64,1,2967.21
7190,7190,57,3,12361.23
7191,7191,3,2,13312.12
7192,7192,141,1,23613.7
7193,7193,157,5,12947.92
7194,7194,34,5,3657.63
7195,7195,127,2,7022.99
7196,7196,22,4,10992.16
7197,7197,148,3,4657.5
7198,7198,153,2,28994.85
7199,7199,100,5,12627.27
7200,7200,73,5,896.37
7201,7201,79,1,27672.78
7202,7202,121,5,14581.68
7203,7203,195,1,16085.73
7204,7204,98,4,740.62
7205,7205,5,2,1235.05
7206,7206,163,2,3797.21
7207,7207,168,1,929.8
7208,7208,183,5,13427.6
7209,7209,86,1,12094.11
7210,7210,63,3,7112.08
7211,7211,14,1,1200.29
7212,7212,82,4,17607.83
7213,7213,94,3,4040.83
7214,7214,146,4,7872.91
7215,7215,8,2,11385.66
7216,7216,165,3,2455.33
7217,7217,25,4,14280.01
7218,7218,14,5,1200.29
7219,7219,109,3,1949.14
7220,7220,115,5,19349.21
7221,7221,5,2,1235.05
7222,7222,103,4,6595.4
7223,7223,167,2,8144.35
7224,7224,58,5,2402.97
7225,7225,11,4,11525.15
7226,7226,118,4,14798.89
7227,7227,112,3,13028.13
7228,7228,20,2,5539.73
7229,7229,122,5,7649.28
7230,7230,194,3,12707.5
7231,7231,85,3,3493.07
7232,7232,118,5,14798.89
7233,7233,44,5,23468.86
7234,7234,182,2,7031.34
7235,7235,71,2,17028.76
7236,7236,11,4,11525.15
7237,7237,46,3,9915.48
7238,7238,148,3,4657.5
7239,7239,200,2,20420.05
7240,7240,77,3,16616.81
7241,7241,56,2,23513.58
7242,7242,196,3,10134.09
7243,7243,29,4,3278.0
7244,7244,152,3,14395.46
7245,7245,60,3,5460.7
7246,7246,160,1,574.04
7247,7247,108,4,14335.21
7248,7248,129,4,9625.23
7249,7249,66,5,21839.21
7250,7250,184,1,2190.56
7251,7251,149,4,15111.25
7252,7252,114,5,12921.43
7253,7253,32,4,5374.36
7254,7254,79,2,27672.78
7255,7255,106,4,16769.45
7256,7256,194,4,12707.5
7257,7257,95,3,8444.18
7258,7258,84,5,27377.47
7259,7259,15,4,10692.78
7260,7260,142,3,17820.58
7261,7261,158,5,24324.06
7262,7262,96,3,20513.9
7263,7263,30,1,4085.97
7264,7264,37,4,19923.36
7265,7265,183,2,13427.6
7266,7266,34,1,3657.63
7267,7267,44,4,23468.86
7268,7268,75,1,27545.83
7269,7269,42,4,3206.85
7270,7270,163,2,3797.21
7271,7271,127,1,7022.99
7272,7272,81,3,19237.52
7273,7273,59,2,8391.44
7274,7274,121,4,14581.68
7275,7275,127,3,7022.99
7276,7276,174,2,17094.14
7277,7277,118,4,14798.89
7278,7278,68,5,21527.67
7279,7279,169,5,16919.54
7280,7280,35,2,16408.02
7281,7281,145,2,10429.51
7282,7282,151,4,18344.56
7283,7283,106,3,16769.45
7284,7284,181,5,8035.92
7285,7285,171,5,11785.29
7286,7286,193,3,9071.96
7287,7287,140,5,3677.83
7288,7288,157,4,12947.92
7289,7289,89,3,22077.15
7290,7290,115,1,19349.21
7291,7291,144,1,25378.87
7292,7292,195,3,16085.73
7293,7293,107,2,5735.07
7294,7294,142,4,17820.58
7295,7295,180,1,14598.18
7296,7296,162,4,6165.41
7297,7297,130,4,13160.01
7298,7298,39,1,17650.3
7299,7299,141,1,23613.7
7300,7300,162,3,6165.41
7301,7301,83,5,16795.16
7302,7302,133,5,2299.38
7303,7303,197,1,10336.5
7304,7304,86,5,12094.11
7305,7305,18,1,6431.52
7306,7306,12,3,28934.67
7307,7307,19,5,21294.24
7308,7308,147,5,17781.52
7309,7309,199,2,14879.64
7310,7310,186,3,21268.61
7311,7311,68,2,21527.67
7312,7312,147,3,17781.52
7313,7313,148,5,4657.5
7314,7314,177,4,25108.98
7315,7315,37,2,19923.36
7316,7316,38,3,5822.86
7317,7317,74,3,7274.5
7318,7318,69,3,7059.92
7319,7319,62,4,17180.02
7320,7320,168,5,929.8
7321,7321,50,1,8022.24
7322,7322,197,4,10336.5
7323,7323,33,2,351.77
7324,7324,123,4,12118.15
7325,7325,40,4,13014.18
7326,7326,46,2,9915.48
7327,7327,195,1,16085.73
7328,7328,26,1,12546.76
7329,7329,8,1,11385.66
7330,7330,136,5,16321.7
7331,7331,93,4,18565.89
7332,7332,123,5,12118.15
7333,7333,115,2,19349.21
7334,7334,168,3,929.8
7335,7335,122,1,7649.28
7336,7336,100,4,12627.27
7337,7337,58,4,2402.97
7338,7338,83,3,16795.16
7339,7339,140,3,3677.83
7340,7340,140,1,3677.83
7341,7341,180,1,14598.18
7342,7342,116,4,3984.38
7343,7343,57,3,12361.23
7344,7344,142,3,17820.58
7345,7345,132,5,3487.55
7346,7346,70,2,12988.47
7347,7347,141,4,23613.7
7348,7348,74,5,7274.5
7349,7349,16,1,6157.77
7350,7350,61,1,3768.98
7351,7351,55,4,6404.02
7352,7352,195,3,16085.73
7353,7353,54,1,13304.66
7354,7354,1,2,21191.29
7355,7355,69,4,7059.92
7356,7356,160,2,574.04
7357,7357,109,1,1949.14
7358,7358,129,4,9625.23
7359,7359,149,3,15111.25
7360,7360,57,5,12361.23
7361,7361,145,4,10429.51
7362,7362,98,4,740.62
7363,7363,6,1,21150.77
7364,7364,127,5,7022.99
7365,7365,74,1,7274.5
7366,7366,57,1,12361.23
7367,7367,132,3,3487.55
7368,7368,154,1,23101.64
7369,7369,184,1,2190.56
7370,7370,74,3,7274.5
7371,7371,85,3,3493.07
7372,7372,121,5,14581.68
7373,7373,199,1,14879.64
7374,7374,160,4,574.04
7375,7375,113,5,16263.55
7376,7376,144,3,25378.87
7377,7377,40,4,13014.18
7378,7378,149,5,15111.25
7379,7379,40,2,13014.18
7380,7380,180,5,14598.18
7381,7381,32,4,5374.36
7382,7382,133,5,2299.38
7383,7383,30,3,4085.97
7384,7384,28,2,16098.38
7385,7385,129,1,9625.23
7386,7386,126,1,11041.81
7387,7387,103,2,6595.4
7388,7388,129,1,9625.23
7389,7389,19,2,21294.24
7390,7390,44,4,23468.86
7391,7391,6,1,21150.77
7392,7392,146,4,7872.91
7393,7393,56,5,23513.58
7394,7394,142,2,17820.58
7395,7395,65,4,10719.81
7396,7396,191,4,955.75
7397,7397,176,5,4315.47
7398,7398,176,4,4315.47
7399,7399,152,5,14395.46
7400,7400,192,1,2957.41
7401,7401,24,2,13804.57
7402,7402,160,5,574.04
7403,7403,33,5,351.77
7404,7404,72,2,16174.11
7405,7405,66,5,21839.21
7406,7406,6,4,21150.77
7407,7407,125,5,6220.2
7408,7408,97,2,15480.83
7409,7409,82,1,17607.83
7410,7410,166,1,17663.18
7411,7411,17,3,19432.15
7412,7412,49,2,9269.71
7413,7413,113,1,16263.55
7414,7414,96,1,20513.9
7415,7415,106,5,16769.45
7416,7416,84,4,27377.47
7417,7417,6,1,21150.77
7418,7418,45,5,9921.88
7419,7419,190,2,4782.23
7420,7420,82,5,17607.83
7421,7421,191,5,955.75
7422,7422,61,1,3768.98
7423,7423,56,1,23513.58
7424,7424,63,2,7112.08
7425,7425,198,1,7897.84
7426,7426,179,3,13532.44
7427,7427,170,3,4852.6
7428,7428,125,1,6220.2
7429,7429,3,5,13312.12
7430,7430,106,4,16769.45
7431,7431,85,4,3493.07
7432,7432,24,4,13804.57
7433,7433,91,4,24150.89
7434,7434,85,2,3493.07
7435,7435,133,3,2299.38
7436,7436,97,3,15480.83
7437,7437,67,4,10450.83
7438,7438,178,2,823.83
7439,7439,19,5,21294.24
7440,7440,87,1,25821.69
7441,7441,22,5,10992.16
7442,7442,86,4,12094.11
7443,7443,60,5,5460.7
7444,7444,92,1,15601.31
7445,7445,157,2,12947.92
7446,7446,147,1,17781.52
7447,7447,136,2,16321.7
7448,7448,114,2,12921.43
7449,7449,28,4,16098.38
7450,7450,45,5,9921.88
7451,7451,157,3,12947.92
7452,7452,14,5,1200.29
7453,7453,6,5,21150.77
7454,7454,38,2,5822.86
7455,7455,13,4,10634.86
7456,7456,66,4,21839.21
7457,7457,88,1,10810.93
7458,7458,90,5,16959.04
7459,7459,69,5,7059.92
7460,7460,41,3,4660.83
7461,7461,138,1,1398.1
7462,7462,29,2,3278.0
7463,7463,73,3,896.37
7464,7464,125,1,6220.2
7465,7465,104,3,17468.31
7466,7466,39,3,17650.3
7467,7467,183,4,13427.6
7468,7468,170,2,4852.6
7469,7469,27,1,15343.35
7470,7470,88,2,10810.93
7471,7471,143,1,14111.6
7472,7472,106,4,16769.45
7473,7473,33,5,351.77
7474,7474,68,4,21527.67
7475,7475,139,4,4801.64
7476,7476,29,1,3278.0
7477,7477,47,2,14713.56
7478,7478,83,3,16795.16
7479,7479,186,5,21268.61
7480,7480,175,5,24477.29
7481,7481,43,2,15077.83
7482,7482,30,2,4085.97
7483,7483,66,3,21839.21
7484,7484,170,3,4852.6
7485,7485,191,5,955.75
7486,7486,94,5,4040.83
7487,7487,176,1,4315.47
7488,7488,18,2,6431.52
7489,7489,139,2,4801.64
7490,7490,141,3,23613.7
7491,7491,8,1,11385.66
7492,7492,140,2,3677.83
7493,7493,79,1,27672.78
7494,7494,161,5,377.71
7495,7495,136,2,16321.7
7496,7496,58,4,2402.97
7497,7497,40,2,13014.18
7498,7498,167,5,8144.35
7499,7499,14,5,1200.29
7500,7500,101,3,8547.18
7501,7501,8,4,11385.66
7502,7502,39,5,17650.3
7503,7503,12,5,28934.67
7504,7504,112,5,13028.13
7505,7505,1,2,21191.29
7506,7506,159,1,5770.16
7507,7507,58,3,2402.97
7508,7508,167,4,8144.35
7509,7509,26,3,12546.76
7510,7510,188,2,996.04
7511,7511,31,4,8530.85
7512,7512,182,5,7031.34
7513,7513,30,1,4085.97
7514,7514,91,4,24150.89
7515,7515,81,5,19237.52
7516,7516,144,4,25378.87
7517,7517,197,1,10336.5
7518,7518,37,1,19923.36
7519,7519,123,1,12118.15
7520,7520,100,5,12627.27
7521,7521,48,3,11405.06
7522,7522,80,2,23718.28
7523,7523,42,3,3206.85
7524,7524,98,3,740.62
7525,7525,160,3,574.04
7526,7526,146,1,7872.91
7527,7527,30,5,4085.97
7528,7528,177,5,25108.98
7529,7529,141,1,23613.7
7530,7530,149,3,15111.25
7531,7531,172,3,11683.09
7532,7532,75,3,27545.83
7533,7533,104,4,17468.31
7534,7534,129,2,9625.23
7535,7535,147,2,17781.52
7536,7536,148,5,4657.5
7537,7537,44,2,23468.86
7538,7538,103,3,6595.4
7539,7539,15,4,10692.78
7540,7540,8,3,11385.66
7541,7541,12,4,28934.67
7542,7542,135,4,21436.4
7543,7543,11,1,11525.15
7544,7544,111,2,14461.81
7545,7545,51,1,4582.1
7546,7546,174,5,17094.14
7547,7547,5,4,1235.05
7548,7548,190,2,4782.23
7549,7549,50,3,8022.24
7550,7550,67,2,10450.83
7551,7551,151,3,18344.56
7552,7552,130,1,13160.01
7553,7553,200,2,20420.05
7554,7554,29,4,3278.0
7555,7555,63,1,7112.08
7556,7556,191,2,955.75
7557,7557,158,2,24324.06
7558,7558,176,3,4315.47
7559,7559,23,2,15541.22
7560,7560,165,5,2455.33
7561,7561,189,5,5861.15
7562,7562,64,4,2967.21
7563,7563,71,1,17028.76
7564,7564,157,2,12947.92
7565,7565,83,5,16795.16
7566,7566,65,3,10719.81
7567,7567,11,4,11525.15
7568,7568,116,2,3984.38
7569,7569,152,2,14395.46
7570,7570,1,2,21191.29
7571,7571,130,3,13160.01
7572,7572,39,5,17650.3
7573,7573,169,4,16919.54
7574,7574,142,5,17820.58
7575,7575,21,2,4061.98
7576,7576,38,4,5822.86
7577,7577,43,1,15077.83
7578,7578,174,3,17094.14
7579,7579,185,5,17714.54
7580,7580,97,1,15480.83
7581,7581,6,1,21150.77
7582,7582,179,3,13532.44
7583,7583,171,4,11785.29
7584,7584,41,3,4660.83
7585,7585,164,2,5452.82
7586,7586,88,3,10810.93
7587,7587,143,5,14111.6
7588,7588,13,4,10634.86
7589,7589,158,2,24324.06
7590,7590,171,2,11785.29
7591,7591,103,2,6595.4
7592,7592,139,5,4801.64
7593,7593,195,1,16085.73
7594,7594,175,4,24477.29
7595,7595,158,3,24324.06
7596,7596,118,3,14798.89
7597,7597,175,4,24477.29
7598,7598,23,5,15541.22
7599,7599,200,2,20420.05
7600,7600,171,2,11785.29
7601,7601,59,3,8391.44
7602,7602,6,1,21150.77
7603,7603,23,3,15541.22
7604,7604,119,3,5173.11
7605,7605,80,5,23718.28
7606,7606,133,5,2299.38
7607,7607,51,4,4582.1
7608,7608,99,2,20431.12
7609,7609,69,2,7059.92
7610,7610,178,5,823.83
7611,7611,23,2,15541.22
7612,7612,5,2,1235.05
7613,7613,109,3,1949.14
7614,7614,124,5,7049.35
7615,7615,31,1,8530.85
7616,7616,194,5,12707.5
7617,7617,46,5,9915.48
7618,7618,54,5,13304.66
7619,7619,159,2,5770.16
7620,7620,182,2,7031.34
7621,7621,2,3,15826.16
7622,7622,127,4,7022.99
7623,7623,110,4,28002.99
7624,7624,160,1,574.04
7625,7625,9,3,7868.98
7626,7626,126,5,11041.81
7627,7627,180,5,14598.18
7628,7628,137,1,14887.13
7629,7629,13,1,10634.86
7630,7630,36,5,15665.94
7631,7631,108,4,14335.21
7632,7632,156,3,17418.26
7633,7633,52,3,1034.09
7634,7634,48,2,11405.06
7635,7635,96,5,20513.9
7636,7636,125,5,6220.2
7637,7637,176,4,4315.47
7638,7638,141,4,23613.7
7639,7639,62,5,17180.02
7640,7640,190,4,4782.23
7641,7641,99,2,20431.12
7642,7642,37,3,19923.36
7643,7643,10,2,27040.17
7644,7644,150,3,3511.86
7645,7645,165,5,2455.33
7646,7646,50,2,8022.24
7647,7647,52,4,1034.09
7648,7648,146,4,7872.91
7649,7649,20,2,5539.73
7650,7650,75,1,27545.83
7651,7651,15,1,10692.78
7652,7652,23,1,15541.22
7653,7653,5,1,1235.05
7654,7654,65,2,10719.81
7655,7655,100,3,12627.27
7656,7656,28,2,16098.38
7657,7657,116,1,3984.38
7658,7658,171,2,11785.29
7659,7659,62,4,17180.02
7660,7660,107,1,5735.07
7661,7661,42,5,3206.85
7662,7662,36,5,15665.94
7663,7663,154,1,23101.64
7664,7664,66,3,21839.21
7665,7665,58,3,2402.97
7666,7666,151,2,18344.56
7667,7667,3,2,13312.12
7668,7668,36,1,15665.94
7669,7669,104,2,17468.31
7670,7670,148,2,4657.5
7671,7671,140,4,3677.83
7672,7672,108,2,14335.21
7673,7673,190,5,4782.23
7674,7674,105,4,9571.88
7675,7675,59,2,8391.44
7676,7676,36,1,15665.94
7677,7677,92,1,15601.31
7678,7678,122,1,7649.28
7679,7679,4,4,5202.8
7680,7680,125,5,6220.2
7681,7681,106,5,16769.45
7682,7682,119,1,5173.11
7683,7683,113,4,16263.55
7684,7684,55,3,6404.02
7685,7685,97,3,15480.83
7686,7686,119,2,5173.11
7687,7687,157,4,12947.92
7688,7688,177,4,25108.98
7689,7689,148,3,4657.5
7690,7690,30,1,4085.97
7691,7691,38,4,5822.86
7692,7692,36,2,15665.94
7693,7693,47,5,14713.56
7694,7694,56,3,23513.58
7695,7695,17,4,19432.15
7696,7696,83,4,16795.16
7697,7697,66,3,21839.21
7698,7698,138,3,1398.1
7699,7699,151,4,18344.56
7700,7700,130,1,13160.01
7701,7701,30,4,4085.97
7702,7702,140,3,3677.83
7703,7703,144,3,25378.87
7704,7704,40,4,13014.18
7705,7705,56,3,23513.58
7706,7706,74,2,7274.5
7707,7707,127,5,7022.99
7708,7708,85,4,3493.07
7709,7709,53,1,878.34
7710,7710,62,5,17180.02
7711,7711,139,3,4801.64
7712,7712,129,1,9625.23
7713,7713,180,5,14598.18
7714,7714,110,1,28002.99
7715,7715,151,4,18344.56
7716,7716,1,1,21191.29
7717,7717,18,4,6431.52
7718,7718,164,4,5452.82
7719,7719,171,5,11785.29
7720,7720,177,4,25108.98
7721,7721,194,4,12707.5
7722,7722,110,5,28002.99
7723,7723,37,4,19923.36
7724,7724,119,4,5173.11
7725,7725,159,4,5770.16
7726,7726,68,4,21527.67
7727,7727,184,2,2190.56
7728,7728,173,3,3363.26
7729,7729,51,1,4582.1
7730,7730,145,5,10429.51
7731,7731,183,3,13427.6
7732,7732,176,2,4315.47
7733,7733,200,3,20420.05
7734,7734,56,3,23513.58
7735,7735,21,3,4061.98
7736,7736,109,4,1949.14
7737,7737,12,1,28934.67
7738,7738,122,5,7649.28
7739,7739,15,3,10692.78
7740,7740,24,1,13804.57
7741,7741,84,5,27377.47
7742,7742,85,1,3493.07
7743,7743,90,3,16959.04
7744,7744,186,4,21268.61
7745,7745,113,2,16263.55
7746,7746,13,2,10634.86
7747,7747,141,4,23613.7
7748,7748,52,1,1034.09
7749,7749,51,3,4582.1
7750,7750,45,4,9921.88
7751,7751,118,4,14798.89
7752,7752,64,1,2967.21
7753,7753,51,5,4582.1
7754,7754,180,4,14598.18
7755,7755,98,1,740.62
7756,7756,168,2,929.8
7757,7757,82,1,17607.83
7758,7758,136,2,16321.7
7759,7759,112,3,13028.13
7760,7760,61,3,3768.98
7761,7761,132,2,3487.55
7762,7762,189,2,5861.15
7763,7763,112,1,13028.13
7764,7764,116,5,3984.38
7765,7765,123,5,12118.15
7766,7766,10,1,27040.17
7767,7767,62,4,17180.02
7768,7768,83,1,16795.16
7769,7769,9,5,7868.98
7770,7770,148,4,4657.5
7771,7771,83,4,16795.16
7772,7772,76,5,6546.83
7773,7773,175,1,24477.29
7774,7774,109,5,1949.14
7775,7775,26,4,12546.76
7776,7776,154,3,23101.64
7777,7777,140,3,3677.83
7778,7778,36,5,15665.94
7779,7779,71,2,17028.76
7780,7780,137,5,14887.13
7781,7781,80,4,23718.28
7782,7782,200,2,20420.05
7783,7783,147,4,17781.52
7784,7784,200,1,20420.05
7785,7785,190,4,4782.23
7786,7786,5,5,1235.05
7787,7787,3,2,13312.12
7788,7788,112,4,13028.13
7789,7789,17,4,19432.15
7790,7790,157,4,12947.92
7791,7791,56,1,23513.58
7792,7792,5,3,1235.05
7793,7793,126,2,11041.81
7794,7794,117,3,20433.55
7795,7795,31,3,8530.85
7796,7796,49,1,9269.71
7797,7797,53,5,878.34
7798,7798,138,4,1398.1
7799,7799,39,5,17650.3
7800,7800,91,3,24150.89
7801,7801,28,4,16098.38
7802,7802,126,2,11041.81
7803,7803,39,3,17650.3
7804,7804,188,4,996.04
7805,7805,143,4,14111.6
7806,7806,98,4,740.62
7807,7807,57,1,12361.23
7808,7808,48,2,11405.06
7809,7809,95,1,8444.18
7810,7810,172,1,11683.09
7811,7811,142,5,17820.58
7812,7812,122,4,7649.28
7813,7813,50,4,8022.24
7814,7814,60,2,5460.7
7815,7815,165,1,2455.33
7816,7816,186,2,21268.61
7817,7817,105,5,9571.88
7818,7818,58,1,2402.97
7819,7819,131,4,9463.24
7820,7820,128,5,1071.68
7821,7821,61,4,3768.98
7822,7822,165,1,2455.33
7823,7823,69,5,7059.92
7824,7824,182,5,7031.34
7825,7825,4,4,5202.8
7826,7826,95,2,8444.18
7827,7827,66,3,21839.21
7828,7828,173,5,3363.26
7829,7829,7,3,18492.28
7830,7830,100,1,12627.27
7831,7831,182,1,7031.34
7832,7832,34,5,3657.63
7833,7833,197,5,10336.5
7834,7834,101,1,8547.18
7835,7835,140,1,3677.83
7836,7836,89,1,22077.15
7837,7837,177,3,25108.98
7838,7838,129,3,9625.23
7839,7839,197,1,10336.5
7840,7840,1,4,21191.29
7841,7841,84,2,27377.47
7842,7842,20,4,5539.73
7843,7843,136,3,16321.7
7844,7844,148,5,4657.5
7845,7845,38,1,5822.86
7846,7846,184,3,2190.56
7847,7847,79,2,27672.78
7848,7848,162,5,6165.41
7849,7849,46,3,9915.48
7850,7850,141,2,23613.7
7851,7851,77,1,16616.81
7852,7852,59,5,8391.44
7853,7853,83,2,16795.16
7854,7854,114,1,12921.43
7855,7855,36,1,15665.94
7856,7856,41,4,4660.83
7857,7857,178,3,823.83
7858,7858,84,3,27377.47
7859,7859,71,1,17028.76
7860,7860,55,4,6404.02
7861,7861,154,1,23101.64
7862,7862,175,3,24477.29
7863,7863,190,5,4782.23
7864,7864,134,3,904.04
7865,7865,48,5,11405.06
7866,7866,51,3,4582.1
7867,7867,109,2,1949.14
7868,7868,99,1,20431.12
7869,7869,168,2,929.8
7870,7870,85,2,3493.07
7871,7871,58,5,2402.97
7872,7872,132,4,3487.55
7873,7873,176,4,4315.47
7874,7874,6,5,21150.77
7875,7875,175,4,24477.29
7876,7876,6,2,21150.77
7877,7877,8,3,11385.66
7878,7878,128,5,1071.68
7879,7879,96,1,20513.9
7880,7880,73,1,896.37
7881,7881,27,5,15343.35
7882,7882,4,1,5202.8
7883,7883,86,4,12094.11
7884,7884,71,1,17028.76
7885,7885,200,3,20420.05
7886,7886,26,1,12546.76
7887,7887,149,1,15111.25
7888,7888,41,5,4660.83
7889,7889,73,4,896.37
7890,7890,26,4,12546.76
7891,7891,70,3,12988.47
7892,7892,75,1,27545.83
7893,7893,40,4,13014.18
7894,7894,187,3,11738.99
7895,7895,158,3,24324.06
7896,7896,56,4,23513.58
7897,7897,156,3,17418.26
7898,7898,70,2,12988.47
7899,7899,36,1,15665.94
7900,7900,182,4,7031.34
7901,7901,59,4,8391.44
7902,7902,60,5,5460.7
7903,7903,178,3,823.83
7904,7904,53,2,878.34
7905,7905,69,2,7059.92
7906,7906,132,1,3487.55
7907,7907,11,4,11525.15
7908,7908,137,4,14887.13
7909,7909,182,1,7031.34
7910,7910,148,4,4657.5
7911,7911,54,5,13304.66
7912,7912,117,5,20433.55
7913,7913,88,2,10810.93
7914,7914,159,1,5770.16
7915,7915,196,3,10134.09
7916,7916,83,4,16795.16
7917,7917,200,3,20420.05
7918,7918,143,5,14111.6
7919,7919,193,2,9071.96
7920,7920,96,3,20513.9
7921,7921,172,1,11683.09
7922,7922,77,2,16616.81
7923,7923,44,5,23468.86
7924,7924,173,4,3363.26
7925,7925,174,1,17094.14
7926,7926,10,2,27040.17
7927,7927,58,4,2402.97
7928,7928,84,3,27377.47
7929,7929,92,2,15601.31
7930,7930,91,1,24150.89
7931,7931,92,4,15601.31
7932,7932,188,5,996.04
7933,7933,48,1,11405.06
7934,7934,73,5,896.37
7935,7935,183,5,13427.6
7936,7936,159,1,5770.16
7937,7937,39,2,17650.3
7938,7938,58,5,2402.97
7939,7939,160,4,574.04
7940,7940,107,2,5735.07
7941,7941,171,1,11785.29
7942,7942,75,4,27545.83
7943,7943,80,2,23718.28
7944,7944,42,4,3206.85
7945,7945,145,1,10429.51
7946,7946,196,2,10134.09
7947,7947,35,1,16408.02
7948,7948,187,1,11738.99
7949,7949,185,3,17714.54
7950,7950,140,3,3677.83
7951,7951,32,5,5374.36
7952,7952,161,5,377.71
7953,7953,62,4,17180.02
7954,7954,85,5,3493.07
7955,7955,89,2,22077.15
7956,7956,12,5,28934.67
7957,7957,13,4,10634.86
7958,7958,188,2,996.04
7959,7959,75,2,27545.83
7960,7960,86,4,12094.11
7961,7961,63,5,7112.08
7962,7962,163,1,3797.21
7963,7963,57,2,12361.23
7964,7964,130,3,13160.01
7965,7965,80,1,23718.28
7966,7966,59,5,8391.44
7967,7967,140,5,3677.83
7968,7968,93,3,18565.89
7969,7969,188,4,996.04
7970,7970,7,3,18492.28
7971,7971,56,5,23513.58
7972,7972,138,3,1398.1
7973,7973,128,1,1071.68
7974,7974,182,5,7031.34
7975,7975,22,2,10992.16
7976,7976,121,2,14581.68
7977,7977,182,3,7031.34
7978,7978,168,5,929.8
7979,7979,70,4,12988.47
7980,7980,176,1,4315.47
7981,7981,119,2,5173.11
7982,7982,135,1,21436.4
7983,7983,32,4,5374.36
7984,7984,126,4,11041.81
7985,7985,8,3,11385.66
7986,7986,56,4,23513.58
7987,7987,129,1,9625.23
7988,7988,87,2,25821.69
7989,7989,161,2,377.71
7990,7990,85,3,3493.07
7991,7991,99,4,20431.12
7992,7992,14,1,1200.29
7993,7993,50,3,8022.24
7994,7994,49,1,9269.71
7995,7995,126,1,11041.81
7996,7996,124,4,7049.35
7997,7997,41,5,4660.83
7998,7998,135,2,21436.4
7999,7999,134,4,904.04
8000,8000,178,5,823.83
8001,8001,184,1,2190.56
8002,8002,103,5,6595.4
8003,8003,99,1,20431.12
8004,8004,124,3,7049.35
8005,8005,160,4,574.04
8006,8006,13,4,10634.86
8007,8007,185,3,17714.54
8008,8008,153,4,28994.85
8009,8009,196,1,10134.09
8010,8010,153,4,28994.85
8011,8011,4,5,5202.8
8012,8012,53,1,878.34
8013,8013,1,4,21191.29
8014,8014,174,5,17094.14
8015,8015,79,1,27672.78
8016,8016,17,5,19432.15
8017,8017,77,1,16616.81
8018,8018,172,1,11683.09
8019,8019,129,5,9625.23
8020,8020,128,1,1071.68
8021,8021,98,1,740.62
8022,8022,62,3,17180.02
8023,8023,147,3,17781.52
8024,8024,101,2,8547.18
8025,8025,106,3,16769.45
8026,8026,31,4,8530.85
8027,8027,172,2,11683.09
8028,8028,167,4,8144.35
8029,8029,157,3,12947.92
8030,8030,3,1,13312.12
8031,8031,70,3,12988.47
8032,8032,199,4,14879.64
8033,8033,33,4,351.77
8034,8034,62,3,17180.02
8035,8035,19,3,21294.24
8036,8036,16,5,6157.77
8037,8037,84,3,27377.47
8038,8038,182,3,7031.34
8039,8039,44,1,23468.86
8040,8040,102,5,13557.46
8041,8041,130,1,13160.01
8042,8042,116,1,3984.38
8043,8043,190,2,4782.23
8044,8044,88,5,10810.93
8045,8045,13,5,10634.86
8046,8046,72,1,16174.11
8047,8047,16,4,6157.77
8048,8048,124,2,7049.35
8049,8049,130,2,13160.01
8050,8050,153,1,28994.85
8051,8051,31,3,8530.85
8052,8052,153,2,28994.85
8053,8053,133,2,2299.38
8054,8054,151,5,18344.56
8055,8055,152,4,14395.46
8056,8056,114,1,12921.43
8057,8057,177,4,25108.98
8058,8058,49,2,9269.71
8059,8059,178,2,823.83
8060,8060,141,2,23613.7
8061,8061,60,3,5460.7
8062,8062,80,2,23718.28
8063,8063,76,1,6546.83
8064,8064,140,3,3677.83
8065,8065,82,4,17607.83
8066,8066,122,2,7649.28
8067,8067,77,1,16616.81
8068,8068,182,4,7031.34
8069,8069,171,2,11785.29
8070,8070,197,2,10336.5
8071,8071,59,4,8391.44
8072,8072,193,2,9071.96
8073,8073,16,4,6157.77
8074,8074,33,1,351.77
8075,8075,25,3,14280.01
8076,8076,129,3,9625.23
8077,8077,151,3,18344.56
8078,8078,67,4,10450.83
8079,8079,171,1,11785.29
8080,8080,123,1,12118.15
8081,8081,94,2,4040.83
8082,8082,50,3,8022.24
8083,8083,10,3,27040.17
8084,8084,111,3,14461.81
8085,8085,31,4,8530.85
8086,8086,74,2,7274.5
8087,8087,161,4,377.71
8088,8088,195,3,16085.73
8089,8089,197,2,10336.5
8090,8090,53,1,878.34
8091,8091,168,4,929.8
8092,8092,48,2,11405.06
8093,8093,131,2,9463.24
8094,8094,157,2,12947.92
8095,8095,85,5,3493.07
8096,8096,5,5,1235.05
8097,8097,98,2,740.62
8098,8098,114,2,12921.43
8099,8099,40,2,13014.18
8100,8100,182,5,7031.34
8101,8101,115,5,19349.21
8102,8102,45,2,9921.88
8103,8103,8,2,11385.66
8104,8104,156,3,17418.26
8105,8105,124,5,7049.35
8106,8106,131,3,9463.24
8107,8107,58,2,2402.97
8108,8108,123,4,12118.15
8109,8109,16,4,6157.77
8110,8110,169,1,16919.54
8111,8111,32,4,5374.36
8112,8112,189,3,5861.15
8113,8113,85,3,3493.07
8114,8114,67,2,10450.83
8115,8115,126,1,11041.81
8116,8116,87,4,25821.69
8117,8117,97,1,15480.83
8118,8118,60,2,5460.7
8119,8119,86,2,12094.11
8120,8120,87,1,25821.69
8121,8121,194,4,12707.5
8122,8122,196,2,10134.09
8123,8123,158,4,24324.06
8124,8124,70,4,12988.47
8125,8125,165,3,2455.33
8126,8126,100,4,12627.27
8127,8127,25,4,14280.01
8128,8128,76,1,6546.83
8129,8129,20,3,5539.73
8130,8130,127,5,7022.99
8131,8131,74,2,7274.5
8132,8132,193,1,9071.96
8133,8133,157,4,12947.92
8134,8134,108,3,14335.21
8135,8135,197,4,10336.5
8136,8136,29,1,3278.0
8137,8137,99,5,20431.12
8138,8138,12,1,28934.67
8139,8139,180,5,14598.18
8140,8140,94,4,4040.83
8141,8141,13,1,10634.86
8142,8142,168,3,929.8
8143,8143,6,1,21150.77
8144,8144,124,1,7049.35
8145,8145,96,3,20513.9
8146,8146,38,3,5822.86
8147,8147,20,5,5539.73
8148,8148,124,5,7049.35
8149,8149,196,1,10134.09
8150,8150,191,2,955.75
8151,8151,62,2,17180.02
8152,8152,33,5,351.77
8153,8153,64,3,2967.21
8154,8154,188,1,996.04
8155,8155,82,5,17607.83
8156,8156,160,2,574.04
8157,8157,79,4,27672.78
8158,8158,85,4,3493.07
8159,8159,156,1,17418.26
8160,8160,137,5,14887.13
8161,8161,10,1,27040.17
8162,8162,156,1,17418.26
8163,8163,127,4,7022.99
8164,8164,75,2,27545.83
8165,8165,29,4,3278.0
8166,8166,182,3,7031.34
8167,8167,199,1,14879.64
8168,8168,111,3,14461.81
8169,8169,93,4,18565.89
8170,8170,137,5,14887.13
8171,8171,52,4,1034.09
8172,8172,120,2,8634.24
8173,8173,124,1,7049.35
8174,8174,135,5,21436.4
8175,8175,79,2,27672.78
8176,8176,116,5,3984.38
8177,8177,191,1,955.75
8178,8178,36,1,15665.94
8179,8179,193,4,9071.96
8180,8180,58,3,2402.97
8181,8181,108,3,14335.21
8182,8182,39,4,17650.3
8183,8183,159,3,5770.16
8184,8184,132,3,3487.55
8185,8185,57,5,12361.23
8186,8186,51,1,4582.1
8187,8187,126,5,11041.81
8188,8188,63,5,7112.08
8189,8189,20,1,5539.73
8190,8190,63,4,7112.08
8191,8191,105,1,9571.88
8192,8192,112,4,13028.13
8193,8193,104,3,17468.31
8194,8194,152,3,14395.46
8195,8195,191,4,955.75
8196,8196,167,2,8144.35
8197,8197,156,4,17418.26
8198,8198,171,1,11785.29
8199,8199,11,1,11525.15
8200,8200,126,1,11041.81
8201,8201,128,2,1071.68
8202,8202,11,1,11525.15
8203,8203,78,4,3968.49
8204,8204,43,2,15077.83
8205,8205,72,3,16174.11
8206,8206,57,5,12361.23
8207,8207,91,1,24150.89
8208,8208,80,3,23718.28
8209,8209,52,4,1034.09
8210,8210,58,2,2402.97
8211,8211,21,3,4061.98
8212,8212,70,2,12988.47
8213,8213,198,2,7897.84
8214,8214,86,5,12094.11
8215,8215,44,2,23468.86
8216,8216,129,3,9625.23
8217,8217,159,4,5770.16
8218,8218,174,1,17094.14
8219,8219,21,4,4061.98
8220,8220,113,4,16263.55
8221,8221,75,3,27545.83
8222,8222,136,3,16321.7
8223,8223,144,2,25378.87
8224,8224,173,1,3363.26
8225,8225,50,3,8022.24
8226,8226,157,3,12947.92
8227,8227,72,4,16174.11
8228,8228,66,1,21839.21
8229,8229,44,2,23468.86
8230,8230,159,3,5770.16
8231,8231,186,4,21268.61
8232,8232,162,2,6165.41
8233,8233,41,3,4660.83
8234,8234,85,4,3493.07
8235,8235,3,2,13312.12
8236,8236,147,5,17781.52
8237,8237,42,1,3206.85
8238,8238,72,4,16174.11
8239,8239,85,5,3493.07
8240,8240,42,4,3206.85
8241,8241,154,1,23101.64
8242,8242,166,2,17663.18
8243,8243,39,1,17650.3
8244,8244,111,1,14461.81
8245,8245,106,1,16769.45
8246,8246,126,5,11041.81
8247,8247,112,2,13028.13
8248,8248,40,4,13014.18
8249,8249,127,5,7022.99
8250,8250,53,1,878.34
8251,8251,176,3,4315.47
8252,8252,83,4,16795.16
8253,8253,196,4,10134.09
8254,8254,44,2,23468.86
8255,8255,29,5,3278.0
8256,8256,135,1,21436.4
8257,8257,50,2,8022.24
8258,8258,35,1,16408.02
8259,8259,113,4,16263.55
8260,8260,45,2,9921.88
8261,8261,168,3,929.8
8262,8262,120,4,8634.24
8263,8263,77,5,16616.81
8264,8264,103,3,6595.4
8265,8265,12,3,28934.67
8266,8266,28,2,16098.38
8267,8267,93,2,18565.89
8268,8268,190,2,4782.23
8269,8269,171,2,11785.29
8270,8270,82,4,17607.83
8271,8271,53,5,878.34
8272,8272,134,2,904.04
8273,8273,115,4,19349.21
8274,8274,3,4,13312.12
8275,8275,27,5,15343.35
8276,8276,167,5,8144.35
8277,8277,149,5,15111.25
8278,8278,199,2,14879.64
8279,8279,46,5,9915.48
8280,8280,174,5,17094.14
8281,8281,78,1,3968.49
8282,8282,33,5,351.77
8283,8283,132,3,3487.55
8284,8284,173,1,3363.26
8285,8285,8,4,11385.66
8286,8286,86,1,12094.11
8287,8287,178,4,823.83
8288,8288,106,1,16769.45
8289,8289,191,3,955.75
8290,8290,61,5,3768.98
8291,8291,42,3,3206.85
8292,8292,53,5,878.34
8293,8293,25,1,14280.01
8294,8294,51,1,4582.1
8295,8295,181,5,8035.92
8296,8296,189,2,5861.15
8297,8297,157,1,12947.92
8298,8298,48,2,11405.06
8299,8299,60,2,5460.7
8300,8300,131,1,9463.24
8301,8301,146,1,7872.91
8302,8302,135,5,21436.4
8303,8303,186,4,21268.61
8304,8304,149,1,15111.25
8305,8305,115,2,19349.21
8306,8306,87,4,25821.69
8307,8307,93,5,18565.89
8308,8308,181,2,8035.92
8309,8309,193,1,9071.96
8310,8310,40,2,13014.18
8311,8311,196,5,10134.09
8312,8312,141,3,23613.7
8313,8313,64,1,2967.21
8314,8314,164,1,5452.82
8315,8315,108,4,14335.21
8316,8316,125,3,6220.2
8317,8317,122,5,7649.28
8318,8318,182,1,7031.34
8319,8319,49,3,9269.71
8320,8320,168,4,929.8
8321,8321,184,5,2190.56
8322,8322,146,5,7872.91
8323,8323,70,5,12988.47
8324,8324,20,5,5539.73
8325,8325,149,4,15111.25
8326,8326,125,3,6220.2
8327,8327,77,3,16616.81
8328,8328,187,3,11738.99
8329,8329,191,4,955.75
8330,8330,37,3,19923.36
8331,8331,193,3,9071.96
8332,8332,108,1,14335.21
8333,8333,70,4,12988.47
8334,8334,80,1,23718.28
8335,8335,173,3,3363.26
8336,8336,108,2,14335.21
8337,8337,148,3,4657.5
8338,8338,1,4,21191.29
8339,8339,79,4,27672.78
8340,8340,182,3,7031.34
8341,8341,25,2,14280.01
8342,8342,88,5,10810.93
8343,8343,144,5,25378.87
8344,8344,172,4,11683.09
8345,8345,20,5,5539.73
8346,8346,123,4,12118.15
8347,8347,160,3,574.04
8348,8348,157,5,12947.92
8349,8349,180,4,14598.18
8350,8350,55,4,6404.02
8351,8351,97,5,15480.83
8352,8352,127,4,7022.99
8353,8353,84,1,27377.47
8354,8354,112,4,13028.13
8355,8355,137,3,14887.13
8356,8356,73,5,896.37
8357,8357,114,3,12921.43
8358,8358,5,2,1235.05
8359,8359,139,1,4801.64
8360,8360,37,2,19923.36
8361,8361,185,1,17714.54
8362,8362,64,2,2967.21
8363,8363,107,4,5735.07
8364,8364,122,4,7649.28
8365,8365,69,2,7059.92
8366,8366,34,1,3657.63
8367,8367,103,3,6595.4
8368,8368,142,4,17820.58
8369,8369,159,3,5770.16
8370,8370,143,3,14111.6
8371,8371,135,3,21436.4
8372,8372,63,5,7112.08
8373,8373,22,4,10992.16
8374,8374,121,4,14581.68
8375,8375,34,2,3657.63
8376,8376,40,4,13014.18
8377,8377,197,2,10336.5
8378,8378,36,3,15665.94
8379,8379,66,5,21839.21
8380,8380,59,2,8391.44
8381,8381,41,5,4660.83
8382,8382,46,3,9915.48
8383,8383,121,5,14581.68
8384,8384,13,4,10634.86
8385,8385,156,3,17418.26
8386,8386,14,5,1200.29
8387,8387,163,1,3797.21
8388,8388,52,5,1034.09
8389,8389,173,1,3363.26
8390,8390,32,5,5374.36
8391,8391,47,2,14713.56
8392,8392,43,4,15077.83
8393,8393,115,3,19349.21
8394,8394,166,1,17663.18
8395,8395,138,1,1398.1
8396,8396,160,5,574.04
8397,8397,25,2,14280.01
8398,8398,93,2,18565.89
8399,8399,123,2,12118.15
8400,8400,168,5,929.8
8401,8401,1,5,21191.29
8402,8402,114,2,12921.43
8403,8403,99,2,20431.12
8404,8404,114,4,12921.43
8405,8405,143,1,14111.6
8406,8406,156,4,17418.26
8407,8407,42,2,3206.85
8408,8408,9,2,7868.98
8409,8409,91,3,24150.89
8410,8410,108,4,14335.21
8411,8411,143,5,14111.6
8412,8412,181,3,8035.92
8413,8413,82,4,17607.83
8414,8414,190,5,4782.23
8415,8415,89,4,22077.15
8416,8416,100,1,12627.27
8417,8417,138,1,1398.1
8418,8418,47,4,14713.56
8419,8419,41,5,4660.83
8420,8420,15,1,10692.78
8421,8421,95,2,8444.18
8422,8422,180,2,14598.18
8423,8423,40,2,13014.18
8424,8424,27,1,15343.35
8425,8425,45,4,9921.88
8426,8426,195,4,16085.73
8427,8427,143,1,14111.6
8428,8428,134,3,904.04
8429,8429,194,3,12707.5
8430,8430,194,3,12707.5
8431,8431,163,4,3797.21
8432,8432,60,1,5460.7
8433,8433,39,3,17650.3
8434,8434,172,3,11683.09
8435,8435,136,4,16321.7
8436,8436,4,5,5202.8
8437,8437,63,4,7112.08
8438,8438,16,4,6157.77
8439,8439,98,2,740.62
8440,8440,37,2,19923.36
8441,8441,64,5,2967.21
8442,8442,68,4,21527.67
8443,8443,136,1,16321.7
8444,8444,29,2,3278.0
8445,8445,139,3,4801.64
8446,8446,174,2,17094.14
8447,8447,93,1,18565.89
8448,8448,126,5,11041.81
8449,8449,43,3,15077.83
8450,8450,108,2,14335.21
8451,8451,54,4,13304.66
8452,8452,104,5,17468.31
8453,8453,123,4,12118.15
8454,8454,189,1,5861.15
8455,8455,179,4,13532.44
8456,8456,197,2,10336.5
8457,8457,101,1,8547.18
8458,8458,9,4,7868.98
8459,8459,65,5,10719.81
8460,8460,3,3,13312.12
8461,8461,66,1,21839.21
8462,8462,114,2,12921.43
8463,8463,67,3,10450.83
8464,8464,160,1,574.04
8465,8465,181,3,8035.92
8466,8466,107,2,5735.07
8467,8467,98,3,740.62
8468,8468,196,4,10134.09
8469,8469,92,1,15601.31
8470,8470,186,1,21268.61
8471,8471,163,2,3797.21
8472,8472,200,4,20420.05
8473,8473,20,5,5539.73
8474,8474,50,3,8022.24
8475,8475,99,3,20431.12
8476,8476,29,5,3278.0
8477,8477,56,5,23513.58
8478,8478,96,4,20513.9
8479,8479,104,2,17468.31
8480,8480,168,4,929.8
8481,8481,41,2,4660.83
8482,8482,159,1,5770.16
8483,8483,185,4,17714.54
8484,8484,124,2,7049.35
8485,8485,7,3,18492.28
8486,8486,49,1,9269.71
8487,8487,122,1,7649.28
8488,8488,1,2,21191.29
8489,8489,190,3,4782.23
8490,8490,33,3,351.77
8491,8491,65,2,10719.81
8492,8492,134,5,904.04
8493,8493,18,4,6431.52
8494,8494,167,4,8144.35
8495,8495,144,3,25378.87
8496,8496,178,2,823.83
8497,8497,11,2,11525.15
8498,8498,75,3,27545.83
8499,8499,101,5,8547.18
8500,8500,45,1,9921.88
8501,8501,149,2,15111.25
8502,8502,191,3,955.75
8503,8503,18,4,6431.52
8504,8504,108,2,14335.21
8505,8505,133,2,2299.38
8506,8506,195,3,16085.73
8507,8507,140,2,3677.83
8508,8508,59,3,8391.44
8509,8509,180,2,14598.18
8510,8510,32,2,5374.36
8511,8511,117,3,20433.55
8512,8512,83,4,16795.16
8513,8513,64,2,2967.21
8514,8514,170,2,4852.6
8515,8515,135,5,21436.4
8516,8516,52,1,1034.09
8517,8517,98,5,740.62
8518,8518,8,5,11385.66
8519,8519,34,1,3657.63
8520,8520,193,5,9071.96
8521,8521,40,4,13014.18
8522,8522,17,1,19432.15
8523,8523,10,5,27040.17
8524,8524,34,5,3657.63
8525,8525,102,1,13557.46
8526,8526,3,4,13312.12
8527,8527,184,4,2190.56
8528,8528,112,3,13028.13
8529,8529,57,5,12361.23
8530,8530,56,2,23513.58
8531,8531,70,3,12988.47
8532,8532,18,3,6431.52
8533,8533,58,5,2402.97
8534,8534,166,4,17663.18
8535,8535,198,5,7897.84
8536,8536,22,2,10992.16
8537,8537,63,1,7112.08
8538,8538,6,4,21150.77
8539,8539,8,3,11385.66
8540,8540,157,4,12947.92
8541,8541,61,5,3768.98
8542,8542,59,5,8391.44
8543,8543,144,3,25378.87
8544,8544,54,1,13304.66
8545,8545,78,3,3968.49
8546,8546,84,1,27377.47
8547,8547,60,5,5460.7
8548,8548,110,2,28002.99
8549,8549,63,1,7112.08
8550,8550,4,4,5202.8
8551,8551,142,1,17820.58
8552,8552,10,4,27040.17
8553,8553,53,3,878.34
8554,8554,159,5,5770.16
8555,8555,164,1,5452.82
8556,8556,159,4,5770.16
8557,8557,76,4,6546.83
8558,8558,149,2,15111.25
8559,8559,16,5,6157.77
8560,8560,158,3,24324.06
8561,8561,129,4,9625.23
8562,8562,97,4,15480.83
8563,8563,34,3,3657.63
8564,8564,178,5,823.83
8565,8565,55,4,6404.02
8566,8566,50,4,8022.24
8567,8567,156,4,17418.26
8568,8568,26,4,12546.76
8569,8569,33,5,351.77
8570,8570,93,5,18565.89
8571,8571,130,2,13160.01
8572,8572,156,1,17418.26
8573,8573,81,2,19237.52
8574,8574,118,3,14798.89
8575,8575,28,5,16098.38
8576,8576,126,2,11041.81
8577,8577,111,1,14461.81
8578,8578,160,2,574.04
8579,8579,105,4,9571.88
8580,8580,140,3,3677.83
8581,8581,66,4,21839.21
8582,8582,46,5,9915.48
8583,8583,169,1,16919.54
8584,8584,133,3,2299.38
8585,8585,28,2,16098.38
8586,8586,12,4,28934.67
8587,8587,83,4,16795.16
8588,8588,191,5,955.75
8589,8589,20,1,5539.73
8590,8590,50,4,8022.24
8591,8591,139,1,4801.64
8592,8592,6,3,21150.77
8593,8593,44,4,23468.86
8594,8594,12,3,28934.67
8595,8595,79,2,27672.78
8596,8596,112,2,13028.13
8597,8597,152,2,14395.46
8598,8598,50,4,8022.24
8599,8599,144,4,25378.87
8600,8600,136,5,16321.7
8601,8601,26,1,12546.76
8602,8602,85,4,3493.07
8603,8603,52,4,1034.09
8604,8604,150,4,3511.86
8605,8605,9,1,7868.98
8606,8606,6,2,21150.77
8607,8607,74,2,7274.5
8608,8608,62,1,17180.02
8609,8609,138,2,1398.1
8610,8610,124,4,7049.35
8611,8611,118,4,14798.89
8612,8612,82,2,17607.83
8613,8613,49,2,9269.71
8614,8614,175,5,24477.29
8615,8615,106,3,16769.45
8616,8616,198,2,7897.84
8617,8617,48,3,11405.06
8618,8618,26,2,12546.76
8619,8619,149,3,15111.25
8620,8620,29,4,3278.0
8621,8621,166,3,17663.18
8622,8622,17,5,19432.15
8623,8623,10,1,27040.17
8624,8624,188,5,996.04
8625,8625,96,2,20513.9
8626,8626,101,2,8547.18
8627,8627,142,1,17820.58
8628,8628,85,4,3493.07
8629,8629,172,5,11683.09
8630,8630,80,2,23718.28
8631,8631,83,4,16795.16
8632,8632,188,2,996.04
8633,8633,19,3,21294.24
8634,8634,93,4,18565.89
8635,8635,173,2,3363.26
8636,8636,12,1,28934.67
8637,8637,117,5,20433.55
8638,8638,190,5,4782.23
8639,8639,188,5,996.04
8640,8640,192,4,2957.41
8641,8641,27,4,15343.35
8642,8642,26,2,12546.76
8643,8643,184,2,2190.56
8644,8644,2,3,15826.16
8645,8645,200,2,20420.05
8646,8646,99,2,20431.12
8647,8647,123,5,12118.15
8648,8648,150,1,3511.86
8649,8649,149,4,15111.25
8650,8650,81,5,19237.52
8651,8651,129,1,9625.23
8652,8652,109,2,1949.14
8653,8653,51,1,4582.1
8654,8654,154,1,23101.64
8655,8655,28,1,16098.38
8656,8656,199,1,14879.64
8657,8657,132,1,3487.55
8658,8658,52,5,1034.09
8659,8659,58,3,2402.97
8660,8660,73,3,896.37
8661,8661,138,5,1398.1
8662,8662,132,4,3487.55
8663,8663,141,2,23613.7
8664,8664,160,5,574.04
8665,8665,170,4,4852.6
8666,8666,88,2,10810.93
8667,8667,74,5,7274.5
8668,8668,104,3,17468.31
8669,8669,13,3,10634.86
8670,8670,149,3,15111.25
8671,8671,93,2,18565.89
8672,8672,9,5,7868.98
8673,8673,18,2,6431.52
8674,8674,66,3,21839.21
8675,8675,46,3,9915.48
8676,8676,194,1,12707.5
8677,8677,66,3,21839.21
8678,8678,101,3,8547.18
8679,8679,68,1,21527.67
8680,8680,109,4,1949.14
8681,8681,76,4,6546.83
8682,8682,178,3,823.83
8683,8683,49,2,9269.71
8684,8684,43,5,15077.83
8685,8685,108,4,14335.21
8686,8686,20,1,5539.73
8687,8687,123,1,12118.15
8688,8688,33,5,351.77
8689,8689,11,4,11525.15
8690,8690,187,5,11738.99
8691,8691,170,4,4852.6
8692,8692,78,2,3968.49
8693,8693,183,4,13427.6
8694,8694,80,1,23718.28
8695,8695,180,4,14598.18
8696,8696,60,5,5460.7
8697,8697,32,2,5374.36
8698,8698,84,5,27377.47
8699,8699,30,1,4085.97
8700,8700,161,4,377.71
8701,8701,106,2,16769.45
8702,8702,25,2,14280.01
8703,8703,199,2,14879.64
8704,8704,150,1,3511.86
8705,8705,83,1,16795.16
8706,8706,48,3,11405.06
8707,8707,83,5,16795.16
8708,8708,166,1,17663.18
8709,8709,198,3,7897.84
8710,8710,90,3,16959.04
8711,8711,140,2,3677.83
8712,8712,53,1,878.34
8713,8713,174,1,17094.14
8714,8714,65,3,10719.81
8715,8715,76,4,6546.83
8716,8716,104,2,17468.31
8717,8717,179,5,13532.44
8718,8718,4,3,5202.8
8719,8719,112,1,13028.13
8720,8720,56,5,23513.58
8721,8721,116,5,3984.38
8722,8722,175,2,24477.29
8723,8723,77,1,16616.81
8724,8724,189,4,5861.15
8725,8725,199,5,14879.64
8726,8726,153,3,28994.85
8727,8727,181,5,8035.92
8728,8728,151,2,18344.56
8729,8729,6,2,21150.77
8730,8730,112,2,13028.13
8731,8731,62,5,17180.02
8732,8732,158,3,24324.06
8733,8733,171,3,11785.29
8734,8734,93,2,18565.89
8735,8735,62,5,17180.02
8736,8736,12,2,28934.67
8737,8737,4,1,5202.8
8738,8738,56,4,23513.58
8739,8739,122,2,7649.28
8740,8740,140,2,3677.83
8741,8741,92,4,15601.31
8742,8742,160,2,574.04
8743,8743,66,1,21839.21
8744,8744,28,3,16098.38
8745,8745,104,2,17468.31
8746,8746,65,2,10719.81
8747,8747,26,1,12546.76
8748,8748,152,4,14395.46
8749,8749,163,4,3797.21
8750,8750,59,3,8391.44
8751,8751,112,5,13028.13
8752,8752,104,3,17468.31
8753,8753,172,3,11683.09
8754,8754,2,2,15826.16
8755,8755,94,4,4040.83
8756,8756,30,2,4085.97
8757,8757,22,4,10992.16
8758,8758,11,2,11525.15
8759,8759,68,1,21527.67
8760,8760,103,1,6595.4
8761,8761,128,4,1071.68
8762,8762,74,3,7274.5
8763,8763,69,3,7059.92
8764,8764,175,3,24477.29
8765,8765,91,4,24150.89
8766,8766,144,1,25378.87
8767,8767,125,1,6220.2
8768,8768,34,4,3657.63
8769,8769,19,3,21294.24
8770,8770,98,1,740.62
8771,8771,19,2,21294.24
8772,8772,184,4,2190.56
8773,8773,111,4,14461.81
8774,8774,139,2,4801.64
8775,8775,198,2,7897.84
8776,8776,15,1,10692.78
8777,8777,65,5,10719.81
8778,8778,105,5,9571.88
8779,8779,12,1,28934.67
8780,8780,12,2,28934.67
8781,8781,23,1,15541.22
8782,8782,183,4,13427.6
8783,8783,36,3,15665.94
8784,8784,87,4,25821.69
8785,8785,155,1,13686.84
8786,8786,54,4,13304.66
8787,8787,39,5,17650.3
8788,8788,18,1,6431.52
8789,8789,44,1,23468.86
8790,8790,71,5,17028.76
8791,8791,150,3,3511.86
8792,8792,178,5,823.83
8793,8793,61,3,3768.98
8794,8794,67,3,10450.83
8795,8795,97,2,15480.83
8796,8796,142,1,17820.58
8797,8797,16,3,6157.77
8798,8798,127,4,7022.99
8799,8799,142,3,17820.58
8800,8800,25,5,14280.01
8801,8801,30,3,4085.97
8802,8802,148,4,4657.5
8803,8803,42,5,3206.85
8804,8804,187,4,11738.99
8805,8805,119,3,5173.11
8806,8806,6,4,21150.77
8807,8807,134,2,904.04
8808,8808,152,1,14395.46
8809,8809,159,3,5770.16
8810,8810,183,2,13427.6
8811,8811,190,5,4782.23
8812,8812,95,1,8444.18
8813,8813,111,5,14461.81
8814,8814,92,1,15601.31
8815,8815,133,1,2299.38
8816,8816,123,1,12118.15
8817,8817,25,2,14280.01
8818,8818,152,2,14395.46
8819,8819,9,5,7868.98
8820,8820,190,1,4782.23
8821,8821,122,3,7649.28
8822,8822,101,4,8547.18
8823,8823,14,4,1200.29
8824,8824,65,5,10719.81
8825,8825,200,3,20420.05
8826,8826,32,4,5374.36
8827,8827,73,4,896.37
8828,8828,42,3,3206.85
8829,8829,110,5,28002.99
8830,8830,137,5,14887.13
8831,8831,92,1,15601.31
8832,8832,197,3,10336.5
8833,8833,178,2,823.83
8834,8834,51,1,4582.1
8835,8835,14,1,1200.29
8836,8836,128,1,1071.68
8837,8837,85,2,3493.07
8838,8838,139,3,4801.64
8839,8839,99,2,20431.12
8840,8840,106,2,16769.45
8841,8841,12,5,28934.67
8842,8842,187,2,11738.99
8843,8843,198,1,7897.84
8844,8844,154,2,23101.64
8845,8845,3,5,13312.12
8846,8846,83,1,16795.16
8847,8847,166,5,17663.18
8848,8848,17,4,19432.15
8849,8849,95,1,8444.18
8850,8850,44,5,23468.86
8851,8851,53,2,878.34
8852,8852,163,4,3797.21
8853,8853,59,1,8391.44
8854,8854,155,1,13686.84
8855,8855,8,5,11385.66
8856,8856,45,4,9921.88
8857,8857,192,2,2957.41
8858,8858,170,5,4852.6
8859,8859,114,5,12921.43
8860,8860,32,2,5374.36
8861,8861,173,3,3363.26
8862,8862,135,3,21436.4
8863,8863,146,3,7872.91
8864,8864,105,1,9571.88
8865,8865,95,3,8444.18
8866,8866,8,2,11385.66
8867,8867,17,5,19432.15
8868,8868,85,5,3493.07
8869,8869,2,1,15826.16
8870,8870,130,5,13160.01
8871,8871,119,2,5173.11
8872,8872,110,4,28002.99
8873,8873,161,2,377.71
8874,8874,125,1,6220.2
8875,8875,122,3,7649.28
8876,8876,151,4,18344.56
8877,8877,66,1,21839.21
8878,8878,187,4,11738.99
8879,8879,43,5,15077.83
8880,8880,39,1,17650.3
8881,8881,123,5,12118.15
8882,8882,88,4,10810.93
8883,8883,188,3,996.04
8884,8884,185,2,17714.54
8885,8885,44,4,23468.86
8886,8886,71,4,17028.76
8887,8887,54,4,13304.66
8888,8888,47,4,14713.56
8889,8889,88,5,10810.93
8890,8890,35,2,16408.02
8891,8891,127,5,7022.99
8892,8892,91,1,24150.89
8893,8893,32,1,5374.36
8894,8894,3,5,13312.12
8895,8895,118,3,14798.89
8896,8896,55,2,6404.02
8897,8897,19,5,21294.24
8898,8898,155,5,13686.84
8899,8899,133,4,2299.38
8900,8900,66,3,21839.21
8901,8901,156,1,17418.26
8902,8902,164,2,5452.82
8903,8903,22,1,10992.16
8904,8904,24,4,13804.57
8905,8905,165,2,2455.33
8906,8906,114,3,12921.43
8907,8907,64,5,2967.21
8908,8908,88,1,10810.93
8909,8909,118,1,14798.89
8910,8910,83,5,16795.16
8911,8911,86,2,12094.11
8912,8912,99,4,20431.12
8913,8913,12,2,28934.67
8914,8914,200,1,20420.05
8915,8915,170,3,4852.6
8916,8916,86,1,12094.11
8917,8917,186,2,21268.61
8918,8918,103,3,6595.4
8919,8919,144,2,25378.87
8920,8920,28,1,16098.38
8921,8921,139,1,4801.64
8922,8922,82,2,17607.83
8923,8923,179,5,13532.44
8924,8924,119,1,5173.11
8925,8925,27,5,15343.35
8926,8926,106,4,16769.45
8927,8927,62,5,17180.02
8928,8928,47,3,14713.56
8929,8929,38,1,5822.86
8930,8930,68,5,21527.67
8931,8931,43,3,15077.83
8932,8932,188,2,996.04
8933,8933,103,2,6595.4
8934,8934,43,5,15077.83
8935,8935,148,3,4657.5
8936,8936,135,1,21436.4
8937,8937,63,5,7112.08
8938,8938,193,4,9071.96
8939,8939,195,1,16085.73
8940,8940,182,1,7031.34
8941,8941,175,5,24477.29
8942,8942,151,3,18344.56
8943,8943,168,4,929.8
8944,8944,173,2,3363.26
8945,8945,10,2,27040.17
8946,8946,77,2,16616.81
8947,8947,91,3,24150.89
8948,8948,92,1,15601.31
8949,8949,52,4,1034.09
8950,8950,54,4,13304.66
8951,8951,174,5,17094.14
8952,8952,122,3,7649.28
8953,8953,190,2,4782.23
8954,8954,181,3,8035.92
8955,8955,84,5,27377.47
8956,8956,172,3,11683.09
8957,8957,2,4,15826.16
8958,8958,116,5,3984.38
8959,8959,38,3,5822.86
8960,8960,10,4,27040.17
8961,8961,185,2,17714.54
8962,8962,127,3,7022.99
8963,8963,73,5,896.37
8964,8964,90,3,16959.04
8965,8965,196,1,10134.09
8966,8966,28,5,16098.38
8967,8967,113,5,16263.55
8968,8968,13,5,10634.86
8969,8969,17,4,19432.15
8970,8970,15,5,10692.78
8971,8971,88,3,10810.93
8972,8972,143,1,14111.6
8973,8973,172,4,11683.09
8974,8974,63,2,7112.08
8975,8975,66,5,21839.21
8976,8976,25,2,14280.01
8977,8977,153,5,28994.85
8978,8978,180,2,14598.18
8979,8979,46,4,9915.48
8980,8980,48,5,11405.06
8981,8981,46,2,9915.48
8982,8982,181,2,8035.92
8983,8983,49,5,9269.71
8984,8984,4,1,5202.8
8985,8985,43,4,15077.83
8986,8986,127,3,7022.99
8987,8987,190,3,4782.23
8988,8988,149,2,15111.25
8989,8989,185,5,17714.54
8990,8990,166,1,17663.18
8991,8991,184,2,2190.56
8992,8992,46,2,9915.48
8993,8993,67,1,10450.83
8994,8994,52,1,1034.09
8995,8995,148,2,4657.5
8996,8996,96,1,20513.9
8997,8997,40,2,13014.18
8998,8998,18,2,6431.52
8999,8999,130,3,13160.01
9000,9000,1,5,21191.29
9001,9001,92,3,15601.31
9002,9002,178,1,823.83
9003,9003,170,2,4852.6
9004,9004,90,4,16959.04
9005,9005,143,3,14111.6
9006,9006,174,5,17094.14
9007,9007,101,3,8547.18
9008,9008,194,4,12707.5
9009,9009,13,5,10634.86
9010,9010,144,4,25378.87
9011,9011,10,2,27040.17
9012,9012,34,2,3657.63
9013,9013,199,4,14879.64
9014,9014,119,1,5173.11
9015,9015,94,1,4040.83
9016,9016,141,2,23613.7
9017,9017,40,4,13014.18
9018,9018,107,4,5735.07
9019,9019,172,4,11683.09
9020,9020,22,1,10992.16
9021,9021,48,1,11405.06
9022,9022,104,4,17468.31
9023,9023,73,5,896.37
9024,9024,116,4,3984.38
9025,9025,80,3,23718.28
9026,9026,103,2,6595.4
9027,9027,151,4,18344.56
9028,9028,41,5,4660.83
9029,9029,10,4,27040.17
9030,9030,193,5,9071.96
9031,9031,158,2,24324.06
9032,9032,102,4,13557.46
9033,9033,58,3,2402.97
9034,9034,72,3,16174.11
9035,9035,29,4,3278.0
9036,9036,39,1,17650.3
9037,9037,108,2,14335.21
9038,9038,85,1,3493.07
9039,9039,181,5,8035.92
9040,9040,31,2,8530.85
9041,9041,115,1,19349.21
9042,9042,64,3,2967.21
9043,9043,4,1,5202.8
9044,9044,80,4,23718.28
9045,9045,12,4,28934.67
9046,9046,142,3,17820.58
9047,9047,118,2,14798.89
9048,9048,189,3,5861.15
9049,9049,71,5,17028.76
9050,9050,152,5,14395.46
9051,9051,18,1,6431.52
9052,9052,134,5,904.04
9053,9053,130,5,13160.01
9054,9054,184,4,2190.56
9055,9055,18,2,6431.52
9056,9056,102,2,13557.46
9057,9057,145,4,10429.51
9058,9058,95,5,8444.18
9059,9059,9,2,7868.98
9060,9060,6,4,21150.77
9061,9061,95,2,8444.18
9062,9062,133,1,2299.38
9063,9063,163,5,3797.21
9064,9064,70,5,12988.47
9065,9065,161,4,377.71
9066,9066,165,1,2455.33
9067,9067,23,2,15541.22
9068,9068,94,3,4040.83
9069,9069,162,4,6165.41
9070,9070,5,4,1235.05
9071,9071,71,3,17028.76
9072,9072,177,5,25108.98
9073,9073,1,2,21191.29
9074,9074,195,5,16085.73
9075,9075,35,5,16408.02
9076,9076,157,5,12947.92
9077,9077,146,4,7872.91
9078,9078,16,3,6157.77
9079,9079,87,3,25821.69
9080,9080,111,2,14461.81
9081,9081,159,3,5770.16
9082,9082,20,5,5539.73
9083,9083,56,5,23513.58
9084,9084,106,1,16769.45
9085,9085,155,1,13686.84
9086,9086,58,4,2402.97
9087,9087,46,2,9915.48
9088,9088,8,4,11385.66
9089,9089,197,2,10336.5
9090,9090,133,2,2299.38
9091,9091,62,3,17180.02
9092,9092,19,1,21294.24
9093,9093,155,3,13686.84
9094,9094,187,3,11738.99
9095,9095,146,4,7872.91
9096,9096,10,3,27040.17
9097,9097,37,4,19923.36
9098,9098,40,3,13014.18
9099,9099,142,2,17820.58
9100,9100,184,3,2190.56
9101,9101,141,2,23613.7
9102,9102,18,2,6431.52
9103,9103,58,2,2402.97
9104,9104,76,5,6546.83
9105,9105,161,5,377.71
9106,9106,198,1,7897.84
9107,9107,195,1,16085.73
9108,9108,74,4,7274.5
9109,9109,44,4,23468.86
9110,9110,161,4,377.71
9111,9111,70,5,12988.47
9112,9112,181,5,8035.92
9113,9113,57,5,12361.23
9114,9114,24,3,13804.57
9115,9115,37,5,19923.36
9116,9116,35,5,16408.02
9117,9117,57,5,12361.23
9118,9118,191,2,955.75
9119,9119,169,1,16919.54
9120,9120,159,4,5770.16
9121,9121,42,3,3206.85
9122,9122,179,2,13532.44
9123,9123,152,5,14395.46
9124,9124,120,2,8634.24
9125,9125,157,1,12947.92
9126,9126,71,1,17028.76
9127,9127,47,4,14713.56
9128,9128,112,2,13028.13
9129,9129,137,3,14887.13
9130,9130,59,2,8391.44
9131,9131,87,4,25821.69
9132,9132,106,4,16769.45
9133,9133,2,3,15826.16
9134,9134,47,3,14713.56
9135,9135,113,4,16263.55
9136,9136,111,4,14461.81
9137,9137,100,3,12627.27
9138,9138,86,2,12094.11
9139,9139,26,1,12546.76
9140,9140,179,2,13532.44
9141,9141,155,2,13686.84
9142,9142,133,4,2299.38
9143,9143,164,1,5452.82
9144,9144,7,1,18492.28
9145,9145,83,1,16795.16
9146,9146,102,3,13557.46
9147,9147,7,1,18492.28
9148,9148,56,3,23513.58
9149,9149,140,2,3677.83
9150,9150,100,2,12627.27
9151,9151,35,5,16408.02
9152,9152,124,1,7049.35
9153,9153,46,5,9915.48
9154,9154,151,1,18344.56
9155,9155,86,2,12094.11
9156,9156,156,4,17418.26
9157,9157,189,3,5861.15
9158,9158,5,3,1235.05
9159,9159,125,2,6220.2
9160,9160,128,1,1071.68
9161,9161,166,3,17663.18
9162,9162,38,4,5822.86
9163,9163,136,3,16321.7
9164,9164,42,3,3206.85
9165,9165,110,5,28002.99
9166,9166,120,5,8634.24
9167,9167,76,4,6546.83
9168,9168,36,5,15665.94
9169,9169,171,3,11785.29
9170,9170,191,5,955.75
9171,9171,165,3,2455.33
9172,9172,117,5,20433.55
9173,9173,104,1,17468.31
9174,9174,128,5,1071.68
9175,9175,81,1,19237.52
9176,9176,167,2,8144.35
9177,9177,48,1,11405.06
9178,9178,153,2,28994.85
9179,9179,92,2,15601.31
9180,9180,163,2,3797.21
9181,9181,179,3,13532.44
9182,9182,91,1,24150.89
9183,9183,118,4,14798.89
9184,9184,176,1,4315.47
9185,9185,154,3,23101.64
9186,9186,76,1,6546.83
9187,9187,166,1,17663.18
9188,9188,84,5,27377.47
9189,9189,135,2,21436.4
9190,9190,178,2,823.83
9191,9191,91,3,24150.89
9192,9192,69,4,7059.92
9193,9193,171,3,11785.29
9194,9194,10,3,27040.17
9195,9195,90,2,16959.04
9196,9196,50,2,8022.24
9197,9197,52,1,1034.09
9198,9198,78,2,3968.49
9199,9199,12,2,28934.67
9200,9200,149,4,15111.25
9201,9201,110,4,28002.99
9202,9202,47,2,14713.56
9203,9203,187,5,11738.99
9204,9204,43,5,15077.83
9205,9205,126,5,11041.81
9206,9206,118,1,14798.89
9207,9207,191,1,955.75
9208,9208,199,2,14879.64
9209,9209,51,5,4582.1
9210,9210,56,2,23513.58
9211,9211,68,2,21527.67
9212,9212,57,2,12361.23
9213,9213,200,3,20420.05
9214,9214,119,2,5173.11
9215,9215,12,2,28934.67
9216,9216,24,2,13804.57
9217,9217,57,1,12361.23
9218,9218,200,3,20420.05
9219,9219,160,2,574.04
9220,9220,106,3,16769.45
9221,9221,18,5,6431.52
9222,9222,103,1,6595.4
9223,9223,111,5,14461.81
9224,9224,124,5,7049.35
9225,9225,106,1,16769.45
9226,9226,166,1,17663.18
9227,9227,171,2,11785.29
9228,9228,124,4,7049.35
9229,9229,108,4,14335.21
9230,9230,58,1,2402.97
9231,9231,67,4,10450.83
9232,9232,127,2,7022.99
9233,9233,25,4,14280.01
9234,9234,188,4,996.04
9235,9235,97,4,15480.83
9236,9236,104,2,17468.31
9237,9237,21,1,4061.98
9238,9238,178,4,823.83
9239,9239,154,4,23101.64
9240,9240,27,5,15343.35
9241,9241,58,3,2402.97
9242,9242,172,5,11683.09
9243,9243,187,5,11738.99
9244,9244,67,4,10450.83
9245,9245,3,5,13312.12
9246,9246,102,3,13557.46
9247,9247,61,5,3768.98
9248,9248,109,4,1949.14
9249,9249,100,4,12627.27
9250,9250,188,3,996.04
9251,9251,95,3,8444.18
9252,9252,183,1,13427.6
9253,9253,19,4,21294.24
9254,9254,142,4,17820.58
9255,9255,64,2,2967.21
9256,9256,105,4,9571.88
9257,9257,51,2,4582.1
9258,9258,181,2,8035.92
9259,9259,128,1,1071.68
9260,9260,173,3,3363.26
9261,9261,71,5,17028.76
9262,9262,84,3,27377.47
9263,9263,190,3,4782.23
9264,9264,108,4,14335.21
9265,9265,111,1,14461.81
9266,9266,189,3,5861.15
9267,9267,175,3,24477.29
9268,9268,25,2,14280.01
9269,9269,89,1,22077.15
9270,9270,144,1,25378.87
9271,9271,133,2,2299.38
9272,9272,182,5,7031.34
9273,9273,120,5,8634.24
9274,9274,158,1,24324.06
9275,9275,184,2,2190.56
9276,9276,145,2,10429.51
9277,9277,130,3,13160.01
9278,9278,42,3,3206.85
9279,9279,115,2,19349.21
9280,9280,126,3,11041.81
9281,9281,104,1,17468.31
9282,9282,54,1,13304.66
9283,9283,63,3,7112.08
9284,9284,3,4,13312.12
9285,9285,69,5,7059.92
9286,9286,137,1,14887.13
9287,9287,113,1,16263.55
9288,9288,74,2,7274.5
9289,9289,93,2,18565.89
9290,9290,20,4,5539.73
9291,9291,111,4,14461.81
9292,9292,1,4,21191.29
9293,9293,59,5,8391.44
9294,9294,87,3,25821.69
9295,9295,51,3,4582.1
9296,9296,104,4,17468.31
9297,9297,110,4,28002.99
9298,9298,89,2,22077.15
9299,9299,151,4,18344.56
9300,9300,22,2,10992.16
9301,9301,126,2,11041.81
9302,9302,198,4,7897.84
9303,9303,70,5,12988.47
9304,9304,170,5,4852.6
9305,9305,198,4,7897.84
9306,9306,40,4,13014.18
9307,9307,62,4,17180.02
9308,9308,83,5,16795.16
9309,9309,21,5,4061.98
9310,9310,188,1,996.04
9311,9311,139,3,4801.64
9312,9312,49,1,9269.71
9313,9313,166,4,17663.18
9314,9314,169,2,16919.54
9315,9315,69,2,7059.92
9316,9316,83,2,16795.16
9317,9317,32,5,5374.36
9318,9318,5,5,1235.05
9319,9319,17,4,19432.15
9320,9320,156,2,17418.26
9321,9321,158,5,24324.06
9322,9322,185,1,17714.54
9323,9323,172,5,11683.09
9324,9324,125,1,6220.2
9325,9325,197,1,10336.5
9326,9326,84,4,27377.47
9327,9327,86,2,12094.11
9328,9328,156,4,17418.26
9329,9329,23,3,15541.22
9330,9330,8,1,11385.66
9331,9331,197,5,10336.5
9332,9332,178,1,823.83
9333,9333,135,5,21436.4
9334,9334,60,2,5460.7
9335,9335,170,2,4852.6
9336,9336,116,4,3984.38
9337,9337,79,1,27672.78
9338,9338,132,4,3487.55
9339,9339,85,4,3493.07
9340,9340,15,3,10692.78
9341,9341,155,4,13686.84
9342,9342,126,1,11041.81
9343,9343,181,1,8035.92
9344,9344,2,2,15826.16
9345,9345,182,5,7031.34
9346,9346,38,1,5822.86
9347,9347,115,5,19349.21
9348,9348,84,3,27377.47
9349,9349,120,5,8634.24
9350,9350,156,5,17418.26
9351,9351,165,1,2455.33
9352,9352,13,3,10634.86
9353,9353,171,4,11785.29
9354,9354,197,5,10336.5
9355,9355,9,2,7868.98
9356,9356,185,1,17714.54
9357,9357,131,4,9463.24
9358,9358,87,1,25821.69
9359,9359,181,1,8035.92
9360,9360,176,4,4315.47
9361,9361,82,1,17607.83
9362,9362,170,5,4852.6
9363,9363,63,1,7112.08
9364,9364,197,4,10336.5
9365,9365,23,1,15541.22
9366,9366,5,2,1235.05
9367,9367,149,5,15111.25
9368,9368,98,2,740.62
9369,9369,85,4,3493.07
9370,9370,130,2,13160.01
9371,9371,29,3,3278.0
9372,9372,171,3,11785.29
9373,9373,164,5,5452.82
9374,9374,76,2,6546.83
9375,9375,199,3,14879.64
9376,9376,186,1,21268.61
9377,9377,70,2,12988.47
9378,9378,193,4,9071.96
9379,9379,186,1,21268.61
9380,9380,113,3,16263.55
9381,9381,93,2,18565.89
9382,9382,198,4,7897.84
9383,9383,103,3,6595.4
9384,9384,50,1,8022.24
9385,9385,14,1,1200.29
9386,9386,127,3,7022.99
9387,9387,82,2,17607.83
9388,9388,53,3,878.34
9389,9389,196,3,10134.09
9390,9390,172,3,11683.09
9391,9391,31,5,8530.85
9392,9392,55,4,6404.02
9393,9393,9,1,7868.98
9394,9394,67,2,10450.83
9395,9395,44,4,23468.86
9396,9396,96,4,20513.9
9397,9397,9,1,7868.98
9398,9398,126,5,11041.81
9399,9399,43,1,15077.83
9400,9400,180,1,14598.18
9401,9401,144,3,25378.87
9402,9402,101,5,8547.18
9403,9403,43,2,15077.83
9404,9404,197,5,10336.5
9405,9405,108,4,14335.21
9406,9406,194,2,12707.5
9407,9407,188,1,996.04
9408,9408,178,4,823.83
9409,9409,187,4,11738.99
9410,9410,195,3,16085.73
9411,9411,130,1,13160.01
9412,9412,189,1,5861.15
9413,9413,90,3,16959.04
9414,9414,199,1,14879.64
9415,9415,174,2,17094.14
9416,9416,145,3,10429.51
9417,9417,192,3,2957.41
9418,9418,194,2,12707.5
9419,9419,38,1,5822.86
9420,9420,126,3,11041.81
9421,9421,169,5,16919.54
9422,9422,61,1,3768.98
9423,9423,39,3,17650.3
9424,9424,121,2,14581.68
9425,9425,169,4,16919.54
9426,9426,41,2,4660.83
9427,9427,187,1,11738.99
9428,9428,116,1,3984.38
9429,9429,178,3,823.83
9430,9430,40,4,13014.18
9431,9431,14,1,1200.29
9432,9432,159,5,5770.16
9433,9433,25,3,14280.01
9434,9434,200,5,20420.05
9435,9435,177,4,25108.98
9436,9436,69,1,7059.92
9437,9437,27,2,15343.35
9438,9438,44,1,23468.86
9439,9439,25,3,14280.01
9440,9440,67,5,10450.83
9441,9441,88,5,10810.93
9442,9442,166,3,17663.18
9443,9443,17,2,19432.15
9444,9444,183,3,13427.6
9445,9445,175,3,24477.29
9446,9446,84,1,27377.47
9447,9447,195,2,16085.73
9448,9448,11,2,11525.15
9449,9449,67,1,10450.83
9450,9450,102,4,13557.46
9451,9451,50,3,8022.24
9452,9452,141,2,23613.7
9453,9453,82,3,17607.83
9454,9454,40,4,13014.18
9455,9455,58,3,2402.97
9456,9456,196,5,10134.09
9457,9457,127,2,7022.99
9458,9458,83,2,16795.16
9459,9459,84,1,27377.47
9460,9460,88,2,10810.93
9461,9461,107,2,5735.07
9462,9462,67,1,10450.83
9463,9463,137,2,14887.13
9464,9464,192,1,2957.41
9465,9465,105,4,9571.88
9466,9466,61,3,3768.98
9467,9467,72,5,16174.11
9468,9468,89,5,22077.15
9469,9469,115,2,19349.21
9470,9470,12,5,28934.67
9471,9471,122,4,7649.28
9472,9472,25,3,14280.01
9473,9473,171,4,11785.29
9474,9474,1,2,21191.29
9475,9475,199,5,14879.64
9476,9476,2,5,15826.16
9477,9477,152,2,14395.46
9478,9478,65,1,10719.81
9479,9479,167,3,8144.35
9480,9480,20,5,5539.73
9481,9481,170,2,4852.6
9482,9482,138,5,1398.1
9483,9483,98,5,740.62
9484,9484,125,3,6220.2
9485,9485,38,5,5822.86
9486,9486,111,2,14461.81
9487,9487,131,1,9463.24
9488,9488,167,1,8144.35
9489,9489,63,3,7112.08
9490,9490,39,1,17650.3
9491,9491,152,1,14395.46
9492,9492,188,1,996.04
9493,9493,79,4,27672.78
9494,9494,13,4,10634.86
9495,9495,130,4,13160.01
9496,9496,141,2,23613.7
9497,9497,31,3,8530.85
9498,9498,15,4,10692.78
9499,9499,51,3,4582.1
9500,9500,24,4,13804.57
9501,9501,139,5,4801.64
9502,9502,59,1,8391.44
9503,9503,56,1,23513.58
9504,9504,49,2,9269.71
9505,9505,92,5,15601.31
9506,9506,83,5,16795.16
9507,9507,33,1,351.77
9508,9508,162,3,6165.41
9509,9509,68,5,21527.67
9510,9510,200,3,20420.05
9511,9511,169,4,16919.54
9512,9512,65,2,10719.81
9513,9513,105,3,9571.88
9514,9514,109,1,1949.14
9515,9515,109,4,1949.14
9516,9516,119,1,5173.11
9517,9517,93,2,18565.89
9518,9518,38,3,5822.86
9519,9519,180,3,14598.18
9520,9520,155,3,13686.84
9521,9521,51,2,4582.1
9522,9522,133,2,2299.38
9523,9523,86,3,12094.11
9524,9524,5,1,1235.05
9525,9525,159,4,5770.16
9526,9526,51,2,4582.1
9527,9527,16,3,6157.77
9528,9528,112,3,13028.13
9529,9529,1,1,21191.29
9530,9530,13,4,10634.86
9531,9531,115,2,19349.21
9532,9532,58,3,2402.97
9533,9533,130,3,13160.01
9534,9534,80,2,23718.28
9535,9535,90,4,16959.04
9536,9536,141,4,23613.7
9537,9537,170,3,4852.6
9538,9538,145,2,10429.51
9539,9539,102,3,13557.46
9540,9540,126,2,11041.81
9541,9541,190,1,4782.23
9542,9542,171,5,11785.29
9543,9543,86,2,12094.11
9544,9544,110,2,28002.99
9545,9545,59,4,8391.44
9546,9546,49,1,9269.71
9547,9547,169,3,16919.54
9548,9548,42,5,3206.85
9549,9549,120,1,8634.24
9550,9550,187,3,11738.99
9551,9551,3,1,13312.12
9552,9552,116,1,3984.38
9553,9553,79,5,27672.78
9554,9554,18,4,6431.52
9555,9555,63,4,7112.08
9556,9556,130,4,13160.01
9557,9557,141,3,23613.7
9558,9558,13,4,10634.86
9559,9559,93,5,18565.89
9560,9560,141,2,23613.7
9561,9561,159,1,5770.16
9562,9562,76,5,6546.83
9563,9563,56,1,23513.58
9564,9564,60,5,5460.7
9565,9565,107,4,5735.07
9566,9566,105,4,9571.88
9567,9567,158,2,24324.06
9568,9568,143,5,14111.6
9569,9569,177,2,25108.98
9570,9570,113,1,16263.55
9571,9571,27,3,15343.35
9572,9572,127,3,7022.99
9573,9573,148,5,4657.5
9574,9574,40,3,13014.18
9575,9575,55,2,6404.02
9576,9576,44,3,23468.86
9577,9577,198,3,7897.84
9578,9578,16,2,6157.77
9579,9579,65,1,10719.81
9580,9580,3,4,13312.12
9581,9581,28,1,16098.38
9582,9582,180,3,14598.18
9583,9583,21,5,4061.98
9584,9584,49,4,9269.71
9585,9585,20,2,5539.73
9586,9586,67,4,10450.83
9587,9587,46,1,9915.48
9588,9588,25,2,14280.01
9589,9589,72,1,16174.11
9590,9590,124,3,7049.35
9591,9591,91,2,24150.89
9592,9592,2,1,15826.16
9593,9593,8,1,11385.66
9594,9594,35,3,16408.02
9595,9595,164,4,5452.82
9596,9596,49,5,9269.71
9597,9597,148,1,4657.5
9598,9598,127,2,7022.99
9599,9599,52,4,1034.09
9600,9600,40,4,13014.18
9601,9601,66,4,21839.21
9602,9602,156,1,17418.26
9603,9603,134,3,904.04
9604,9604,45,3,9921.88
9605,9605,197,1,10336.5
9606,9606,66,5,21839.21
9607,9607,177,4,25108.98
9608,9608,181,4,8035.92
9609,9609,137,5,14887.13
9610,9610,185,1,17714.54
9611,9611,187,5,11738.99
9612,9612,186,3,21268.61
9613,9613,68,5,21527.67
9614,9614,13,1,10634.86
9615,9615,128,2,1071.68
9616,9616,113,5,16263.55
9617,9617,116,1,3984.38
9618,9618,159,3,5770.16
9619,9619,159,3,5770.16
9620,9620,71,4,17028.76
9621,9621,31,1,8530.85
9622,9622,63,2,7112.08
9623,9623,50,3,8022.24
9624,9624,24,1,13804.57
9625,9625,62,4,17180.02
9626,9626,107,2,5735.07
9627,9627,25,1,14280.01
9628,9628,164,2,5452.82
9629,9629,3,3,13312.12
9630,9630,110,4,28002.99
9631,9631,140,1,3677.83
9632,9632,191,4,955.75
9633,9633,143,5,14111.6
9634,9634,19,2,21294.24
9635,9635,64,3,2967.21
9636,9636,4,1,5202.8
9637,9637,6,2,21150.77
9638,9638,110,3,28002.99
9639,9639,190,5,4782.23
9640,9640,185,1,17714.54
9641,9641,32,1,5374.36
9642,9642,171,3,11785.29
9643,9643,52,1,1034.09
9644,9644,86,4,12094.11
9645,9645,86,2,12094.11
9646,9646,151,2,18344.56
9647,9647,97,4,15480.83
9648,9648,166,1,17663.18
9649,9649,90,5,16959.04
9650,9650,111,5,14461.81
9651,9651,17,5,19432.15
9652,9652,97,1,15480.83
9653,9653,34,5,3657.63
9654,9654,137,1,14887.13
9655,9655,6,1,21150.77
9656,9656,73,1,896.37
9657,9657,10,5,27040.17
9658,9658,181,4,8035.92
9659,9659,57,5,12361.23
9660,9660,123,5,12118.15
9661,9661,111,2,14461.81
9662,9662,4,2,5202.8
9663,9663,185,3,17714.54
9664,9664,71,1,17028.76
9665,9665,1,5,21191.29
9666,9666,140,5,3677.83
9667,9667,185,4,17714.54
9668,9668,73,1,896.37
9669,9669,154,3,23101.64
9670,9670,159,3,5770.16
9671,9671,137,3,14887.13
9672,9672,156,2,17418.26
9673,9673,57,4,12361.23
9674,9674,124,5,7049.35
9675,9675,135,5,21436.4
9676,9676,67,4,10450.83
9677,9677,98,2,740.62
9678,9678,192,2,2957.41
9679,9679,191,2,955.75
9680,9680,51,4,4582.1
9681,9681,24,1,13804.57
9682,9682,100,2,12627.27
9683,9683,191,5,955.75
9684,9684,62,2,17180.02
9685,9685,25,3,14280.01
9686,9686,25,4,14280.01
9687,9687,101,4,8547.18
9688,9688,147,1,17781.52
9689,9689,135,1,21436.4
9690,9690,39,3,17650.3
9691,9691,119,5,5173.11
9692,9692,136,2,16321.7
9693,9693,43,1,15077.83
9694,9694,119,2,5173.11
9695,9695,156,1,17418.26
9696,9696,185,4,17714.54
9697,9697,110,3,28002.99
9698,9698,95,5,8444.18
9699,9699,164,5,5452.82
9700,9700,37,5,19923.36
9701,9701,115,2,19349.21
9702,9702,82,3,17607.83
9703,9703,169,5,16919.54
9704,9704,107,2,5735.07
9705,9705,144,1,25378.87
9706,9706,151,3,18344.56
9707,9707,42,2,3206.85
9708,9708,103,5,6595.4
9709,9709,29,1,3278.0
9710,9710,86,2,12094.11
9711,9711,37,1,19923.36
9712,9712,191,3,955.75
9713,9713,10,4,27040.17
9714,9714,1,5,21191.29
9715,9715,147,3,17781.52
9716,9716,76,2,6546.83
9717,9717,172,3,11683.09
9718,9718,159,4,5770.16
9719,9719,195,4,16085.73
9720,9720,116,5,3984.38
9721,9721,107,1,5735.07
9722,9722,71,1,17028.76
9723,9723,18,3,6431.52
9724,9724,26,1,12546.76
9725,9725,58,4,2402.97
9726,9726,182,4,7031.34
9727,9727,86,2,12094.11
9728,9728,40,2,13014.18
9729,9729,163,2,3797.21
9730,9730,158,5,24324.06
9731,9731,157,5,12947.92
9732,9732,68,3,21527.67
9733,9733,122,2,7649.28
9734,9734,10,4,27040.17
9735,9735,124,4,7049.35
9736,9736,37,5,19923.36
9737,9737,38,3,5822.86
9738,9738,64,3,2967.21
9739,9739,25,5,14280.01
9740,9740,165,4,2455.33
9741,9741,141,1,23613.7
9742,9742,87,3,25821.69
9743,9743,38,2,5822.86
9744,9744,161,2,377.71
9745,9745,181,5,8035.92
9746,9746,123,4,12118.15
9747,9747,79,2,27672.78
9748,9748,195,3,16085.73
9749,9749,190,2,4782.23
9750,9750,58,3,2402.97
9751,9751,178,5,823.83
9752,9752,59,3,8391.44
9753,9753,10,3,27040.17
9754,9754,194,4,12707.5
9755,9755,115,2,19349.21
9756,9756,102,2,13557.46
9757,9757,158,5,24324.06
9758,9758,36,5,15665.94
9759,9759,169,3,16919.54
9760,9760,78,4,3968.49
9761,9761,46,1,9915.48
9762,9762,89,4,22077.15
9763,9763,96,2,20513.9
9764,9764,44,1,23468.86
9765,9765,181,2,8035.92
9766,9766,155,2,13686.84
9767,9767,19,1,21294.24
9768,9768,189,5,5861.15
9769,9769,53,1,878.34
9770,9770,74,3,7274.5
9771,9771,14,1,1200.29
9772,9772,151,2,18344.56
9773,9773,2,4,15826.16
9774,9774,83,4,16795.16
9775,9775,41,1,4660.83
9776,9776,78,5,3968.49
9777,9777,28,3,16098.38
9778,9778,190,1,4782.23
9779,9779,107,2,5735.07
9780,9780,152,5,14395.46
9781,9781,162,1,6165.41
9782,9782,18,3,6431.52
9783,9783,25,5,14280.01
9784,9784,55,4,6404.02
9785,9785,166,2,17663.18
9786,9786,151,1,18344.56
9787,9787,167,2,8144.35
9788,9788,101,3,8547.18
9789,9789,42,3,3206.85
9790,9790,165,4,2455.33
9791,9791,77,4,16616.81
9792,9792,102,1,13557.46
9793,9793,111,5,14461.81
9794,9794,170,1,4852.6
9795,9795,191,1,955.75
9796,9796,179,1,13532.44
9797,9797,77,4,16616.81
9798,9798,6,1,21150.77
9799,9799,129,3,9625.23
9800,9800,65,4,10719.81
9801,9801,77,4,16616.81
9802,9802,48,3,11405.06
9803,9803,166,1,17663.18
9804,9804,91,2,24150.89
9805,9805,118,5,14798.89
9806,9806,93,2,18565.89
9807,9807,44,4,23468.86
9808,9808,54,2,13304.66
9809,9809,163,5,3797.21
9810,9810,31,1,8530.85
9811,9811,152,3,14395.46
9812,9812,168,3,929.8
9813,9813,70,4,12988.47
9814,9814,13,2,10634.86
9815,9815,56,4,23513.58
9816,9816,54,4,13304.66
9817,9817,197,4,10336.5
9818,9818,171,4,11785.29
9819,9819,185,2,17714.54
9820,9820,191,4,955.75
9821,9821,142,2,17820.58
9822,9822,167,3,8144.35
9823,9823,118,1,14798.89
9824,9824,35,2,16408.02
9825,9825,200,4,20420.05
9826,9826,193,5,9071.96
9827,9827,69,5,7059.92
9828,9828,60,5,5460.7
9829,9829,100,4,12627.27
9830,9830,93,2,18565.89
9831,9831,166,5,17663.18
9832,9832,183,2,13427.6
9833,9833,123,5,12118.15
9834,9834,174,5,17094.14
9835,9835,180,1,14598.18
9836,9836,131,5,9463.24
9837,9837,114,5,12921.43
9838,9838,161,5,377.71
9839,9839,109,3,1949.14
9840,9840,186,1,21268.61
9841,9841,94,5,4040.83
9842,9842,34,5,3657.63
9843,9843,188,2,996.04
9844,9844,22,3,10992.16
9845,9845,86,4,12094.11
9846,9846,134,1,904.04
9847,9847,39,1,17650.3
9848,9848,59,4,8391.44
9849,9849,28,5,16098.38
9850,9850,186,1,21268.61
9851,9851,193,2,9071.96
9852,9852,157,1,12947.92
9853,9853,167,5,8144.35
9854,9854,94,3,4040.83
9855,9855,142,5,17820.58
9856,9856,55,1,6404.02
9857,9857,26,3,12546.76
9858,9858,47,3,14713.56
9859,9859,175,4,24477.29
9860,9860,108,4,14335.21
9861,9861,94,2,4040.83
9862,9862,72,2,16174.11
9863,9863,84,1,27377.47
9864,9864,58,3,2402.97
9865,9865,198,4,7897.84
9866,9866,82,4,17607.83
9867,9867,5,2,1235.05
9868,9868,164,5,5452.82
9869,9869,47,1,14713.56
9870,9870,41,5,4660.83
9871,9871,159,2,5770.16
9872,9872,159,1,5770.16
9873,9873,116,3,3984.38
9874,9874,167,3,8144.35
9875,9875,148,3,4657.5
9876,9876,185,5,17714.54
9877,9877,80,5,23718.28
9878,9878,52,3,1034.09
9879,9879,168,1,929.8
9880,9880,87,2,25821.69
9881,9881,20,1,5539.73
9882,9882,191,4,955.75
9883,9883,37,1,19923.36
9884,9884,67,3,10450.83
9885,9885,21,5,4061.98
9886,9886,84,4,27377.47
9887,9887,148,4,4657.5
9888,9888,141,1,23613.7
9889,9889,171,1,11785.29
9890,9890,142,1,17820.58
9891,9891,12,5,28934.67
9892,9892,34,2,3657.63
9893,9893,50,1,8022.24
9894,9894,180,1,14598.18
9895,9895,45,1,9921.88
9896,9896,123,5,12118.15
9897,9897,92,1,15601.31
9898,9898,119,5,5173.11
9899,9899,112,5,13028.13
9900,9900,67,3,10450.83
9901,9901,69,1,7059.92
9902,9902,32,3,5374.36
9903,9903,149,3,15111.25
9904,9904,154,1,23101.64
9905,9905,25,2,14280.01
9906,9906,149,1,15111.25
9907,9907,100,2,12627.27
9908,9908,66,4,21839.21
9909,9909,27,2,15343.35
9910,9910,6,3,21150.77
9911,9911,140,4,3677.83
9912,9912,46,2,9915.48
9913,9913,141,4,23613.7
9914,9914,8,4,11385.66
9915,9915,170,4,4852.6
9916,9916,167,5,8144.35
9917,9917,124,1,7049.35
9918,9918,34,4,3657.63
9919,9919,117,5,20433.55
9920,9920,122,2,7649.28
9921,9921,112,1,13028.13
9922,9922,111,2,14461.81
9923,9923,42,2,3206.85
9924,9924,130,2,13160.01
9925,9925,116,4,3984.38
9926,9926,85,2,3493.07
9927,9927,169,5,16919.54
9928,9928,97,4,15480.83
9929,9929,21,3,4061.98
9930,9930,87,3,25821.69
9931,9931,163,1,3797.21
9932,9932,17,5,19432.15
9933,9933,42,2,3206.85
9934,9934,107,5,5735.07
9935,9935,164,5,5452.82
9936,9936,105,3,9571.88
9937,9937,169,2,16919.54
9938,9938,184,3,2190.56
9939,9939,50,1,8022.24
9940,9940,76,4,6546.83
9941,9941,124,2,7049.35
9942,9942,168,1,929.8
9943,9943,99,5,20431.12
9944,9944,28,5,16098.38
9945,9945,152,4,14395.46
9946,9946,176,3,4315.47
9947,9947,107,2,5735.07
9948,9948,149,1,15111.25
9949,9949,149,1,15111.25
9950,9950,38,2,5822.86
9951,9951,90,2,16959.04
9952,9952,107,3,5735.07
9953,9953,23,1,15541.22
9954,9954,49,4,9269.71
9955,9955,80,2,23718.28
9956,9956,112,2,13028.13
9957,9957,75,2,27545.83
9958,9958,14,2,1200.29
9959,9959,111,1,14461.81
9960,9960,80,4,23718.28
9961,9961,125,5,6220.2
9962,9962,26,4,12546.76
9963,9963,77,3,16616.81
9964,9964,78,3,3968.49
9965,9965,136,3,16321.7
9966,9966,11,1,11525.15
9967,9967,86,1,12094.11
9968,9968,96,2,20513.9
9969,9969,58,5,2402.97
9970,9970,65,1,10719.81
9971,9971,128,1,1071.68
9972,9972,94,3,4040.83
9973,9973,120,3,8634.24
9974,9974,86,4,12094.11
9975,9975,98,2,740.62
9976,9976,147,4,17781.52
9977,9977,195,2,16085.73
9978,9978,48,2,11405.06
9979,9979,47,1,14713.56
9980,9980,183,5,13427.6
9981,9981,40,2,13014.18
9982,9982,40,5,13014.18
9983,9983,147,4,17781.52
9984,9984,64,4,2967.21
9985,9985,125,5,6220.2
9986,9986,170,5,4852.6
9987,9987,187,1,11738.99
9988,9988,151,1,18344.56
9989,9989,37,5,19923.36
9990,9990,177,5,25108.98
9991,9991,118,3,14798.89
9992,9992,128,3,1071.68
9993,9993,131,4,9463.24
9994,9994,72,1,16174.11
9995,9995,118,2,14798.89
9996,9996,81,3,19237.52
9997,9997,178,4,823.83
9998,9998,94,5,4040.83
9999,9999,181,5,8035.92
10000,10000,92,5,15601.31
10001,10001,45,3,9921.88
10002,10002,69,2,7059.92
10003,10003,142,4,17820.58
10004,10004,85,4,3493.07
10005,10005,59,5,8391.44
10006,10006,109,4,1949.14
10007,10007,94,1,4040.83
10008,10008,31,3,8530.85
10009,10009,52,4,1034.09
10010,10010,158,2,24324.06
10011,10011,4,3,5202.8
10012,10012,142,5,17820.58
10013,10013,8,5,11385.66
10014,10014,81,1,19237.52
10015,10015,183,3,13427.6
10016,10016,109,2,1949.14
10017,10017,171,5,11785.29
10018,10018,100,1,12627.27
10019,10019,52,2,1034.09
10020,10020,47,4,14713.56
10021,10021,115,5,19349.21
10022,10022,42,1,3206.85
10023,10023,167,3,8144.35
10024,10024,53,1,878.34
10025,10025,147,1,17781.52
10026,10026,108,4,14335.21
10027,10027,108,5,14335.21
10028,10028,79,4,27672.78
10029,10029,172,1,11683.09
10030,10030,143,4,14111.6
10031,10031,166,4,17663.18
10032,10032,43,1,15077.83
10033,10033,56,4,23513.58
10034,10034,74,1,7274.5
10035,10035,177,1,25108.98
10036,10036,105,2,9571.88
10037,10037,66,4,21839.21
10038,10038,189,5,5861.15
10039,10039,140,2,3677.83
10040,10040,147,4,17781.52
10041,10041,2,1,15826.16
10042,10042,78,2,3968.49
10043,10043,151,3,18344.56
10044,10044,121,3,14581.68
10045,10045,20,2,5539.73
10046,10046,36,3,15665.94
10047,10047,18,3,6431.52
10048,10048,64,3,2967.21
10049,10049,75,3,27545.83
10050,10050,112,2,13028.13
10051,10051,21,1,4061.98
10052,10052,19,2,21294.24
10053,10053,177,2,25108.98
10054,10054,7,2,18492.28
10055,10055,146,5,7872.91
10056,10056,61,3,3768.98
10057,10057,90,1,16959.04
10058,10058,152,5,14395.46
10059,10059,82,4,17607.83
10060,10060,111,1,14461.81
10061,10061,20,5,5539.73
10062,10062,5,4,1235.05
10063,10063,84,5,27377.47
10064,10064,69,1,7059.92
10065,10065,28,3,16098.38
10066,10066,196,2,10134.09
10067,10067,2,5,15826.16
10068,10068,162,4,6165.41
10069,10069,143,5,14111.6
10070,10070,135,5,21436.4
10071,10071,9,3,7868.98
10072,10072,142,3,17820.58
10073,10073,95,5,8444.18
10074,10074,176,4,4315.47
10075,10075,72,4,16174.11
10076,10076,43,3,15077.83
10077,10077,152,3,14395.46
10078,10078,103,2,6595.4
10079,10079,51,3,4582.1
10080,10080,54,4,13304.66
10081,10081,54,1,13304.66
10082,10082,128,3,1071.68
10083,10083,178,5,823.83
10084,10084,94,2,4040.83
10085,10085,21,5,4061.98
10086,10086,134,5,904.04
10087,10087,179,3,13532.44
10088,10088,40,5,13014.18
10089,10089,6,5,21150.77
10090,10090,37,1,19923.36
10091,10091,83,1,16795.16
10092,10092,166,2,17663.18
10093,10093,65,1,10719.81
10094,10094,29,3,3278.0
10095,10095,23,1,15541.22
10096,10096,180,4,14598.18
10097,10097,115,5,19349.21
10098,10098,65,5,10719.81
10099,10099,29,3,3278.0
10100,10100,156,2,17418.26
10101,10101,137,1,14887.13
10102,10102,125,1,6220.2
10103,10103,163,1,3797.21
10104,10104,49,3,9269.71
10105,10105,36,4,15665.94
10106,10106,15,1,10692.78
10107,10107,90,2,16959.04
10108,10108,21,4,4061.98
10109,10109,190,3,4782.23
10110,10110,16,5,6157.77
10111,10111,122,2,7649.28
10112,10112,68,3,21527.67
10113,10113,92,4,15601.31
10114,10114,144,1,25378.87
10115,10115,175,3,24477.29
10116,10116,130,4,13160.01
10117,10117,163,2,3797.21
10118,10118,12,5,28934.67
10119,10119,65,4,10719.81
10120,10120,58,1,2402.97
10121,10121,74,4,7274.5
10122,10122,27,5,15343.35
10123,10123,37,1,19923.36
10124,10124,77,1,16616.81
10125,10125,197,5,10336.5
10126,10126,139,2,4801.64
10127,10127,71,4,17028.76
10128,10128,29,5,3278.0
10129,10129,76,2,6546.83
10130,10130,171,3,11785.29
10131,10131,125,4,6220.2
10132,10132,168,2,929.8
10133,10133,58,1,2402.97
10134,10134,69,4,7059.92
10135,10135,193,3,9071.96
10136,10136,54,4,13304.66
10137,10137,16,4,6157.77
10138,10138,167,1,8144.35
10139,10139,165,5,2455.33
10140,10140,172,2,11683.09
10141,10141,32,4,5374.36
10142,10142,66,4,21839.21
10143,10143,125,3,6220.2
10144,10144,106,1,16769.45
10145,10145,69,4,7059.92
10146,10146,74,4,7274.5
10147,10147,38,5,5822.86
10148,10148,58,4,2402.97
10149,10149,74,2,7274.5
10150,10150,32,1,5374.36
10151,10151,44,5,23468.86
10152,10152,161,5,377.71
10153,10153,90,5,16959.04
10154,10154,193,1,9071.96
10155,10155,19,2,21294.24
10156,10156,87,5,25821.69
10157,10157,118,4,14798.89
10158,10158,68,3,21527.67
10159,10159,12,2,28934.67
10160,10160,112,3,13028.13
10161,10161,74,5,7274.5
10162,10162,112,3,13028.13
10163,10163,169,2,16919.54
10164,10164,182,2,7031.34
10165,10165,181,4,8035.92
10166,10166,93,3,18565.89
10167,10167,169,1,16919.54
10168,10168,106,3,16769.45
10169,10169,197,1,10336.5
10170,10170,26,4,12546.76
10171,10171,156,3,17418.26
10172,10172,129,2,9625.23
10173,10173,12,3,28934.67
10174,10174,102,4,13557.46
10175,10175,48,3,11405.06
10176,10176,185,1,17714.54
10177,10177,36,5,15665.94
10178,10178,162,1,6165.41
10179,10179,21,5,4061.98
10180,10180,191,3,955.75
10181,10181,185,2,17714.54
10182,10182,73,2,896.37
10183,10183,93,2,18565.89
10184,10184,143,5,14111.6
10185,10185,50,3,8022.24
10186,10186,60,1,5460.7
10187,10187,153,1,28994.85
10188,10188,18,3,6431.52
10189,10189,39,3,17650.3
10190,10190,88,2,10810.93
10191,10191,163,2,3797.21
10192,10192,175,3,24477.29
10193,10193,63,4,7112.08
10194,10194,190,1,4782.23
10195,10195,148,4,4657.5
10196,10196,175,5,24477.29
10197,10197,127,1,7022.99
10198,10198,100,3,12627.27
10199,10199,58,3,2402.97
10200,10200,198,5,7897.84
10201,10201,177,5,25108.98
10202,10202,152,4,14395.46
10203,10203,200,1,20420.05
10204,10204,1,4,21191.29
10205,10205,143,3,14111.6
10206,10206,113,5,16263.55
10207,10207,183,3,13427.6
10208,10208,176,1,4315.47
10209,10209,26,2,12546.76
10210,10210,102,2,13557.46
10211,10211,174,5,17094.14
10212,10212,172,3,11683.09
10213,10213,43,1,15077.83
10214,10214,78,4,3968.49
10215,10215,104,1,17468.31
10216,10216,40,4,13014.18
10217,10217,62,2,17180.02
10218,10218,31,1,8530.85
10219,10219,187,5,11738.99
10220,10220,188,5,996.04
10221,10221,85,1,3493.07
10222,10222,74,2,7274.5
10223,10223,134,3,904.04
10224,10224,15,4,10692.78
10225,10225,146,1,7872.91
10226,10226,12,2,28934.67
10227,10227,72,5,16174.11
10228,10228,50,1,8022.24
10229,10229,65,2,10719.81
10230,10230,57,4,12361.23
10231,10231,17,5,19432.15
10232,10232,7,5,18492.28
10233,10233,166,1,17663.18
10234,10234,62,3,17180.02
10235,10235,13,1,10634.86
10236,10236,144,4,25378.87
10237,10237,105,1,9571.88
10238,10238,111,5,14461.81
10239,10239,34,3,3657.63
10240,10240,183,1,13427.6
10241,10241,166,5,17663.18
10242,10242,110,1,28002.99
10243,10243,152,2,14395.46
10244,10244,136,3,16321.7
10245,10245,13,5,10634.86
10246,10246,161,1,377.71
10247,10247,183,3,13427.6
10248,10248,22,1,10992.16
10249,10249,99,5,20431.12
10250,10250,86,5,12094.11
10251,10251,95,5,8444.18
10252,10252,131,4,9463.24
10253,10253,43,1,15077.83
10254,10254,148,3,4657.5
10255,10255,146,5,7872.91
10256,10256,188,4,996.04
10257,10257,15,1,10692.78
10258,10258,166,2,17663.18
10259,10259,125,5,6220.2
10260,10260,61,2,3768.98
10261,10261,127,4,7022.99
10262,10262,54,2,13304.66
10263,10263,21,1,4061.98
10264,10264,73,3,896.37
10265,10265,13,3,10634.86
10266,10266,91,3,24150.89
10267,10267,105,1,9571.88
10268,10268,99,3,20431.12
10269,10269,28,5,16098.38
10270,10270,33,2,351.77
10271,10271,96,1,20513.9
10272,10272,90,4,16959.04
10273,10273,38,4,5822.86
10274,10274,104,4,17468.31
10275,10275,59,4,8391.44
10276,10276,85,4,3493.07
10277,10277,166,5,17663.18
10278,10278,191,4,955.75
10279,10279,134,4,904.04
10280,10280,153,1,28994.85
10281,10281,183,4,13427.6
10282,10282,190,3,4782.23
10283,10283,88,2,10810.93
10284,10284,75,1,27545.83
10285,10285,174,4,17094.14
10286,10286,8,3,11385.66
10287,10287,74,1,7274.5
10288,10288,2,5,15826.16
10289,10289,167,4,8144.35
10290,10290,177,3,25108.98
10291,10291,175,1,24477.29
10292,10292,38,4,5822.86
10293,10293,74,4,7274.5
10294,10294,150,5,3511.86
10295,10295,46,1,9915.48
10296,10296,87,4,25821.69
10297,10297,33,4,351.77
10298,10298,189,4,5861.15
10299,10299,174,2,17094.14
10300,10300,168,2,929.8
10301,10301,119,1,5173.11
10302,10302,128,3,1071.68
10303,10303,169,1,16919.54
10304,10304,63,4,7112.08
10305,10305,7,3,18492.28
10306,10306,79,2,27672.78
10307,10307,74,4,7274.5
10308,10308,28,1,16098.38
10309,10309,6,5,21150.77
10310,10310,196,4,10134.09
10311,10311,122,2,7649.28
10312,10312,20,1,5539.73
10313,10313,171,4,11785.29
10314,10314,51,2,4582.1
10315,10315,17,3,19432.15
10316,10316,187,4,11738.99
10317,10317,86,2,12094.11
10318,10318,8,3,11385.66
10319,10319,140,1,3677.83
10320,10320,1,4,21191.29
10321,10321,12,1,28934.67
10322,10322,39,1,17650.3
10323,10323,26,1,12546.76
10324,10324,17,3,19432.15
10325,10325,28,4,16098.38
10326,10326,40,5,13014.18
10327,10327,97,4,15480.83
10328,10328,93,4,18565.89
10329,10329,142,2,17820.58
10330,10330,92,4,15601.31
10331,10331,51,5,4582.1
10332,10332,72,3,16174.11
10333,10333,18,5,6431.52
10334,10334,177,1,25108.98
10335,10335,154,2,23101.64
10336,10336,44,3,23468.86
10337,10337,30,3,4085.97
10338,10338,169,2,16919.54
10339,10339,135,2,21436.4
10340,10340,21,4,4061.98
10341,10341,147,4,17781.52
10342,10342,35,3,16408.02
10343,10343,43,5,15077.83
10344,10344,18,1,6431.52
10345,10345,128,2,1071.68
10346,10346,39,5,17650.3
10347,10347,112,2,13028.13
10348,10348,175,2,24477.29
10349,10349,182,1,7031.34
10350,10350,90,1,16959.04
10351,10351,152,4,14395.46
10352,10352,13,2,10634.86
10353,10353,1,2,21191.29
10354,10354,3,3,13312.12
10355,10355,171,4,11785.29
10356,10356,127,1,7022.99
10357,10357,147,1,17781.52
10358,10358,102,3,13557.46
10359,10359,125,2,6220.2
10360,10360,157,4,12947.92
10361,10361,176,4,4315.47
10362,10362,111,1,14461.81
10363,10363,39,2,17650.3
10364,10364,176,2,4315.47
10365,10365,156,3,17418.26
10366,10366,115,1,19349.21
10367,10367,197,3,10336.5
10368,10368,100,1,12627.27
10369,10369,128,5,1071.68
10370,10370,191,5,955.75
10371,10371,76,1,6546.83
10372,10372,26,5,12546.76
10373,10373,179,2,13532.44
10374,10374,134,5,904.04
10375,10375,117,4,20433.55
10376,10376,104,2,17468.31
10377,10377,18,2,6431.52
10378,10378,164,4,5452.82
10379,10379,136,5,16321.7
10380,10380,174,2,17094.14
10381,10381,80,3,23718.28
10382,10382,92,2,15601.31
10383,10383,8,4,11385.66
10384,10384,27,5,15343.35
10385,10385,54,3,13304.66
10386,10386,137,3,14887.13
10387,10387,50,1,8022.24
10388,10388,167,5,8144.35
10389,10389,163,2,3797.21
10390,10390,181,3,8035.92
10391,10391,161,1,377.71
10392,10392,99,5,20431.12
10393,10393,125,3,6220.2
10394,10394,18,5,6431.52
10395,10395,190,1,4782.23
10396,10396,73,3,896.37
10397,10397,74,4,7274.5
10398,10398,171,5,11785.29
10399,10399,113,3,16263.55
10400,10400,199,2,14879.64
10401,10401,106,1,16769.45
10402,10402,81,2,19237.52
10403,10403,41,1,4660.83
10404,10404,13,4,10634.86
10405,10405,185,4,17714.54
10406,10406,194,4,12707.5
10407,10407,130,1,13160.01
10408,10408,172,4,11683.09
10409,10409,29,3,3278.0
10410,10410,15,2,10692.78
10411,10411,123,3,12118.15
10412,10412,148,4,4657.5
10413,10413,171,5,11785.29
10414,10414,140,4,3677.83
10415,10415,87,1,25821.69
10416,10416,103,3,6595.4
10417,10417,169,4,16919.54
10418,10418,153,3,28994.85
10419,10419,77,3,16616.81
10420,10420,199,2,14879.64
10421,10421,5,5,1235.05
10422,10422,66,2,21839.21
10423,10423,174,4,17094.14
10424,10424,133,5,2299.38
10425,10425,95,2,8444.18
10426,10426,162,3,6165.41
10427,10427,177,5,25108.98
10428,10428,28,4,16098.38
10429,10429,174,4,17094.14
10430,10430,140,3,3677.83
10431,10431,70,4,12988.47
10432,10432,82,3,17607.83
10433,10433,157,5,12947.92
10434,10434,133,4,2299.38
10435,10435,198,5,7897.84
10436,10436,18,3,6431.52
10437,10437,5,1,1235.05
10438,10438,69,5,7059.92
10439,10439,19,3,21294.24
10440,10440,109,3,1949.14
10441,10441,46,5,9915.48
10442,10442,111,5,14461.81
10443,10443,31,5,8530.85
10444,10444,118,3,14798.89
10445,10445,163,4,3797.21
10446,10446,193,3,9071.96
10447,10447,5,3,1235.05
10448,10448,177,4,25108.98
10449,10449,71,3,17028.76
10450,10450,50,3,8022.24
10451,10451,107,2,5735.07
10452,10452,92,2,15601.31
10453,10453,1,2,21191.29
10454,10454,121,3,14581.68
10455,10455,100,5,12627.27
10456,10456,148,3,4657.5
10457,10457,168,1,929.8
10458,10458,53,2,878.34
10459,10459,61,1,3768.98
10460,10460,165,3,2455.33
10461,10461,167,4,8144.35
10462,10462,82,1,17607.83
10463,10463,93,3,18565.89
10464,10464,129,1,9625.23
10465,10465,193,1,9071.96
10466,10466,85,3,3493.07
10467,10467,161,5,377.71
10468,10468,113,4,16263.55
10469,10469,43,1,15077.83
10470,10470,113,5,16263.55
10471,10471,63,1,7112.08
10472,10472,94,1,4040.83
10473,10473,23,1,15541.22
10474,10474,165,4,2455.33
10475,10475,27,5,15343.35
10476,10476,139,5,4801.64
10477,10477,8,2,11385.66
10478,10478,38,3,5822.86
10479,10479,196,3,10134.09
10480,10480,80,5,23718.28
10481,10481,43,2,15077.83
10482,10482,138,1,1398.1
10483,10483,106,1,16769.45
10484,10484,50,3,8022.24
10485,10485,116,4,3984.38
10486,10486,122,3,7649.28
10487,10487,161,4,377.71
10488,10488,140,2,3677.83
10489,10489,192,2,2957.41
10490,10490,183,2,13427.6
10491,10491,107,5,5735.07
10492,10492,30,5,4085.97
10493,10493,39,1,17650.3
10494,10494,135,5,21436.4
10495,10495,87,2,25821.69
10496,10496,117,5,20433.55
10497,10497,53,3,878.34
10498,10498,109,5,1949.14
10499,10499,131,5,9463.24
10500,10500,59,2,8391.44
10501,10501,145,2,10429.51
10502,10502,97,2,15480.83
10503,10503,165,3,2455.33
10504,10504,1,1,21191.29
10505,10505,180,1,14598.18
10506,10506,55,3,6404.02
10507,10507,191,4,955.75
10508,10508,86,2,12094.11
10509,10509,110,1,28002.99
10510,10510,54,4,13304.66
10511,10511,63,5,7112.08
10512,10512,104,4,17468.31
10513,10513,106,3,16769.45
10514,10514,106,3,16769.45
10515,10515,84,2,27377.47
10516,10516,194,2,12707.5
10517,10517,34,5,3657.63
10518,10518,79,2,27672.78
10519,10519,94,3,4040.83
10520,10520,195,5,16085.73
10521,10521,177,5,25108.98
10522,10522,191,3,955.75
10523,10523,177,5,25108.98
10524,10524,96,3,20513.9
10525,10525,91,1,24150.89
10526,10526,57,2,12361.23
10527,10527,44,4,23468.86
10528,10528,46,4,9915.48
10529,10529,140,1,3677.83
10530,10530,157,5,12947.92
10531,10531,165,3,2455.33
10532,10532,89,3,22077.15
10533,10533,37,3,19923.36
10534,10534,107,1,5735.07
10535,10535,39,2,17650.3
10536,10536,93,1,18565.89
10537,10537,162,1,6165.41
10538,10538,36,3,15665.94
10539,10539,103,4,6595.4
10540,10540,100,5,12627.27
10541,10541,48,5,11405.06
10542,10542,34,1,3657.63
10543,10543,151,1,18344.56
10544,10544,44,5,23468.86
10545,10545,113,4,16263.55
10546,10546,91,4,24150.89
10547,10547,28,4,16098.38
10548,10548,161,4,377.71
10549,10549,1,5,21191.29
10550,10550,46,2,9915.48
10551,10551,141,3,23613.7
10552,10552,117,1,20433.55
10553,10553,144,1,25378.87
10554,10554,57,5,12361.23
10555,10555,87,4,25821.69
10556,10556,75,4,27545.83
10557,10557,108,4,14335.21
10558,10558,125,1,6220.2
10559,10559,200,2,20420.05
10560,10560,141,1,23613.7
10561,10561,34,2,3657.63
10562,10562,24,1,13804.57
10563,10563,17,3,19432.15
10564,10564,152,4,14395.46
10565,10565,109,4,1949.14
10566,10566,178,5,823.83
10567,10567,27,2,15343.35
10568,10568,15,1,10692.78
10569,10569,24,1,13804.57
10570,10570,122,4,7649.28
10571,10571,179,1,13532.44
10572,10572,96,2,20513.9
10573,10573,41,2,4660.83
10574,10574,199,3,14879.64
10575,10575,36,1,15665.94
10576,10576,76,1,6546.83
10577,10577,166,3,17663.18
10578,10578,196,1,10134.09
10579,10579,132,1,3487.55
10580,10580,115,2,19349.21
10581,10581,134,1,904.04
10582,10582,50,1,8022.24
10583,10583,127,2,7022.99
10584,10584,85,5,3493.07
10585,10585,158,3,24324.06
10586,10586,148,5,4657.5
10587,10587,171,3,11785.29
10588,10588,30,1,4085.97
10589,10589,41,1,4660.83
10590,10590,9,5,7868.98
10591,10591,19,2,21294.24
10592,10592,84,2,27377.47
10593,10593,170,5,4852.6
10594,10594,59,2,8391.44
10595,10595,17,3,19432.15
10596,10596,124,4,7049.35
10597,10597,11,4,11525.15
10598,10598,101,3,8547.18
10599,10599,98,3,740.62
10600,10600,175,1,24477.29
10601,10601,8,4,11385.66
10602,10602,136,1,16321.7
10603,10603,120,2,8634.24
10604,10604,61,3,3768.98
10605,10605,39,5,17650.3
10606,10606,9,1,7868.98
10607,10607,150,1,3511.86
10608,10608,119,3,5173.11
10609,10609,46,3,9915.48
10610,10610,69,1,7059.92
10611,10611,193,5,9071.96
10612,10612,132,4,3487.55
10613,10613,78,3,3968.49
10614,10614,15,2,10692.78
10615,10615,192,3,2957.41
10616,10616,140,3,3677.83
10617,10617,141,2,23613.7
10618,10618,69,2,7059.92
10619,10619,136,4,16321.7
10620,10620,161,1,377.71
10621,10621,127,4,7022.99
10622,10622,135,5,21436.4
10623,10623,5,5,1235.05
10624,10624,179,5,13532.44
10625,10625,194,2,12707.5
10626,10626,69,5,7059.92
10627,10627,14,3,1200.29
10628,10628,190,4,4782.23
10629,10629,113,4,16263.55
10630,10630,165,3,2455.33
10631,10631,152,5,14395.46
10632,10632,28,1,16098.38
10633,10633,104,5,17468.31
10634,10634,72,4,16174.11
10635,10635,117,4,20433.55
10636,10636,124,4,7049.35
10637,10637,91,2,24150.89
10638,10638,81,5,19237.52
10639,10639,58,3,2402.97
10640,10640,70,3,12988.47
10641,10641,85,4,3493.07
10642,10642,47,1,14713.56
10643,10643,80,2,23718.28
10644,10644,130,4,13160.01
10645,10645,17,2,19432.15
10646,10646,28,2,16098.38
10647,10647,65,2,10719.81
10648,10648,113,4,16263.55
10649,10649,166,4,17663.18
10650,10650,67,4,10450.83
10651,10651,160,5,574.04
10652,10652,5,4,1235.05
10653,10653,135,5,21436.4
10654,10654,186,5,21268.61
10655,10655,108,3,14335.21
10656,10656,121,4,14581.68
10657,10657,195,4,16085.73
10658,10658,78,2,3968.49
10659,10659,66,4,21839.21
10660,10660,101,5,8547.18
10661,10661,11,4,11525.15
10662,10662,7,2,18492.28
10663,10663,57,3,12361.23
10664,10664,77,1,16616.81
10665,10665,186,4,21268.61
10666,10666,155,3,13686.84
10667,10667,129,1,9625.23
10668,10668,3,3,13312.12
10669,10669,82,5,17607.83
10670,10670,86,4,12094.11
10671,10671,154,4,23101.64
10672,10672,176,1,4315.47
10673,10673,53,2,878.34
10674,10674,10,4,27040.17
10675,10675,94,1,4040.83
10676,10676,182,5,7031.34
10677,10677,103,2,6595.4
10678,10678,126,1,11041.81
10679,10679,133,5,2299.38
10680,10680,83,1,16795.16
10681,10681,80,4,23718.28
10682,10682,5,1,1235.05
10683,10683,42,2,3206.85
10684,10684,198,1,7897.84
10685,10685,30,4,4085.97
10686,10686,193,4,9071.96
10687,10687,24,2,13804.57
10688,10688,45,1,9921.88
10689,10689,198,4,7897.84
10690,10690,110,4,28002.99
10691,10691,96,2,20513.9
10692,10692,167,3,8144.35
10693,10693,44,2,23468.86
10694,10694,59,5,8391.44
10695,10695,73,2,896.37
10696,10696,118,5,14798.89
10697,10697,69,2,7059.92
10698,10698,43,1,15077.83
10699,10699,99,2,20431.12
10700,10700,15,3,10692.78
10701,10701,30,5,4085.97
10702,10702,156,3,17418.26
10703,10703,148,4,4657.5
10704,10704,117,3,20433.55
10705,10705,3,3,13312.12
10706,10706,88,4,10810.93
10707,10707,168,1,929.8
10708,10708,61,4,3768.98
10709,10709,161,3,377.71
10710,10710,60,5,5460.7
10711,10711,145,4,10429.51
10712,10712,58,5,2402.97
10713,10713,127,3,7022.99
10714,10714,172,1,11683.09
10715,10715,106,5,16769.45
10716,10716,85,2,3493.07
10717,10717,79,5,27672.78
10718,10718,10,4,27040.17
10719,10719,80,5,23718.28
10720,10720,188,4,996.04
10721,10721,155,1,13686.84
10722,10722,110,5,28002.99
10723,10723,116,2,3984.38
10724,10724,112,1,13028.13
10725,10725,172,2,11683.09
10726,10726,158,1,24324.06
10727,10727,153,2,28994.85
10728,10728,43,5,15077.83
10729,10729,148,4,4657.5
10730,10730,83,1,16795.16
10731,10731,75,2,27545.83
10732,10732,3,1,13312.12
10733,10733,58,5,2402.97
10734,10734,96,1,20513.9
10735,10735,99,1,20431.12
10736,10736,89,3,22077.15
10737,10737,144,2,25378.87
10738,10738,112,1,13028.13
10739,10739,52,1,1034.09
10740,10740,50,4,8022.24
10741,10741,165,5,2455.33
10742,10742,24,5,13804.57
10743,10743,126,5,11041.81
10744,10744,40,4,13014.18
10745,10745,41,2,4660.83
10746,10746,29,2,3278.0
10747,10747,95,2,8444.18
10748,10748,119,3,5173.11
10749,10749,50,2,8022.24
10750,10750,170,4,4852.6
10751,10751,8,2,11385.66
10752,10752,69,4,7059.92
10753,10753,186,2,21268.61
10754,10754,142,1,17820.58
10755,10755,93,2,18565.89
10756,10756,55,2,6404.02
10757,10757,179,1,13532.44
10758,10758,170,2,4852.6
10759,10759,4,1,5202.8
10760,10760,172,5,11683.09
10761,10761,17,5,19432.15
10762,10762,119,5,5173.11
10763,10763,93,1,18565.89
10764,10764,180,5,14598.18
10765,10765,172,3,11683.09
10766,10766,5,3,1235.05
10767,10767,178,3,823.83
10768,10768,10,4,27040.17
10769,10769,145,2,10429.51
10770,10770,99,5,20431.12
10771,10771,11,4,11525.15
10772,10772,33,5,351.77
10773,10773,97,1,15480.83
10774,10774,180,2,14598.18
10775,10775,200,3,20420.05
10776,10776,104,4,17468.31
10777,10777,1,4,21191.29
10778,10778,153,3,28994.85
10779,10779,20,2,5539.73
10780,10780,90,3,16959.04
10781,10781,10,5,27040.17
10782,10782,50,2,8022.24
10783,10783,128,4,1071.68
10784,10784,165,2,2455.33
10785,10785,158,5,24324.06
10786,10786,194,4,12707.5
10787,10787,199,4,14879.64
10788,10788,158,5,24324.06
10789,10789,67,5,10450.83
10790,10790,193,5,9071.96
10791,10791,159,1,5770.16
10792,10792,172,5,11683.09
10793,10793,23,5,15541.22
10794,10794,21,2,4061.98
10795,10795,151,2,18344.56
10796,10796,3,4,13312.12
10797,10797,157,2,12947.92
10798,10798,85,1,3493.07
10799,10799,105,3,9571.88
10800,10800,193,4,9071.96
10801,10801,178,5,823.83
10802,10802,151,3,18344.56
10803,10803,191,3,955.75
10804,10804,112,2,13028.13
10805,10805,15,4,10692.78
10806,10806,126,1,11041.81
10807,10807,184,1,2190.56
10808,10808,131,1,9463.24
10809,10809,200,2,20420.05
10810,10810,118,4,14798.89
10811,10811,97,2,15480.83
10812,10812,24,1,13804.57
10813,10813,65,3,10719.81
10814,10814,112,4,13028.13
10815,10815,70,5,12988.47
10816,10816,68,2,21527.67
10817,10817,1,1,21191.29
10818,10818,8,1,11385.66
10819,10819,131,5,9463.24
10820,10820,127,2,7022.99
10821,10821,167,4,8144.35
10822,10822,29,2,3278.0
10823,10823,193,3,9071.96
10824,10824,145,3,10429.51
10825,10825,116,3,3984.38
10826,10826,22,1,10992.16
10827,10827,66,2,21839.21
10828,10828,70,4,12988.47
10829,10829,176,3,4315.47
10830,10830,5,3,1235.05
10831,10831,167,3,8144.35
10832,10832,155,1,13686.84
10833,10833,25,4,14280.01
10834,10834,62,1,17180.02
10835,10835,38,3,5822.86
10836,10836,6,2,21150.77
10837,10837,114,1,12921.43
10838,10838,125,5,6220.2
10839,10839,103,3,6595.4
10840,10840,61,2,3768.98
10841,10841,46,4,9915.48
10842,10842,12,2,28934.67
10843,10843,16,4,6157.77
10844,10844,138,3,1398.1
10845,10845,88,4,10810.93
10846,10846,23,4,15541.22
10847,10847,59,2,8391.44
10848,10848,98,2,740.62
10849,10849,26,3,12546.76
10850,10850,84,5,27377.47
10851,10851,146,2,7872.91
10852,10852,11,3,11525.15
10853,10853,154,2,23101.64
10854,10854,44,3,23468.86
10855,10855,66,1,21839.21
10856,10856,128,4,1071.68
10857,10857,160,4,574.04
10858,10858,172,5,11683.09
10859,10859,59,5,8391.44
10860,10860,33,1,351.77
10861,10861,74,4,7274.5
10862,10862,45,5,9921.88
10863,10863,153,4,28994.85
10864,10864,20,5,5539.73
10865,10865,152,4,14395.46
10866,10866,105,2,9571.88
10867,10867,70,2,12988.47
10868,10868,9,1,7868.98
10869,10869,57,3,12361.23
10870,10870,134,1,904.04
10871,10871,192,4,2957.41
10872,10872,172,1,11683.09
10873,10873,59,1,8391.44
10874,10874,7,4,18492.28
10875,10875,131,1,9463.24
10876,10876,30,2,4085.97
10877,10877,107,5,5735.07
10878,10878,196,4,10134.09
10879,10879,183,1,13427.6
10880,10880,105,3,9571.88
10881,10881,45,4,9921.88
10882,10882,183,4,13427.6
10883,10883,39,4,17650.3
10884,10884,193,2,9071.96
10885,10885,56,2,23513.58
10886,10886,131,1,9463.24
10887,10887,101,5,8547.18
10888,10888,78,1,3968.49
10889,10889,70,3,12988.47
10890,10890,182,3,7031.34
10891,10891,66,2,21839.21
10892,10892,12,2,28934.67
10893,10893,114,2,12921.43
10894,10894,174,1,17094.14
10895,10895,64,2,2967.21
10896,10896,125,4,6220.2
10897,10897,38,5,5822.86
10898,10898,160,4,574.04
10899,10899,75,3,27545.83
10900,10900,67,3,10450.83
10901,10901,127,5,7022.99
10902,10902,173,3,3363.26
10903,10903,177,4,25108.98
10904,10904,138,5,1398.1
10905,10905,56,4,23513.58
10906,10906,124,3,7049.35
10907,10907,110,3,28002.99
10908,10908,164,5,5452.82
10909,10909,19,4,21294.24
10910,10910,102,1,13557.46
10911,10911,57,5,12361.23
10912,10912,42,4,3206.85
10913,10913,143,1,14111.6
10914,10914,113,4,16263.55
10915,10915,79,1,27672.78
10916,10916,169,1,16919.54
10917,10917,162,5,6165.41
10918,10918,64,3,2967.21
10919,10919,99,4,20431.12
10920,10920,43,1,15077.83
10921,10921,149,1,15111.25
10922,10922,122,2,7649.28
10923,10923,145,1,10429.51
10924,10924,179,2,13532.44
10925,10925,36,4,15665.94
10926,10926,197,4,10336.5
10927,10927,163,1,3797.21
10928,10928,140,5,3677.83
10929,10929,91,4,24150.89
10930,10930,1,3,21191.29
10931,10931,89,4,22077.15
10932,10932,53,4,878.34
10933,10933,80,3,23718.28
10934,10934,35,4,16408.02
10935,10935,79,4,27672.78
10936,10936,55,2,6404.02
10937,10937,145,3,10429.51
10938,10938,3,1,13312.12
10939,10939,191,5,955.75
10940,10940,44,3,23468.86
10941,10941,94,5,4040.83
10942,10942,23,2,15541.22
10943,10943,34,1,3657.63
10944,10944,47,1,14713.56
10945,10945,199,1,14879.64
10946,10946,191,2,955.75
10947,10947,175,2,24477.29
10948,10948,35,1,16408.02
10949,10949,115,5,19349.21
10950,10950,117,5,20433.55
10951,10951,72,2,16174.11
10952,10952,82,1,17607.83
10953,10953,184,1,2190.56
10954,10954,11,5,11525.15
10955,10955,168,5,929.8
10956,10956,180,5,14598.18
10957,10957,60,2,5460.7
10958,10958,43,2,15077.83
10959,10959,198,2,7897.84
10960,10960,190,5,4782.23
10961,10961,151,4,18344.56
10962,10962,175,2,24477.29
10963,10963,64,1,2967.21
10964,10964,146,4,7872.91
10965,10965,17,1,19432.15
10966,10966,100,5,12627.27
10967,10967,197,5,10336.5
10968,10968,119,5,5173.11
10969,10969,59,1,8391.44
10970,10970,157,1,12947.92
10971,10971,55,2,6404.02
10972,10972,158,4,24324.06
10973,10973,142,4,17820.58
10974,10974,58,1,2402.97
10975,10975,89,1,22077.15
10976,10976,94,2,4040.83
10977,10977,51,2,4582.1
10978,10978,109,4,1949.14
10979,10979,26,3,12546.76
10980,10980,143,3,14111.6
10981,10981,150,1,3511.86
10982,10982,171,3,11785.29
10983,10983,83,3,16795.16
10984,10984,176,1,4315.47
10985,10985,69,2,7059.92
10986,10986,63,5,7112.08
10987,10987,36,4,15665.94
10988,10988,133,1,2299.38
10989,10989,34,2,3657.63
10990,10990,128,4,1071.68
10991,10991,195,3,16085.73
10992,10992,53,5,878.34
10993,10993,71,2,17028.76
10994,10994,186,2,21268.61
10995,10995,5,4,1235.05
10996,10996,2,4,15826.16
10997,10997,163,5,3797.21
10998,10998,136,5,16321.7
10999,10999,80,3,23718.28
11000,11000,20,5,5539.73
11001,11001,118,5,14798.89
11002,11002,52,4,1034.09
11003,11003,197,1,10336.5
11004,11004,190,4,4782.23
11005,11005,174,5,17094.14
11006,11006,23,5,15541.22
11007,11007,195,5,16085.73
11008,11008,27,2,15343.35
11009,11009,80,1,23718.28
11010,11010,146,1,7872.91
11011,11011,101,4,8547.18
11012,11012,197,1,10336.5
11013,11013,130,5,13160.01
11014,11014,189,5,5861.15
11015,11015,54,2,13304.66
11016,11016,167,3,8144.35
11017,11017,45,2,9921.88
11018,11018,178,4,823.83
11019,11019,45,4,9921.88
11020,11020,139,3,4801.64
11021,11021,7,5,18492.28
11022,11022,108,2,14335.21
11023,11023,78,2,3968.49
11024,11024,163,3,3797.21
11025,11025,173,3,3363.26
11026,11026,129,3,9625.23
11027,11027,25,3,14280.01
11028,11028,85,2,3493.07
11029,11029,139,1,4801.64
11030,11030,19,1,21294.24
11031,11031,183,2,13427.6
11032,11032,165,1,2455.33
11033,11033,195,3,16085.73
11034,11034,184,5,2190.56
11035,11035,30,1,4085.97
11036,11036,71,5,17028.76
11037,11037,69,5,7059.92
11038,11038,128,1,1071.68
11039,11039,170,4,4852.6
11040,11040,172,5,11683.09
11041,11041,107,5,5735.07
11042,11042,26,5,12546.76
11043,11043,19,4,21294.24
11044,11044,172,5,11683.09
11045,11045,159,1,5770.16
11046,11046,198,1,7897.84
11047,11047,6,5,21150.77
11048,11048,23,5,15541.22
11049,11049,152,2,14395.46
11050,11050,134,3,904.04
11051,11051,162,3,6165.41
11052,11052,55,1,6404.02
11053,11053,91,3,24150.89
11054,11054,108,4,14335.21
11055,11055,77,3,16616.81
11056,11056,58,1,2402.97
11057,11057,155,2,13686.84
11058,11058,160,2,574.04
11059,11059,38,1,5822.86
11060,11060,154,4,23101.64
11061,11061,183,5,13427.6
11062,11062,154,4,23101.64
11063,11063,93,4,18565.89
11064,11064,60,5,5460.7
11065,11065,178,4,823.83
11066,11066,45,4,9921.88
11067,11067,53,2,878.34
11068,11068,98,1,740.62
11069,11069,93,2,18565.89
11070,11070,39,5,17650.3
11071,11071,103,5,6595.4
11072,11072,169,1,16919.54
11073,11073,52,4,1034.09
11074,11074,32,4,5374.36
11075,11075,129,5,9625.23
11076,11076,175,5,24477.29
11077,11077,190,4,4782.23
11078,11078,148,5,4657.5
11079,11079,17,4,19432.15
11080,11080,193,1,9071.96
11081,11081,132,3,3487.55
11082,11082,200,1,20420.05
11083,11083,93,2,18565.89
11084,11084,106,3,16769.45
11085,11085,8,2,11385.66
11086,11086,135,4,21436.4
11087,11087,174,3,17094.14
11088,11088,122,1,7649.28
11089,11089,15,4,10692.78
11090,11090,137,3,14887.13
11091,11091,57,4,12361.23
11092,11092,65,5,10719.81
11093,11093,110,1,28002.99
11094,11094,17,5,19432.15
11095,11095,198,5,7897.84
11096,11096,4,4,5202.8
11097,11097,20,1,5539.73
11098,11098,6,4,21150.77
11099,11099,17,2,19432.15
11100,11100,82,3,17607.83
11101,11101,84,5,27377.47
11102,11102,3,4,13312.12
11103,11103,159,2,5770.16
11104,11104,82,4,17607.83
11105,11105,150,2,3511.86
11106,11106,108,3,14335.21
11107,11107,118,3,14798.89
11108,11108,75,4,27545.83
11109,11109,34,4,3657.63
11110,11110,106,4,16769.45
11111,11111,65,1,10719.81
11112,11112,33,4,351.77
11113,11113,121,5,14581.68
11114,11114,66,3,21839.21
11115,11115,62,1,17180.02
11116,11116,24,3,13804.57
11117,11117,89,1,22077.15
11118,11118,89,1,22077.15
11119,11119,45,2,9921.88
11120,11120,155,3,13686.84
11121,11121,107,2,5735.07
11122,11122,148,4,4657.5
11123,11123,28,2,16098.38
11124,11124,83,5,16795.16
11125,11125,39,3,17650.3
11126,11126,180,1,14598.18
11127,11127,170,1,4852.6
11128,11128,62,1,17180.02
11129,11129,154,1,23101.64
11130,11130,133,3,2299.38
11131,11131,82,5,17607.83
11132,11132,31,3,8530.85
11133,11133,95,3,8444.18
11134,11134,89,2,22077.15
11135,11135,91,4,24150.89
11136,11136,191,3,955.75
11137,11137,46,1,9915.48
11138,11138,142,1,17820.58
11139,11139,45,4,9921.88
11140,11140,82,4,17607.83
11141,11141,106,4,16769.45
11142,11142,14,1,1200.29
11143,11143,44,5,23468.86
11144,11144,54,4,13304.66
11145,11145,105,1,9571.88
11146,11146,51,1,4582.1
11147,11147,114,4,12921.43
11148,11148,155,3,13686.84
11149,11149,132,4,3487.55
11150,11150,172,3,11683.09
11151,11151,177,5,25108.98
11152,11152,86,1,12094.11
11153,11153,55,4,6404.02
11154,11154,80,3,23718.28
11155,11155,30,3,4085.97
11156,11156,51,1,4582.1
11157,11157,161,1,377.71
11158,11158,58,2,2402.97
11159,11159,147,1,17781.52
11160,11160,123,2,12118.15
11161,11161,194,4,12707.5
11162,11162,174,1,17094.14
11163,11163,174,3,17094.14
11164,11164,85,2,3493.07
11165,11165,132,4,3487.55
11166,11166,187,3,11738.99
11167,11167,76,1,6546.83
11168,11168,92,3,15601.31
11169,11169,125,4,6220.2
11170,11170,104,1,17468.31
11171,11171,9,3,7868.98
11172,11172,89,1,22077.15
11173,11173,122,4,7649.28
11174,11174,95,2,8444.18
11175,11175,146,2,7872.91
11176,11176,79,4,27672.78
11177,11177,167,2,8144.35
11178,11178,52,3,1034.09
11179,11179,68,3,21527.67
11180,11180,123,1,12118.15
11181,11181,95,3,8444.18
11182,11182,164,5,5452.82
11183,11183,74,1,7274.5
11184,11184,42,2,3206.85
11185,11185,64,4,2967.21
11186,11186,131,1,9463.24
11187,11187,142,4,17820.58
11188,11188,93,2,18565.89
11189,11189,63,4,7112.08
11190,11190,153,1,28994.85
11191,11191,64,3,2967.21
11192,11192,144,3,25378.87
11193,11193,85,3,3493.07
11194,11194,69,5,7059.92
11195,11195,102,5,13557.46
11196,11196,93,3,18565.89
11197,11197,169,5,16919.54
11198,11198,141,4,23613.7
11199,11199,93,4,18565.89
11200,11200,114,1,12921.43
11201,11201,107,5,5735.07
11202,11202,74,1,7274.5
11203,11203,100,4,12627.27
11204,11204,179,5,13532.44
11205,11205,172,1,11683.09
11206,11206,154,1,23101.64
11207,11207,166,5,17663.18
11208,11208,118,3,14798.89
11209,11209,155,4,13686.84
11210,11210,52,3,1034.09
11211,11211,22,1,10992.16
11212,11212,55,1,6404.02
11213,11213,104,2,17468.31
11214,11214,89,2,22077.15
11215,11215,193,1,9071.96
11216,11216,61,2,3768.98
11217,11217,149,4,15111.25
11218,11218,87,2,25821.69
11219,11219,196,3,10134.09
11220,11220,81,4,19237.52
11221,11221,142,2,17820.58
11222,11222,45,3,9921.88
11223,11223,45,4,9921.88
11224,11224,68,4,21527.67
11225,11225,18,4,6431.52
11226,11226,52,1,1034.09
11227,11227,94,2,4040.83
11228,11228,88,4,10810.93
11229,11229,72,2,16174.11
11230,11230,198,4,7897.84
11231,11231,105,3,9571.88
11232,11232,134,2,904.04
11233,11233,131,1,9463.24
11234,11234,148,2,4657.5
11235,11235,110,2,28002.99
11236,11236,100,5,12627.27
11237,11237,179,4,13532.44
11238,11238,94,2,4040.83
11239,11239,166,4,17663.18
11240,11240,175,4,24477.29
11241,11241,120,2,8634.24
11242,11242,150,1,3511.86
11243,11243,29,2,3278.0
11244,11244,88,3,10810.93
11245,11245,77,3,16616.81
11246,11246,3,2,13312.12
11247,11247,110,3,28002.99
11248,11248,129,3,9625.23
11249,11249,95,1,8444.18
11250,11250,129,3,9625.23
11251,11251,29,5,3278.0
11252,11252,97,2,15480.83
11253,11253,183,2,13427.6
11254,11254,172,1,11683.09
11255,11255,130,1,13160.01
11256,11256,149,5,15111.25
11257,11257,86,4,12094.11
11258,11258,169,3,16919.54
11259,11259,105,4,9571.88
11260,11260,103,1,6595.4
11261,11261,147,1,17781.52
11262,11262,67,4,10450.83
11263,11263,26,2,12546.76
11264,11264,195,3,16085.73
11265,11265,82,5,17607.83
11266,11266,70,3,12988.47
11267,11267,43,2,15077.83
11268,11268,139,4,4801.64
11269,11269,54,4,13304.66
11270,11270,38,3,5822.86
11271,11271,123,3,12118.15
11272,11272,92,4,15601.31
11273,11273,119,3,5173.11
11274,11274,25,5,14280.01
11275,11275,55,1,6404.02
11276,11276,122,3,7649.28
11277,11277,44,5,23468.86
11278,11278,155,1,13686.84
11279,11279,33,2,351.77
11280,11280,6,1,21150.77
11281,11281,169,2,16919.54
11282,11282,33,2,351.77
11283,11283,170,5,4852.6
11284,11284,40,1,13014.18
11285,11285,32,5,5374.36
11286,11286,199,3,14879.64
11287,11287,66,1,21839.21
11288,11288,181,1,8035.92
11289,11289,85,1,3493.07
11290,11290,70,3,12988.47
11291,11291,154,2,23101.64
11292,11292,138,2,1398.1
11293,11293,34,4,3657.63
11294,11294,114,3,12921.43
11295,11295,24,5,13804.57
11296,11296,84,5,27377.47
11297,11297,64,2,2967.21
11298,11298,140,2,3677.83
11299,11299,97,4,15480.83
11300,11300,60,2,5460.7
11301,11301,150,5,3511.86
11302,11302,59,2,8391.44
11303,11303,71,1,17028.76
11304,11304,176,3,4315.47
11305,11305,14,2,1200.29
11306,11306,188,3,996.04
11307,11307,90,1,16959.04
11308,11308,40,4,13014.18
11309,11309,95,3,8444.18
11310,11310,23,4,15541.22
11311,11311,21,4,4061.98
11312,11312,137,2,14887.13
11313,11313,192,2,2957.41
11314,11314,121,4,14581.68
11315,11315,153,5,28994.85
11316,11316,36,1,15665.94
11317,11317,142,5,17820.58
11318,11318,158,5,24324.06
11319,11319,137,1,14887.13
11320,11320,160,2,574.04
11321,11321,150,2,3511.86
11322,11322,66,5,21839.21
11323,11323,165,3,2455.33
11324,11324,51,1,4582.1
11325,11325,136,1,16321.7
11326,11326,163,1,3797.21
11327,11327,173,4,3363.26
11328,11328,21,1,4061.98
11329,11329,83,3,16795.16
11330,11330,154,2,23101.64
11331,11331,123,1,12118.15
11332,11332,127,4,7022.99
11333,11333,78,1,3968.49
11334,11334,101,1,8547.18
11335,11335,131,1,9463.24
11336,11336,45,4,9921.88
11337,11337,197,5,10336.5
11338,11338,42,3,3206.85
11339,11339,73,3,896.37
11340,11340,176,2,4315.47
11341,11341,165,1,2455.33
11342,11342,147,4,17781.52
11343,11343,91,1,24150.89
11344,11344,131,4,9463.24
11345,11345,118,2,14798.89
11346,11346,97,5,15480.83
11347,11347,149,4,15111.25
11348,11348,107,2,5735.07
11349,11349,55,1,6404.02
11350,11350,63,1,7112.08
11351,11351,22,5,10992.16
11352,11352,91,5,24150.89
11353,11353,56,5,23513.58
11354,11354,36,1,15665.94
11355,11355,16,1,6157.77
11356,11356,182,2,7031.34
11357,11357,58,2,2402.97
11358,11358,177,1,25108.98
11359,11359,147,3,17781.52
11360,11360,52,5,1034.09
11361,11361,36,1,15665.94
11362,11362,10,3,27040.17
11363,11363,160,1,574.04
11364,11364,105,1,9571.88
11365,11365,106,2,16769.45
11366,11366,150,2,3511.86
11367,11367,140,4,3677.83
11368,11368,185,4,17714.54
11369,11369,109,2,1949.14
11370,11370,21,2,4061.98
11371,11371,137,5,14887.13
11372,11372,168,2,929.8
11373,11373,171,1,11785.29
11374,11374,155,3,13686.84
11375,11375,151,3,18344.56
11376,11376,199,2,14879.64
11377,11377,33,1,351.77
11378,11378,36,4,15665.94
11379,11379,54,5,13304.66
11380,11380,89,3,22077.15
11381,11381,82,1,17607.83
11382,11382,43,1,15077.83
11383,11383,125,2,6220.2
11384,11384,89,4,22077.15
11385,11385,41,3,4660.83
11386,11386,94,2,4040.83
11387,11387,94,4,4040.83
11388,11388,74,1,7274.5
11389,11389,148,3,4657.5
11390,11390,169,5,16919.54
11391,11391,141,3,23613.7
11392,11392,74,3,7274.5
11393,11393,135,5,21436.4
11394,11394,145,4,10429.51
11395,11395,119,2,5173.11
11396,11396,62,4,17180.02
11397,11397,161,5,377.71
11398,11398,84,2,27377.47
11399,11399,144,1,25378.87
11400,11400,82,5,17607.83
11401,11401,97,3,15480.83
11402,11402,173,5,3363.26
11403,11403,165,4,2455.33
11404,11404,21,1,4061.98
11405,11405,174,1,17094.14
11406,11406,171,2,11785.29
11407,11407,197,1,10336.5
11408,11408,69,2,7059.92
11409,11409,191,3,955.75
11410,11410,17,4,19432.15
11411,11411,84,2,27377.47
11412,11412,93,2,18565.89
11413,11413,126,3,11041.81
11414,11414,92,5,15601.31
11415,11415,55,4,6404.02
11416,11416,94,3,4040.83
11417,11417,19,2,21294.24
11418,11418,71,5,17028.76
11419,11419,61,1,3768.98
11420,11420,164,4,5452.82
11421,11421,164,2,5452.82
11422,11422,169,5,16919.54
11423,11423,169,5,16919.54
11424,11424,143,2,14111.6
11425,11425,50,1,8022.24
11426,11426,41,4,4660.83
11427,11427,172,4,11683.09
11428,11428,8,5,11385.66
11429,11429,166,4,17663.18
11430,11430,95,1,8444.18
11431,11431,82,4,17607.83
11432,11432,146,5,7872.91
11433,11433,181,1,8035.92
11434,11434,135,1,21436.4
11435,11435,179,4,13532.44
11436,11436,100,5,12627.27
11437,11437,48,5,11405.06
11438,11438,11,3,11525.15
11439,11439,178,4,823.83
11440,11440,115,4,19349.21
11441,11441,23,1,15541.22
11442,11442,21,5,4061.98
11443,11443,7,5,18492.28
11444,11444,27,2,15343.35
11445,11445,87,4,25821.69
11446,11446,150,5,3511.86
11447,11447,116,1,3984.38
11448,11448,7,1,18492.28
11449,11449,162,2,6165.41
11450,11450,63,2,7112.08
11451,11451,66,1,21839.21
11452,11452,118,3,14798.89
11453,11453,127,2,7022.99
11454,11454,126,4,11041.81
11455,11455,46,4,9915.48
11456,11456,18,5,6431.52
11457,11457,78,3,3968.49
11458,11458,128,2,1071.68
11459,11459,112,4,13028.13
11460,11460,27,5,15343.35
11461,11461,139,4,4801.64
11462,11462,141,2,23613.7
11463,11463,96,2,20513.9
11464,11464,146,2,7872.91
11465,11465,135,1,21436.4
11466,11466,176,4,4315.47
11467,11467,130,1,13160.01
11468,11468,76,5,6546.83
11469,11469,22,2,10992.16
11470,11470,105,1,9571.88
11471,11471,151,2,18344.56
11472,11472,12,5,28934.67
11473,11473,135,5,21436.4
11474,11474,144,2,25378.87
11475,11475,56,2,23513.58
11476,11476,99,5,20431.12
11477,11477,58,2,2402.97
11478,11478,122,3,7649.28
11479,11479,182,5,7031.34
11480,11480,166,4,17663.18
11481,11481,142,2,17820.58
11482,11482,33,5,351.77
11483,11483,154,5,23101.64
11484,11484,125,3,6220.2
11485,11485,153,3,28994.85
11486,11486,196,3,10134.09
11487,11487,176,2,4315.47
11488,11488,140,3,3677.83
11489,11489,103,1,6595.4
11490,11490,31,1,8530.85
11491,11491,31,1,8530.85
11492,11492,41,3,4660.83
11493,11493,154,4,23101.64
11494,11494,127,5,7022.99
11495,11495,143,1,14111.6
11496,11496,25,4,14280.01
11497,11497,1,5,21191.29
11498,11498,30,4,4085.97
11499,11499,158,4,24324.06
11500,11500,65,2,10719.81
11501,11501,65,2,10719.81
11502,11502,46,5,9915.48
11503,11503,49,2,9269.71
11504,11504,76,2,6546.83
11505,11505,39,1,17650.3
11506,11506,175,1,24477.29
11507,11507,11,5,11525.15
11508,11508,14,3,1200.29
11509,11509,160,5,574.04
11510,11510,27,2,15343.35
11511,11511,33,1,351.77
11512,11512,188,3,996.04
11513,11513,100,3,12627.27
11514,11514,29,5,3278.0
11515,11515,34,5,3657.63
11516,11516,147,1,17781.52
11517,11517,83,2,16795.16
11518,11518,91,3,24150.89
11519,11519,34,2,3657.63
11520,11520,4,1,5202.8
11521,11521,89,2,22077.15
11522,11522,67,4,10450.83
11523,11523,32,4,5374.36
11524,11524,146,1,7872.91
11525,11525,131,2,9463.24
11526,11526,84,1,27377.47
11527,11527,21,2,4061.98
11528,11528,101,2,8547.18
11529,11529,195,3,16085.73
11530,11530,119,2,5173.11
11531,11531,119,5,5173.11
11532,11532,178,1,823.83
11533,11533,66,4,21839.21
11534,11534,64,3,2967.21
11535,11535,119,1,5173.11
11536,11536,185,3,17714.54
11537,11537,30,2,4085.97
11538,11538,65,4,10719.81
11539,11539,163,2,3797.21
11540,11540,29,1,3278.0
11541,11541,70,4,12988.47
11542,11542,81,5,19237.52
11543,11543,149,4,15111.25
11544,11544,167,5,8144.35
11545,11545,54,5,13304.66
11546,11546,42,4,3206.85
11547,11547,164,2,5452.82
11548,11548,181,4,8035.92
11549,11549,111,5,14461.81
11550,11550,88,5,10810.93
11551,11551,141,2,23613.7
11552,11552,130,4,13160.01
11553,11553,148,5,4657.5
11554,11554,116,5,3984.38
11555,11555,14,2,1200.29
11556,11556,114,4,12921.43
11557,11557,50,1,8022.24
11558,11558,107,4,5735.07
11559,11559,11,1,11525.15
11560,11560,47,5,14713.56
11561,11561,57,4,12361.23
11562,11562,5,5,1235.05
11563,11563,106,2,16769.45
11564,11564,114,1,12921.43
11565,11565,39,3,17650.3
11566,11566,102,3,13557.46
11567,11567,184,5,2190.56
11568,11568,14,4,1200.29
11569,11569,180,1,14598.18
11570,11570,7,5,18492.28
11571,11571,182,4,7031.34
11572,11572,73,2,896.37
11573,11573,1,2,21191.29
11574,11574,113,1,16263.55
11575,11575,44,2,23468.86
11576,11576,62,5,17180.02
11577,11577,131,5,9463.24
11578,11578,186,3,21268.61
11579,11579,179,3,13532.44
11580,11580,96,2,20513.9
11581,11581,107,3,5735.07
11582,11582,6,5,21150.77
11583,11583,85,3,3493.07
11584,11584,96,5,20513.9
11585,11585,81,2,19237.52
11586,11586,131,4,9463.24
11587,11587,29,2,3278.0
11588,11588,190,4,4782.23
11589,11589,5,1,1235.05
11590,11590,41,1,4660.83
11591,11591,110,1,28002.99
11592,11592,153,4,28994.85
11593,11593,44,2,23468.86
11594,11594,69,4,7059.92
11595,11595,130,2,13160.01
11596,11596,168,4,929.8
11597,11597,48,1,11405.06
11598,11598,50,5,8022.24
11599,11599,149,2,15111.25
11600,11600,91,5,24150.89
11601,11601,133,1,2299.38
11602,11602,122,3,7649.28
11603,11603,68,3,21527.67
11604,11604,178,3,823.83
11605,11605,107,2,5735.07
11606,11606,167,3,8144.35
11607,11607,127,4,7022.99
11608,11608,18,5,6431.52
11609,11609,192,2,2957.41
11610,11610,21,3,4061.98
11611,11611,141,3,23613.7
11612,11612,168,5,929.8
11613,11613,127,5,7022.99
11614,11614,188,3,996.04
11615,11615,185,3,17714.54
11616,11616,85,5,3493.07
11617,11617,23,4,15541.22
11618,11618,29,4,3278.0
11619,11619,127,3,7022.99
11620,11620,89,4,22077.15
11621,11621,44,4,23468.86
11622,11622,17,4,19432.15
11623,11623,66,2,21839.21
11624,11624,9,3,7868.98
11625,11625,15,4,10692.78
11626,11626,125,4,6220.2
11627,11627,58,3,2402.97
11628,11628,173,5,3363.26
11629,11629,4,2,5202.8
11630,11630,91,4,24150.89
11631,11631,135,3,21436.4
11632,11632,122,1,7649.28
11633,11633,170,5,4852.6
11634,11634,156,2,17418.26
11635,11635,114,4,12921.43
11636,11636,14,5,1200.29
11637,11637,147,3,17781.52
11638,11638,109,1,1949.14
11639,11639,18,4,6431.52
11640,11640,60,4,5460.7
11641,11641,150,1,3511.86
11642,11642,152,1,14395.46
11643,11643,6,3,21150.77
11644,11644,119,3,5173.11
11645,11645,178,2,823.83
11646,11646,79,4,27672.78
11647,11647,196,5,10134.09
11648,11648,87,5,25821.69
11649,11649,63,3,7112.08
11650,11650,19,3,21294.24
11651,11651,47,4,14713.56
11652,11652,1,5,21191.29
11653,11653,152,3,14395.46
11654,11654,76,2,6546.83
11655,11655,24,2,13804.57
11656,11656,94,3,4040.83
11657,11657,8,2,11385.66
11658,11658,183,2,13427.6
11659,11659,14,2,1200.29
11660,11660,27,1,15343.35
11661,11661,198,1,7897.84
11662,11662,178,5,823.83
11663,11663,159,1,5770.16
11664,11664,129,4,9625.23
11665,11665,85,5,3493.07
11666,11666,186,3,21268.61
11667,11667,16,3,6157.77
11668,11668,49,4,9269.71
11669,11669,72,1,16174.11
11670,11670,186,2,21268.61
11671,11671,7,4,18492.28
11672,11672,150,4,3511.86
11673,11673,70,4,12988.47
11674,11674,184,5,2190.56
11675,11675,109,1,1949.14
11676,11676,171,4,11785.29
11677,11677,63,4,7112.08
11678,11678,106,2,16769.45
11679,11679,19,3,21294.24
11680,11680,83,5,16795.16
11681,11681,121,2,14581.68
11682,11682,121,2,14581.68
11683,11683,65,5,10719.81
11684,11684,36,3,15665.94
11685,11685,96,3,20513.9
11686,11686,150,1,3511.86
11687,11687,131,5,9463.24
11688,11688,34,1,3657.63
11689,11689,180,1,14598.18
11690,11690,12,1,28934.67
11691,11691,2,5,15826.16
11692,11692,194,1,12707.5
11693,11693,48,3,11405.06
11694,11694,36,5,15665.94
11695,11695,18,3,6431.52
11696,11696,196,3,10134.09
11697,11697,52,1,1034.09
11698,11698,183,4,13427.6
11699,11699,32,5,5374.36
11700,11700,13,2,10634.86
11701,11701,170,1,4852.6
11702,11702,167,2,8144.35
11703,11703,66,4,21839.21
11704,11704,31,3,8530.85
11705,11705,153,4,28994.85
11706,11706,69,3,7059.92
11707,11707,32,3,5374.36
11708,11708,113,3,16263.55
11709,11709,190,3,4782.23
11710,11710,117,5,20433.55
11711,11711,129,1,9625.23
11712,11712,78,4,3968.49
11713,11713,144,2,25378.87
11714,11714,200,5,20420.05
11715,11715,120,1,8634.24
11716,11716,42,4,3206.85
11717,11717,196,5,10134.09
11718,11718,87,4,25821.69
11719,11719,49,5,9269.71
11720,11720,193,5,9071.96
11721,11721,100,5,12627.27
11722,11722,87,3,25821.69
11723,11723,192,5,2957.41
11724,11724,151,2,18344.56
11725,11725,126,2,11041.81
11726,11726,4,1,5202.8
11727,11727,174,1,17094.14
11728,11728,61,2,3768.98
11729,11729,71,2,17028.76
11730,11730,123,5,12118.15
11731,11731,153,4,28994.85
11732,11732,128,5,1071.68
11733,11733,24,3,13804.57
11734,11734,39,2,17650.3
11735,11735,84,3,27377.47
11736,11736,69,4,7059.92
11737,11737,81,2,19237.52
11738,11738,193,5,9071.96
11739,11739,152,5,14395.46
11740,11740,25,4,14280.01
11741,11741,191,5,955.75
11742,11742,12,4,28934.67
11743,11743,90,1,16959.04
11744,11744,43,5,15077.83
11745,11745,112,3,13028.13
11746,11746,172,3,11683.09
11747,11747,34,2,3657.63
11748,11748,31,4,8530.85
11749,11749,130,1,13160.01
11750,11750,118,1,14798.89
11751,11751,44,2,23468.86
11752,11752,173,2,3363.26
11753,11753,29,2,3278.0
11754,11754,114,2,12921.43
11755,11755,128,1,1071.68
11756,11756,49,1,9269.71
11757,11757,9,2,7868.98
11758,11758,82,1,17607.83
11759,11759,1,4,21191.29
11760,11760,196,1,10134.09
11761,11761,106,4,16769.45
11762,11762,56,1,23513.58
11763,11763,123,1,12118.15
11764,11764,177,2,25108.98
11765,11765,152,1,14395.46
11766,11766,54,2,13304.66
11767,11767,9,2,7868.98
11768,11768,188,4,996.04
11769,11769,6,3,21150.77
11770,11770,182,1,7031.34
11771,11771,69,2,7059.92
11772,11772,200,2,20420.05
11773,11773,11,3,11525.15
11774,11774,130,1,13160.01
11775,11775,75,4,27545.83
11776,11776,162,4,6165.41
11777,11777,27,5,15343.35
11778,11778,123,2,12118.15
11779,11779,164,4,5452.82
11780,11780,15,4,10692.78
11781,11781,38,1,5822.86
11782,11782,130,3,13160.01
11783,11783,32,2,5374.36
11784,11784,92,4,15601.31
11785,11785,48,2,11405.06
11786,11786,67,3,10450.83
11787,11787,170,2,4852.6
11788,11788,133,4,2299.38
11789,11789,92,5,15601.31
11790,11790,163,3,3797.21
11791,11791,51,4,4582.1
11792,11792,121,4,14581.68
11793,11793,190,1,4782.23
11794,11794,13,5,10634.86
11795,11795,130,5,13160.01
11796,11796,41,1,4660.83
11797,11797,155,4,13686.84
11798,11798,125,5,6220.2
11799,11799,113,5,16263.55
11800,11800,37,2,19923.36
11801,11801,153,2,28994.85
11802,11802,81,2,19237.52
11803,11803,130,1,13160.01
11804,11804,193,5,9071.96
11805,11805,172,3,11683.09
11806,11806,81,1,19237.52
11807,11807,8,5,11385.66
11808,11808,6,1,21150.77
11809,11809,137,2,14887.13
11810,11810,199,5,14879.64
11811,11811,169,2,16919.54
11812,11812,80,5,23718.28
11813,11813,98,2,740.62
11814,11814,122,3,7649.28
11815,11815,72,5,16174.11
11816,11816,5,5,1235.05
11817,11817,13,1,10634.86
11818,11818,97,3,15480.83
11819,11819,55,2,6404.02
11820,11820,121,1,14581.68
11821,11821,61,1,3768.98
11822,11822,124,4,7049.35
11823,11823,12,1,28934.67
11824,11824,3,1,13312.12
11825,11825,183,4,13427.6
11826,11826,116,4,3984.38
11827,11827,199,4,14879.64
11828,11828,175,5,24477.29
11829,11829,192,3,2957.41
11830,11830,106,2,16769.45
11831,11831,12,3,28934.67
11832,11832,100,1,12627.27
11833,11833,199,5,14879.64
11834,11834,102,2,13557.46
11835,11835,27,4,15343.35
11836,11836,63,1,7112.08
11837,11837,150,5,3511.86
11838,11838,37,3,19923.36
11839,11839,149,5,15111.25
11840,11840,88,5,10810.93
11841,11841,120,4,8634.24
11842,11842,77,2,16616.81
11843,11843,154,4,23101.64
11844,11844,71,3,17028.76
11845,11845,160,1,574.04
11846,11846,45,2,9921.88
11847,11847,74,1,7274.5
11848,11848,96,2,20513.9
11849,11849,100,3,12627.27
11850,11850,143,2,14111.6
11851,11851,2,5,15826.16
11852,11852,26,1,12546.76
11853,11853,193,2,9071.96
11854,11854,93,2,18565.89
11855,11855,30,1,4085.97
11856,11856,93,3,18565.89
11857,11857,145,4,10429.51
11858,11858,106,3,16769.45
11859,11859,87,5,25821.69
11860,11860,91,4,24150.89
11861,11861,79,3,27672.78
11862,11862,40,3,13014.18
11863,11863,117,2,20433.55
11864,11864,123,4,12118.15
11865,11865,110,1,28002.99
11866,11866,2,5,15826.16
11867,11867,138,4,1398.1
11868,11868,21,4,4061.98
11869,11869,26,5,12546.76
11870,11870,4,4,5202.8
11871,11871,175,1,24477.29
11872,11872,182,1,7031.34
11873,11873,164,5,5452.82
11874,11874,81,2,19237.52
11875,11875,70,3,12988.47
11876,11876,140,4,3677.83
11877,11877,185,4,17714.54
11878,11878,132,1,3487.55
11879,11879,82,2,17607.83
11880,11880,17,4,19432.15
11881,11881,160,3,574.04
11882,11882,6,5,21150.77
11883,11883,38,5,5822.86
11884,11884,200,2,20420.05
11885,11885,57,2,12361.23
11886,11886,185,2,17714.54
11887,11887,179,3,13532.44
11888,11888,93,2,18565.89
11889,11889,147,1,17781.52
11890,11890,30,1,4085.97
11891,11891,123,3,12118.15
11892,11892,190,1,4782.23
11893,11893,46,5,9915.48
11894,11894,80,4,23718.28
11895,11895,161,5,377.71
11896,11896,55,5,6404.02
11897,11897,91,5,24150.89
11898,11898,127,1,7022.99
11899,11899,34,5,3657.63
11900,11900,140,5,3677.83
11901,11901,147,5,17781.52
11902,11902,101,2,8547.18
11903,11903,1,3,21191.29
11904,11904,106,4,16769.45
11905,11905,38,5,5822.86
11906,11906,72,1,16174.11
11907,11907,177,4,25108.98
11908,11908,52,3,1034.09
11909,11909,199,3,14879.64
11910,11910,143,2,14111.6
11911,11911,194,4,12707.5
11912,11912,150,4,3511.86
11913,11913,60,3,5460.7
11914,11914,99,1,20431.12
11915,11915,5,2,1235.05
11916,11916,42,1,3206.85
11917,11917,99,4,20431.12
11918,11918,167,3,8144.35
11919,11919,154,3,23101.64
11920,11920,100,2,12627.27
11921,11921,25,4,14280.01
11922,11922,51,1,4582.1
11923,11923,157,2,12947.92
11924,11924,102,1,13557.46
11925,11925,106,2,16769.45
11926,11926,90,3,16959.04
11927,11927,172,5,11683.09
11928,11928,176,2,4315.47
11929,11929,89,1,22077.15
11930,11930,112,3,13028.13
11931,11931,144,1,25378.87
11932,11932,35,4,16408.02
11933,11933,56,1,23513.58
11934,11934,25,3,14280.01
11935,11935,139,3,4801.64
11936,11936,36,2,15665.94
11937,11937,162,5,6165.41
11938,11938,62,1,17180.02
11939,11939,67,2,10450.83
11940,11940,24,5,13804.57
11941,11941,122,2,7649.28
11942,11942,151,4,18344.56
11943,11943,23,1,15541.22
11944,11944,89,3,22077.15
11945,11945,120,4,8634.24
11946,11946,96,1,20513.9
11947,11947,56,4,23513.58
11948,11948,125,5,6220.2
11949,11949,163,3,3797.21
11950,11950,144,2,25378.87
11951,11951,76,3,6546.83
11952,11952,155,2,13686.84
11953,11953,193,2,9071.96
11954,11954,155,5,13686.84
11955,11955,45,1,9921.88
11956,11956,132,1,3487.55
11957,11957,107,5,5735.07
11958,11958,114,1,12921.43
11959,11959,154,4,23101.64
11960,11960,82,2,17607.83
11961,11961,68,1,21527.67
11962,11962,142,5,17820.58
11963,11963,133,1,2299.38
11964,11964,148,3,4657.5
11965,11965,170,2,4852.6
11966,11966,16,2,6157.77
11967,11967,105,3,9571.88
11968,11968,90,4,16959.04
11969,11969,188,1,996.04
11970,11970,151,2,18344.56
11971,11971,19,4,21294.24
11972,11972,109,4,1949.14
11973,11973,165,4,2455.33
11974,11974,121,1,14581.68
11975,11975,125,3,6220.2
11976,11976,143,2,14111.6
11977,11977,175,2,24477.29
11978,11978,126,2,11041.81
11979,11979,57,1,12361.23
11980,11980,78,1,3968.49
11981,11981,142,4,17820.58
11982,11982,147,4,17781.52
11983,11983,162,1,6165.41
11984,11984,153,3,28994.85
11985,11985,167,2,8144.35
11986,11986,150,3,3511.86
11987,11987,13,5,10634.86
11988,11988,112,1,13028.13
11989,11989,19,3,21294.24
11990,11990,24,5,13804.57
11991,11991,35,1,16408.02
11992,11992,115,5,19349.21
11993,11993,40,3,13014.18
11994,11994,4,4,5202.8
11995,11995,184,3,2190.56
11996,11996,166,4,17663.18
11997,11997,3,5,13312.12
11998,11998,22,3,10992.16
11999,11999,116,1,3984.38
12000,12000,100,4,12627.27
12001,12001,79,5,27672.78
12002,12002,36,1,15665.94
12003,12003,187,1,11738.99
12004,12004,10,1,27040.17
12005,12005,164,4,5452.82
12006,12006,43,1,15077.83
12007,12007,18,5,6431.52
12008,12008,190,2,4782.23
12009,12009,99,3,20431.12
12010,12010,130,3,13160.01
12011,12011,20,2,5539.73
12012,12012,83,5,16795.16
12013,12013,3,3,13312.12
12014,12014,138,2,1398.1
12015,12015,176,5,4315.47
12016,12016,105,5,9571.88
12017,12017,61,4,3768.98
12018,12018,10,3,27040.17
12019,12019,178,1,823.83
12020,12020,21,3,4061.98
12021,12021,3,1,13312.12
12022,12022,163,4,3797.21
12023,12023,85,4,3493.07
12024,12024,122,1,7649.28
12025,12025,138,5,1398.1
12026,12026,191,1,955.75
12027,12027,134,5,904.04
12028,12028,51,2,4582.1
12029,12029,194,5,12707.5
12030,12030,184,5,2190.56
12031,12031,55,1,6404.02
12032,12032,10,5,27040.17
12033,12033,32,5,5374.36
12034,12034,79,1,27672.78
12035,12035,11,1,11525.15
12036,12036,150,4,3511.86
12037,12037,145,1,10429.51
12038,12038,48,3,11405.06
12039,12039,43,4,15077.83
12040,12040,129,3,9625.23
12041,12041,130,2,13160.01
12042,12042,2,2,15826.16
12043,12043,195,1,16085.73
12044,12044,62,2,17180.02
12045,12045,196,1,10134.09
12046,12046,46,2,9915.48
12047,12047,138,1,1398.1
12048,12048,77,3,16616.81
12049,12049,57,5,12361.23
12050,12050,96,1,20513.9
12051,12051,172,5,11683.09
12052,12052,100,5,12627.27
12053,12053,166,2,17663.18
12054,12054,180,3,14598.18
12055,12055,25,1,14280.01
12056,12056,71,2,17028.76
12057,12057,196,4,10134.09
12058,12058,83,4,16795.16
12059,12059,82,3,17607.83
12060,12060,108,2,14335.21
12061,12061,200,3,20420.05
12062,12062,156,2,17418.26
12063,12063,70,2,12988.47
12064,12064,85,1,3493.07
12065,12065,83,2,16795.16
12066,12066,130,4,13160.01
12067,12067,191,2,955.75
12068,12068,132,5,3487.55
12069,12069,185,1,17714.54
12070,12070,1,3,21191.29
12071,12071,1,3,21191.29
12072,12072,99,3,20431.12
12073,12073,3,5,13312.12
12074,12074,179,2,13532.44
12075,12075,196,5,10134.09
12076,12076,149,2,15111.25
12077,12077,20,2,5539.73
12078,12078,79,1,27672.78
12079,12079,53,3,878.34
12080,12080,61,5,3768.98
12081,12081,103,5,6595.4
12082,12082,175,1,24477.29
12083,12083,89,2,22077.15
12084,12084,13,1,10634.86
12085,12085,11,2,11525.15
12086,12086,125,2,6220.2
12087,12087,141,4,23613.7
12088,12088,111,5,14461.81
12089,12089,123,2,12118.15
12090,12090,186,4,21268.61
12091,12091,182,2,7031.34
12092,12092,93,4,18565.89
12093,12093,116,5,3984.38
12094,12094,60,3,5460.7
12095,12095,116,3,3984.38
12096,12096,127,3,7022.99
12097,12097,96,1,20513.9
12098,12098,62,5,17180.02
12099,12099,195,2,16085.73
12100,12100,165,5,2455.33
12101,12101,172,3,11683.09
12102,12102,86,3,12094.11
12103,12103,143,2,14111.6
12104,12104,48,1,11405.06
12105,12105,164,1,5452.82
12106,12106,146,3,7872.91
12107,12107,87,5,25821.69
12108,12108,171,2,11785.29
12109,12109,168,1,929.8
12110,12110,53,5,878.34
12111,12111,134,2,904.04
12112,12112,186,1,21268.61
12113,12113,23,5,15541.22
12114,12114,37,1,19923.36
12115,12115,184,4,2190.56
12116,12116,96,2,20513.9
12117,12117,77,3,16616.81
12118,12118,123,2,12118.15
12119,12119,77,2,16616.81
12120,12120,83,4,16795.16
12121,12121,126,3,11041.81
12122,12122,118,1,14798.89
12123,12123,41,1,4660.83
12124,12124,49,4,9269.71
12125,12125,89,4,22077.15
12126,12126,183,2,13427.6
12127,12127,119,1,5173.11
12128,12128,66,1,21839.21
12129,12129,64,1,2967.21
12130,12130,165,5,2455.33
12131,12131,147,1,17781.52
12132,12132,107,5,5735.07
12133,12133,65,4,10719.81
12134,12134,43,1,15077.83
12135,12135,95,2,8444.18
12136,12136,16,5,6157.77
12137,12137,13,1,10634.86
12138,12138,102,2,13557.46
12139,12139,22,4,10992.16
12140,12140,129,5,9625.23
12141,12141,4,4,5202.8
12142,12142,186,5,21268.61
12143,12143,100,5,12627.27
12144,12144,193,1,9071.96
12145,12145,192,2,2957.41
12146,12146,28,4,16098.38
12147,12147,163,4,3797.21
12148,12148,37,4,19923.36
12149,12149,97,2,15480.83
12150,12150,111,4,14461.81
12151,12151,129,4,9625.23
12152,12152,185,1,17714.54
12153,12153,68,5,21527.67
12154,12154,195,3,16085.73
12155,12155,199,5,14879.64
12156,12156,11,2,11525.15
12157,12157,1,2,21191.29
12158,12158,96,1,20513.9
12159,12159,119,2,5173.11
12160,12160,190,1,4782.23
12161,12161,68,2,21527.67
12162,12162,116,5,3984.38
12163,12163,176,1,4315.47
12164,12164,130,5,13160.01
12165,12165,195,2,16085.73
12166,12166,157,5,12947.92
12167,12167,67,2,10450.83
12168,12168,49,4,9269.71
12169,12169,46,5,9915.48
12170,12170,144,4,25378.87
12171,12171,137,2,14887.13
12172,12172,114,1,12921.43
12173,12173,151,2,18344.56
12174,12174,129,1,9625.23
12175,12175,50,5,8022.24
12176,12176,199,2,14879.64
12177,12177,63,1,7112.08
12178,12178,189,2,5861.15
12179,12179,161,2,377.71
12180,12180,40,5,13014.18
12181,12181,200,5,20420.05
12182,12182,9,4,7868.98
12183,12183,167,2,8144.35
12184,12184,136,4,16321.7
12185,12185,101,3,8547.18
12186,12186,157,2,12947.92
12187,12187,113,4,16263.55
12188,12188,81,1,19237.52
12189,12189,107,1,5735.07
12190,12190,48,3,11405.06
12191,12191,79,2,27672.78
12192,12192,101,4,8547.18
12193,12193,14,3,1200.29
12194,12194,167,5,8144.35
12195,12195,148,5,4657.5
12196,12196,125,2,6220.2
12197,12197,82,5,17607.83
12198,12198,186,3,21268.61
12199,12199,92,4,15601.31
12200,12200,97,3,15480.83
12201,12201,138,3,1398.1
12202,12202,138,1,1398.1
12203,12203,188,1,996.04
12204,12204,67,4,10450.83
12205,12205,188,1,996.04
12206,12206,37,4,19923.36
12207,12207,162,2,6165.41
12208,12208,74,5,7274.5
12209,12209,75,3,27545.83
12210,12210,75,2,27545.83
12211,12211,150,1,3511.86
12212,12212,27,5,15343.35
12213,12213,141,1,23613.7
12214,12214,67,1,10450.83
12215,12215,92,4,15601.31
12216,12216,78,3,3968.49
12217,12217,146,4,7872.91
12218,12218,133,5,2299.38
12219,12219,181,2,8035.92
12220,12220,83,3,16795.16
12221,12221,21,1,4061.98
12222,12222,54,5,13304.66
12223,12223,173,5,3363.26
12224,12224,102,4,13557.46
12225,12225,26,4,12546.76
12226,12226,25,1,14280.01
12227,12227,85,2,3493.07
12228,12228,97,2,15480.83
12229,12229,88,3,10810.93
12230,12230,83,1,16795.16
12231,12231,2,1,15826.16
12232,12232,15,2,10692.78
12233,12233,180,4,14598.18
12234,12234,175,5,24477.29
12235,12235,167,3,8144.35
12236,12236,180,1,14598.18
12237,12237,5,2,1235.05
12238,12238,150,5,3511.86
12239,12239,167,5,8144.35
12240,12240,20,1,5539.73
12241,12241,74,1,7274.5
12242,12242,62,1,17180.02
12243,12243,161,1,377.71
12244,12244,56,3,23513.58
12245,12245,86,5,12094.11
12246,12246,6,5,21150.77
12247,12247,129,2,9625.23
12248,12248,23,1,15541.22
12249,12249,83,2,16795.16
12250,12250,148,2,4657.5
12251,12251,69,5,7059.92
12252,12252,164,3,5452.82
12253,12253,160,3,574.04
12254,12254,133,2,2299.38
12255,12255,3,3,13312.12
12256,12256,162,1,6165.41
12257,12257,47,3,14713.56
12258,12258,57,1,12361.23
12259,12259,5,2,1235.05
12260,12260,143,4,14111.6
12261,12261,23,2,15541.22
12262,12262,86,2,12094.11
12263,12263,29,2,3278.0
12264,12264,153,5,28994.85
12265,12265,177,2,25108.98
12266,12266,169,1,16919.54
12267,12267,147,3,17781.52
12268,12268,126,3,11041.81
12269,12269,199,1,14879.64
12270,12270,155,2,13686.84
12271,12271,190,3,4782.23
12272,12272,132,4,3487.55
12273,12273,153,4,28994.85
12274,12274,42,5,3206.85
12275,12275,126,4,11041.81
12276,12276,125,5,6220.2
12277,12277,80,2,23718.28
12278,12278,83,4,16795.16
12279,12279,55,1,6404.02
12280,12280,96,4,20513.9
12281,12281,20,2,5539.73
12282,12282,96,1,20513.9
12283,12283,28,4,16098.38
12284,12284,106,1,16769.45
12285,12285,173,5,3363.26
12286,12286,48,5,11405.06
12287,12287,105,1,9571.88
12288,12288,67,3,10450.83
12289,12289,125,4,6220.2
12290,12290,104,2,17468.31
12291,12291,59,4,8391.44
12292,12292,136,1,16321.7
12293,12293,155,3,13686.84
12294,12294,173,3,3363.26
12295,12295,15,1,10692.78
12296,12296,133,2,2299.38
12297,12297,83,4,16795.16
12298,12298,100,1,12627.27
12299,12299,147,4,17781.52
12300,12300,58,2,2402.97
12301,12301,68,4,21527.67
12302,12302,176,1,4315.47
12303,12303,171,5,11785.29
12304,12304,147,1,17781.52
12305,12305,79,4,27672.78
12306,12306,130,4,13160.01
12307,12307,155,3,13686.84
12308,12308,191,2,955.75
12309,12309,70,1,12988.47
12310,12310,190,1,4782.23
12311,12311,178,4,823.83
12312,12312,72,4,16174.11
12313,12313,67,5,10450.83
12314,12314,104,3,17468.31
12315,12315,192,1,2957.41
12316,12316,139,1,4801.64
12317,12317,111,3,14461.81
12318,12318,25,4,14280.01
12319,12319,91,4,24150.89
12320,12320,131,3,9463.24
12321,12321,61,1,3768.98
12322,12322,23,4,15541.22
12323,12323,126,5,11041.81
12324,12324,35,4,16408.02
12325,12325,110,5,28002.99
12326,12326,171,3,11785.29
12327,12327,102,3,13557.46
12328,12328,117,4,20433.55
12329,12329,58,2,2402.97
12330,12330,84,2,27377.47
12331,12331,173,2,3363.26
12332,12332,142,3,17820.58
12333,12333,189,5,5861.15
12334,12334,118,2,14798.89
12335,12335,124,1,7049.35
12336,12336,150,5,3511.86
12337,12337,75,2,27545.83
12338,12338,183,2,13427.6
12339,12339,73,4,896.37
12340,12340,159,4,5770.16
12341,12341,191,1,955.75
12342,12342,161,4,377.71
12343,12343,108,2,14335.21
12344,12344,116,4,3984.38
12345,12345,153,4,28994.85
12346,12346,196,5,10134.09
12347,12347,139,5,4801.64
12348,12348,64,5,2967.21
12349,12349,79,3,27672.78
12350,12350,161,4,377.71
12351,12351,126,4,11041.81
12352,12352,21,5,4061.98
12353,12353,82,4,17607.83
12354,12354,148,2,4657.5
12355,12355,124,4,7049.35
12356,12356,66,3,21839.21
12357,12357,94,3,4040.83
12358,12358,46,4,9915.48
12359,12359,136,5,16321.7
12360,12360,144,5,25378.87
12361,12361,78,4,3968.49
12362,12362,151,2,18344.56
12363,12363,24,4,13804.57
12364,12364,119,2,5173.11
12365,12365,99,4,20431.12
12366,12366,197,2,10336.5
12367,12367,194,1,12707.5
12368,12368,174,1,17094.14
12369,12369,12,2,28934.67
12370,12370,173,1,3363.26
12371,12371,84,1,27377.47
12372,12372,83,3,16795.16
12373,12373,56,2,23513.58
12374,12374,165,1,2455.33
12375,12375,125,4,6220.2
12376,12376,94,4,4040.83
12377,12377,200,2,20420.05
12378,12378,30,5,4085.97
12379,12379,38,4,5822.86
12380,12380,96,2,20513.9
12381,12381,132,2,3487.55
12382,12382,31,3,8530.85
12383,12383,1,1,21191.29
12384,12384,166,5,17663.18
12385,12385,140,5,3677.83
12386,12386,149,2,15111.25
12387,12387,119,1,5173.11
12388,12388,191,1,955.75
12389,12389,144,4,25378.87
12390,12390,143,5,14111.6
12391,12391,55,5,6404.02
12392,12392,24,2,13804.57
12393,12393,171,3,11785.29
12394,12394,1,4,21191.29
12395,12395,32,5,5374.36
12396,12396,85,2,3493.07
12397,12397,42,1,3206.85
12398,12398,103,3,6595.4
12399,12399,124,4,7049.35
12400,12400,40,1,13014.18
12401,12401,132,5,3487.55
12402,12402,140,4,3677.83
12403,12403,141,1,23613.7
12404,12404,190,3,4782.23
12405,12405,187,2,11738.99
12406,12406,45,4,9921.88
12407,12407,151,4,18344.56
12408,12408,42,2,3206.85
12409,12409,9,3,7868.98
12410,12410,92,2,15601.31
12411,12411,131,3,9463.24
12412,12412,22,1,10992.16
12413,12413,2,3,15826.16
12414,12414,57,3,12361.23
12415,12415,55,2,6404.02
12416,12416,35,1,16408.02
12417,12417,109,4,1949.14
12418,12418,8,3,11385.66
12419,12419,79,2,27672.78
12420,12420,65,1,10719.81
12421,12421,8,5,11385.66
12422,12422,200,3,20420.05
12423,12423,182,4,7031.34
12424,12424,49,4,9269.71
12425,12425,178,5,823.83
12426,12426,4,3,5202.8
12427,12427,170,1,4852.6
12428,12428,187,1,11738.99
12429,12429,38,1,5822.86
12430,12430,24,3,13804.57
12431,12431,99,4,20431.12
12432,12432,40,3,13014.18
12433,12433,117,2,20433.55
12434,12434,143,4,14111.6
12435,12435,110,2,28002.99
12436,12436,93,5,18565.89
12437,12437,49,1,9269.71
12438,12438,72,4,16174.11
12439,12439,4,4,5202.8
12440,12440,60,3,5460.7
12441,12441,145,5,10429.51
12442,12442,74,2,7274.5
12443,12443,8,5,11385.66
12444,12444,112,5,13028.13
12445,12445,180,1,14598.18
12446,12446,108,4,14335.21
12447,12447,166,1,17663.18
12448,12448,136,1,16321.7
12449,12449,99,2,20431.12
12450,12450,1,1,21191.29
12451,12451,178,4,823.83
12452,12452,114,3,12921.43
12453,12453,116,4,3984.38
12454,12454,170,4,4852.6
12455,12455,184,4,2190.56
12456,12456,21,2,4061.98
12457,12457,72,5,16174.11
12458,12458,44,2,23468.86
12459,12459,155,2,13686.84
12460,12460,77,5,16616.81
12461,12461,18,1,6431.52
12462,12462,176,5,4315.47
12463,12463,9,3,7868.98
12464,12464,116,2,3984.38
12465,12465,138,4,1398.1
12466,12466,24,2,13804.57
12467,12467,200,5,20420.05
12468,12468,17,2,19432.15
12469,12469,77,5,16616.81
12470,12470,66,3,21839.21
12471,12471,65,3,10719.81
12472,12472,92,5,15601.31
12473,12473,120,4,8634.24
12474,12474,67,4,10450.83
12475,12475,144,3,25378.87
12476,12476,149,5,15111.25
12477,12477,94,3,4040.83
12478,12478,188,1,996.04
12479,12479,104,5,17468.31
12480,12480,157,5,12947.92
12481,12481,175,1,24477.29
12482,12482,1,3,21191.29
12483,12483,94,5,4040.83
12484,12484,152,4,14395.46
12485,12485,122,5,7649.28
12486,12486,166,4,17663.18
12487,12487,66,1,21839.21
12488,12488,113,1,16263.55
12489,12489,125,4,6220.2
12490,12490,73,3,896.37
12491,12491,128,3,1071.68
12492,12492,135,2,21436.4
12493,12493,95,5,8444.18
12494,12494,131,3,9463.24
12495,12495,167,1,8144.35
12496,12496,73,2,896.37
12497,12497,138,3,1398.1
12498,12498,134,1,904.04
12499,12499,173,5,3363.26
12500,12500,118,1,14798.89
12501,12501,64,5,2967.21
12502,12502,34,2,3657.63
12503,12503,99,2,20431.12
12504,12504,178,4,823.83
12505,12505,88,2,10810.93
12506,12506,142,4,17820.58
12507,12507,49,3,9269.71
12508,12508,61,1,3768.98
12509,12509,19,2,21294.24
12510,12510,132,3,3487.55
12511,12511,33,2,351.77
12512,12512,164,3,5452.82
12513,12513,91,4,24150.89
12514,12514,133,5,2299.38
12515,12515,114,5,12921.43
12516,12516,6,2,21150.77
12517,12517,72,5,16174.11
12518,12518,138,1,1398.1
12519,12519,166,5,17663.18
12520,12520,85,2,3493.07
12521,12521,110,3,28002.99
12522,12522,162,4,6165.41
12523,12523,143,2,14111.6
12524,12524,180,5,14598.18
12525,12525,95,4,8444.18
12526,12526,27,4,15343.35
12527,12527,177,4,25108.98
12528,12528,94,4,4040.83
12529,12529,94,3,4040.83
12530,12530,131,2,9463.24
12531,12531,83,4,16795.16
12532,12532,93,1,18565.89
12533,12533,84,1,27377.47
12534,12534,86,5,12094.11
12535,12535,6,3,21150.77
12536,12536,73,5,896.37
12537,12537,37,5,19923.36
12538,12538,73,4,896.37
12539,12539,15,5,10692.78
12540,12540,45,4,9921.88
12541,12541,55,2,6404.02
12542,12542,147,1,17781.52
12543,12543,128,2,1071.68
12544,12544,168,2,929.8
12545,12545,10,4,27040.17
12546,12546,182,1,7031.34
12547,12547,8,3,11385.66
12548,12548,197,2,10336.5
12549,12549,123,3,12118.15
12550,12550,8,3,11385.66
12551,12551,118,1,14798.89
12552,12552,200,4,20420.05
12553,12553,152,1,14395.46
12554,12554,102,4,13557.46
12555,12555,13,2,10634.86
12556,12556,154,1,23101.64
12557,12557,164,5,5452.82
12558,12558,174,1,17094.14
12559,12559,183,4,13427.6
12560,12560,70,5,12988.47
12561,12561,195,4,16085.73
12562,12562,160,3,574.04
12563,12563,15,3,10692.78
12564,12564,177,1,25108.98
12565,12565,132,4,3487.55
12566,12566,55,5,6404.02
12567,12567,196,3,10134.09
12568,12568,29,1,3278.0
12569,12569,114,5,12921.43
12570,12570,99,5,20431.12
12571,12571,200,4,20420.05
12572,12572,155,2,13686.84
12573,12573,83,5,16795.16
12574,12574,156,3,17418.26
12575,12575,26,2,12546.76
12576,12576,186,5,21268.61
12577,12577,66,5,21839.21
12578,12578,163,2,3797.21
12579,12579,9,2,7868.98
12580,12580,43,2,15077.83
12581,12581,147,5,17781.52
12582,12582,136,3,16321.7
12583,12583,59,3,8391.44
12584,12584,144,2,25378.87
12585,12585,179,3,13532.44
12586,12586,105,5,9571.88
12587,12587,45,1,9921.88
12588,12588,15,4,10692.78
12589,12589,61,5,3768.98
12590,12590,35,1,16408.02
12591,12591,42,1,3206.85
12592,12592,192,1,2957.41
12593,12593,144,4,25378.87
12594,12594,194,1,12707.5
12595,12595,87,4,25821.69
12596,12596,164,2,5452.82
12597,12597,138,2,1398.1
12598,12598,189,5,5861.15
12599,12599,53,2,878.34
12600,12600,119,2,5173.11
12601,12601,168,4,929.8
12602,12602,167,5,8144.35
12603,12603,175,3,24477.29
12604,12604,180,1,14598.18
12605,12605,181,3,8035.92
12606,12606,181,1,8035.92
12607,12607,157,3,12947.92
12608,12608,96,3,20513.9
12609,12609,87,4,25821.69
12610,12610,4,2,5202.8
12611,12611,54,2,13304.66
12612,12612,88,4,10810.93
12613,12613,134,3,904.04
12614,12614,112,1,13028.13
12615,12615,185,1,17714.54
12616,12616,1,1,21191.29
12617,12617,107,5,5735.07
12618,12618,127,3,7022.99
12619,12619,16,1,6157.77
12620,12620,97,4,15480.83
12621,12621,12,5,28934.67
12622,12622,93,3,18565.89
12623,12623,106,3,16769.45
12624,12624,143,2,14111.6
12625,12625,160,5,574.04
12626,12626,150,2,3511.86
12627,12627,141,3,23613.7
12628,12628,197,5,10336.5
12629,12629,3,4,13312.12
12630,12630,23,1,15541.22
12631,12631,64,5,2967.21
12632,12632,138,1,1398.1
12633,12633,138,5,1398.1
12634,12634,147,2,17781.52
12635,12635,173,5,3363.26
12636,12636,33,5,351.77
12637,12637,2,2,15826.16
12638,12638,26,4,12546.76
12639,12639,123,2,12118.15
12640,12640,68,2,21527.67
12641,12641,139,4,4801.64
12642,12642,62,4,17180.02
12643,12643,167,1,8144.35
12644,12644,192,3,2957.41
12645,12645,80,2,23718.28
12646,12646,159,5,5770.16
12647,12647,72,2,16174.11
12648,12648,85,1,3493.07
12649,12649,105,1,9571.88
12650,12650,164,2,5452.82
12651,12651,83,1,16795.16
12652,12652,108,2,14335.21
12653,12653,90,2,16959.04
12654,12654,188,4,996.04
12655,12655,186,5,21268.61
12656,12656,22,1,10992.16
12657,12657,175,3,24477.29
12658,12658,90,5,16959.04
12659,12659,163,1,3797.21
12660,12660,23,4,15541.22
12661,12661,168,2,929.8
12662,12662,96,5,20513.9
12663,12663,94,4,4040.83
12664,12664,115,2,19349.21
12665,12665,101,2,8547.18
12666,12666,85,1,3493.07
12667,12667,129,3,9625.23
12668,12668,3,4,13312.12
12669,12669,26,2,12546.76
12670,12670,36,3,15665.94
12671,12671,15,3,10692.78
12672,12672,157,1,12947.92
12673,12673,163,5,3797.21
12674,12674,105,1,9571.88
12675,12675,199,5,14879.64
12676,12676,193,5,9071.96
12677,12677,97,2,15480.83
12678,12678,78,3,3968.49
12679,12679,87,2,25821.69
12680,12680,84,3,27377.47
12681,12681,15,3,10692.78
12682,12682,94,3,4040.83
12683,12683,126,4,11041.81
12684,12684,50,1,8022.24
12685,12685,68,1,21527.67
12686,12686,161,2,377.71
12687,12687,22,3,10992.16
12688,12688,198,4,7897.84
12689,12689,85,4,3493.07
12690,12690,154,2,23101.64
12691,12691,88,2,10810.93
12692,12692,1,2,21191.29
12693,12693,192,2,2957.41
12694,12694,83,3,16795.16
12695,12695,83,5,16795.16
12696,12696,78,5,3968.49
12697,12697,58,2,2402.97
12698,12698,64,1,2967.21
12699,12699,146,1,7872.91
12700,12700,5,2,1235.05
12701,12701,110,5,28002.99
12702,12702,113,2,16263.55
12703,12703,91,2,24150.89
12704,12704,198,3,7897.84
12705,12705,56,1,23513.58
12706,12706,35,5,16408.02
12707,12707,25,5,14280.01
12708,12708,34,4,3657.63
12709,12709,113,4,16263.55
12710,12710,30,3,4085.97
12711,12711,98,4,740.62
12712,12712,156,5,17418.26
12713,12713,55,2,6404.02
12714,12714,93,2,18565.89
12715,12715,166,4,17663.18
12716,12716,5,5,1235.05
12717,12717,186,5,21268.61
12718,12718,35,3,16408.02
12719,12719,59,4,8391.44
12720,12720,27,5,15343.35
12721,12721,73,4,896.37
12722,12722,182,1,7031.34
12723,12723,173,2,3363.26
12724,12724,17,3,19432.15
12725,12725,98,1,740.62
12726,12726,195,2,16085.73
12727,12727,192,4,2957.41
12728,12728,78,1,3968.49
12729,12729,18,5,6431.52
12730,12730,191,3,955.75
12731,12731,76,1,6546.83
12732,12732,198,3,7897.84
12733,12733,124,3,7049.35
12734,12734,87,1,25821.69
12735,12735,19,4,21294.24
12736,12736,108,3,14335.21
12737,12737,179,4,13532.44
12738,12738,144,5,25378.87
12739,12739,13,4,10634.86
12740,12740,190,2,4782.23
12741,12741,53,1,878.34
12742,12742,185,5,17714.54
12743,12743,87,2,25821.69
12744,12744,127,2,7022.99
12745,12745,142,2,17820.58
12746,12746,103,2,6595.4
12747,12747,178,5,823.83
12748,12748,82,4,17607.83
12749,12749,81,3,19237.52
12750,12750,79,3,27672.78
12751,12751,74,5,7274.5
12752,12752,185,5,17714.54
12753,12753,67,1,10450.83
12754,12754,47,3,14713.56
12755,12755,60,4,5460.7
12756,12756,17,5,19432.15
12757,12757,3,4,13312.12
12758,12758,93,3,18565.89
12759,12759,131,2,9463.24
12760,12760,161,2,377.71
12761,12761,33,4,351.77
12762,12762,195,2,16085.73
12763,12763,55,2,6404.02
12764,12764,31,2,8530.85
12765,12765,24,4,13804.57
12766,12766,69,4,7059.92
12767,12767,174,5,17094.14
12768,12768,164,3,5452.82
12769,12769,15,1,10692.78
12770,12770,44,4,23468.86
12771,12771,190,3,4782.23
12772,12772,35,3,16408.02
12773,12773,36,2,15665.94
12774,12774,90,1,16959.04
12775,12775,163,1,3797.21
12776,12776,102,2,13557.46
12777,12777,174,1,17094.14
12778,12778,105,1,9571.88
12779,12779,116,3,3984.38
12780,12780,151,5,18344.56
12781,12781,83,1,16795.16
12782,12782,85,4,3493.07
12783,12783,47,1,14713.56
12784,12784,163,2,3797.21
12785,12785,136,4,16321.7
12786,12786,83,4,16795.16
12787,12787,163,3,3797.21
12788,12788,102,1,13557.46
12789,12789,160,1,574.04
12790,12790,92,3,15601.31
12791,12791,64,4,2967.21
12792,12792,116,1,3984.38
12793,12793,41,2,4660.83
12794,12794,164,4,5452.82
12795,12795,52,5,1034.09
12796,12796,192,1,2957.41
12797,12797,110,3,28002.99
12798,12798,184,5,2190.56
12799,12799,72,1,16174.11
12800,12800,60,4,5460.7
12801,12801,14,4,1200.29
12802,12802,121,2,14581.68
12803,12803,85,4,3493.07
12804,12804,149,2,15111.25
12805,12805,18,4,6431.52
12806,12806,52,1,1034.09
12807,12807,1,5,21191.29
12808,12808,45,2,9921.88
12809,12809,168,2,929.8
12810,12810,135,4,21436.4
12811,12811,8,4,11385.66
12812,12812,195,3,16085.73
12813,12813,66,3,21839.21
12814,12814,60,3,5460.7
12815,12815,159,4,5770.16
12816,12816,6,2,21150.77
12817,12817,139,4,4801.64
12818,12818,38,5,5822.86
12819,12819,79,4,27672.78
12820,12820,12,5,28934.67
12821,12821,191,1,955.75
12822,12822,133,4,2299.38
12823,12823,75,3,27545.83
12824,12824,139,3,4801.64
12825,12825,85,1,3493.07
12826,12826,64,3,2967.21
12827,12827,189,1,5861.15
12828,12828,187,4,11738.99
12829,12829,33,3,351.77
12830,12830,128,4,1071.68
12831,12831,128,2,1071.68
12832,12832,161,2,377.71
12833,12833,171,5,11785.29
12834,12834,28,1,16098.38
12835,12835,75,3,27545.83
12836,12836,51,2,4582.1
12837,12837,181,4,8035.92
12838,12838,100,3,12627.27
12839,12839,50,5,8022.24
12840,12840,32,1,5374.36
12841,12841,94,5,4040.83
12842,12842,197,5,10336.5
12843,12843,87,3,25821.69
12844,12844,84,2,27377.47
12845,12845,103,2,6595.4
12846,12846,153,3,28994.85
12847,12847,129,5,9625.23
12848,12848,1,2,21191.29
12849,12849,77,1,16616.81
12850,12850,174,1,17094.14
12851,12851,95,3,8444.18
12852,12852,38,3,5822.86
12853,12853,71,5,17028.76
12854,12854,35,3,16408.02
12855,12855,195,1,16085.73
12856,12856,133,3,2299.38
12857,12857,130,4,13160.01
12858,12858,67,5,10450.83
12859,12859,165,3,2455.33
12860,12860,45,1,9921.88
12861,12861,85,3,3493.07
12862,12862,75,3,27545.83
12863,12863,114,5,12921.43
12864,12864,179,1,13532.44
12865,12865,104,5,17468.31
12866,12866,168,5,929.8
12867,12867,165,3,2455.33
12868,12868,7,1,18492.28
12869,12869,33,1,351.77
12870,12870,42,4,3206.85
12871,12871,144,1,25378.87
12872,12872,36,3,15665.94
12873,12873,177,1,25108.98
12874,12874,24,5,13804.57
12875,12875,137,4,14887.13
12876,12876,148,4,4657.5
12877,12877,69,1,7059.92
12878,12878,22,3,10992.16
12879,12879,39,2,17650.3
12880,12880,189,5,5861.15
12881,12881,13,5,10634.86
12882,12882,72,2,16174.11
12883,12883,136,3,16321.7
12884,12884,112,3,13028.13
12885,12885,7,5,18492.28
12886,12886,192,1,2957.41
12887,12887,170,3,4852.6
12888,12888,12,3,28934.67
12889,12889,48,2,11405.06
12890,12890,47,5,14713.56
12891,12891,78,1,3968.49
12892,12892,91,4,24150.89
12893,12893,57,1,12361.23
12894,12894,33,3,351.77
12895,12895,117,4,20433.55
12896,12896,93,1,18565.89
12897,12897,2,2,15826.16
12898,12898,154,3,23101.64
12899,12899,150,2,3511.86
12900,12900,172,1,11683.09
12901,12901,84,5,27377.47
12902,12902,4,5,5202.8
12903,12903,135,4,21436.4
12904,12904,132,1,3487.55
12905,12905,35,4,16408.02
12906,12906,84,4,27377.47
12907,12907,140,1,3677.83
12908,12908,95,1,8444.18
12909,12909,165,1,2455.33
12910,12910,109,1,1949.14
12911,12911,34,4,3657.63
12912,12912,168,4,929.8
12913,12913,72,2,16174.11
12914,12914,186,4,21268.61
12915,12915,144,4,25378.87
12916,12916,182,5,7031.34
12917,12917,25,2,14280.01
12918,12918,104,1,17468.31
12919,12919,45,4,9921.88
12920,12920,177,2,25108.98
12921,12921,119,4,5173.11
12922,12922,101,3,8547.18
12923,12923,114,4,12921.43
12924,12924,148,1,4657.5
12925,12925,168,2,929.8
12926,12926,40,1,13014.18
12927,12927,192,3,2957.41
12928,12928,149,2,15111.25
12929,12929,54,1,13304.66
12930,12930,200,3,20420.05
12931,12931,79,4,27672.78
12932,12932,100,4,12627.27
12933,12933,49,1,9269.71
12934,12934,48,1,11405.06
12935,12935,70,5,12988.47
12936,12936,194,5,12707.5
12937,12937,108,2,14335.21
12938,12938,153,3,28994.85
12939,12939,36,4,15665.94
12940,12940,66,3,21839.21
12941,12941,44,1,23468.86
12942,12942,58,2,2402.97
12943,12943,183,1,13427.6
12944,12944,59,5,8391.44
12945,12945,61,3,3768.98
12946,12946,79,3,27672.78
12947,12947,78,1,3968.49
12948,12948,64,3,2967.21
12949,12949,156,2,17418.26
12950,12950,32,4,5374.36
12951,12951,187,3,11738.99
12952,12952,179,5,13532.44
12953,12953,57,5,12361.23
12954,12954,107,4,5735.07
12955,12955,138,5,1398.1
12956,12956,172,2,11683.09
12957,12957,200,3,20420.05
12958,12958,154,5,23101.64
12959,12959,173,1,3363.26
12960,12960,54,3,13304.66
12961,12961,170,5,4852.6
12962,12962,83,3,16795.16
12963,12963,116,4,3984.38
12964,12964,183,1,13427.6
12965,12965,167,2,8144.35
12966,12966,102,1,13557.46
12967,12967,180,5,14598.18
12968,12968,197,2,10336.5
12969,12969,38,1,5822.86
12970,12970,57,3,12361.23
12971,12971,160,1,574.04
12972,12972,145,1,10429.51
12973,12973,43,1,15077.83
12974,12974,108,2,14335.21
12975,12975,154,3,23101.64
12976,12976,31,1,8530.85
12977,12977,132,1,3487.55
12978,12978,135,5,21436.4
12979,12979,66,4,21839.21
12980,12980,11,4,11525.15
12981,12981,51,5,4582.1
12982,12982,62,5,17180.02
12983,12983,99,2,20431.12
12984,12984,24,4,13804.57
12985,12985,22,5,10992.16
12986,12986,187,3,11738.99
12987,12987,160,5,574.04
12988,12988,68,2,21527.67
12989,12989,165,4,2455.33
12990,12990,171,4,11785.29
12991,12991,5,1,1235.05
12992,12992,174,1,17094.14
12993,12993,55,1,6404.02
12994,12994,48,5,11405.06
12995,12995,150,3,3511.86
12996,12996,92,5,15601.31
12997,12997,20,4,5539.73
12998,12998,151,2,18344.56
12999,12999,184,3,2190.56
13000,13000,133,3,2299.38
13001,13001,21,2,4061.98
13002,13002,131,3,9463.24
13003,13003,186,4,21268.61
13004,13004,76,5,6546.83
13005,13005,19,1,21294.24
13006,13006,162,3,6165.41
13007,13007,159,3,5770.16
13008,13008,27,4,15343.35
13009,13009,23,4,15541.22
13010,13010,12,1,28934.67
13011,13011,192,4,2957.41
13012,13012,177,5,25108.98
13013,13013,198,1,7897.84
13014,13014,11,5,11525.15
13015,13015,174,5,17094.14
13016,13016,179,2,13532.44
13017,13017,67,2,10450.83
13018,13018,12,4,28934.67
13019,13019,138,4,1398.1
13020,13020,72,4,16174.11
13021,13021,44,2,23468.86
13022,13022,179,3,13532.44
13023,13023,157,3,12947.92
13024,13024,143,3,14111.6
13025,13025,86,4,12094.11
13026,13026,169,4,16919.54
13027,13027,134,3,904.04
13028,13028,162,5,6165.41
13029,13029,19,5,21294.24
13030,13030,100,5,12627.27
13031,13031,70,1,12988.47
13032,13032,44,5,23468.86
13033,13033,178,5,823.83
13034,13034,37,3,19923.36
13035,13035,97,1,15480.83
13036,13036,190,4,4782.23
13037,13037,42,2,3206.85
13038,13038,171,4,11785.29
13039,13039,114,3,12921.43
13040,13040,145,5,10429.51
13041,13041,82,1,17607.83
13042,13042,91,2,24150.89
13043,13043,171,3,11785.29
13044,13044,89,5,22077.15
13045,13045,24,5,13804.57
13046,13046,163,1,3797.21
13047,13047,115,4,19349.21
13048,13048,102,4,13557.46
13049,13049,111,4,14461.81
13050,13050,39,4,17650.3
13051,13051,199,1,14879.64
13052,13052,27,4,15343.35
13053,13053,176,5,4315.47
13054,13054,156,5,17418.26
13055,13055,181,3,8035.92
13056,13056,4,1,5202.8
13057,13057,34,2,3657.63
13058,13058,167,3,8144.35
13059,13059,123,5,12118.15
13060,13060,85,5,3493.07
13061,13061,28,3,16098.38
13062,13062,124,4,7049.35
13063,13063,24,3,13804.57
13064,13064,8,4,11385.66
13065,13065,62,2,17180.02
13066,13066,191,1,955.75
13067,13067,165,1,2455.33
13068,13068,128,2,1071.68
13069,13069,86,4,12094.11
13070,13070,167,1,8144.35
13071,13071,48,1,11405.06
13072,13072,96,1,20513.9
13073,13073,196,2,10134.09
13074,13074,90,1,16959.04
13075,13075,21,4,4061.98
13076,13076,172,1,11683.09
13077,13077,130,2,13160.01
13078,13078,197,3,10336.5
13079,13079,68,3,21527.67
13080,13080,15,3,10692.78
13081,13081,90,2,16959.04
13082,13082,151,3,18344.56
13083,13083,50,2,8022.24
13084,13084,44,4,23468.86
13085,13085,152,4,14395.46
13086,13086,45,4,9921.88
13087,13087,75,2,27545.83
13088,13088,76,5,6546.83
13089,13089,89,3,22077.15
13090,13090,195,5,16085.73
13091,13091,173,3,3363.26
13092,13092,105,4,9571.88
13093,13093,36,1,15665.94
13094,13094,20,3,5539.73
13095,13095,109,3,1949.14
13096,13096,79,2,27672.78
13097,13097,200,1,20420.05
13098,13098,14,4,1200.29
13099,13099,66,5,21839.21
13100,13100,198,1,7897.84
13101,13101,120,1,8634.24
13102,13102,192,3,2957.41
13103,13103,185,2,17714.54
13104,13104,94,3,4040.83
13105,13105,62,5,17180.02
13106,13106,77,3,16616.81
13107,13107,114,5,12921.43
13108,13108,187,5,11738.99
13109,13109,145,5,10429.51
13110,13110,71,1,17028.76
13111,13111,10,2,27040.17
13112,13112,183,5,13427.6
13113,13113,106,2,16769.45
13114,13114,95,2,8444.18
13115,13115,98,3,740.62
13116,13116,110,5,28002.99
13117,13117,133,3,2299.38
13118,13118,100,5,12627.27
13119,13119,53,5,878.34
13120,13120,67,5,10450.83
13121,13121,1,2,21191.29
13122,13122,28,2,16098.38
13123,13123,35,5,16408.02
13124,13124,3,5,13312.12
13125,13125,124,1,7049.35
13126,13126,86,5,12094.11
13127,13127,123,2,12118.15
13128,13128,27,3,15343.35
13129,13129,24,2,13804.57
13130,13130,182,5,7031.34
13131,13131,83,1,16795.16
13132,13132,76,4,6546.83
13133,13133,168,5,929.8
13134,13134,32,3,5374.36
13135,13135,15,1,10692.78
13136,13136,158,1,24324.06
13137,13137,77,1,16616.81
13138,13138,61,2,3768.98
13139,13139,39,1,17650.3
13140,13140,46,2,9915.48
13141,13141,117,4,20433.55
13142,13142,12,1,28934.67
13143,13143,196,5,10134.09
13144,13144,95,3,8444.18
13145,13145,172,3,11683.09
13146,13146,102,4,13557.46
13147,13147,185,2,17714.54
13148,13148,130,4,13160.01
13149,13149,83,4,16795.16
13150,13150,111,5,14461.81
13151,13151,130,5,13160.01
13152,13152,151,1,18344.56
13153,13153,83,1,16795.16
13154,13154,161,5,377.71
13155,13155,168,3,929.8
13156,13156,151,3,18344.56
13157,13157,22,4,10992.16
13158,13158,20,2,5539.73
13159,13159,129,1,9625.23
13160,13160,98,3,740.62
13161,13161,44,3,23468.86
13162,13162,141,3,23613.7
13163,13163,75,2,27545.83
13164,13164,161,1,377.71
13165,13165,17,1,19432.15
13166,13166,145,2,10429.51
13167,13167,28,2,16098.38
13168,13168,105,1,9571.88
13169,13169,97,2,15480.83
13170,13170,139,5,4801.64
13171,13171,108,3,14335.21
13172,13172,115,4,19349.21
13173,13173,48,5,11405.06
13174,13174,94,4,4040.83
13175,13175,123,4,12118.15
13176,13176,71,3,17028.76
13177,13177,18,2,6431.52
13178,13178,21,5,4061.98
13179,13179,63,1,7112.08
13180,13180,139,1,4801.64
13181,13181,169,4,16919.54
13182,13182,120,4,8634.24
13183,13183,26,3,12546.76
13184,13184,135,1,21436.4
13185,13185,29,3,3278.0
13186,13186,106,1,16769.45
13187,13187,117,3,20433.55
13188,13188,6,3,21150.77
13189,13189,19,3,21294.24
13190,13190,25,3,14280.01
13191,13191,69,5,7059.92
13192,13192,51,1,4582.1
13193,13193,74,1,7274.5
13194,13194,98,5,740.62
13195,13195,82,3,17607.83
13196,13196,158,5,24324.06
13197,13197,119,1,5173.11
13198,13198,24,2,13804.57
13199,13199,135,4,21436.4
13200,13200,62,3,17180.02
13201,13201,72,5,16174.11
13202,13202,87,1,25821.69
13203,13203,137,5,14887.13
13204,13204,16,2,6157.77
13205,13205,195,1,16085.73
13206,13206,179,5,13532.44
13207,13207,190,4,4782.23
13208,13208,163,3,3797.21
13209,13209,152,2,14395.46
13210,13210,198,3,7897.84
13211,13211,164,1,5452.82
13212,13212,161,1,377.71
13213,13213,156,3,17418.26
13214,13214,160,5,574.04
13215,13215,5,2,1235.05
13216,13216,65,1,10719.81
13217,13217,89,4,22077.15
13218,13218,144,3,25378.87
13219,13219,78,1,3968.49
13220,13220,130,5,13160.01
13221,13221,180,2,14598.18
13222,13222,134,1,904.04
13223,13223,102,1,13557.46
13224,13224,80,1,23718.28
13225,13225,31,5,8530.85
13226,13226,126,4,11041.81
13227,13227,67,3,10450.83
13228,13228,123,2,12118.15
13229,13229,47,3,14713.56
13230,13230,69,5,7059.92
13231,13231,189,2,5861.15
13232,13232,170,4,4852.6
13233,13233,76,5,6546.83
13234,13234,2,1,15826.16
13235,13235,69,1,7059.92
13236,13236,87,3,25821.69
13237,13237,55,1,6404.02
13238,13238,44,2,23468.86
13239,13239,176,3,4315.47
13240,13240,177,4,25108.98
13241,13241,128,3,1071.68
13242,13242,98,3,740.62
13243,13243,16,3,6157.77
13244,13244,107,4,5735.07
13245,13245,159,5,5770.16
13246,13246,193,3,9071.96
13247,13247,22,3,10992.16
13248,13248,130,2,13160.01
13249,13249,169,5,16919.54
13250,13250,54,3,13304.66
13251,13251,9,5,7868.98
13252,13252,185,3,17714.54
13253,13253,76,4,6546.83
13254,13254,78,3,3968.49
13255,13255,53,5,878.34
13256,13256,150,5,3511.86
13257,13257,74,5,7274.5
13258,13258,31,4,8530.85
13259,13259,14,2,1200.29
13260,13260,10,2,27040.17
13261,13261,198,5,7897.84
13262,13262,111,3,14461.81
13263,13263,184,3,2190.56
13264,13264,190,4,4782.23
13265,13265,118,2,14798.89
13266,13266,12,4,28934.67
13267,13267,65,3,10719.81
13268,13268,89,4,22077.15
13269,13269,137,2,14887.13
13270,13270,131,2,9463.24
13271,13271,145,2,10429.51
13272,13272,190,4,4782.23
13273,13273,32,1,5374.36
13274,13274,108,1,14335.21
13275,13275,16,3,6157.77
13276,13276,189,4,5861.15
13277,13277,150,5,3511.86
13278,13278,24,3,13804.57
13279,13279,38,2,5822.86
13280,13280,195,5,16085.73
13281,13281,196,3,10134.09
13282,13282,96,5,20513.9
13283,13283,69,2,7059.92
13284,13284,53,4,878.34
13285,13285,44,5,23468.86
13286,13286,139,5,4801.64
13287,13287,170,2,4852.6
13288,13288,111,3,14461.81
13289,13289,101,3,8547.18
13290,13290,31,4,8530.85
13291,13291,99,4,20431.12
13292,13292,40,4,13014.18
13293,13293,186,2,21268.61
13294,13294,78,5,3968.49
13295,13295,114,1,12921.43
13296,13296,51,1,4582.1
13297,13297,167,1,8144.35
13298,13298,16,2,6157.77
13299,13299,61,2,3768.98
13300,13300,54,2,13304.66
13301,13301,26,5,12546.76
13302,13302,122,5,7649.28
13303,13303,140,2,3677.83
13304,13304,182,4,7031.34
13305,13305,109,5,1949.14
13306,13306,24,3,13804.57
13307,13307,85,2,3493.07
13308,13308,123,1,12118.15
13309,13309,198,1,7897.84
13310,13310,151,5,18344.56
13311,13311,19,5,21294.24
13312,13312,58,2,2402.97
13313,13313,94,3,4040.83
13314,13314,173,2,3363.26
13315,13315,109,5,1949.14
13316,13316,122,3,7649.28
13317,13317,86,4,12094.11
13318,13318,160,3,574.04
13319,13319,142,4,17820.58
13320,13320,55,3,6404.02
13321,13321,72,1,16174.11
13322,13322,188,4,996.04
13323,13323,198,1,7897.84
13324,13324,76,3,6546.83
13325,13325,110,2,28002.99
13326,13326,54,5,13304.66
13327,13327,157,5,12947.92
13328,13328,153,2,28994.85
13329,13329,21,3,4061.98
13330,13330,183,2,13427.6
13331,13331,63,5,7112.08
13332,13332,30,2,4085.97
13333,13333,191,1,955.75
13334,13334,65,4,10719.81
13335,13335,120,5,8634.24
13336,13336,134,1,904.04
13337,13337,81,4,19237.52
13338,13338,44,3,23468.86
13339,13339,109,4,1949.14
13340,13340,30,2,4085.97
13341,13341,24,4,13804.57
13342,13342,188,4,996.04
13343,13343,101,4,8547.18
13344,13344,97,5,15480.83
13345,13345,46,2,9915.48
13346,13346,102,2,13557.46
13347,13347,66,5,21839.21
13348,13348,13,4,10634.86
13349,13349,127,2,7022.99
13350,13350,178,2,823.83
13351,13351,106,2,16769.45
13352,13352,196,3,10134.09
13353,13353,108,2,14335.21
13354,13354,139,2,4801.64
13355,13355,182,2,7031.34
13356,13356,178,4,823.83
13357,13357,177,4,25108.98
13358,13358,49,2,9269.71
13359,13359,68,1,21527.67
13360,13360,127,5,7022.99
13361,13361,94,3,4040.83
13362,13362,141,3,23613.7
13363,13363,123,4,12118.15
13364,13364,41,5,4660.83
13365,13365,181,4,8035.92
13366,13366,110,1,28002.99
13367,13367,118,5,14798.89
13368,13368,31,1,8530.85
13369,13369,32,2,5374.36
13370,13370,189,4,5861.15
13371,13371,71,2,17028.76
13372,13372,53,5,878.34
13373,13373,138,3,1398.1
13374,13374,34,2,3657.63
13375,13375,95,5,8444.18
13376,13376,109,1,1949.14
13377,13377,78,2,3968.49
13378,13378,53,2,878.34
13379,13379,79,5,27672.78
13380,13380,190,3,4782.23
13381,13381,102,3,13557.46
13382,13382,99,4,20431.12
13383,13383,136,2,16321.7
13384,13384,138,5,1398.1
13385,13385,66,2,21839.21
13386,13386,8,3,11385.66
13387,13387,162,2,6165.41
13388,13388,183,2,13427.6
13389,13389,67,5,10450.83
13390,13390,153,1,28994.85
13391,13391,180,4,14598.18
13392,13392,117,3,20433.55
13393,13393,62,1,17180.02
13394,13394,125,5,6220.2
13395,13395,132,1,3487.55
13396,13396,39,4,17650.3
13397,13397,130,1,13160.01
13398,13398,33,1,351.77
13399,13399,164,5,5452.82
13400,13400,174,5,17094.14
13401,13401,172,2,11683.09
13402,13402,79,5,27672.78
13403,13403,105,1,9571.88
13404,13404,28,2,16098.38
13405,13405,41,4,4660.83
13406,13406,18,3,6431.52
13407,13407,79,5,27672.78
13408,13408,69,1,7059.92
13409,13409,35,1,16408.02
13410,13410,32,5,5374.36
13411,13411,170,4,4852.6
13412,13412,138,2,1398.1
13413,13413,158,4,24324.06
13414,13414,29,5,3278.0
13415,13415,61,1,3768.98
13416,13416,152,2,14395.46
13417,13417,143,1,14111.6
13418,13418,122,4,7649.28
13419,13419,162,2,6165.41
13420,13420,195,3,16085.73
13421,13421,102,3,13557.46
13422,13422,70,3,12988.47
13423,13423,96,2,20513.9
13424,13424,171,5,11785.29
13425,13425,144,2,25378.87
13426,13426,138,3,1398.1
13427,13427,71,1,17028.76
13428,13428,142,2,17820.58
13429,13429,114,3,12921.43
13430,13430,101,4,8547.18
13431,13431,189,1,5861.15
13432,13432,145,3,10429.51
13433,13433,87,1,25821.69
13434,13434,19,5,21294.24
13435,13435,40,3,13014.18
13436,13436,10,3,27040.17
13437,13437,167,2,8144.35
13438,13438,193,1,9071.96
13439,13439,176,5,4315.47
13440,13440,27,3,15343.35
13441,13441,115,4,19349.21
13442,13442,169,5,16919.54
13443,13443,135,4,21436.4
13444,13444,45,2,9921.88
13445,13445,23,5,15541.22
13446,13446,118,5,14798.89
13447,13447,73,4,896.37
13448,13448,164,3,5452.82
13449,13449,131,1,9463.24
13450,13450,114,1,12921.43
13451,13451,41,2,4660.83
13452,13452,83,4,16795.16
13453,13453,167,1,8144.35
13454,13454,12,1,28934.67
13455,13455,87,3,25821.69
13456,13456,51,3,4582.1
13457,13457,8,4,11385.66
13458,13458,13,3,10634.86
13459,13459,119,4,5173.11
13460,13460,77,3,16616.81
13461,13461,90,3,16959.04
13462,13462,123,3,12118.15
13463,13463,172,1,11683.09
13464,13464,70,2,12988.47
13465,13465,75,3,27545.83
13466,13466,197,5,10336.5
13467,13467,64,4,2967.21
13468,13468,112,5,13028.13
13469,13469,181,1,8035.92
13470,13470,19,1,21294.24
13471,13471,21,4,4061.98
13472,13472,181,5,8035.92
13473,13473,194,1,12707.5
13474,13474,26,5,12546.76
13475,13475,32,3,5374.36
13476,13476,171,1,11785.29
13477,13477,162,1,6165.41
13478,13478,144,3,25378.87
13479,13479,22,2,10992.16
13480,13480,117,1,20433.55
13481,13481,151,5,18344.56
13482,13482,138,4,1398.1
13483,13483,166,5,17663.18
13484,13484,72,1,16174.11
13485,13485,135,5,21436.4
13486,13486,144,3,25378.87
13487,13487,50,5,8022.24
13488,13488,170,2,4852.6
13489,13489,172,5,11683.09
13490,13490,144,2,25378.87
13491,13491,29,5,3278.0
13492,13492,200,3,20420.05
13493,13493,89,2,22077.15
13494,13494,1,5,21191.29
13495,13495,9,3,7868.98
13496,13496,22,2,10992.16
13497,13497,75,2,27545.83
13498,13498,92,4,15601.31
13499,13499,181,2,8035.92
13500,13500,20,2,5539.73
13501,13501,48,3,11405.06
13502,13502,171,2,11785.29
13503,13503,15,5,10692.78
13504,13504,22,1,10992.16
13505,13505,146,5,7872.91
13506,13506,1,5,21191.29
13507,13507,171,3,11785.29
13508,13508,81,1,19237.52
13509,13509,152,2,14395.46
13510,13510,124,1,7049.35
13511,13511,123,2,12118.15
13512,13512,138,1,1398.1
13513,13513,13,3,10634.86
13514,13514,91,1,24150.89
13515,13515,112,5,13028.13
13516,13516,29,1,3278.0
13517,13517,31,2,8530.85
13518,13518,134,2,904.04
13519,13519,172,4,11683.09
13520,13520,9,3,7868.98
13521,13521,33,3,351.77
13522,13522,65,2,10719.81
13523,13523,12,2,28934.67
13524,13524,152,5,14395.46
13525,13525,57,4,12361.23
13526,13526,181,4,8035.92
13527,13527,170,1,4852.6
13528,13528,195,5,16085.73
13529,13529,103,4,6595.4
13530,13530,133,2,2299.38
13531,13531,181,1,8035.92
13532,13532,160,2,574.04
13533,13533,26,3,12546.76
13534,13534,11,1,11525.15
13535,13535,180,5,14598.18
13536,13536,150,3,3511.86
13537,13537,198,4,7897.84
13538,13538,63,1,7112.08
13539,13539,35,2,16408.02
13540,13540,179,5,13532.44
13541,13541,62,1,17180.02
13542,13542,26,4,12546.76
13543,13543,23,5,15541.22
13544,13544,87,1,25821.69
13545,13545,71,5,17028.76
13546,13546,92,2,15601.31
13547,13547,95,1,8444.18
13548,13548,60,4,5460.7
13549,13549,165,5,2455.33
13550,13550,156,5,17418.26
13551,13551,30,2,4085.97
13552,13552,79,5,27672.78
13553,13553,6,3,21150.77
13554,13554,60,4,5460.7
13555,13555,144,1,25378.87
13556,13556,47,5,14713.56
13557,13557,147,2,17781.52
13558,13558,125,5,6220.2
13559,13559,98,1,740.62
13560,13560,6,5,21150.77
13561,13561,46,4,9915.48
13562,13562,133,3,2299.38
13563,13563,57,1,12361.23
13564,13564,121,5,14581.68
13565,13565,140,2,3677.83
13566,13566,75,5,27545.83
13567,13567,102,5,13557.46
13568,13568,168,1,929.8
13569,13569,11,3,11525.15
13570,13570,48,3,11405.06
13571,13571,23,5,15541.22
13572,13572,2,4,15826.16
13573,13573,1,2,21191.29
13574,13574,99,3,20431.12
13575,13575,133,1,2299.38
13576,13576,181,3,8035.92
13577,13577,145,3,10429.51
13578,13578,127,4,7022.99
13579,13579,58,5,2402.97
13580,13580,174,1,17094.14
13581,13581,117,2,20433.55
13582,13582,191,5,955.75
13583,13583,190,2,4782.23
13584,13584,138,1,1398.1
13585,13585,86,5,12094.11
13586,13586,84,1,27377.47
13587,13587,152,2,14395.46
13588,13588,61,2,3768.98
13589,13589,27,1,15343.35
13590,13590,47,4,14713.56
13591,13591,119,1,5173.11
13592,13592,180,5,14598.18
13593,13593,108,2,14335.21
13594,13594,30,5,4085.97
13595,13595,141,5,23613.7
13596,13596,72,5,16174.11
13597,13597,90,4,16959.04
13598,13598,176,4,4315.47
13599,13599,98,4,740.62
13600,13600,147,2,17781.52
13601,13601,176,4,4315.47
13602,13602,33,3,351.77
13603,13603,95,4,8444.18
13604,13604,57,5,12361.23
13605,13605,83,2,16795.16
13606,13606,4,5,5202.8
13607,13607,128,3,1071.68
13608,13608,34,4,3657.63
13609,13609,123,3,12118.15
13610,13610,153,3,28994.85
13611,13611,47,2,14713.56
13612,13612,67,1,10450.83
13613,13613,181,2,8035.92
13614,13614,98,1,740.62
13615,13615,140,2,3677.83
13616,13616,90,2,16959.04
13617,13617,54,4,13304.66
13618,13618,52,1,1034.09
13619,13619,139,1,4801.64
13620,13620,62,5,17180.02
13621,13621,72,5,16174.11
13622,13622,96,2,20513.9
13623,13623,22,5,10992.16
13624,13624,107,2,5735.07
13625,13625,109,1,1949.14
13626,13626,54,4,13304.66
13627,13627,9,4,7868.98
13628,13628,169,2,16919.54
13629,13629,183,4,13427.6
13630,13630,68,3,21527.67
13631,13631,31,4,8530.85
13632,13632,44,2,23468.86
13633,13633,21,1,4061.98
13634,13634,149,5,15111.25
13635,13635,193,5,9071.96
13636,13636,166,4,17663.18
13637,13637,187,5,11738.99
13638,13638,109,1,1949.14
13639,13639,114,1,12921.43
13640,13640,113,1,16263.55
13641,13641,13,2,10634.86
13642,13642,135,5,21436.4
13643,13643,181,3,8035.92
13644,13644,29,2,3278.0
13645,13645,75,4,27545.83
13646,13646,98,1,740.62
13647,13647,106,4,16769.45
13648,13648,108,2,14335.21
13649,13649,19,2,21294.24
13650,13650,19,4,21294.24
13651,13651,23,4,15541.22
13652,13652,37,1,19923.36
13653,13653,32,5,5374.36
13654,13654,140,2,3677.83
13655,13655,4,4,5202.8
13656,13656,131,5,9463.24
13657,13657,115,3,19349.21
13658,13658,89,4,22077.15
13659,13659,2,2,15826.16
13660,13660,21,4,4061.98
13661,13661,95,1,8444.18
13662,13662,55,5,6404.02
13663,13663,166,1,17663.18
13664,13664,21,1,4061.98
13665,13665,149,5,15111.25
13666,13666,88,2,10810.93
13667,13667,83,4,16795.16
13668,13668,154,1,23101.64
13669,13669,192,4,2957.41
13670,13670,143,3,14111.6
13671,13671,18,2,6431.52
13672,13672,50,2,8022.24
13673,13673,159,3,5770.16
13674,13674,176,2,4315.47
13675,13675,199,4,14879.64
13676,13676,92,1,15601.31
13677,13677,147,2,17781.52
13678,13678,148,1,4657.5
13679,13679,65,2,10719.81
13680,13680,57,5,12361.23
13681,13681,67,2,10450.83
13682,13682,139,2,4801.64
13683,13683,96,2,20513.9
13684,13684,173,4,3363.26
13685,13685,64,3,2967.21
13686,13686,133,4,2299.38
13687,13687,89,1,22077.15
13688,13688,156,2,17418.26
13689,13689,69,3,7059.92
13690,13690,170,4,4852.6
13691,13691,158,5,24324.06
13692,13692,162,5,6165.41
13693,13693,49,1,9269.71
13694,13694,140,4,3677.83
13695,13695,143,4,14111.6
13696,13696,52,1,1034.09
13697,13697,174,5,17094.14
13698,13698,21,3,4061.98
13699,13699,176,5,4315.47
13700,13700,97,1,15480.83
13701,13701,69,4,7059.92
13702,13702,175,3,24477.29
13703,13703,95,1,8444.18
13704,13704,126,5,11041.81
13705,13705,185,3,17714.54
13706,13706,166,3,17663.18
13707,13707,162,5,6165.41
13708,13708,125,1,6220.2
13709,13709,28,1,16098.38
13710,13710,22,1,10992.16
13711,13711,99,2,20431.12
13712,13712,8,4,11385.66
13713,13713,65,3,10719.81
13714,13714,38,3,5822.86
13715,13715,150,3,3511.86
13716,13716,68,5,21527.67
13717,13717,98,1,740.62
13718,13718,138,4,1398.1
13719,13719,137,4,14887.13
13720,13720,106,4,16769.45
13721,13721,168,3,929.8
13722,13722,115,2,19349.21
13723,13723,62,3,17180.02
13724,13724,177,1,25108.98
13725,13725,159,1,5770.16
13726,13726,8,2,11385.66
13727,13727,145,3,10429.51
13728,13728,95,4,8444.18
13729,13729,58,1,2402.97
13730,13730,104,2,17468.31
13731,13731,116,1,3984.38
13732,13732,4,3,5202.8
13733,13733,91,4,24150.89
13734,13734,152,4,14395.46
13735,13735,69,1,7059.92
13736,13736,98,1,740.62
13737,13737,19,2,21294.24
13738,13738,64,4,2967.21
13739,13739,194,5,12707.5
13740,13740,36,3,15665.94
13741,13741,60,2,5460.7
13742,13742,76,2,6546.83
13743,13743,1,3,21191.29
13744,13744,4,1,5202.8
13745,13745,170,4,4852.6
13746,13746,170,3,4852.6
13747,13747,25,5,14280.01
13748,13748,76,1,6546.83
13749,13749,104,1,17468.31
13750,13750,194,1,12707.5
13751,13751,91,4,24150.89
13752,13752,44,1,23468.86
13753,13753,196,5,10134.09
13754,13754,75,2,27545.83
13755,13755,132,5,3487.55
13756,13756,77,1,16616.81
13757,13757,137,5,14887.13
13758,13758,40,4,13014.18
13759,13759,200,1,20420.05
13760,13760,50,4,8022.24
13761,13761,34,5,3657.63
13762,13762,39,4,17650.3
13763,13763,90,4,16959.04
13764,13764,50,5,8022.24
13765,13765,11,1,11525.15
13766,13766,95,5,8444.18
13767,13767,80,1,23718.28
13768,13768,88,5,10810.93
13769,13769,93,2,18565.89
13770,13770,192,2,2957.41
13771,13771,21,4,4061.98
13772,13772,155,3,13686.84
13773,13773,111,4,14461.81
13774,13774,98,2,740.62
13775,13775,146,3,7872.91
13776,13776,90,4,16959.04
13777,13777,126,4,11041.81
13778,13778,32,1,5374.36
13779,13779,59,5,8391.44
13780,13780,139,1,4801.64
13781,13781,182,1,7031.34
13782,13782,166,2,17663.18
13783,13783,35,2,16408.02
13784,13784,161,3,377.71
13785,13785,74,1,7274.5
13786,13786,131,3,9463.24
13787,13787,184,3,2190.56
13788,13788,42,2,3206.85
13789,13789,60,2,5460.7
13790,13790,9,3,7868.98
13791,13791,138,1,1398.1
13792,13792,130,3,13160.01
13793,13793,130,1,13160.01
13794,13794,119,3,5173.11
13795,13795,68,3,21527.67
13796,13796,92,4,15601.31
13797,13797,7,4,18492.28
13798,13798,151,4,18344.56
13799,13799,12,4,28934.67
13800,13800,29,3,3278.0
13801,13801,49,3,9269.71
13802,13802,128,5,1071.68
13803,13803,41,2,4660.83
13804,13804,140,2,3677.83
13805,13805,114,1,12921.43
13806,13806,37,2,19923.36
13807,13807,101,3,8547.18
13808,13808,132,2,3487.55
13809,13809,55,4,6404.02
13810,13810,34,1,3657.63
13811,13811,54,1,13304.66
13812,13812,16,1,6157.77
13813,13813,188,4,996.04
13814,13814,122,3,7649.28
13815,13815,72,5,16174.11
13816,13816,28,1,16098.38
13817,13817,41,2,4660.83
13818,13818,133,5,2299.38
13819,13819,165,3,2455.33
13820,13820,144,3,25378.87
13821,13821,70,1,12988.47
13822,13822,196,5,10134.09
13823,13823,128,4,1071.68
13824,13824,82,3,17607.83
13825,13825,70,4,12988.47
13826,13826,16,1,6157.77
13827,13827,88,1,10810.93
13828,13828,196,2,10134.09
13829,13829,70,2,12988.47
13830,13830,112,3,13028.13
13831,13831,200,5,20420.05
13832,13832,1,2,21191.29
13833,13833,116,3,3984.38
13834,13834,69,3,7059.92
13835,13835,170,2,4852.6
13836,13836,11,4,11525.15
13837,13837,171,3,11785.29
13838,13838,125,2,6220.2
13839,13839,54,2,13304.66
13840,13840,24,3,13804.57
13841,13841,169,3,16919.54
13842,13842,56,1,23513.58
13843,13843,196,5,10134.09
13844,13844,177,4,25108.98
13845,13845,69,5,7059.92
13846,13846,45,4,9921.88
13847,13847,110,4,28002.99
13848,13848,108,5,14335.21
13849,13849,31,2,8530.85
13850,13850,193,5,9071.96
13851,13851,158,3,24324.06
13852,13852,48,2,11405.06
13853,13853,61,4,3768.98
13854,13854,101,1,8547.18
13855,13855,94,1,4040.83
13856,13856,174,1,17094.14
13857,13857,67,5,10450.83
13858,13858,80,2,23718.28
13859,13859,66,5,21839.21
13860,13860,50,3,8022.24
13861,13861,63,4,7112.08
13862,13862,24,3,13804.57
13863,13863,16,5,6157.77
13864,13864,186,3,21268.61
13865,13865,50,4,8022.24
13866,13866,49,4,9269.71
13867,13867,176,2,4315.47
13868,13868,55,3,6404.02
13869,13869,165,3,2455.33
13870,13870,111,5,14461.81
13871,13871,172,1,11683.09
13872,13872,106,3,16769.45
13873,13873,93,3,18565.89
13874,13874,19,5,21294.24
13875,13875,145,2,10429.51
13876,13876,95,1,8444.18
13877,13877,41,2,4660.83
13878,13878,71,4,17028.76
13879,13879,48,4,11405.06
13880,13880,62,1,17180.02
13881,13881,75,3,27545.83
13882,13882,134,2,904.04
13883,13883,24,2,13804.57
13884,13884,24,4,13804.57
13885,13885,191,5,955.75
13886,13886,31,1,8530.85
13887,13887,119,1,5173.11
13888,13888,84,2,27377.47
13889,13889,125,2,6220.2
13890,13890,191,1,955.75
13891,13891,169,3,16919.54
13892,13892,144,2,25378.87
13893,13893,140,5,3677.83
13894,13894,134,3,904.04
13895,13895,19,5,21294.24
13896,13896,193,2,9071.96
13897,13897,41,2,4660.83
13898,13898,6,5,21150.77
13899,13899,69,3,7059.92
13900,13900,160,4,574.04
13901,13901,72,2,16174.11
13902,13902,132,2,3487.55
13903,13903,104,4,17468.31
13904,13904,47,5,14713.56
13905,13905,76,4,6546.83
13906,13906,117,3,20433.55
13907,13907,196,5,10134.09
13908,13908,198,5,7897.84
13909,13909,22,4,10992.16
13910,13910,68,1,21527.67
13911,13911,123,4,12118.15
13912,13912,102,3,13557.46
13913,13913,198,2,7897.84
13914,13914,4,4,5202.8
13915,13915,177,4,25108.98
13916,13916,77,4,16616.81
13917,13917,105,4,9571.88
13918,13918,143,2,14111.6
13919,13919,94,2,4040.83
13920,13920,5,5,1235.05
13921,13921,93,3,18565.89
13922,13922,136,3,16321.7
13923,13923,5,3,1235.05
13924,13924,54,4,13304.66
13925,13925,82,3,17607.83
13926,13926,2,1,15826.16
13927,13927,152,2,14395.46
13928,13928,20,3,5539.73
13929,13929,48,4,11405.06
13930,13930,86,3,12094.11
13931,13931,114,1,12921.43
13932,13932,32,4,5374.36
13933,13933,97,3,15480.83
13934,13934,88,3,10810.93
13935,13935,27,1,15343.35
13936,13936,32,4,5374.36
13937,13937,172,5,11683.09
13938,13938,96,3,20513.9
13939,13939,194,5,12707.5
13940,13940,42,3,3206.85
13941,13941,170,3,4852.6
13942,13942,89,3,22077.15
13943,13943,128,5,1071.68
13944,13944,74,3,7274.5
13945,13945,189,3,5861.15
13946,13946,29,3,3278.0
13947,13947,167,2,8144.35
13948,13948,134,5,904.04
13949,13949,165,4,2455.33
13950,13950,172,3,11683.09
13951,13951,35,3,16408.02
13952,13952,170,5,4852.6
13953,13953,167,1,8144.35
13954,13954,110,5,28002.99
13955,13955,167,5,8144.35
13956,13956,68,2,21527.67
13957,13957,61,2,3768.98
13958,13958,45,1,9921.88
13959,13959,89,1,22077.15
13960,13960,134,1,904.04
13961,13961,57,3,12361.23
13962,13962,124,2,7049.35
13963,13963,54,3,13304.66
13964,13964,141,1,23613.7
13965,13965,16,2,6157.77
13966,13966,170,3,4852.6
13967,13967,42,4,3206.85
13968,13968,63,4,7112.08
13969,13969,136,1,16321.7
13970,13970,93,1,18565.89
13971,13971,179,4,13532.44
13972,13972,149,4,15111.25
13973,13973,175,1,24477.29
13974,13974,95,1,8444.18
13975,13975,48,2,11405.06
13976,13976,151,2,18344.56
13977,13977,2,2,15826.16
13978,13978,55,4,6404.02
13979,13979,16,2,6157.77
13980,13980,191,1,955.75
13981,13981,2,3,15826.16
13982,13982,145,1,10429.51
13983,13983,13,1,10634.86
13984,13984,131,5,9463.24
13985,13985,4,4,5202.8
13986,13986,141,5,23613.7
13987,13987,40,5,13014.18
13988,13988,16,1,6157.77
13989,13989,110,4,28002.99
13990,13990,104,4,17468.31
13991,13991,110,5,28002.99
13992,13992,199,4,14879.64
13993,13993,186,3,21268.61
13994,13994,54,1,13304.66
13995,13995,100,2,12627.27
13996,13996,185,5,17714.54
13997,13997,55,3,6404.02
13998,13998,110,2,28002.99
13999,13999,133,1,2299.38
14000,14000,106,2,16769.45
14001,14001,197,2,10336.5
14002,14002,174,3,17094.14
14003,14003,22,1,10992.16
14004,14004,26,3,12546.76
14005,14005,52,4,1034.09
14006,14006,159,2,5770.16
14007,14007,6,2,21150.77
14008,14008,196,3,10134.09
14009,14009,58,5,2402.97
14010,14010,36,3,15665.94
14011,14011,151,1,18344.56
14012,14012,163,5,3797.21
14013,14013,91,4,24150.89
14014,14014,36,4,15665.94
14015,14015,13,1,10634.86
14016,14016,28,5,16098.38
14017,14017,73,4,896.37
14018,14018,198,4,7897.84
14019,14019,32,3,5374.36
14020,14020,20,4,5539.73
14021,14021,187,1,11738.99
14022,14022,199,1,14879.64
14023,14023,115,5,19349.21
14024,14024,41,4,4660.83
14025,14025,4,2,5202.8
14026,14026,160,2,574.04
14027,14027,16,1,6157.77
14028,14028,123,4,12118.15
14029,14029,132,2,3487.55
14030,14030,10,4,27040.17
14031,14031,67,1,10450.83
14032,14032,38,5,5822.86
14033,14033,121,1,14581.68
14034,14034,104,5,17468.31
14035,14035,14,4,1200.29
14036,14036,124,3,7049.35
14037,14037,87,1,25821.69
14038,14038,25,2,14280.01
14039,14039,138,3,1398.1
14040,14040,73,1,896.37
14041,14041,183,1,13427.6
14042,14042,166,4,17663.18
14043,14043,98,2,740.62
14044,14044,24,1,13804.57
14045,14045,44,1,23468.86
14046,14046,26,5,12546.76
14047,14047,93,5,18565.89
14048,14048,46,3,9915.48
14049,14049,133,2,2299.38
14050,14050,158,2,24324.06
14051,14051,21,5,4061.98
14052,14052,33,2,351.77
14053,14053,21,2,4061.98
14054,14054,15,2,10692.78
14055,14055,168,2,929.8
14056,14056,154,3,23101.64
14057,14057,147,4,17781.52
14058,14058,119,5,5173.11
14059,14059,109,1,1949.14
14060,14060,42,5,3206.85
14061,14061,94,1,4040.83
14062,14062,23,1,15541.22
14063,14063,22,2,10992.16
14064,14064,14,2,1200.29
14065,14065,117,1,20433.55
14066,14066,56,2,23513.58
14067,14067,43,2,15077.83
14068,14068,86,5,12094.11
14069,14069,33,1,351.77
14070,14070,98,4,740.62
14071,14071,116,3,3984.38
14072,14072,141,4,23613.7
14073,14073,24,5,13804.57
14074,14074,98,2,740.62
14075,14075,137,1,14887.13
14076,14076,195,4,16085.73
14077,14077,158,1,24324.06
14078,14078,193,1,9071.96
14079,14079,93,4,18565.89
14080,14080,44,2,23468.86
14081,14081,184,2,2190.56
14082,14082,112,2,13028.13
14083,14083,127,2,7022.99
14084,14084,20,5,5539.73
14085,14085,158,4,24324.06
14086,14086,103,3,6595.4
14087,14087,96,1,20513.9
14088,14088,105,5,9571.88
14089,14089,65,5,10719.81
14090,14090,189,1,5861.15
14091,14091,76,4,6546.83
14092,14092,51,2,4582.1
14093,14093,50,1,8022.24
14094,14094,5,2,1235.05
14095,14095,192,1,2957.41
14096,14096,167,2,8144.35
14097,14097,162,1,6165.41
14098,14098,27,3,15343.35
14099,14099,17,4,19432.15
14100,14100,95,5,8444.18
14101,14101,174,3,17094.14
14102,14102,13,2,10634.86
14103,14103,50,5,8022.24
14104,14104,45,3,9921.88
14105,14105,48,5,11405.06
14106,14106,154,2,23101.64
14107,14107,175,2,24477.29
14108,14108,41,2,4660.83
14109,14109,41,1,4660.83
14110,14110,107,3,5735.07
14111,14111,112,4,13028.13
14112,14112,140,1,3677.83
14113,14113,145,2,10429.51
14114,14114,119,4,5173.11
14115,14115,101,5,8547.18
14116,14116,2,2,15826.16
14117,14117,156,3,17418.26
14118,14118,24,5,13804.57
14119,14119,50,3,8022.24
14120,14120,114,4,12921.43
14121,14121,200,5,20420.05
14122,14122,106,3,16769.45
14123,14123,44,5,23468.86
14124,14124,38,4,5822.86
14125,14125,123,4,12118.15
14126,14126,129,5,9625.23
14127,14127,82,3,17607.83
14128,14128,122,1,7649.28
14129,14129,114,3,12921.43
14130,14130,64,5,2967.21
14131,14131,198,5,7897.84
14132,14132,97,5,15480.83
14133,14133,165,5,2455.33
14134,14134,161,3,377.71
14135,14135,37,1,19923.36
14136,14136,84,5,27377.47
14137,14137,182,5,7031.34
14138,14138,169,3,16919.54
14139,14139,55,1,6404.02
14140,14140,28,3,16098.38
14141,14141,24,5,13804.57
14142,14142,100,2,12627.27
14143,14143,165,3,2455.33
14144,14144,167,1,8144.35
14145,14145,28,1,16098.38
14146,14146,168,5,929.8
14147,14147,184,3,2190.56
14148,14148,182,2,7031.34
14149,14149,36,5,15665.94
14150,14150,77,3,16616.81
14151,14151,159,5,5770.16
14152,14152,29,1,3278.0
14153,14153,190,5,4782.23
14154,14154,76,3,6546.83
14155,14155,183,5,13427.6
14156,14156,119,1,5173.11
14157,14157,30,3,4085.97
14158,14158,78,3,3968.49
14159,14159,109,2,1949.14
14160,14160,31,3,8530.85
14161,14161,92,1,15601.31
14162,14162,185,1,17714.54
14163,14163,54,4,13304.66
14164,14164,9,5,7868.98
14165,14165,157,1,12947.92
14166,14166,159,1,5770.16
14167,14167,7,4,18492.28
14168,14168,120,2,8634.24
14169,14169,72,3,16174.11
14170,14170,23,4,15541.22
14171,14171,141,2,23613.7
14172,14172,5,2,1235.05
14173,14173,97,2,15480.83
14174,14174,177,3,25108.98
14175,14175,160,4,574.04
14176,14176,184,3,2190.56
14177,14177,37,4,19923.36
14178,14178,82,4,17607.83
14179,14179,85,3,3493.07
14180,14180,160,2,574.04
14181,14181,175,3,24477.29
14182,14182,166,2,17663.18
14183,14183,70,5,12988.47
14184,14184,18,1,6431.52
14185,14185,116,1,3984.38
14186,14186,193,2,9071.96
14187,14187,21,5,4061.98
14188,14188,195,2,16085.73
14189,14189,113,4,16263.55
14190,14190,186,5,21268.61
14191,14191,140,4,3677.83
14192,14192,175,4,24477.29
14193,14193,105,3,9571.88
14194,14194,131,4,9463.24
14195,14195,166,4,17663.18
14196,14196,143,2,14111.6
14197,14197,57,4,12361.23
14198,14198,164,5,5452.82
14199,14199,90,5,16959.04
14200,14200,158,4,24324.06
14201,14201,71,2,17028.76
14202,14202,60,5,5460.7
14203,14203,17,3,19432.15
14204,14204,57,5,12361.23
14205,14205,147,5,17781.52
14206,14206,50,2,8022.24
14207,14207,126,3,11041.81
14208,14208,182,2,7031.34
14209,14209,76,1,6546.83
14210,14210,180,3,14598.18
14211,14211,146,4,7872.91
14212,14212,26,3,12546.76
14213,14213,63,2,7112.08
14214,14214,157,5,12947.92
14215,14215,56,2,23513.58
14216,14216,10,2,27040.17
14217,14217,199,5,14879.64
14218,14218,135,1,21436.4
14219,14219,12,5,28934.67
14220,14220,16,1,6157.77
14221,14221,28,5,16098.38
14222,14222,85,5,3493.07
14223,14223,138,3,1398.1
14224,14224,166,2,17663.18
14225,14225,92,5,15601.31
14226,14226,166,3,17663.18
14227,14227,15,2,10692.78
14228,14228,54,3,13304.66
14229,14229,162,3,6165.41
14230,14230,168,4,929.8
14231,14231,131,5,9463.24
14232,14232,51,1,4582.1
14233,14233,165,2,2455.33
14234,14234,62,3,17180.02
14235,14235,136,3,16321.7
14236,14236,103,2,6595.4
14237,14237,19,1,21294.24
14238,14238,88,5,10810.93
14239,14239,133,4,2299.38
14240,14240,12,2,28934.67
14241,14241,17,1,19432.15
14242,14242,71,5,17028.76
14243,14243,50,4,8022.24
14244,14244,191,2,955.75
14245,14245,23,4,15541.22
14246,14246,190,3,4782.23
14247,14247,185,5,17714.54
14248,14248,200,5,20420.05
14249,14249,150,4,3511.86
14250,14250,167,2,8144.35
14251,14251,196,5,10134.09
14252,14252,133,4,2299.38
14253,14253,117,2,20433.55
14254,14254,133,3,2299.38
14255,14255,155,2,13686.84
14256,14256,90,4,16959.04
14257,14257,159,5,5770.16
14258,14258,4,5,5202.8
14259,14259,56,2,23513.58
14260,14260,195,1,16085.73
14261,14261,130,2,13160.01
14262,14262,38,3,5822.86
14263,14263,166,5,17663.18
14264,14264,21,3,4061.98
14265,14265,127,3,7022.99
14266,14266,53,3,878.34
14267,14267,64,3,2967.21
14268,14268,36,5,15665.94
14269,14269,100,2,12627.27
14270,14270,20,5,5539.73
14271,14271,137,5,14887.13
14272,14272,81,4,19237.52
14273,14273,108,2,14335.21
14274,14274,50,5,8022.24
14275,14275,107,1,5735.07
14276,14276,173,5,3363.26
14277,14277,187,1,11738.99
14278,14278,127,4,7022.99
14279,14279,89,5,22077.15
14280,14280,7,5,18492.28
14281,14281,150,1,3511.86
14282,14282,155,3,13686.84
14283,14283,34,1,3657.63
14284,14284,185,3,17714.54
14285,14285,167,4,8144.35
14286,14286,146,1,7872.91
14287,14287,127,5,7022.99
14288,14288,127,2,7022.99
14289,14289,26,5,12546.76
14290,14290,193,3,9071.96
14291,14291,44,1,23468.86
14292,14292,199,4,14879.64
14293,14293,114,5,12921.43
14294,14294,67,5,10450.83
14295,14295,131,4,9463.24
14296,14296,78,1,3968.49
14297,14297,31,2,8530.85
14298,14298,181,1,8035.92
14299,14299,30,4,4085.97
14300,14300,133,1,2299.38
14301,14301,49,2,9269.71
14302,14302,35,3,16408.02
14303,14303,43,4,15077.83
14304,14304,71,1,17028.76
14305,14305,66,4,21839.21
14306,14306,136,5,16321.7
14307,14307,105,3,9571.88
14308,14308,183,5,13427.6
14309,14309,112,3,13028.13
14310,14310,51,3,4582.1
14311,14311,168,5,929.8
14312,14312,197,4,10336.5
14313,14313,23,5,15541.22
14314,14314,25,2,14280.01
14315,14315,119,3,5173.11
14316,14316,160,3,574.04
14317,14317,9,2,7868.98
14318,14318,5,3,1235.05
14319,14319,149,1,15111.25
14320,14320,194,5,12707.5
14321,14321,93,3,18565.89
14322,14322,33,1,351.77
14323,14323,36,2,15665.94
14324,14324,77,2,16616.81
14325,14325,119,4,5173.11
14326,14326,8,4,11385.66
14327,14327,134,1,904.04
14328,14328,43,4,15077.83
14329,14329,166,3,17663.18
14330,14330,101,5,8547.18
14331,14331,159,1,5770.16
14332,14332,20,4,5539.73
14333,14333,127,1,7022.99
14334,14334,32,1,5374.36
14335,14335,134,4,904.04
14336,14336,80,2,23718.28
14337,14337,7,5,18492.28
14338,14338,60,4,5460.7
14339,14339,57,2,12361.23
14340,14340,10,5,27040.17
14341,14341,187,2,11738.99
14342,14342,174,3,17094.14
14343,14343,156,1,17418.26
14344,14344,144,3,25378.87
14345,14345,177,4,25108.98
14346,14346,104,2,17468.31
14347,14347,113,2,16263.55
14348,14348,194,3,12707.5
14349,14349,185,3,17714.54
14350,14350,52,3,1034.09
14351,14351,184,5,2190.56
14352,14352,129,4,9625.23
14353,14353,157,4,12947.92
14354,14354,95,5,8444.18
14355,14355,184,5,2190.56
14356,14356,30,2,4085.97
14357,14357,167,3,8144.35
14358,14358,80,2,23718.28
14359,14359,137,3,14887.13
14360,14360,191,2,955.75
14361,14361,195,5,16085.73
14362,14362,154,2,23101.64
14363,14363,146,1,7872.91
14364,14364,91,4,24150.89
14365,14365,181,1,8035.92
14366,14366,85,5,3493.07
14367,14367,160,1,574.04
14368,14368,16,2,6157.77
14369,14369,127,1,7022.99
14370,14370,56,2,23513.58
14371,14371,118,3,14798.89
14372,14372,133,4,2299.38
14373,14373,177,5,25108.98
14374,14374,147,5,17781.52
14375,14375,5,1,1235.05
14376,14376,107,3,5735.07
14377,14377,29,1,3278.0
14378,14378,10,2,27040.17
14379,14379,50,3,8022.24
14380,14380,47,2,14713.56
14381,14381,139,4,4801.64
14382,14382,91,5,24150.89
14383,14383,160,3,574.04
14384,14384,98,1,740.62
14385,14385,46,3,9915.48
14386,14386,44,5,23468.86
14387,14387,20,4,5539.73
14388,14388,162,2,6165.41
14389,14389,138,2,1398.1
14390,14390,192,2,2957.41
14391,14391,41,1,4660.83
14392,14392,4,5,5202.8
14393,14393,52,1,1034.09
14394,14394,67,1,10450.83
14395,14395,76,1,6546.83
14396,14396,122,2,7649.28
14397,14397,39,5,17650.3
14398,14398,154,4,23101.64
14399,14399,198,4,7897.84
14400,14400,158,2,24324.06
14401,14401,16,1,6157.77
14402,14402,147,1,17781.52
14403,14403,166,5,17663.18
14404,14404,154,3,23101.64
14405,14405,18,2,6431.52
14406,14406,54,3,13304.66
14407,14407,151,3,18344.56
14408,14408,135,4,21436.4
14409,14409,103,4,6595.4
14410,14410,11,1,11525.15
14411,14411,191,5,955.75
14412,14412,56,2,23513.58
14413,14413,170,1,4852.6
14414,14414,103,1,6595.4
14415,14415,123,2,12118.15
14416,14416,181,3,8035.92
14417,14417,40,2,13014.18
14418,14418,193,4,9071.96
14419,14419,190,1,4782.23
14420,14420,33,4,351.77
14421,14421,33,4,351.77
14422,14422,101,4,8547.18
14423,14423,34,3,3657.63
14424,14424,38,5,5822.86
14425,14425,154,5,23101.64
14426,14426,67,3,10450.83
14427,14427,13,1,10634.86
14428,14428,148,5,4657.5
14429,14429,124,4,7049.35
14430,14430,10,2,27040.17
14431,14431,164,5,5452.82
14432,14432,81,2,19237.52
14433,14433,100,2,12627.27
14434,14434,22,4,10992.16
14435,14435,148,5,4657.5
14436,14436,54,3,13304.66
14437,14437,188,4,996.04
14438,14438,136,1,16321.7
14439,14439,1,1,21191.29
14440,14440,167,2,8144.35
14441,14441,179,5,13532.44
14442,14442,74,5,7274.5
14443,14443,161,2,377.71
14444,14444,131,2,9463.24
14445,14445,128,5,1071.68
14446,14446,167,4,8144.35
14447,14447,102,5,13557.46
14448,14448,183,2,13427.6
14449,14449,134,5,904.04
14450,14450,3,1,13312.12
14451,14451,141,3,23613.7
14452,14452,32,2,5374.36
14453,14453,108,3,14335.21
14454,14454,185,3,17714.54
14455,14455,89,2,22077.15
14456,14456,34,5,3657.63
14457,14457,156,4,17418.26
14458,14458,171,4,11785.29
14459,14459,63,5,7112.08
14460,14460,163,4,3797.21
14461,14461,192,1,2957.41
14462,14462,84,1,27377.47
14463,14463,65,1,10719.81
14464,14464,93,5,18565.89
14465,14465,52,1,1034.09
14466,14466,173,3,3363.26
14467,14467,44,1,23468.86
14468,14468,81,4,19237.52
14469,14469,32,2,5374.36
14470,14470,2,2,15826.16
14471,14471,3,5,13312.12
14472,14472,104,4,17468.31
14473,14473,98,1,740.62
14474,14474,31,2,8530.85
14475,14475,106,4,16769.45
14476,14476,2,1,15826.16
14477,14477,181,5,8035.92
14478,14478,144,5,25378.87
14479,14479,168,5,929.8
14480,14480,116,4,3984.38
14481,14481,195,1,16085.73
14482,14482,121,2,14581.68
14483,14483,161,5,377.71
14484,14484,52,5,1034.09
14485,14485,78,3,3968.49
14486,14486,180,5,14598.18
14487,14487,136,2,16321.7
14488,14488,184,3,2190.56
14489,14489,6,2,21150.77
14490,14490,198,2,7897.84
14491,14491,61,1,3768.98
14492,14492,200,4,20420.05
14493,14493,10,4,27040.17
14494,14494,4,5,5202.8
14495,14495,167,4,8144.35
14496,14496,26,5,12546.76
14497,14497,16,2,6157.77
14498,14498,169,3,16919.54
14499,14499,89,1,22077.15
14500,14500,9,1,7868.98
14501,14501,160,3,574.04
14502,14502,135,2,21436.4
14503,14503,5,5,1235.05
14504,14504,30,2,4085.97
14505,14505,98,2,740.62
14506,14506,127,2,7022.99
14507,14507,66,1,21839.21
14508,14508,121,1,14581.68
14509,14509,96,4,20513.9
14510,14510,99,2,20431.12
14511,14511,94,5,4040.83
14512,14512,145,2,10429.51
14513,14513,154,2,23101.64
14514,14514,197,1,10336.5
14515,14515,185,2,17714.54
14516,14516,134,1,904.04
14517,14517,134,4,904.04
14518,14518,36,4,15665.94
14519,14519,32,2,5374.36
14520,14520,99,2,20431.12
14521,14521,187,2,11738.99
14522,14522,140,4,3677.83
14523,14523,109,2,1949.14
14524,14524,37,5,19923.36
14525,14525,84,1,27377.47
14526,14526,118,1,14798.89
14527,14527,165,4,2455.33
14528,14528,45,5,9921.88
14529,14529,151,3,18344.56
14530,14530,44,5,23468.86
14531,14531,49,2,9269.71
14532,14532,119,4,5173.11
14533,14533,134,2,904.04
14534,14534,13,2,10634.86
14535,14535,103,4,6595.4
14536,14536,137,3,14887.13
14537,14537,8,4,11385.66
14538,14538,89,5,22077.15
14539,14539,87,4,25821.69
14540,14540,29,2,3278.0
14541,14541,123,4,12118.15
14542,14542,131,5,9463.24
14543,14543,24,3,13804.57
14544,14544,166,5,17663.18
14545,14545,118,4,14798.89
14546,14546,23,4,15541.22
14547,14547,190,5,4782.23
14548,14548,15,3,10692.78
14549,14549,3,1,13312.12
14550,14550,69,5,7059.92
14551,14551,13,5,10634.86
14552,14552,190,1,4782.23
14553,14553,57,4,12361.23
14554,14554,182,4,7031.34
14555,14555,188,3,996.04
14556,14556,176,4,4315.47
14557,14557,155,4,13686.84
14558,14558,67,1,10450.83
14559,14559,123,4,12118.15
14560,14560,79,3,27672.78
14561,14561,153,1,28994.85
14562,14562,98,2,740.62
14563,14563,164,1,5452.82
14564,14564,190,1,4782.23
14565,14565,23,4,15541.22
14566,14566,77,5,16616.81
14567,14567,171,4,11785.29
14568,14568,74,1,7274.5
14569,14569,137,1,14887.13
14570,14570,6,1,21150.77
14571,14571,34,1,3657.63
14572,14572,179,3,13532.44
14573,14573,17,1,19432.15
14574,14574,71,2,17028.76
14575,14575,8,3,11385.66
14576,14576,184,4,2190.56
14577,14577,192,5,2957.41
14578,14578,163,1,3797.21
14579,14579,94,5,4040.83
14580,14580,10,3,27040.17
14581,14581,102,4,13557.46
14582,14582,58,4,2402.97
14583,14583,154,1,23101.64
14584,14584,143,1,14111.6
14585,14585,91,5,24150.89
14586,14586,153,1,28994.85
14587,14587,67,3,10450.83
14588,14588,156,3,17418.26
14589,14589,138,1,1398.1
14590,14590,77,2,16616.81
14591,14591,46,1,9915.48
14592,14592,35,3,16408.02
14593,14593,113,4,16263.55
14594,14594,97,5,15480.83
14595,14595,36,5,15665.94
14596,14596,142,4,17820.58
14597,14597,139,5,4801.64
14598,14598,20,4,5539.73
14599,14599,10,1,27040.17
14600,14600,196,1,10134.09
14601,14601,127,2,7022.99
14602,14602,72,1,16174.11
14603,14603,46,1,9915.48
14604,14604,11,4,11525.15
14605,14605,26,5,12546.76
14606,14606,76,1,6546.83
14607,14607,20,5,5539.73
14608,14608,104,3,17468.31
14609,14609,107,5,5735.07
14610,14610,145,1,10429.51
14611,14611,81,3,19237.52
14612,14612,183,2,13427.6
14613,14613,135,2,21436.4
14614,14614,10,5,27040.17
14615,14615,67,4,10450.83
14616,14616,32,5,5374.36
14617,14617,106,4,16769.45
14618,14618,45,4,9921.88
14619,14619,93,2,18565.89
14620,14620,42,1,3206.85
14621,14621,11,2,11525.15
14622,14622,139,2,4801.64
14623,14623,89,4,22077.15
14624,14624,199,3,14879.64
14625,14625,138,3,1398.1
14626,14626,98,3,740.62
14627,14627,197,4,10336.5
14628,14628,85,1,3493.07
14629,14629,183,5,13427.6
14630,14630,153,5,28994.85
14631,14631,51,5,4582.1
14632,14632,168,5,929.8
14633,14633,43,2,15077.83
14634,14634,6,5,21150.77
14635,14635,2,5,15826.16
14636,14636,42,3,3206.85
14637,14637,73,5,896.37
14638,14638,89,1,22077.15
14639,14639,54,3,13304.66
14640,14640,64,5,2967.21
14641,14641,20,1,5539.73
14642,14642,13,2,10634.86
14643,14643,6,3,21150.77
14644,14644,124,5,7049.35
14645,14645,4,4,5202.8
14646,14646,46,1,9915.48
14647,14647,156,1,17418.26
14648,14648,199,5,14879.64
14649,14649,6,3,21150.77
14650,14650,159,1,5770.16
14651,14651,20,5,5539.73
14652,14652,87,4,25821.69
14653,14653,190,1,4782.23
14654,14654,117,3,20433.55
14655,14655,173,5,3363.26
14656,14656,132,3,3487.55
14657,14657,158,4,24324.06
14658,14658,15,1,10692.78
14659,14659,52,1,1034.09
14660,14660,54,2,13304.66
14661,14661,161,2,377.71
14662,14662,127,4,7022.99
14663,14663,84,4,27377.47
14664,14664,19,2,21294.24
14665,14665,120,5,8634.24
14666,14666,76,2,6546.83
14667,14667,138,4,1398.1
14668,14668,46,5,9915.48
14669,14669,113,2,16263.55
14670,14670,199,5,14879.64
14671,14671,26,2,12546.76
14672,14672,96,4,20513.9
14673,14673,10,1,27040.17
14674,14674,169,4,16919.54
14675,14675,77,4,16616.81
14676,14676,115,2,19349.21
14677,14677,192,3,2957.41
14678,14678,157,5,12947.92
14679,14679,97,4,15480.83
14680,14680,115,2,19349.21
14681,14681,63,5,7112.08
14682,14682,133,2,2299.38
14683,14683,66,4,21839.21
14684,14684,86,4,12094.11
14685,14685,24,2,13804.57
14686,14686,135,5,21436.4
14687,14687,107,4,5735.07
14688,14688,180,4,14598.18
14689,14689,92,2,15601.31
14690,14690,53,2,878.34
14691,14691,181,5,8035.92
14692,14692,191,2,955.75
14693,14693,186,2,21268.61
14694,14694,156,5,17418.26
14695,14695,185,3,17714.54
14696,14696,112,3,13028.13
14697,14697,81,5,19237.52
14698,14698,6,4,21150.77
14699,14699,146,2,7872.91
14700,14700,165,2,2455.33
14701,14701,161,1,377.71
14702,14702,149,3,15111.25
14703,14703,48,4,11405.06
14704,14704,13,2,10634.86
14705,14705,7,1,18492.28
14706,14706,20,1,5539.73
14707,14707,71,5,17028.76
14708,14708,166,3,17663.18
14709,14709,17,4,19432.15
14710,14710,1,2,21191.29
14711,14711,2,1,15826.16
14712,14712,167,2,8144.35
14713,14713,30,5,4085.97
14714,14714,44,3,23468.86
14715,14715,69,4,7059.92
14716,14716,168,5,929.8
14717,14717,141,4,23613.7
14718,14718,50,1,8022.24
14719,14719,94,4,4040.83
14720,14720,138,2,1398.1
14721,14721,185,4,17714.54
14722,14722,90,1,16959.04
14723,14723,111,5,14461.81
14724,14724,64,4,2967.21
14725,14725,173,3,3363.26
14726,14726,175,2,24477.29
14727,14727,140,1,3677.83
14728,14728,2,2,15826.16
14729,14729,105,1,9571.88
14730,14730,192,2,2957.41
14731,14731,187,5,11738.99
14732,14732,26,1,12546.76
14733,14733,130,3,13160.01
14734,14734,110,4,28002.99
14735,14735,102,5,13557.46
14736,14736,77,5,16616.81
14737,14737,200,2,20420.05
14738,14738,145,2,10429.51
14739,14739,195,4,16085.73
14740,14740,114,5,12921.43
14741,14741,85,1,3493.07
14742,14742,194,2,12707.5
14743,14743,66,3,21839.21
14744,14744,197,4,10336.5
14745,14745,115,5,19349.21
14746,14746,20,3,5539.73
14747,14747,123,3,12118.15
14748,14748,70,1,12988.47
14749,14749,92,4,15601.31
14750,14750,13,2,10634.86
14751,14751,141,5,23613.7
14752,14752,76,2,6546.83
14753,14753,176,5,4315.47
14754,14754,182,5,7031.34
14755,14755,162,2,6165.41
14756,14756,137,2,14887.13
14757,14757,56,3,23513.58
14758,14758,157,3,12947.92
14759,14759,101,1,8547.18
14760,14760,175,1,24477.29
14761,14761,194,2,12707.5
14762,14762,11,2,11525.15
14763,14763,35,4,16408.02
14764,14764,143,2,14111.6
14765,14765,183,5,13427.6
14766,14766,52,2,1034.09
14767,14767,54,5,13304.66
14768,14768,159,5,5770.16
14769,14769,71,4,17028.76
14770,14770,74,4,7274.5
14771,14771,31,5,8530.85
14772,14772,85,2,3493.07
14773,14773,27,4,15343.35
14774,14774,119,1,5173.11
14775,14775,36,3,15665.94
14776,14776,95,2,8444.18
14777,14777,52,4,1034.09
14778,14778,89,5,22077.15
14779,14779,36,3,15665.94
14780,14780,159,2,5770.16
14781,14781,91,5,24150.89
14782,14782,31,5,8530.85
14783,14783,120,3,8634.24
14784,14784,176,2,4315.47
14785,14785,1,4,21191.29
14786,14786,92,1,15601.31
14787,14787,17,4,19432.15
14788,14788,113,4,16263.55
14789,14789,25,5,14280.01
14790,14790,14,4,1200.29
14791,14791,21,4,4061.98
14792,14792,125,4,6220.2
14793,14793,40,4,13014.18
14794,14794,159,4,5770.16
14795,14795,92,5,15601.31
14796,14796,188,4,996.04
14797,14797,134,4,904.04
14798,14798,80,2,23718.28
14799,14799,175,5,24477.29
14800,14800,75,2,27545.83
14801,14801,56,1,23513.58
14802,14802,84,3,27377.47
14803,14803,81,4,19237.52
14804,14804,114,4,12921.43
14805,14805,126,2,11041.81
14806,14806,71,1,17028.76
14807,14807,170,2,4852.6
14808,14808,104,5,17468.31
14809,14809,62,4,17180.02
14810,14810,113,4,16263.55
14811,14811,17,5,19432.15
14812,14812,54,5,13304.66
14813,14813,85,1,3493.07
14814,14814,134,2,904.04
14815,14815,130,1,13160.01
14816,14816,67,3,10450.83
14817,14817,123,5,12118.15
14818,14818,12,1,28934.67
14819,14819,131,1,9463.24
14820,14820,53,1,878.34
14821,14821,148,2,4657.5
14822,14822,66,1,21839.21
14823,14823,123,3,12118.15
14824,14824,128,5,1071.68
14825,14825,38,5,5822.86
14826,14826,142,5,17820.58
14827,14827,95,4,8444.18
14828,14828,131,5,9463.24
14829,14829,126,2,11041.81
14830,14830,70,4,12988.47
14831,14831,47,3,14713.56
14832,14832,63,4,7112.08
14833,14833,69,1,7059.92
14834,14834,108,2,14335.21
14835,14835,53,1,878.34
14836,14836,194,3,12707.5
14837,14837,150,2,3511.86
14838,14838,173,5,3363.26
14839,14839,161,5,377.71
14840,14840,95,4,8444.18
14841,14841,121,3,14581.68
14842,14842,77,2,16616.81
14843,14843,125,1,6220.2
14844,14844,142,1,17820.58
14845,14845,27,2,15343.35
14846,14846,118,1,14798.89
14847,14847,147,4,17781.52
14848,14848,95,1,8444.18
14849,14849,132,5,3487.55
14850,14850,96,5,20513.9
14851,14851,192,5,2957.41
14852,14852,182,5,7031.34
14853,14853,77,2,16616.81
14854,14854,20,4,5539.73
14855,14855,159,4,5770.16
14856,14856,47,5,14713.56
14857,14857,13,5,10634.86
14858,14858,158,4,24324.06
14859,14859,182,5,7031.34
14860,14860,81,4,19237.52
14861,14861,193,4,9071.96
14862,14862,83,2,16795.16
14863,14863,147,5,17781.52
14864,14864,81,1,19237.52
14865,14865,96,3,20513.9
14866,14866,137,3,14887.13
14867,14867,41,4,4660.83
14868,14868,93,4,18565.89
14869,14869,162,3,6165.41
14870,14870,174,5,17094.14
14871,14871,161,1,377.71
14872,14872,178,2,823.83
14873,14873,81,5,19237.52
14874,14874,64,5,2967.21
14875,14875,144,2,25378.87
14876,14876,197,1,10336.5
14877,14877,141,2,23613.7
14878,14878,92,4,15601.31
14879,14879,142,3,17820.58
14880,14880,84,5,27377.47
14881,14881,192,3,2957.41
14882,14882,106,4,16769.45
14883,14883,24,2,13804.57
14884,14884,11,4,11525.15
14885,14885,109,4,1949.14
14886,14886,58,2,2402.97
14887,14887,13,3,10634.86
14888,14888,40,5,13014.18
14889,14889,32,3,5374.36
14890,14890,87,4,25821.69
14891,14891,142,1,17820.58
14892,14892,76,4,6546.83
14893,14893,183,2,13427.6
14894,14894,194,1,12707.5
14895,14895,146,3,7872.91
14896,14896,174,3,17094.14
14897,14897,161,5,377.71
14898,14898,133,1,2299.38
14899,14899,175,2,24477.29
14900,14900,78,3,3968.49
14901,14901,83,5,16795.16
14902,14902,124,1,7049.35
14903,14903,128,5,1071.68
14904,14904,37,3,19923.36
14905,14905,89,5,22077.15
14906,14906,55,1,6404.02
14907,14907,192,4,2957.41
14908,14908,138,5,1398.1
14909,14909,3,4,13312.12
14910,14910,78,1,3968.49
14911,14911,166,3,17663.18
14912,14912,17,1,19432.15
14913,14913,120,1,8634.24
14914,14914,31,4,8530.85
14915,14915,139,4,4801.64
14916,14916,134,3,904.04
14917,14917,151,2,18344.56
14918,14918,10,2,27040.17
14919,14919,5,3,1235.05
14920,14920,52,5,1034.09
14921,14921,193,2,9071.96
14922,14922,104,5,17468.31
14923,14923,7,4,18492.28
14924,14924,115,4,19349.21
14925,14925,102,2,13557.46
14926,14926,166,4,17663.18
14927,14927,81,3,19237.52
14928,14928,33,3,351.77
14929,14929,3,3,13312.12
14930,14930,59,2,8391.44
14931,14931,184,1,2190.56
14932,14932,71,5,17028.76
14933,14933,177,3,25108.98
14934,14934,125,1,6220.2
14935,14935,78,1,3968.49
14936,14936,70,4,12988.47
14937,14937,157,3,12947.92
14938,14938,134,1,904.04
14939,14939,102,4,13557.46
14940,14940,158,1,24324.06
14941,14941,192,5,2957.41
14942,14942,8,1,11385.66
14943,14943,134,1,904.04
14944,14944,184,4,2190.56
14945,14945,13,2,10634.86
14946,14946,162,5,6165.41
14947,14947,163,2,3797.21
14948,14948,141,2,23613.7
14949,14949,125,3,6220.2
14950,14950,140,2,3677.83
14951,14951,171,3,11785.29
14952,14952,131,2,9463.24
14953,14953,193,3,9071.96
14954,14954,50,1,8022.24
14955,14955,161,5,377.71
14956,14956,54,3,13304.66
14957,14957,44,2,23468.86
14958,14958,75,3,27545.83
14959,14959,44,2,23468.86
14960,14960,120,2,8634.24
14961,14961,140,1,3677.83
14962,14962,88,4,10810.93
14963,14963,96,3,20513.9
14964,14964,30,1,4085.97
14965,14965,129,1,9625.23
14966,14966,47,4,14713.56
14967,14967,26,2,12546.76
14968,14968,155,3,13686.84
14969,14969,99,4,20431.12
14970,14970,45,1,9921.88
14971,14971,60,3,5460.7
14972,14972,2,5,15826.16
14973,14973,199,4,14879.64
14974,14974,123,5,12118.15
14975,14975,103,3,6595.4
14976,14976,38,1,5822.86
14977,14977,106,3,16769.45
14978,14978,47,4,14713.56
14979,14979,40,5,13014.18
14980,14980,129,4,9625.23
14981,14981,135,4,21436.4
14982,14982,56,5,23513.58
14983,14983,88,5,10810.93
14984,14984,177,1,25108.98
14985,14985,114,1,12921.43
14986,14986,148,4,4657.5
14987,14987,152,2,14395.46
14988,14988,152,3,14395.46
14989,14989,157,4,12947.92
14990,14990,138,2,1398.1
14991,14991,151,4,18344.56
14992,14992,25,2,14280.01
14993,14993,7,1,18492.28
14994,14994,26,3,12546.76
14995,14995,120,3,8634.24
14996,14996,81,4,19237.52
14997,14997,123,5,12118.15
14998,14998,27,5,15343.35
14999,14999,191,2,955.75
15000,15000,32,1,5374.36
15001,15001,121,5,14581.68
15002,15002,67,5,10450.83
15003,15003,135,3,21436.4
15004,15004,155,4,13686.84
15005,15005,29,2,3278.0
15006,15006,167,2,8144.35
15007,15007,40,2,13014.18
15008,15008,186,1,21268.61
15009,15009,112,2,13028.13
15010,15010,170,5,4852.6
15011,15011,147,3,17781.52
15012,15012,116,4,3984.38
15013,15013,72,3,16174.11
15014,15014,164,1,5452.82
15015,15015,96,2,20513.9
15016,15016,70,4,12988.47
15017,15017,162,3,6165.41
15018,15018,148,4,4657.5
15019,15019,166,3,17663.18
15020,15020,101,5,8547.18
15021,15021,150,3,3511.86
15022,15022,93,4,18565.89
15023,15023,17,5,19432.15
15024,15024,161,4,377.71
15025,15025,131,2,9463.24
15026,15026,73,2,896.37
15027,15027,126,3,11041.81
15028,15028,173,5,3363.26
15029,15029,167,3,8144.35
15030,15030,70,5,12988.47
15031,15031,60,4,5460.7
15032,15032,88,4,10810.93
15033,15033,122,3,7649.28
15034,15034,73,1,896.37
15035,15035,197,2,10336.5
15036,15036,82,2,17607.83
15037,15037,66,4,21839.21
15038,15038,81,2,19237.52
15039,15039,146,5,7872.91
15040,15040,143,3,14111.6
15041,15041,17,3,19432.15
15042,15042,107,3,5735.07
15043,15043,154,5,23101.64
15044,15044,151,4,18344.56
15045,15045,58,2,2402.97
15046,15046,148,5,4657.5
15047,15047,35,2,16408.02
15048,15048,92,2,15601.31
15049,15049,10,1,27040.17
15050,15050,83,5,16795.16
15051,15051,195,5,16085.73
15052,15052,27,1,15343.35
15053,15053,65,1,10719.81
15054,15054,45,3,9921.88
15055,15055,133,5,2299.38
15056,15056,72,5,16174.11
15057,15057,67,5,10450.83
15058,15058,196,2,10134.09
15059,15059,150,3,3511.86
15060,15060,188,4,996.04
15061,15061,69,1,7059.92
15062,15062,153,5,28994.85
15063,15063,132,1,3487.55
15064,15064,116,1,3984.38
15065,15065,147,5,17781.52
15066,15066,18,1,6431.52
15067,15067,176,1,4315.47
15068,15068,162,4,6165.41
15069,15069,37,4,19923.36
15070,15070,156,4,17418.26
15071,15071,86,4,12094.11
15072,15072,138,1,1398.1
15073,15073,63,5,7112.08
15074,15074,120,1,8634.24
15075,15075,147,5,17781.52
15076,15076,50,2,8022.24
15077,15077,186,4,21268.61
15078,15078,47,3,14713.56
15079,15079,190,3,4782.23
15080,15080,157,5,12947.92
15081,15081,110,1,28002.99
15082,15082,102,2,13557.46
15083,15083,56,1,23513.58
15084,15084,48,3,11405.06
15085,15085,104,3,17468.31
15086,15086,16,4,6157.77
15087,15087,143,3,14111.6
15088,15088,59,4,8391.44
15089,15089,33,3,351.77
15090,15090,164,5,5452.82
15091,15091,141,1,23613.7
15092,15092,174,5,17094.14
15093,15093,192,2,2957.41
15094,15094,11,2,11525.15
15095,15095,135,5,21436.4
15096,15096,51,3,4582.1
15097,15097,114,5,12921.43
15098,15098,142,5,17820.58
15099,15099,77,5,16616.81
15100,15100,16,1,6157.77
15101,15101,74,4,7274.5
15102,15102,40,3,13014.18
15103,15103,109,1,1949.14
15104,15104,10,1,27040.17
15105,15105,30,4,4085.97
15106,15106,54,5,13304.66
15107,15107,110,5,28002.99
15108,15108,161,2,377.71
15109,15109,70,1,12988.47
15110,15110,33,2,351.77
15111,15111,124,1,7049.35
15112,15112,124,4,7049.35
15113,15113,116,3,3984.38
15114,15114,22,2,10992.16
15115,15115,71,5,17028.76
15116,15116,129,2,9625.23
15117,15117,80,1,23718.28
15118,15118,180,2,14598.18
15119,15119,68,5,21527.67
15120,15120,37,3,19923.36
15121,15121,199,2,14879.64
15122,15122,74,5,7274.5
15123,15123,137,5,14887.13
15124,15124,95,3,8444.18
15125,15125,190,4,4782.23
15126,15126,19,2,21294.24
15127,15127,114,4,12921.43
15128,15128,35,2,16408.02
15129,15129,88,2,10810.93
15130,15130,161,5,377.71
15131,15131,69,3,7059.92
15132,15132,184,4,2190.56
15133,15133,142,1,17820.58
15134,15134,11,4,11525.15
15135,15135,45,2,9921.88
15136,15136,175,3,24477.29
15137,15137,111,3,14461.81
15138,15138,8,4,11385.66
15139,15139,123,3,12118.15
15140,15140,79,2,27672.78
15141,15141,160,4,574.04
15142,15142,99,1,20431.12
15143,15143,74,2,7274.5
15144,15144,53,1,878.34
15145,15145,107,3,5735.07
15146,15146,186,5,21268.61
15147,15147,5,5,1235.05
15148,15148,78,4,3968.49
15149,15149,58,5,2402.97
15150,15150,47,4,14713.56
15151,15151,193,2,9071.96
15152,15152,16,3,6157.77
15153,15153,112,1,13028.13
15154,15154,192,4,2957.41
15155,15155,7,3,18492.28
15156,15156,66,2,21839.21
15157,15157,74,2,7274.5
15158,15158,67,5,10450.83
15159,15159,196,2,10134.09
15160,15160,34,3,3657.63
15161,15161,141,2,23613.7
15162,15162,38,3,5822.86
15163,15163,83,3,16795.16
15164,15164,31,4,8530.85
15165,15165,64,5,2967.21
15166,15166,95,3,8444.18
15167,15167,9,4,7868.98
15168,15168,70,3,12988.47
15169,15169,25,1,14280.01
15170,15170,107,5,5735.07
15171,15171,1,5,21191.29
15172,15172,160,2,574.04
15173,15173,137,2,14887.13
15174,15174,26,5,12546.76
15175,15175,165,4,2455.33
15176,15176,55,5,6404.02
15177,15177,193,4,9071.96
15178,15178,100,3,12627.27
15179,15179,90,5,16959.04
15180,15180,66,3,21839.21
15181,15181,5,3,1235.05
15182,15182,96,3,20513.9
15183,15183,74,4,7274.5
15184,15184,62,3,17180.02
15185,15185,174,3,17094.14
15186,15186,148,1,4657.5
15187,15187,134,4,904.04
15188,15188,182,5,7031.34
15189,15189,2,5,15826.16
15190,15190,133,5,2299.38
15191,15191,36,5,15665.94
15192,15192,13,2,10634.86
15193,15193,40,3,13014.18
15194,15194,5,5,1235.05
15195,15195,131,3,9463.24
15196,15196,68,3,21527.67
15197,15197,142,5,17820.58
15198,15198,172,5,11683.09
15199,15199,1,2,21191.29
15200,15200,116,1,3984.38
15201,15201,65,2,10719.81
15202,15202,17,3,19432.15
15203,15203,62,4,17180.02
15204,15204,103,3,6595.4
15205,15205,114,2,12921.43
15206,15206,188,3,996.04
15207,15207,102,1,13557.46
15208,15208,1,2,21191.29
15209,15209,35,1,16408.02
15210,15210,59,2,8391.44
15211,15211,68,4,21527.67
15212,15212,89,5,22077.15
15213,15213,42,4,3206.85
15214,15214,133,1,2299.38
15215,15215,22,1,10992.16
15216,15216,66,2,21839.21
15217,15217,55,4,6404.02
15218,15218,81,4,19237.52
15219,15219,72,5,16174.11
15220,15220,5,4,1235.05
15221,15221,187,4,11738.99
15222,15222,2,4,15826.16
15223,15223,148,1,4657.5
15224,15224,83,5,16795.16
15225,15225,83,1,16795.16
15226,15226,140,2,3677.83
15227,15227,183,4,13427.6
15228,15228,111,5,14461.81
15229,15229,132,1,3487.55
15230,15230,36,1,15665.94
15231,15231,172,2,11683.09
15232,15232,197,3,10336.5
15233,15233,189,3,5861.15
15234,15234,142,4,17820.58
15235,15235,147,3,17781.52
15236,15236,98,5,740.62
15237,15237,176,3,4315.47
15238,15238,175,4,24477.29
15239,15239,137,5,14887.13
15240,15240,122,4,7649.28
15241,15241,177,1,25108.98
15242,15242,48,3,11405.06
15243,15243,63,1,7112.08
15244,15244,46,5,9915.48
15245,15245,123,3,12118.15
15246,15246,173,2,3363.26
15247,15247,87,3,25821.69
15248,15248,165,3,2455.33
15249,15249,102,2,13557.46
15250,15250,186,3,21268.61
15251,15251,182,2,7031.34
15252,15252,80,2,23718.28
15253,15253,110,3,28002.99
15254,15254,2,5,15826.16
15255,15255,48,3,11405.06
15256,15256,2,5,15826.16
15257,15257,166,3,17663.18
15258,15258,143,2,14111.6
15259,15259,119,2,5173.11
15260,15260,158,2,24324.06
15261,15261,37,4,19923.36
15262,15262,49,1,9269.71
15263,15263,12,4,28934.67
15264,15264,184,2,2190.56
15265,15265,49,4,9269.71
15266,15266,21,5,4061.98
15267,15267,72,4,16174.11
15268,15268,96,2,20513.9
15269,15269,121,3,14581.68
15270,15270,24,4,13804.57
15271,15271,123,5,12118.15
15272,15272,130,1,13160.01
15273,15273,152,1,14395.46
15274,15274,1,2,21191.29
15275,15275,110,2,28002.99
15276,15276,112,2,13028.13
15277,15277,23,3,15541.22
15278,15278,56,1,23513.58
15279,15279,123,2,12118.15
15280,15280,160,2,574.04
15281,15281,158,4,24324.06
15282,15282,195,1,16085.73
15283,15283,78,4,3968.49
15284,15284,49,2,9269.71
15285,15285,114,1,12921.43
15286,15286,65,5,10719.81
15287,15287,6,4,21150.77
15288,15288,117,5,20433.55
15289,15289,65,4,10719.81
15290,15290,80,3,23718.28
15291,15291,74,4,7274.5
15292,15292,130,3,13160.01
15293,15293,172,5,11683.09
15294,15294,165,1,2455.33
15295,15295,54,2,13304.66
15296,15296,33,3,351.77
15297,15297,176,3,4315.47
15298,15298,160,1,574.04
15299,15299,179,3,13532.44
15300,15300,46,4,9915.48
15301,15301,98,1,740.62
15302,15302,147,3,17781.52
15303,15303,126,1,11041.81
15304,15304,138,3,1398.1
15305,15305,185,1,17714.54
15306,15306,109,1,1949.14
15307,15307,197,4,10336.5
15308,15308,62,2,17180.02
15309,15309,98,1,740.62
15310,15310,6,5,21150.77
15311,15311,194,2,12707.5
15312,15312,51,4,4582.1
15313,15313,193,2,9071.96
15314,15314,144,2,25378.87
15315,15315,78,2,3968.49
15316,15316,49,4,9269.71
15317,15317,171,5,11785.29
15318,15318,2,5,15826.16
15319,15319,59,2,8391.44
15320,15320,12,3,28934.67
15321,15321,52,5,1034.09
15322,15322,75,1,27545.83
15323,15323,9,5,7868.98
15324,15324,112,2,13028.13
15325,15325,63,3,7112.08
15326,15326,129,2,9625.23
15327,15327,112,4,13028.13
15328,15328,49,3,9269.71
15329,15329,45,3,9921.88
15330,15330,42,2,3206.85
15331,15331,161,1,377.71
15332,15332,61,3,3768.98
15333,15333,198,4,7897.84
15334,15334,139,3,4801.64
15335,15335,46,1,9915.48
15336,15336,156,4,17418.26
15337,15337,114,5,12921.43
15338,15338,179,1,13532.44
15339,15339,103,5,6595.4
15340,15340,174,5,17094.14
15341,15341,95,1,8444.18
15342,15342,3,1,13312.12
15343,15343,109,4,1949.14
15344,15344,23,3,15541.22
15345,15345,19,2,21294.24
15346,15346,57,1,12361.23
15347,15347,90,2,16959.04
15348,15348,174,5,17094.14
15349,15349,192,4,2957.41
15350,15350,96,2,20513.9
15351,15351,177,1,25108.98
15352,15352,177,2,25108.98
15353,15353,31,3,8530.85
15354,15354,94,5,4040.83
15355,15355,87,3,25821.69
15356,15356,40,2,13014.18
15357,15357,98,1,740.62
15358,15358,57,2,12361.23
15359,15359,92,5,15601.31
15360,15360,31,4,8530.85
15361,15361,160,5,574.04
15362,15362,37,5,19923.36
15363,15363,96,4,20513.9
15364,15364,87,1,25821.69
15365,15365,168,4,929.8
15366,15366,9,2,7868.98
15367,15367,5,4,1235.05
15368,15368,92,5,15601.31
15369,15369,58,4,2402.97
15370,15370,89,4,22077.15
15371,15371,75,1,27545.83
15372,15372,46,2,9915.48
15373,15373,105,2,9571.88
15374,15374,28,4,16098.38
15375,15375,96,4,20513.9
15376,15376,183,2,13427.6
15377,15377,17,2,19432.15
15378,15378,7,3,18492.28
15379,15379,49,5,9269.71
15380,15380,176,2,4315.47
15381,15381,89,1,22077.15
15382,15382,49,4,9269.71
15383,15383,15,3,10692.78
15384,15384,131,1,9463.24
15385,15385,148,5,4657.5
15386,15386,151,3,18344.56
15387,15387,136,5,16321.7
15388,15388,107,1,5735.07
15389,15389,157,1,12947.92
15390,15390,114,4,12921.43
15391,15391,36,4,15665.94
15392,15392,116,2,3984.38
15393,15393,183,2,13427.6
15394,15394,126,2,11041.81
15395,15395,87,3,25821.69
15396,15396,112,5,13028.13
15397,15397,158,2,24324.06
15398,15398,163,5,3797.21
15399,15399,162,5,6165.41
15400,15400,129,1,9625.23
15401,15401,2,3,15826.16
15402,15402,42,1,3206.85
15403,15403,178,1,823.83
15404,15404,99,3,20431.12
15405,15405,61,2,3768.98
15406,15406,197,4,10336.5
15407,15407,112,4,13028.13
15408,15408,194,5,12707.5
15409,15409,1,5,21191.29
15410,15410,81,1,19237.52
15411,15411,137,4,14887.13
15412,15412,191,5,955.75
15413,15413,136,1,16321.7
15414,15414,110,2,28002.99
15415,15415,100,3,12627.27
15416,15416,52,1,1034.09
15417,15417,186,5,21268.61
15418,15418,163,4,3797.21
15419,15419,51,1,4582.1
15420,15420,151,4,18344.56
15421,15421,150,1,3511.86
15422,15422,166,1,17663.18
15423,15423,181,4,8035.92
15424,15424,24,4,13804.57
15425,15425,139,5,4801.64
15426,15426,129,4,9625.23
15427,15427,104,3,17468.31
15428,15428,31,5,8530.85
15429,15429,133,5,2299.38
15430,15430,75,5,27545.83
15431,15431,126,2,11041.81
15432,15432,83,3,16795.16
15433,15433,40,4,13014.18
15434,15434,12,2,28934.67
15435,15435,60,2,5460.7
15436,15436,117,4,20433.55
15437,15437,50,4,8022.24
15438,15438,97,4,15480.83
15439,15439,175,3,24477.29
15440,15440,89,3,22077.15
15441,15441,185,2,17714.54
15442,15442,134,5,904.04
15443,15443,181,4,8035.92
15444,15444,126,1,11041.81
15445,15445,91,4,24150.89
15446,15446,90,4,16959.04
15447,15447,41,5,4660.83
15448,15448,175,4,24477.29
15449,15449,193,3,9071.96
15450,15450,182,3,7031.34
15451,15451,127,4,7022.99
15452,15452,107,3,5735.07
15453,15453,130,1,13160.01
15454,15454,81,4,19237.52
15455,15455,14,1,1200.29
15456,15456,74,5,7274.5
15457,15457,143,2,14111.6
15458,15458,4,1,5202.8
15459,15459,14,5,1200.29
15460,15460,76,4,6546.83
15461,15461,147,2,17781.52
15462,15462,9,5,7868.98
15463,15463,185,5,17714.54
15464,15464,164,5,5452.82
15465,15465,13,4,10634.86
15466,15466,194,5,12707.5
15467,15467,45,1,9921.88
15468,15468,39,2,17650.3
15469,15469,156,5,17418.26
15470,15470,118,4,14798.89
15471,15471,51,4,4582.1
15472,15472,187,4,11738.99
15473,15473,37,1,19923.36
15474,15474,128,3,1071.68
15475,15475,61,3,3768.98
15476,15476,116,1,3984.38
15477,15477,110,1,28002.99
15478,15478,111,2,14461.81
15479,15479,89,3,22077.15
15480,15480,180,3,14598.18
15481,15481,176,1,4315.47
15482,15482,63,5,7112.08
15483,15483,43,5,15077.83
15484,15484,169,5,16919.54
15485,15485,3,2,13312.12
15486,15486,127,1,7022.99
15487,15487,147,1,17781.52
15488,15488,68,3,21527.67
15489,15489,71,5,17028.76
15490,15490,45,5,9921.88
15491,15491,120,2,8634.24
15492,15492,115,5,19349.21
15493,15493,139,1,4801.64
15494,15494,194,5,12707.5
15495,15495,191,2,955.75
15496,15496,72,5,16174.11
15497,15497,114,2,12921.43
15498,15498,194,3,12707.5
15499,15499,5,4,1235.05
15500,15500,124,4,7049.35
15501,15501,159,5,5770.16
15502,15502,106,1,16769.45
15503,15503,183,1,13427.6
15504,15504,76,4,6546.83
15505,15505,36,4,15665.94
15506,15506,176,1,4315.47
15507,15507,59,5,8391.44
15508,15508,175,5,24477.29
15509,15509,33,5,351.77
15510,15510,7,4,18492.28
15511,15511,149,3,15111.25
15512,15512,53,2,878.34
15513,15513,133,1,2299.38
15514,15514,102,2,13557.46
15515,15515,99,2,20431.12
15516,15516,118,2,14798.89
15517,15517,93,3,18565.89
15518,15518,91,4,24150.89
15519,15519,150,2,3511.86
15520,15520,4,4,5202.8
15521,15521,97,4,15480.83
15522,15522,152,4,14395.46
15523,15523,121,5,14581.68
15524,15524,89,3,22077.15
15525,15525,40,4,13014.18
15526,15526,178,2,823.83
15527,15527,64,5,2967.21
15528,15528,6,1,21150.77
15529,15529,37,3,19923.36
15530,15530,145,4,10429.51
15531,15531,183,1,13427.6
15532,15532,199,2,14879.64
15533,15533,197,1,10336.5
15534,15534,134,4,904.04
15535,15535,133,5,2299.38
15536,15536,122,3,7649.28
15537,15537,121,3,14581.68
15538,15538,89,2,22077.15
15539,15539,151,1,18344.56
15540,15540,31,4,8530.85
15541,15541,22,3,10992.16
15542,15542,122,1,7649.28
15543,15543,138,5,1398.1
15544,15544,136,2,16321.7
15545,15545,199,5,14879.64
15546,15546,183,5,13427.6
15547,15547,47,4,14713.56
15548,15548,69,2,7059.92
15549,15549,150,1,3511.86
15550,15550,187,5,11738.99
15551,15551,101,1,8547.18
15552,15552,130,3,13160.01
15553,15553,133,5,2299.38
15554,15554,190,1,4782.23
15555,15555,95,2,8444.18
15556,15556,128,1,1071.68
15557,15557,106,5,16769.45
15558,15558,139,2,4801.64
15559,15559,41,3,4660.83
15560,15560,107,1,5735.07
15561,15561,68,1,21527.67
15562,15562,121,4,14581.68
15563,15563,114,1,12921.43
15564,15564,13,3,10634.86
15565,15565,26,4,12546.76
15566,15566,66,1,21839.21
15567,15567,170,2,4852.6
15568,15568,118,3,14798.89
15569,15569,121,3,14581.68
15570,15570,180,5,14598.18
15571,15571,182,4,7031.34
15572,15572,67,3,10450.83
15573,15573,92,5,15601.31
15574,15574,191,5,955.75
15575,15575,106,5,16769.45
15576,15576,6,3,21150.77
15577,15577,176,1,4315.47
15578,15578,198,3,7897.84
15579,15579,100,5,12627.27
15580,15580,15,4,10692.78
15581,15581,15,3,10692.78
15582,15582,130,4,13160.01
15583,15583,87,4,25821.69
15584,15584,165,5,2455.33
15585,15585,148,1,4657.5
15586,15586,136,5,16321.7
15587,15587,79,1,27672.78
15588,15588,44,4,23468.86
15589,15589,69,3,7059.92
15590,15590,27,2,15343.35
15591,15591,175,3,24477.29
15592,15592,8,2,11385.66
15593,15593,89,4,22077.15
15594,15594,75,1,27545.83
15595,15595,68,3,21527.67
15596,15596,72,2,16174.11
15597,15597,166,4,17663.18
15598,15598,148,5,4657.5
15599,15599,29,5,3278.0
15600,15600,80,4,23718.28
15601,15601,37,4,19923.36
15602,15602,6,3,21150.77
15603,15603,111,4,14461.81
15604,15604,43,1,15077.83
15605,15605,132,1,3487.55
15606,15606,45,3,9921.88
15607,15607,134,1,904.04
15608,15608,35,4,16408.02
15609,15609,162,3,6165.41
15610,15610,151,3,18344.56
15611,15611,66,4,21839.21
15612,15612,109,5,1949.14
15613,15613,20,5,5539.73
15614,15614,47,1,14713.56
15615,15615,136,1,16321.7
15616,15616,95,3,8444.18
15617,15617,40,4,13014.18
15618,15618,96,4,20513.9
15619,15619,25,4,14280.01
15620,15620,21,2,4061.98
15621,15621,143,2,14111.6
15622,15622,49,3,9269.71
15623,15623,121,2,14581.68
15624,15624,80,2,23718.28
15625,15625,150,5,3511.86
15626,15626,11,1,11525.15
15627,15627,111,4,14461.81
15628,15628,42,4,3206.85
15629,15629,4,1,5202.8
15630,15630,100,3,12627.27
15631,15631,197,4,10336.5
15632,15632,116,4,3984.38
15633,15633,39,4,17650.3
15634,15634,139,4,4801.64
15635,15635,158,2,24324.06
15636,15636,100,5,12627.27
15637,15637,67,2,10450.83
15638,15638,37,3,19923.36
15639,15639,16,3,6157.77
15640,15640,168,4,929.8
15641,15641,146,1,7872.91
15642,15642,2,4,15826.16
15643,15643,168,4,929.8
15644,15644,92,5,15601.31
15645,15645,16,3,6157.77
15646,15646,84,3,27377.47
15647,15647,32,5,5374.36
15648,15648,122,4,7649.28
15649,15649,172,1,11683.09
15650,15650,164,2,5452.82
15651,15651,136,5,16321.7
15652,15652,87,2,25821.69
15653,15653,26,1,12546.76
15654,15654,32,5,5374.36
15655,15655,29,3,3278.0
15656,15656,26,1,12546.76
15657,15657,131,2,9463.24
15658,15658,121,2,14581.68
15659,15659,134,2,904.04
15660,15660,93,4,18565.89
15661,15661,192,5,2957.41
15662,15662,175,1,24477.29
15663,15663,11,2,11525.15
15664,15664,42,1,3206.85
15665,15665,147,5,17781.52
15666,15666,131,1,9463.24
15667,15667,186,2,21268.61
15668,15668,2,2,15826.16
15669,15669,113,3,16263.55
15670,15670,105,1,9571.88
15671,15671,66,5,21839.21
15672,15672,118,4,14798.89
15673,15673,166,1,17663.18
15674,15674,124,3,7049.35
15675,15675,110,2,28002.99
15676,15676,79,2,27672.78
15677,15677,126,5,11041.81
15678,15678,118,2,14798.89
15679,15679,38,4,5822.86
15680,15680,188,1,996.04
15681,15681,88,5,10810.93
15682,15682,37,4,19923.36
15683,15683,9,1,7868.98
15684,15684,109,4,1949.14
15685,15685,11,5,11525.15
15686,15686,34,4,3657.63
15687,15687,50,5,8022.24
15688,15688,44,5,23468.86
15689,15689,88,4,10810.93
15690,15690,32,5,5374.36
15691,15691,108,3,14335.21
15692,15692,66,2,21839.21
15693,15693,158,4,24324.06
15694,15694,139,1,4801.64
15695,15695,89,2,22077.15
15696,15696,62,2,17180.02
15697,15697,155,3,13686.84
15698,15698,141,1,23613.7
15699,15699,150,1,3511.86
15700,15700,88,3,10810.93
15701,15701,154,5,23101.64
15702,15702,116,3,3984.38
15703,15703,156,4,17418.26
15704,15704,102,3,13557.46
15705,15705,107,1,5735.07
15706,15706,175,5,24477.29
15707,15707,14,3,1200.29
15708,15708,164,1,5452.82
15709,15709,152,1,14395.46
15710,15710,124,5,7049.35
15711,15711,190,2,4782.23
15712,15712,199,5,14879.64
15713,15713,95,4,8444.18
15714,15714,16,3,6157.77
15715,15715,16,2,6157.77
15716,15716,97,5,15480.83
15717,15717,1,5,21191.29
15718,15718,132,5,3487.55
15719,15719,88,3,10810.93
15720,15720,158,3,24324.06
15721,15721,12,4,28934.67
15722,15722,79,3,27672.78
15723,15723,169,2,16919.54
15724,15724,158,3,24324.06
15725,15725,84,1,27377.47
15726,15726,71,5,17028.76
15727,15727,133,5,2299.38
15728,15728,185,1,17714.54
15729,15729,125,4,6220.2
15730,15730,154,2,23101.64
15731,15731,8,3,11385.66
15732,15732,64,5,2967.21
15733,15733,84,4,27377.47
15734,15734,114,1,12921.43
15735,15735,198,1,7897.84
15736,15736,40,5,13014.18
15737,15737,23,1,15541.22
15738,15738,146,5,7872.91
15739,15739,191,3,955.75
15740,15740,138,1,1398.1
15741,15741,109,5,1949.14
15742,15742,6,1,21150.77
15743,15743,170,4,4852.6
15744,15744,173,1,3363.26
15745,15745,28,4,16098.38
15746,15746,152,4,14395.46
15747,15747,159,2,5770.16
15748,15748,39,5,17650.3
15749,15749,149,5,15111.25
15750,15750,90,5,16959.04
15751,15751,54,2,13304.66
15752,15752,52,4,1034.09
15753,15753,122,1,7649.28
15754,15754,123,5,12118.15
15755,15755,19,2,21294.24
15756,15756,188,4,996.04
15757,15757,31,1,8530.85
15758,15758,100,5,12627.27
15759,15759,140,5,3677.83
15760,15760,199,3,14879.64
15761,15761,196,3,10134.09
15762,15762,126,4,11041.81
15763,15763,138,5,1398.1
15764,15764,110,5,28002.99
15765,15765,107,1,5735.07
15766,15766,22,5,10992.16
15767,15767,154,3,23101.64
15768,15768,86,2,12094.11
15769,15769,104,5,17468.31
15770,15770,198,3,7897.84
15771,15771,129,2,9625.23
15772,15772,165,4,2455.33
15773,15773,184,5,2190.56
15774,15774,60,1,5460.7
15775,15775,147,4,17781.52
15776,15776,8,5,11385.66
15777,15777,102,1,13557.46
15778,15778,184,5,2190.56
15779,15779,49,2,9269.71
15780,15780,197,4,10336.5
15781,15781,157,1,12947.92
15782,15782,191,2,955.75
15783,15783,150,5,3511.86
15784,15784,84,3,27377.47
15785,15785,192,2,2957.41
15786,15786,36,1,15665.94
15787,15787,104,4,17468.31
15788,15788,94,5,4040.83
15789,15789,91,3,24150.89
15790,15790,150,1,3511.86
15791,15791,115,3,19349.21
15792,15792,30,2,4085.97
15793,15793,127,5,7022.99
15794,15794,89,1,22077.15
15795,15795,5,3,1235.05
15796,15796,145,4,10429.51
15797,15797,175,3,24477.29
15798,15798,137,3,14887.13
15799,15799,104,4,17468.31
15800,15800,164,4,5452.82
15801,15801,135,3,21436.4
15802,15802,121,3,14581.68
15803,15803,184,3,2190.56
15804,15804,119,2,5173.11
15805,15805,18,4,6431.52
15806,15806,154,1,23101.64
15807,15807,15,4,10692.78
15808,15808,143,5,14111.6
15809,15809,190,4,4782.23
15810,15810,54,2,13304.66
15811,15811,93,2,18565.89
15812,15812,76,1,6546.83
15813,15813,181,4,8035.92
15814,15814,123,5,12118.15
15815,15815,85,3,3493.07
15816,15816,30,3,4085.97
15817,15817,92,1,15601.31
15818,15818,87,3,25821.69
15819,15819,51,4,4582.1
15820,15820,58,4,2402.97
15821,15821,76,2,6546.83
15822,15822,113,2,16263.55
15823,15823,131,3,9463.24
15824,15824,192,2,2957.41
15825,15825,175,4,24477.29
15826,15826,45,2,9921.88
15827,15827,154,2,23101.64
15828,15828,35,5,16408.02
15829,15829,95,2,8444.18
15830,15830,170,3,4852.6
15831,15831,34,2,3657.63
15832,15832,39,5,17650.3
15833,15833,191,3,955.75
15834,15834,33,5,351.77
15835,15835,25,1,14280.01
15836,15836,189,5,5861.15
15837,15837,99,4,20431.12
15838,15838,50,4,8022.24
15839,15839,86,4,12094.11
15840,15840,95,5,8444.18
15841,15841,106,1,16769.45
15842,15842,105,1,9571.88
15843,15843,192,2,2957.41
15844,15844,141,1,23613.7
15845,15845,14,4,1200.29
15846,15846,50,3,8022.24
15847,15847,67,3,10450.83
15848,15848,85,1,3493.07
15849,15849,75,1,27545.83
15850,15850,101,2,8547.18
15851,15851,118,2,14798.89
15852,15852,34,2,3657.63
15853,15853,183,1,13427.6
15854,15854,118,3,14798.89
15855,15855,181,3,8035.92
15856,15856,128,5,1071.68
15857,15857,142,4,17820.58
15858,15858,171,5,11785.29
15859,15859,189,4,5861.15
15860,15860,142,3,17820.58
15861,15861,99,3,20431.12
15862,15862,7,1,18492.28
15863,15863,58,5,2402.97
15864,15864,161,1,377.71
15865,15865,20,2,5539.73
15866,15866,52,5,1034.09
15867,15867,155,2,13686.84
15868,15868,21,5,4061.98
15869,15869,93,3,18565.89
15870,15870,61,1,3768.98
15871,15871,140,3,3677.83
15872,15872,146,1,7872.91
15873,15873,155,1,13686.84
15874,15874,49,2,9269.71
15875,15875,127,2,7022.99
15876,15876,140,5,3677.83
15877,15877,61,5,3768.98
15878,15878,189,5,5861.15
15879,15879,66,5,21839.21
15880,15880,138,3,1398.1
15881,15881,98,3,740.62
15882,15882,173,1,3363.26
15883,15883,129,3,9625.23
15884,15884,119,2,5173.11
15885,15885,34,2,3657.63
15886,15886,184,3,2190.56
15887,15887,161,1,377.71
15888,15888,91,3,24150.89
15889,15889,36,5,15665.94
15890,15890,21,2,4061.98
15891,15891,186,5,21268.61
15892,15892,139,1,4801.64
15893,15893,124,4,7049.35
15894,15894,169,1,16919.54
15895,15895,6,2,21150.77
15896,15896,100,5,12627.27
15897,15897,47,4,14713.56
15898,15898,173,2,3363.26
15899,15899,74,4,7274.5
15900,15900,117,1,20433.55
15901,15901,18,5,6431.52
15902,15902,138,3,1398.1
15903,15903,158,1,24324.06
15904,15904,176,5,4315.47
15905,15905,135,2,21436.4
15906,15906,85,5,3493.07
15907,15907,6,4,21150.77
15908,15908,132,1,3487.55
15909,15909,20,1,5539.73
15910,15910,3,4,13312.12
15911,15911,136,4,16321.7
15912,15912,141,3,23613.7
15913,15913,89,3,22077.15
15914,15914,6,3,21150.77
15915,15915,189,1,5861.15
15916,15916,14,3,1200.29
15917,15917,161,4,377.71
15918,15918,61,5,3768.98
15919,15919,89,2,22077.15
15920,15920,76,1,6546.83
15921,15921,27,4,15343.35
15922,15922,48,3,11405.06
15923,15923,175,3,24477.29
15924,15924,82,1,17607.83
15925,15925,182,5,7031.34
15926,15926,11,2,11525.15
15927,15927,176,3,4315.47
15928,15928,108,5,14335.21
15929,15929,8,5,11385.66
15930,15930,132,2,3487.55
15931,15931,109,5,1949.14
15932,15932,200,1,20420.05
15933,15933,149,3,15111.25
15934,15934,170,5,4852.6
15935,15935,168,1,929.8
15936,15936,166,4,17663.18
15937,15937,64,1,2967.21
15938,15938,64,4,2967.21
15939,15939,55,4,6404.02
15940,15940,103,2,6595.4
15941,15941,41,5,4660.83
15942,15942,18,1,6431.52
15943,15943,162,4,6165.41
15944,15944,33,4,351.77
15945,15945,142,5,17820.58
15946,15946,61,3,3768.98
15947,15947,56,3,23513.58
15948,15948,113,4,16263.55
15949,15949,193,3,9071.96
15950,15950,193,4,9071.96
15951,15951,23,2,15541.22
15952,15952,199,3,14879.64
15953,15953,142,2,17820.58
15954,15954,9,2,7868.98
15955,15955,161,1,377.71
15956,15956,120,5,8634.24
15957,15957,110,4,28002.99
15958,15958,31,1,8530.85
15959,15959,151,5,18344.56
15960,15960,31,3,8530.85
15961,15961,132,3,3487.55
15962,15962,64,1,2967.21
15963,15963,93,2,18565.89
15964,15964,2,1,15826.16
15965,15965,38,3,5822.86
15966,15966,24,1,13804.57
15967,15967,28,2,16098.38
15968,15968,29,1,3278.0
15969,15969,89,5,22077.15
15970,15970,70,4,12988.47
15971,15971,118,4,14798.89
15972,15972,33,2,351.77
15973,15973,122,3,7649.28
15974,15974,75,5,27545.83
15975,15975,10,1,27040.17
15976,15976,79,3,27672.78
15977,15977,141,4,23613.7
15978,15978,141,4,23613.7
15979,15979,57,2,12361.23
15980,15980,158,1,24324.06
15981,15981,39,5,17650.3
15982,15982,40,5,13014.18
15983,15983,21,1,4061.98
15984,15984,120,5,8634.24
15985,15985,124,4,7049.35
15986,15986,108,5,14335.21
15987,15987,119,1,5173.11
15988,15988,97,1,15480.83
15989,15989,126,3,11041.81
15990,15990,17,2,19432.15
15991,15991,46,2,9915.48
15992,15992,94,2,4040.83
15993,15993,147,1,17781.52
15994,15994,86,1,12094.11
15995,15995,188,1,996.04
15996,15996,43,2,15077.83
15997,15997,54,2,13304.66
15998,15998,19,1,21294.24
15999,15999,153,2,28994.85
16000,16000,51,3,4582.1
16001,16001,69,5,7059.92
16002,16002,157,3,12947.92
16003,16003,197,3,10336.5
16004,16004,198,5,7897.84
16005,16005,124,5,7049.35
16006,16006,151,1,18344.56
16007,16007,96,3,20513.9
16008,16008,91,3,24150.89
16009,16009,137,1,14887.13
16010,16010,63,5,7112.08
16011,16011,10,5,27040.17
16012,16012,23,2,15541.22
16013,16013,31,2,8530.85
16014,16014,46,4,9915.48
16015,16015,155,3,13686.84
16016,16016,5,5,1235.05
16017,16017,78,2,3968.49
16018,16018,72,2,16174.11
16019,16019,11,5,11525.15
16020,16020,78,4,3968.49
16021,16021,125,1,6220.2
16022,16022,116,1,3984.38
16023,16023,132,4,3487.55
16024,16024,119,2,5173.11
16025,16025,188,3,996.04
16026,16026,128,3,1071.68
16027,16027,62,4,17180.02
16028,16028,123,3,12118.15
16029,16029,95,3,8444.18
16030,16030,86,5,12094.11
16031,16031,27,1,15343.35
16032,16032,77,2,16616.81
16033,16033,186,3,21268.61
16034,16034,181,5,8035.92
16035,16035,57,1,12361.23
16036,16036,156,1,17418.26
16037,16037,90,1,16959.04
16038,16038,63,3,7112.08
16039,16039,108,1,14335.21
16040,16040,46,5,9915.48
16041,16041,187,3,11738.99
16042,16042,127,3,7022.99
16043,16043,196,5,10134.09
16044,16044,170,1,4852.6
16045,16045,18,1,6431.52
16046,16046,191,5,955.75
16047,16047,6,2,21150.77
16048,16048,90,1,16959.04
16049,16049,101,5,8547.18
16050,16050,174,3,17094.14
16051,16051,11,2,11525.15
16052,16052,10,1,27040.17
16053,16053,124,2,7049.35
16054,16054,23,1,15541.22
16055,16055,17,2,19432.15
16056,16056,180,2,14598.18
16057,16057,166,3,17663.18
16058,16058,136,5,16321.7
16059,16059,163,2,3797.21
16060,16060,88,1,10810.93
16061,16061,180,2,14598.18
16062,16062,97,3,15480.83
16063,16063,92,1,15601.31
16064,16064,147,5,17781.52
16065,16065,153,2,28994.85
16066,16066,86,4,12094.11
16067,16067,174,2,17094.14
16068,16068,151,5,18344.56
16069,16069,97,3,15480.83
16070,16070,5,3,1235.05
16071,16071,199,4,14879.64
16072,16072,178,4,823.83
16073,16073,148,5,4657.5
16074,16074,186,4,21268.61
16075,16075,152,3,14395.46
16076,16076,196,2,10134.09
16077,16077,63,4,7112.08
16078,16078,119,4,5173.11
16079,16079,194,5,12707.5
16080,16080,62,2,17180.02
16081,16081,114,5,12921.43
16082,16082,89,2,22077.15
16083,16083,173,5,3363.26
16084,16084,182,4,7031.34
16085,16085,174,2,17094.14
16086,16086,26,2,12546.76
16087,16087,61,5,3768.98
16088,16088,27,1,15343.35
16089,16089,141,2,23613.7
16090,16090,51,3,4582.1
16091,16091,83,5,16795.16
16092,16092,45,5,9921.88
16093,16093,14,1,1200.29
16094,16094,155,4,13686.84
16095,16095,67,4,10450.83
16096,16096,126,1,11041.81
16097,16097,132,1,3487.55
16098,16098,31,4,8530.85
16099,16099,41,3,4660.83
16100,16100,131,3,9463.24
16101,16101,187,5,11738.99
16102,16102,197,3,10336.5
16103,16103,4,2,5202.8
16104,16104,98,5,740.62
16105,16105,51,4,4582.1
16106,16106,135,4,21436.4
16107,16107,131,4,9463.24
16108,16108,177,3,25108.98
16109,16109,159,5,5770.16
16110,16110,48,3,11405.06
16111,16111,142,4,17820.58
16112,16112,74,1,7274.5
16113,16113,108,1,14335.21
16114,16114,32,2,5374.36
16115,16115,39,3,17650.3
16116,16116,146,2,7872.91
16117,16117,60,4,5460.7
16118,16118,111,1,14461.81
16119,16119,192,1,2957.41
16120,16120,58,1,2402.97
16121,16121,150,2,3511.86
16122,16122,168,4,929.8
16123,16123,24,3,13804.57
16124,16124,169,4,16919.54
16125,16125,4,2,5202.8
16126,16126,64,1,2967.21
16127,16127,121,4,14581.68
16128,16128,190,5,4782.23
16129,16129,150,4,3511.86
16130,16130,197,5,10336.5
16131,16131,175,1,24477.29
16132,16132,164,1,5452.82
16133,16133,134,5,904.04
16134,16134,119,4,5173.11
16135,16135,19,1,21294.24
16136,16136,23,5,15541.22
16137,16137,86,3,12094.11
16138,16138,145,5,10429.51
16139,16139,49,1,9269.71
16140,16140,166,5,17663.18
16141,16141,80,2,23718.28
16142,16142,197,3,10336.5
16143,16143,30,1,4085.97
16144,16144,185,3,17714.54
16145,16145,153,4,28994.85
16146,16146,74,5,7274.5
16147,16147,12,4,28934.67
16148,16148,159,3,5770.16
16149,16149,47,1,14713.56
16150,16150,44,2,23468.86
16151,16151,25,2,14280.01
16152,16152,90,2,16959.04
16153,16153,28,3,16098.38
16154,16154,177,2,25108.98
16155,16155,24,1,13804.57
16156,16156,172,5,11683.09
16157,16157,71,4,17028.76
16158,16158,197,3,10336.5
16159,16159,98,3,740.62
16160,16160,152,5,14395.46
16161,16161,21,1,4061.98
16162,16162,82,1,17607.83
16163,16163,170,1,4852.6
16164,16164,148,1,4657.5
16165,16165,48,2,11405.06
16166,16166,136,1,16321.7
16167,16167,173,5,3363.26
16168,16168,88,3,10810.93
16169,16169,56,4,23513.58
16170,16170,50,3,8022.24
16171,16171,153,5,28994.85
16172,16172,75,5,27545.83
16173,16173,105,2,9571.88
16174,16174,58,2,2402.97
16175,16175,12,2,28934.67
16176,16176,182,4,7031.34
16177,16177,107,1,5735.07
16178,16178,5,2,1235.05
16179,16179,51,4,4582.1
16180,16180,86,2,12094.11
16181,16181,120,3,8634.24
16182,16182,15,2,10692.78
16183,16183,136,3,16321.7
16184,16184,91,3,24150.89
16185,16185,86,4,12094.11
16186,16186,101,1,8547.18
16187,16187,117,5,20433.55
16188,16188,80,4,23718.28
16189,16189,123,1,12118.15
16190,16190,104,5,17468.31
16191,16191,9,4,7868.98
16192,16192,196,3,10134.09
16193,16193,74,2,7274.5
16194,16194,161,2,377.71
16195,16195,131,5,9463.24
16196,16196,160,4,574.04
16197,16197,44,4,23468.86
16198,16198,161,5,377.71
16199,16199,124,1,7049.35
16200,16200,127,5,7022.99
16201,16201,184,2,2190.56
16202,16202,184,3,2190.56
16203,16203,143,2,14111.6
16204,16204,104,5,17468.31
16205,16205,101,2,8547.18
16206,16206,125,4,6220.2
16207,16207,135,1,21436.4
16208,16208,147,2,17781.52
16209,16209,113,2,16263.55
16210,16210,4,3,5202.8
16211,16211,159,4,5770.16
16212,16212,86,4,12094.11
16213,16213,78,5,3968.49
16214,16214,28,4,16098.38
16215,16215,180,3,14598.18
16216,16216,140,4,3677.83
16217,16217,179,4,13532.44
16218,16218,171,5,11785.29
16219,16219,195,1,16085.73
16220,16220,14,1,1200.29
16221,16221,52,2,1034.09
16222,16222,92,2,15601.31
16223,16223,141,2,23613.7
16224,16224,27,2,15343.35
16225,16225,19,4,21294.24
16226,16226,103,5,6595.4
16227,16227,19,1,21294.24
16228,16228,101,1,8547.18
16229,16229,132,3,3487.55
16230,16230,33,5,351.77
16231,16231,85,5,3493.07
16232,16232,167,5,8144.35
16233,16233,137,2,14887.13
16234,16234,90,5,16959.04
16235,16235,198,1,7897.84
16236,16236,196,5,10134.09
16237,16237,40,1,13014.18
16238,16238,13,1,10634.86
16239,16239,198,4,7897.84
16240,16240,88,3,10810.93
16241,16241,67,1,10450.83
16242,16242,168,5,929.8
16243,16243,114,3,12921.43
16244,16244,77,2,16616.81
16245,16245,109,3,1949.14
16246,16246,80,3,23718.28
16247,16247,79,5,27672.78
16248,16248,140,1,3677.83
16249,16249,5,2,1235.05
16250,16250,13,3,10634.86
16251,16251,170,1,4852.6
16252,16252,121,1,14581.68
16253,16253,95,3,8444.18
16254,16254,62,2,17180.02
16255,16255,22,5,10992.16
16256,16256,78,5,3968.49
16257,16257,47,5,14713.56
16258,16258,196,5,10134.09
16259,16259,107,2,5735.07
16260,16260,10,5,27040.17
16261,16261,133,1,2299.38
16262,16262,189,4,5861.15
16263,16263,178,3,823.83
16264,16264,26,1,12546.76
16265,16265,200,3,20420.05
16266,16266,165,1,2455.33
16267,16267,101,5,8547.18
16268,16268,157,3,12947.92
16269,16269,182,4,7031.34
16270,16270,165,1,2455.33
16271,16271,107,2,5735.07
16272,16272,150,2,3511.86
16273,16273,81,4,19237.52
16274,16274,126,1,11041.81
16275,16275,181,5,8035.92
16276,16276,24,2,13804.57
16277,16277,91,1,24150.89
16278,16278,100,4,12627.27
16279,16279,107,4,5735.07
16280,16280,90,1,16959.04
16281,16281,63,1,7112.08
16282,16282,157,5,12947.92
16283,16283,151,1,18344.56
16284,16284,123,4,12118.15
16285,16285,55,1,6404.02
16286,16286,98,5,740.62
16287,16287,87,1,25821.69
16288,16288,48,2,11405.06
16289,16289,74,3,7274.5
16290,16290,61,2,3768.98
16291,16291,47,3,14713.56
16292,16292,137,5,14887.13
16293,16293,75,1,27545.83
16294,16294,65,1,10719.81
16295,16295,43,3,15077.83
16296,16296,75,2,27545.83
16297,16297,90,4,16959.04
16298,16298,149,1,15111.25
16299,16299,17,5,19432.15
16300,16300,160,2,574.04
16301,16301,22,2,10992.16
16302,16302,140,3,3677.83
16303,16303,100,2,12627.27
16304,16304,57,2,12361.23
16305,16305,47,3,14713.56
16306,16306,54,3,13304.66
16307,16307,94,3,4040.83
16308,16308,42,1,3206.85
16309,16309,58,4,2402.97
16310,16310,50,5,8022.24
16311,16311,190,3,4782.23
16312,16312,173,1,3363.26
16313,16313,174,1,17094.14
16314,16314,95,5,8444.18
16315,16315,19,1,21294.24
16316,16316,148,4,4657.5
16317,16317,140,5,3677.83
16318,16318,129,5,9625.23
16319,16319,121,3,14581.68
16320,16320,17,4,19432.15
16321,16321,111,2,14461.81
16322,16322,168,2,929.8
16323,16323,11,5,11525.15
16324,16324,81,4,19237.52
16325,16325,94,5,4040.83
16326,16326,45,1,9921.88
16327,16327,94,2,4040.83
16328,16328,127,2,7022.99
16329,16329,96,3,20513.9
16330,16330,136,4,16321.7
16331,16331,21,2,4061.98
16332,16332,40,5,13014.18
16333,16333,105,2,9571.88
16334,16334,6,1,21150.77
16335,16335,66,2,21839.21
16336,16336,124,4,7049.35
16337,16337,77,4,16616.81
16338,16338,21,4,4061.98
16339,16339,94,5,4040.83
16340,16340,10,1,27040.17
16341,16341,131,3,9463.24
16342,16342,99,2,20431.12
16343,16343,128,4,1071.68
16344,16344,95,2,8444.18
16345,16345,127,3,7022.99
16346,16346,35,5,16408.02
16347,16347,50,2,8022.24
16348,16348,113,4,16263.55
16349,16349,80,3,23718.28
16350,16350,119,4,5173.11
16351,16351,50,3,8022.24
16352,16352,173,2,3363.26
16353,16353,116,4,3984.38
16354,16354,113,1,16263.55
16355,16355,116,3,3984.38
16356,16356,116,1,3984.38
16357,16357,179,3,13532.44
16358,16358,71,1,17028.76
16359,16359,122,3,7649.28
16360,16360,162,2,6165.41
16361,16361,65,3,10719.81
16362,16362,191,4,955.75
16363,16363,149,2,15111.25
16364,16364,88,1,10810.93
16365,16365,112,4,13028.13
16366,16366,92,2,15601.31
16367,16367,43,5,15077.83
16368,16368,179,4,13532.44
16369,16369,180,3,14598.18
16370,16370,62,3,17180.02
16371,16371,84,5,27377.47
16372,16372,127,5,7022.99
16373,16373,73,4,896.37
16374,16374,46,4,9915.48
16375,16375,90,4,16959.04
16376,16376,154,3,23101.64
16377,16377,74,4,7274.5
16378,16378,31,4,8530.85
16379,16379,83,2,16795.16
16380,16380,51,1,4582.1
16381,16381,82,3,17607.83
16382,16382,172,2,11683.09
16383,16383,161,5,377.71
16384,16384,7,1,18492.28
16385,16385,45,3,9921.88
16386,16386,173,2,3363.26
16387,16387,81,5,19237.52
16388,16388,136,5,16321.7
16389,16389,90,3,16959.04
16390,16390,99,2,20431.12
16391,16391,186,3,21268.61
16392,16392,43,4,15077.83
16393,16393,72,1,16174.11
16394,16394,163,1,3797.21
16395,16395,187,1,11738.99
16396,16396,65,3,10719.81
16397,16397,25,5,14280.01
16398,16398,99,3,20431.12
16399,16399,4,5,5202.8
16400,16400,14,2,1200.29
16401,16401,83,3,16795.16
16402,16402,17,3,19432.15
16403,16403,129,5,9625.23
16404,16404,100,1,12627.27
16405,16405,70,1,12988.47
16406,16406,37,2,19923.36
16407,16407,62,3,17180.02
16408,16408,145,5,10429.51
16409,16409,161,5,377.71
16410,16410,193,2,9071.96
16411,16411,88,4,10810.93
16412,16412,111,4,14461.81
16413,16413,81,3,19237.52
16414,16414,16,5,6157.77
16415,16415,99,2,20431.12
16416,16416,3,1,13312.12
16417,16417,154,2,23101.64
16418,16418,138,3,1398.1
16419,16419,10,4,27040.17
16420,16420,88,2,10810.93
16421,16421,98,2,740.62
16422,16422,129,4,9625.23
16423,16423,148,2,4657.5
16424,16424,127,5,7022.99
16425,16425,64,4,2967.21
16426,16426,141,2,23613.7
16427,16427,156,4,17418.26
16428,16428,139,2,4801.64
16429,16429,146,4,7872.91
16430,16430,62,5,17180.02
16431,16431,128,4,1071.68
16432,16432,88,2,10810.93
16433,16433,197,1,10336.5
16434,16434,176,5,4315.47
16435,16435,126,3,11041.81
16436,16436,107,3,5735.07
16437,16437,173,3,3363.26
16438,16438,25,1,14280.01
16439,16439,183,3,13427.6
16440,16440,21,5,4061.98
16441,16441,98,4,740.62
16442,16442,44,3,23468.86
16443,16443,19,5,21294.24
16444,16444,45,1,9921.88
16445,16445,144,4,25378.87
16446,16446,34,5,3657.63
16447,16447,19,5,21294.24
16448,16448,35,2,16408.02
16449,16449,138,1,1398.1
16450,16450,69,3,7059.92
16451,16451,112,1,13028.13
16452,16452,70,4,12988.47
16453,16453,32,4,5374.36
16454,16454,66,5,21839.21
16455,16455,35,1,16408.02
16456,16456,179,3,13532.44
16457,16457,65,3,10719.81
16458,16458,46,4,9915.48
16459,16459,7,5,18492.28
16460,16460,123,2,12118.15
16461,16461,187,5,11738.99
16462,16462,2,4,15826.16
16463,16463,8,4,11385.66
16464,16464,134,2,904.04
16465,16465,79,3,27672.78
16466,16466,174,1,17094.14
16467,16467,102,3,13557.46
16468,16468,29,1,3278.0
16469,16469,158,5,24324.06
16470,16470,105,1,9571.88
16471,16471,135,1,21436.4
16472,16472,190,5,4782.23
16473,16473,199,3,14879.64
16474,16474,152,5,14395.46
16475,16475,31,1,8530.85
16476,16476,95,1,8444.18
16477,16477,126,5,11041.81
16478,16478,183,3,13427.6
16479,16479,114,3,12921.43
16480,16480,48,4,11405.06
16481,16481,6,5,21150.77
16482,16482,140,3,3677.83
16483,16483,173,4,3363.26
16484,16484,14,4,1200.29
16485,16485,153,4,28994.85
16486,16486,29,1,3278.0
16487,16487,163,2,3797.21
16488,16488,82,3,17607.83
16489,16489,71,3,17028.76
16490,16490,134,5,904.04
16491,16491,169,4,16919.54
16492,16492,165,2,2455.33
16493,16493,19,1,21294.24
16494,16494,175,5,24477.29
16495,16495,7,1,18492.28
16496,16496,191,2,955.75
16497,16497,57,5,12361.23
16498,16498,166,1,17663.18
16499,16499,94,5,4040.83
16500,16500,26,5,12546.76
16501,16501,19,3,21294.24
16502,16502,157,2,12947.92
16503,16503,136,1,16321.7
16504,16504,164,5,5452.82
16505,16505,155,2,13686.84
16506,16506,161,1,377.71
16507,16507,82,2,17607.83
16508,16508,13,1,10634.86
16509,16509,144,5,25378.87
16510,16510,158,1,24324.06
16511,16511,118,3,14798.89
16512,16512,8,3,11385.66
16513,16513,119,3,5173.11
16514,16514,155,5,13686.84
16515,16515,77,3,16616.81
16516,16516,170,3,4852.6
16517,16517,60,3,5460.7
16518,16518,112,4,13028.13
16519,16519,128,2,1071.68
16520,16520,178,1,823.83
16521,16521,26,5,12546.76
16522,16522,134,3,904.04
16523,16523,106,1,16769.45
16524,16524,196,1,10134.09
16525,16525,64,2,2967.21
16526,16526,76,4,6546.83
16527,16527,94,1,4040.83
16528,16528,20,4,5539.73
16529,16529,125,5,6220.2
16530,16530,179,1,13532.44
16531,16531,143,3,14111.6
16532,16532,17,4,19432.15
16533,16533,98,5,740.62
16534,16534,185,5,17714.54
16535,16535,132,5,3487.55
16536,16536,30,3,4085.97
16537,16537,154,4,23101.64
16538,16538,52,2,1034.09
16539,16539,32,3,5374.36
16540,16540,55,5,6404.02
16541,16541,177,3,25108.98
16542,16542,134,2,904.04
16543,16543,25,2,14280.01
16544,16544,15,2,10692.78
16545,16545,197,2,10336.5
16546,16546,82,3,17607.83
16547,16547,44,2,23468.86
16548,16548,122,3,7649.28
16549,16549,112,5,13028.13
16550,16550,72,1,16174.11
16551,16551,8,2,11385.66
16552,16552,3,1,13312.12
16553,16553,15,1,10692.78
16554,16554,156,1,17418.26
16555,16555,117,2,20433.55
16556,16556,138,4,1398.1
16557,16557,178,4,823.83
16558,16558,140,4,3677.83
16559,16559,157,1,12947.92
16560,16560,193,3,9071.96
16561,16561,19,5,21294.24
16562,16562,50,5,8022.24
16563,16563,23,4,15541.22
16564,16564,149,4,15111.25
16565,16565,33,1,351.77
16566,16566,91,4,24150.89
16567,16567,14,1,1200.29
16568,16568,21,1,4061.98
16569,16569,66,2,21839.21
16570,16570,166,3,17663.18
16571,16571,11,5,11525.15
16572,16572,38,3,5822.86
16573,16573,39,3,17650.3
16574,16574,138,1,1398.1
16575,16575,62,5,17180.02
16576,16576,137,3,14887.13
16577,16577,1,3,21191.29
16578,16578,148,1,4657.5
16579,16579,43,4,15077.83
16580,16580,183,1,13427.6
16581,16581,118,3,14798.89
16582,16582,61,3,3768.98
16583,16583,99,3,20431.12
16584,16584,30,4,4085.97
16585,16585,186,5,21268.61
16586,16586,113,2,16263.55
16587,16587,192,4,2957.41
16588,16588,105,4,9571.88
16589,16589,147,4,17781.52
16590,16590,159,2,5770.16
16591,16591,35,4,16408.02
16592,16592,43,4,15077.83
16593,16593,14,5,1200.29
16594,16594,29,5,3278.0
16595,16595,70,1,12988.47
16596,16596,54,4,13304.66
16597,16597,120,5,8634.24
16598,16598,73,1,896.37
16599,16599,23,5,15541.22
16600,16600,85,2,3493.07
16601,16601,4,5,5202.8
16602,16602,120,5,8634.24
16603,16603,44,2,23468.86
16604,16604,120,4,8634.24
16605,16605,54,1,13304.66
16606,16606,174,3,17094.14
16607,16607,88,3,10810.93
16608,16608,151,1,18344.56
16609,16609,71,4,17028.76
16610,16610,54,2,13304.66
16611,16611,34,5,3657.63
16612,16612,93,5,18565.89
16613,16613,144,2,25378.87
16614,16614,198,4,7897.84
16615,16615,116,5,3984.38
16616,16616,130,3,13160.01
16617,16617,197,5,10336.5
16618,16618,117,3,20433.55
16619,16619,180,4,14598.18
16620,16620,119,1,5173.11
16621,16621,174,2,17094.14
16622,16622,172,5,11683.09
16623,16623,138,5,1398.1
16624,16624,74,5,7274.5
16625,16625,125,1,6220.2
16626,16626,192,4,2957.41
16627,16627,82,2,17607.83
16628,16628,23,2,15541.22
16629,16629,151,3,18344.56
16630,16630,13,3,10634.86
16631,16631,64,2,2967.21
16632,16632,136,3,16321.7
16633,16633,120,2,8634.24
16634,16634,47,5,14713.56
16635,16635,78,5,3968.49
16636,16636,21,3,4061.98
16637,16637,77,3,16616.81
16638,16638,39,5,17650.3
16639,16639,190,2,4782.23
16640,16640,73,4,896.37
16641,16641,98,4,740.62
16642,16642,85,3,3493.07
16643,16643,183,3,13427.6
16644,16644,38,5,5822.86
16645,16645,122,1,7649.28
16646,16646,19,3,21294.24
16647,16647,200,1,20420.05
16648,16648,122,2,7649.28
16649,16649,95,1,8444.18
16650,16650,78,5,3968.49
16651,16651,81,5,19237.52
16652,16652,27,3,15343.35
16653,16653,99,5,20431.12
16654,16654,69,5,7059.92
16655,16655,42,3,3206.85
16656,16656,45,1,9921.88
16657,16657,57,3,12361.23
16658,16658,98,1,740.62
16659,16659,154,3,23101.64
16660,16660,133,4,2299.38
16661,16661,168,2,929.8
16662,16662,68,1,21527.67
16663,16663,50,1,8022.24
16664,16664,119,4,5173.11
16665,16665,182,3,7031.34
16666,16666,170,5,4852.6
16667,16667,100,3,12627.27
16668,16668,59,1,8391.44
16669,16669,36,4,15665.94
16670,16670,117,1,20433.55
16671,16671,124,2,7049.35
16672,16672,53,4,878.34
16673,16673,55,4,6404.02
16674,16674,101,1,8547.18
16675,16675,22,1,10992.16
16676,16676,193,5,9071.96
16677,16677,122,1,7649.28
16678,16678,184,2,2190.56
16679,16679,179,4,13532.44
16680,16680,176,4,4315.47
16681,16681,14,5,1200.29
16682,16682,56,5,23513.58
16683,16683,43,5,15077.83
16684,16684,110,4,28002.99
16685,16685,197,2,10336.5
16686,16686,17,2,19432.15
16687,16687,22,4,10992.16
16688,16688,135,5,21436.4
16689,16689,106,3,16769.45
16690,16690,95,3,8444.18
16691,16691,77,4,16616.81
16692,16692,178,2,823.83
16693,16693,23,1,15541.22
16694,16694,142,4,17820.58
16695,16695,191,3,955.75
16696,16696,138,1,1398.1
16697,16697,198,5,7897.84
16698,16698,102,1,13557.46
16699,16699,134,2,904.04
16700,16700,144,2,25378.87
16701,16701,25,2,14280.01
16702,16702,107,5,5735.07
16703,16703,125,3,6220.2
16704,16704,30,4,4085.97
16705,16705,110,2,28002.99
16706,16706,132,1,3487.55
16707,16707,190,2,4782.23
16708,16708,142,2,17820.58
16709,16709,158,1,24324.06
16710,16710,155,3,13686.84
16711,16711,17,3,19432.15
16712,16712,4,4,5202.8
16713,16713,87,3,25821.69
16714,16714,88,4,10810.93
16715,16715,159,5,5770.16
16716,16716,53,5,878.34
16717,16717,7,1,18492.28
16718,16718,157,5,12947.92
16719,16719,56,5,23513.58
16720,16720,22,2,10992.16
16721,16721,141,2,23613.7
16722,16722,18,1,6431.52
16723,16723,84,4,27377.47
16724,16724,184,1,2190.56
16725,16725,153,1,28994.85
16726,16726,156,1,17418.26
16727,16727,61,5,3768.98
16728,16728,200,1,20420.05
16729,16729,16,3,6157.77
16730,16730,29,2,3278.0
16731,16731,40,2,13014.18
16732,16732,124,2,7049.35
16733,16733,35,5,16408.02
16734,16734,88,1,10810.93
16735,16735,67,3,10450.83
16736,16736,14,1,1200.29
16737,16737,79,3,27672.78
16738,16738,123,1,12118.15
16739,16739,110,3,28002.99
16740,16740,166,1,17663.18
16741,16741,163,3,3797.21
16742,16742,194,4,12707.5
16743,16743,190,2,4782.23
16744,16744,193,3,9071.96
16745,16745,54,2,13304.66
16746,16746,40,5,13014.18
16747,16747,139,4,4801.64
16748,16748,165,4,2455.33
16749,16749,77,2,16616.81
16750,16750,26,3,12546.76
16751,16751,67,1,10450.83
16752,16752,72,5,16174.11
16753,16753,49,3,9269.71
16754,16754,63,3,7112.08
16755,16755,83,5,16795.16
16756,16756,11,4,11525.15
16757,16757,22,5,10992.16
16758,16758,55,1,6404.02
16759,16759,95,4,8444.18
16760,16760,40,2,13014.18
16761,16761,68,5,21527.67
16762,16762,186,4,21268.61
16763,16763,43,5,15077.83
16764,16764,17,4,19432.15
16765,16765,160,5,574.04
16766,16766,169,2,16919.54
16767,16767,91,1,24150.89
16768,16768,156,5,17418.26
16769,16769,181,3,8035.92
16770,16770,129,5,9625.23
16771,16771,191,4,955.75
16772,16772,27,5,15343.35
16773,16773,85,2,3493.07
16774,16774,154,3,23101.64
16775,16775,2,3,15826.16
16776,16776,132,2,3487.55
16777,16777,58,2,2402.97
16778,16778,16,1,6157.77
16779,16779,174,4,17094.14
16780,16780,113,3,16263.55
16781,16781,124,5,7049.35
16782,16782,77,1,16616.81
16783,16783,16,5,6157.77
16784,16784,154,5,23101.64
16785,16785,123,3,12118.15
16786,16786,122,5,7649.28
16787,16787,91,3,24150.89
16788,16788,152,4,14395.46
16789,16789,133,2,2299.38
16790,16790,164,4,5452.82
16791,16791,4,3,5202.8
16792,16792,105,4,9571.88
16793,16793,161,5,377.71
16794,16794,171,4,11785.29
16795,16795,20,4,5539.73
16796,16796,163,1,3797.21
16797,16797,33,3,351.77
16798,16798,190,4,4782.23
16799,16799,23,4,15541.22
16800,16800,168,3,929.8
16801,16801,144,3,25378.87
16802,16802,83,2,16795.16
16803,16803,190,1,4782.23
16804,16804,176,3,4315.47
16805,16805,5,2,1235.05
16806,16806,53,2,878.34
16807,16807,95,1,8444.18
16808,16808,90,1,16959.04
16809,16809,82,2,17607.83
16810,16810,100,2,12627.27
16811,16811,34,4,3657.63
16812,16812,185,1,17714.54
16813,16813,127,5,7022.99
16814,16814,45,2,9921.88
16815,16815,6,3,21150.77
16816,16816,83,1,16795.16
16817,16817,134,5,904.04
16818,16818,188,3,996.04
16819,16819,193,4,9071.96
16820,16820,86,1,12094.11
16821,16821,47,1,14713.56
16822,16822,8,2,11385.66
16823,16823,151,4,18344.56
16824,16824,54,4,13304.66
16825,16825,131,1,9463.24
16826,16826,143,4,14111.6
16827,16827,111,3,14461.81
16828,16828,104,5,17468.31
16829,16829,38,4,5822.86
16830,16830,34,3,3657.63
16831,16831,190,2,4782.23
16832,16832,84,3,27377.47
16833,16833,140,2,3677.83
16834,16834,119,2,5173.11
16835,16835,32,4,5374.36
16836,16836,188,3,996.04
16837,16837,113,3,16263.55
16838,16838,26,4,12546.76
16839,16839,84,2,27377.47
16840,16840,121,5,14581.68
16841,16841,87,1,25821.69
16842,16842,107,1,5735.07
16843,16843,121,3,14581.68
16844,16844,139,1,4801.64
16845,16845,145,2,10429.51
16846,16846,126,4,11041.81
16847,16847,146,5,7872.91
16848,16848,97,3,15480.83
16849,16849,14,3,1200.29
16850,16850,4,4,5202.8
16851,16851,133,2,2299.38
16852,16852,73,2,896.37
16853,16853,55,3,6404.02
16854,16854,83,2,16795.16
16855,16855,58,5,2402.97
16856,16856,3,4,13312.12
16857,16857,144,5,25378.87
16858,16858,93,5,18565.89
16859,16859,137,3,14887.13
16860,16860,192,2,2957.41
16861,16861,151,3,18344.56
16862,16862,2,2,15826.16
16863,16863,190,1,4782.23
16864,16864,174,4,17094.14
16865,16865,37,2,19923.36
16866,16866,192,5,2957.41
16867,16867,75,4,27545.83
16868,16868,189,1,5861.15
16869,16869,161,1,377.71
16870,16870,120,2,8634.24
16871,16871,181,2,8035.92
16872,16872,150,2,3511.86
16873,16873,85,5,3493.07
16874,16874,171,2,11785.29
16875,16875,173,3,3363.26
16876,16876,41,4,4660.83
16877,16877,198,5,7897.84
16878,16878,44,1,23468.86
16879,16879,171,3,11785.29
16880,16880,188,4,996.04
16881,16881,161,5,377.71
16882,16882,195,1,16085.73
16883,16883,163,4,3797.21
16884,16884,72,2,16174.11
16885,16885,192,2,2957.41
16886,16886,31,1,8530.85
16887,16887,192,3,2957.41
16888,16888,146,2,7872.91
16889,16889,60,3,5460.7
16890,16890,74,5,7274.5
16891,16891,168,3,929.8
16892,16892,103,4,6595.4
16893,16893,28,4,16098.38
16894,16894,18,5,6431.52
16895,16895,3,2,13312.12
16896,16896,118,2,14798.89
16897,16897,171,4,11785.29
16898,16898,138,1,1398.1
16899,16899,141,5,23613.7
16900,16900,139,2,4801.64
16901,16901,133,3,2299.38
16902,16902,25,1,14280.01
16903,16903,149,1,15111.25
16904,16904,200,3,20420.05
16905,16905,101,4,8547.18
16906,16906,18,5,6431.52
16907,16907,63,2,7112.08
16908,16908,195,5,16085.73
16909,16909,36,4,15665.94
16910,16910,6,3,21150.77
16911,16911,165,5,2455.33
16912,16912,181,4,8035.92
16913,16913,57,2,12361.23
16914,16914,170,4,4852.6
16915,16915,82,1,17607.83
16916,16916,157,3,12947.92
16917,16917,49,1,9269.71
16918,16918,28,2,16098.38
16919,16919,59,2,8391.44
16920,16920,26,3,12546.76
16921,16921,48,3,11405.06
16922,16922,12,1,28934.67
16923,16923,122,3,7649.28
16924,16924,42,3,3206.85
16925,16925,153,4,28994.85
16926,16926,172,3,11683.09
16927,16927,3,1,13312.12
16928,16928,80,1,23718.28
16929,16929,194,3,12707.5
16930,16930,114,1,12921.43
16931,16931,131,4,9463.24
16932,16932,163,2,3797.21
16933,16933,150,4,3511.86
16934,16934,148,5,4657.5
16935,16935,139,5,4801.64
16936,16936,30,2,4085.97
16937,16937,137,3,14887.13
16938,16938,4,2,5202.8
16939,16939,21,1,4061.98
16940,16940,75,3,27545.83
16941,16941,130,3,13160.01
16942,16942,49,1,9269.71
16943,16943,125,1,6220.2
16944,16944,152,1,14395.46
16945,16945,9,5,7868.98
16946,16946,6,2,21150.77
16947,16947,47,5,14713.56
16948,16948,87,4,25821.69
16949,16949,56,2,23513.58
16950,16950,75,2,27545.83
16951,16951,55,3,6404.02
16952,16952,99,4,20431.12
16953,16953,31,2,8530.85
16954,16954,113,1,16263.55
16955,16955,62,2,17180.02
16956,16956,145,1,10429.51
16957,16957,62,1,17180.02
16958,16958,46,3,9915.48
16959,16959,193,5,9071.96
16960,16960,16,3,6157.77
16961,16961,85,2,3493.07
16962,16962,109,2,1949.14
16963,16963,38,4,5822.86
16964,16964,105,2,9571.88
16965,16965,22,5,10992.16
16966,16966,48,5,11405.06
16967,16967,152,2,14395.46
16968,16968,16,3,6157.77
16969,16969,111,2,14461.81
16970,16970,53,2,878.34
16971,16971,128,3,1071.68
16972,16972,46,3,9915.48
16973,16973,121,2,14581.68
16974,16974,18,1,6431.52
16975,16975,38,2,5822.86
16976,16976,142,2,17820.58
16977,16977,54,1,13304.66
16978,16978,195,3,16085.73
16979,16979,148,5,4657.5
16980,16980,195,5,16085.73
16981,16981,198,2,7897.84
16982,16982,177,4,25108.98
16983,16983,77,3,16616.81
16984,16984,55,1,6404.02
16985,16985,196,1,10134.09
16986,16986,131,2,9463.24
16987,16987,194,4,12707.5
16988,16988,184,5,2190.56
16989,16989,65,4,10719.81
16990,16990,13,1,10634.86
16991,16991,49,4,9269.71
16992,16992,190,4,4782.23
16993,16993,198,5,7897.84
16994,16994,125,5,6220.2
16995,16995,176,4,4315.47
16996,16996,173,5,3363.26
16997,16997,189,2,5861.15
16998,16998,41,5,4660.83
16999,16999,39,1,17650.3
17000,17000,82,5,17607.83
17001,17001,152,4,14395.46
17002,17002,144,3,25378.87
17003,17003,191,2,955.75
17004,17004,68,2,21527.67
17005,17005,70,5,12988.47
17006,17006,172,3,11683.09
17007,17007,107,3,5735.07
17008,17008,49,5,9269.71
17009,17009,85,3,3493.07
17010,17010,80,3,23718.28
17011,17011,71,3,17028.76
17012,17012,50,1,8022.24
17013,17013,4,5,5202.8
17014,17014,19,4,21294.24
17015,17015,111,3,14461.81
17016,17016,161,5,377.71
17017,17017,151,4,18344.56
17018,17018,21,2,4061.98
17019,17019,103,5,6595.4
17020,17020,7,3,18492.28
17021,17021,102,1,13557.46
17022,17022,129,2,9625.23
17023,17023,33,2,351.77
17024,17024,24,4,13804.57
17025,17025,159,5,5770.16
17026,17026,119,4,5173.11
17027,17027,1,2,21191.29
17028,17028,41,2,4660.83
17029,17029,130,3,13160.01
17030,17030,20,1,5539.73
17031,17031,57,5,12361.23
17032,17032,118,5,14798.89
17033,17033,58,2,2402.97
17034,17034,17,1,19432.15
17035,17035,38,2,5822.86
17036,17036,54,4,13304.66
17037,17037,162,5,6165.41
17038,17038,176,2,4315.47
17039,17039,135,4,21436.4
17040,17040,144,4,25378.87
17041,17041,181,5,8035.92
17042,17042,109,1,1949.14
17043,17043,87,2,25821.69
17044,17044,86,1,12094.11
17045,17045,127,4,7022.99
17046,17046,88,1,10810.93
17047,17047,180,5,14598.18
17048,17048,156,5,17418.26
17049,17049,97,1,15480.83
17050,17050,84,2,27377.47
17051,17051,194,4,12707.5
17052,17052,81,3,19237.52
17053,17053,12,1,28934.67
17054,17054,58,2,2402.97
17055,17055,170,1,4852.6
17056,17056,176,5,4315.47
17057,17057,188,3,996.04
17058,17058,40,5,13014.18
17059,17059,25,2,14280.01
17060,17060,98,4,740.62
17061,17061,191,1,955.75
17062,17062,187,4,11738.99
17063,17063,80,1,23718.28
17064,17064,88,2,10810.93
17065,17065,25,1,14280.01
17066,17066,126,3,11041.81
17067,17067,140,5,3677.83
17068,17068,105,4,9571.88
17069,17069,165,3,2455.33
17070,17070,106,4,16769.45
17071,17071,39,5,17650.3
17072,17072,125,4,6220.2
17073,17073,85,2,3493.07
17074,17074,114,4,12921.43
17075,17075,166,1,17663.18
17076,17076,13,4,10634.86
17077,17077,75,5,27545.83
17078,17078,90,2,16959.04
17079,17079,84,2,27377.47
17080,17080,23,1,15541.22
17081,17081,38,4,5822.86
17082,17082,6,4,21150.77
17083,17083,75,3,27545.83
17084,17084,139,4,4801.64
17085,17085,33,5,351.77
17086,17086,115,4,19349.21
17087,17087,24,3,13804.57
17088,17088,146,2,7872.91
17089,17089,33,3,351.77
17090,17090,47,2,14713.56
17091,17091,136,4,16321.7
17092,17092,82,3,17607.83
17093,17093,119,1,5173.11
17094,17094,187,1,11738.99
17095,17095,106,4,16769.45
17096,17096,122,1,7649.28
17097,17097,57,5,12361.23
17098,17098,89,3,22077.15
17099,17099,73,5,896.37
17100,17100,184,4,2190.56
17101,17101,108,4,14335.21
17102,17102,14,3,1200.29
17103,17103,175,3,24477.29
17104,17104,15,4,10692.78
17105,17105,126,1,11041.81
17106,17106,6,3,21150.77
17107,17107,99,5,20431.12
17108,17108,85,5,3493.07
17109,17109,1,1,21191.29
17110,17110,163,5,3797.21
17111,17111,94,2,4040.83
17112,17112,39,5,17650.3
17113,17113,183,1,13427.6
17114,17114,178,5,823.83
17115,17115,126,5,11041.81
17116,17116,80,4,23718.28
17117,17117,23,2,15541.22
17118,17118,135,1,21436.4
17119,17119,4,4,5202.8
17120,17120,135,1,21436.4
17121,17121,7,5,18492.28
17122,17122,158,5,24324.06
17123,17123,105,1,9571.88
17124,17124,13,1,10634.86
17125,17125,70,4,12988.47
17126,17126,192,1,2957.41
17127,17127,49,5,9269.71
17128,17128,132,1,3487.55
17129,17129,28,2,16098.38
17130,17130,123,3,12118.15
17131,17131,69,2,7059.92
17132,17132,159,3,5770.16
17133,17133,59,5,8391.44
17134,17134,35,4,16408.02
17135,17135,182,3,7031.34
17136,17136,200,1,20420.05
17137,17137,15,2,10692.78
17138,17138,7,4,18492.28
17139,17139,169,1,16919.54
17140,17140,176,3,4315.47
17141,17141,178,2,823.83
17142,17142,16,1,6157.77
17143,17143,184,1,2190.56
17144,17144,94,1,4040.83
17145,17145,193,4,9071.96
17146,17146,54,5,13304.66
17147,17147,12,3,28934.67
17148,17148,99,4,20431.12
17149,17149,49,5,9269.71
17150,17150,198,4,7897.84
17151,17151,176,4,4315.47
17152,17152,71,2,17028.76
17153,17153,20,3,5539.73
17154,17154,159,2,5770.16
17155,17155,186,3,21268.61
17156,17156,61,1,3768.98
17157,17157,37,5,19923.36
17158,17158,4,3,5202.8
17159,17159,168,2,929.8
17160,17160,56,2,23513.58
17161,17161,195,5,16085.73
17162,17162,136,4,16321.7
17163,17163,122,3,7649.28
17164,17164,91,1,24150.89
17165,17165,19,4,21294.24
17166,17166,145,5,10429.51
17167,17167,113,4,16263.55
17168,17168,169,2,16919.54
17169,17169,189,5,5861.15
17170,17170,119,4,5173.11
17171,17171,103,2,6595.4
17172,17172,187,4,11738.99
17173,17173,91,1,24150.89
17174,17174,118,3,14798.89
17175,17175,26,1,12546.76
17176,17176,94,5,4040.83
17177,17177,64,2,2967.21
17178,17178,51,2,4582.1
17179,17179,162,5,6165.41
17180,17180,78,5,3968.49
17181,17181,31,5,8530.85
17182,17182,112,4,13028.13
17183,17183,155,1,13686.84
17184,17184,82,5,17607.83
17185,17185,45,5,9921.88
17186,17186,5,2,1235.05
17187,17187,191,5,955.75
17188,17188,74,2,7274.5
17189,17189,165,3,2455.33
17190,17190,166,2,17663.18
17191,17191,168,5,929.8
17192,17192,144,5,25378.87
17193,17193,108,4,14335.21
17194,17194,83,3,16795.16
17195,17195,197,3,10336.5
17196,17196,96,4,20513.9
17197,17197,2,3,15826.16
17198,17198,101,5,8547.18
17199,17199,149,3,15111.25
17200,17200,11,2,11525.15
17201,17201,57,3,12361.23
17202,17202,9,2,7868.98
17203,17203,128,1,1071.68
17204,17204,128,3,1071.68
17205,17205,136,2,16321.7
17206,17206,169,3,16919.54
17207,17207,102,1,13557.46
17208,17208,53,1,878.34
17209,17209,67,1,10450.83
17210,17210,165,4,2455.33
17211,17211,53,3,878.34
17212,17212,77,5,16616.81
17213,17213,192,5,2957.41
17214,17214,90,3,16959.04
17215,17215,25,2,14280.01
17216,17216,40,4,13014.18
17217,17217,67,3,10450.83
17218,17218,163,2,3797.21
17219,17219,189,1,5861.15
17220,17220,181,4,8035.92
17221,17221,139,3,4801.64
17222,17222,177,1,25108.98
17223,17223,42,3,3206.85
17224,17224,99,5,20431.12
17225,17225,91,5,24150.89
17226,17226,61,4,3768.98
17227,17227,38,2,5822.86
17228,17228,154,1,23101.64
17229,17229,40,3,13014.18
17230,17230,117,5,20433.55
17231,17231,189,1,5861.15
17232,17232,70,5,12988.47
17233,17233,137,5,14887.13
17234,17234,84,1,27377.47
17235,17235,29,1,3278.0
17236,17236,32,1,5374.36
17237,17237,92,3,15601.31
17238,17238,97,4,15480.83
17239,17239,184,5,2190.56
17240,17240,59,3,8391.44
17241,17241,93,3,18565.89
17242,17242,55,2,6404.02
17243,17243,2,5,15826.16
17244,17244,49,1,9269.71
17245,17245,124,5,7049.35
17246,17246,111,3,14461.81
17247,17247,137,2,14887.13
17248,17248,23,1,15541.22
17249,17249,60,5,5460.7
17250,17250,41,1,4660.83
17251,17251,110,1,28002.99
17252,17252,73,5,896.37
17253,17253,148,2,4657.5
17254,17254,103,5,6595.4
17255,17255,138,4,1398.1
17256,17256,92,5,15601.31
17257,17257,68,4,21527.67
17258,17258,109,3,1949.14
17259,17259,33,1,351.77
17260,17260,40,3,13014.18
17261,17261,6,4,21150.77
17262,17262,142,3,17820.58
17263,17263,111,3,14461.81
17264,17264,199,2,14879.64
17265,17265,33,2,351.77
17266,17266,8,5,11385.66
17267,17267,70,4,12988.47
17268,17268,122,5,7649.28
17269,17269,120,1,8634.24
17270,17270,63,4,7112.08
17271,17271,70,2,12988.47
17272,17272,79,1,27672.78
17273,17273,46,3,9915.48
17274,17274,195,1,16085.73
17275,17275,130,2,13160.01
17276,17276,136,2,16321.7
17277,17277,14,5,1200.29
17278,17278,124,1,7049.35
17279,17279,199,2,14879.64
17280,17280,69,3,7059.92
17281,17281,84,4,27377.47
17282,17282,68,2,21527.67
17283,17283,137,2,14887.13
17284,17284,40,3,13014.18
17285,17285,55,1,6404.02
17286,17286,30,2,4085.97
17287,17287,32,3,5374.36
17288,17288,184,4,2190.56
17289,17289,116,1,3984.38
17290,17290,191,5,955.75
17291,17291,31,2,8530.85
17292,17292,102,2,13557.46
17293,17293,109,5,1949.14
17294,17294,44,2,23468.86
17295,17295,33,2,351.77
17296,17296,181,5,8035.92
17297,17297,121,3,14581.68
17298,17298,9,4,7868.98
17299,17299,77,5,16616.81
17300,17300,185,1,17714.54
17301,17301,116,5,3984.38
17302,17302,82,5,17607.83
17303,17303,31,5,8530.85
17304,17304,110,3,28002.99
17305,17305,28,1,16098.38
17306,17306,148,2,4657.5
17307,17307,46,5,9915.48
17308,17308,110,1,28002.99
17309,17309,187,3,11738.99
17310,17310,187,5,11738.99
17311,17311,62,3,17180.02
17312,17312,173,1,3363.26
17313,17313,154,2,23101.64
17314,17314,47,2,14713.56
17315,17315,149,4,15111.25
17316,17316,192,3,2957.41
17317,17317,107,5,5735.07
17318,17318,86,5,12094.11
17319,17319,115,4,19349.21
17320,17320,97,2,15480.83
17321,17321,121,5,14581.68
17322,17322,69,1,7059.92
17323,17323,61,3,3768.98
17324,17324,93,3,18565.89
17325,17325,30,4,4085.97
17326,17326,142,1,17820.58
17327,17327,125,1,6220.2
17328,17328,116,4,3984.38
17329,17329,42,4,3206.85
17330,17330,125,1,6220.2
17331,17331,68,4,21527.67
17332,17332,32,4,5374.36
17333,17333,194,1,12707.5
17334,17334,128,2,1071.68
17335,17335,52,4,1034.09
17336,17336,22,3,10992.16
17337,17337,55,1,6404.02
17338,17338,88,5,10810.93
17339,17339,57,2,12361.23
17340,17340,151,2,18344.56
17341,17341,60,1,5460.7
17342,17342,82,5,17607.83
17343,17343,165,5,2455.33
17344,17344,8,4,11385.66
17345,17345,136,5,16321.7
17346,17346,99,4,20431.12
17347,17347,78,5,3968.49
17348,17348,45,4,9921.88
17349,17349,128,4,1071.68
17350,17350,52,4,1034.09
17351,17351,195,1,16085.73
17352,17352,82,1,17607.83
17353,17353,41,3,4660.83
17354,17354,172,5,11683.09
17355,17355,186,5,21268.61
17356,17356,196,2,10134.09
17357,17357,55,3,6404.02
17358,17358,187,5,11738.99
17359,17359,63,5,7112.08
17360,17360,29,1,3278.0
17361,17361,195,5,16085.73
17362,17362,23,1,15541.22
17363,17363,143,3,14111.6
17364,17364,18,5,6431.52
17365,17365,152,1,14395.46
17366,17366,59,4,8391.44
17367,17367,85,5,3493.07
17368,17368,60,4,5460.7
17369,17369,93,2,18565.89
17370,17370,126,3,11041.81
17371,17371,37,2,19923.36
17372,17372,152,4,14395.46
17373,17373,66,3,21839.21
17374,17374,11,4,11525.15
17375,17375,177,4,25108.98
17376,17376,33,2,351.77
17377,17377,65,3,10719.81
17378,17378,119,3,5173.11
17379,17379,165,1,2455.33
17380,17380,69,2,7059.92
17381,17381,146,3,7872.91
17382,17382,182,4,7031.34
17383,17383,37,5,19923.36
17384,17384,68,5,21527.67
17385,17385,73,4,896.37
17386,17386,80,1,23718.28
17387,17387,79,5,27672.78
17388,17388,16,5,6157.77
17389,17389,133,4,2299.38
17390,17390,190,2,4782.23
17391,17391,188,4,996.04
17392,17392,103,1,6595.4
17393,17393,84,5,27377.47
17394,17394,140,4,3677.83
17395,17395,49,5,9269.71
17396,17396,17,1,19432.15
17397,17397,74,4,7274.5
17398,17398,180,3,14598.18
17399,17399,132,1,3487.55
17400,17400,156,1,17418.26
17401,17401,81,1,19237.52
17402,17402,19,3,21294.24
17403,17403,70,1,12988.47
17404,17404,161,3,377.71
17405,17405,179,2,13532.44
17406,17406,140,1,3677.83
17407,17407,2,1,15826.16
17408,17408,71,4,17028.76
17409,17409,11,3,11525.15
17410,17410,77,2,16616.81
17411,17411,14,1,1200.29
17412,17412,21,1,4061.98
17413,17413,87,4,25821.69
17414,17414,82,4,17607.83
17415,17415,108,2,14335.21
17416,17416,138,4,1398.1
17417,17417,136,4,16321.7
17418,17418,144,5,25378.87
17419,17419,47,4,14713.56
17420,17420,98,3,740.62
17421,17421,39,3,17650.3
17422,17422,77,1,16616.81
17423,17423,163,5,3797.21
17424,17424,144,5,25378.87
17425,17425,56,2,23513.58
17426,17426,146,3,7872.91
17427,17427,43,3,15077.83
17428,17428,176,3,4315.47
17429,17429,55,2,6404.02
17430,17430,26,2,12546.76
17431,17431,60,4,5460.7
17432,17432,90,3,16959.04
17433,17433,107,4,5735.07
17434,17434,170,5,4852.6
17435,17435,40,4,13014.18
17436,17436,26,3,12546.76
17437,17437,175,5,24477.29
17438,17438,179,5,13532.44
17439,17439,123,3,12118.15
17440,17440,112,1,13028.13
17441,17441,198,3,7897.84
17442,17442,200,1,20420.05
17443,17443,128,2,1071.68
17444,17444,188,1,996.04
17445,17445,8,3,11385.66
17446,17446,178,2,823.83
17447,17447,164,1,5452.82
17448,17448,139,5,4801.64
17449,17449,147,4,17781.52
17450,17450,140,5,3677.83
17451,17451,53,2,878.34
17452,17452,47,3,14713.56
17453,17453,138,2,1398.1
17454,17454,159,1,5770.16
17455,17455,116,4,3984.38
17456,17456,28,5,16098.38
17457,17457,32,5,5374.36
17458,17458,105,5,9571.88
17459,17459,62,2,17180.02
17460,17460,146,3,7872.91
17461,17461,95,2,8444.18
17462,17462,116,1,3984.38
17463,17463,101,4,8547.18
17464,17464,82,5,17607.83
17465,17465,41,1,4660.83
17466,17466,67,2,10450.83
17467,17467,118,2,14798.89
17468,17468,33,2,351.77
17469,17469,73,5,896.37
17470,17470,90,5,16959.04
17471,17471,190,3,4782.23
17472,17472,88,3,10810.93
17473,17473,64,4,2967.21
17474,17474,33,5,351.77
17475,17475,192,3,2957.41
17476,17476,51,3,4582.1
17477,17477,5,2,1235.05
17478,17478,124,4,7049.35
17479,17479,10,2,27040.17
17480,17480,37,1,19923.36
17481,17481,129,5,9625.23
17482,17482,129,5,9625.23
17483,17483,19,3,21294.24
17484,17484,100,5,12627.27
17485,17485,14,3,1200.29
17486,17486,109,4,1949.14
17487,17487,96,1,20513.9
17488,17488,177,2,25108.98
17489,17489,25,2,14280.01
17490,17490,11,4,11525.15
17491,17491,142,4,17820.58
17492,17492,188,1,996.04
17493,17493,114,3,12921.43
17494,17494,180,1,14598.18
17495,17495,148,3,4657.5
17496,17496,97,4,15480.83
17497,17497,60,2,5460.7
17498,17498,44,2,23468.86
17499,17499,132,1,3487.55
17500,17500,180,5,14598.18
17501,17501,175,2,24477.29
17502,17502,136,4,16321.7
17503,17503,176,2,4315.47
17504,17504,153,3,28994.85
17505,17505,189,3,5861.15
17506,17506,117,3,20433.55
17507,17507,136,5,16321.7
17508,17508,129,3,9625.23
17509,17509,150,3,3511.86
17510,17510,71,5,17028.76
17511,17511,122,2,7649.28
17512,17512,131,2,9463.24
17513,17513,168,3,929.8
17514,17514,58,4,2402.97
17515,17515,2,2,15826.16
17516,17516,135,1,21436.4
17517,17517,192,4,2957.41
17518,17518,19,3,21294.24
17519,17519,163,5,3797.21
17520,17520,9,2,7868.98
17521,17521,96,3,20513.9
17522,17522,45,5,9921.88
17523,17523,119,5,5173.11
17524,17524,142,1,17820.58
17525,17525,4,2,5202.8
17526,17526,200,3,20420.05
17527,17527,119,5,5173.11
17528,17528,122,2,7649.28
17529,17529,196,2,10134.09
17530,17530,162,1,6165.41
17531,17531,179,4,13532.44
17532,17532,138,2,1398.1
17533,17533,156,2,17418.26
17534,17534,7,4,18492.28
17535,17535,98,1,740.62
17536,17536,115,1,19349.21
17537,17537,39,1,17650.3
17538,17538,51,4,4582.1
17539,17539,91,1,24150.89
17540,17540,40,4,13014.18
17541,17541,105,2,9571.88
17542,17542,125,2,6220.2
17543,17543,136,2,16321.7
17544,17544,134,1,904.04
17545,17545,182,1,7031.34
17546,17546,173,2,3363.26
17547,17547,60,1,5460.7
17548,17548,136,4,16321.7
17549,17549,84,2,27377.47
17550,17550,1,3,21191.29
17551,17551,70,2,12988.47
17552,17552,29,4,3278.0
17553,17553,123,2,12118.15
17554,17554,122,1,7649.28
17555,17555,98,5,740.62
17556,17556,2,4,15826.16
17557,17557,103,1,6595.4
17558,17558,36,5,15665.94
17559,17559,17,3,19432.15
17560,17560,195,5,16085.73
17561,17561,199,5,14879.64
17562,17562,197,1,10336.5
17563,17563,110,4,28002.99
17564,17564,124,5,7049.35
17565,17565,14,4,1200.29
17566,17566,127,4,7022.99
17567,17567,102,1,13557.46
17568,17568,6,5,21150.77
17569,17569,26,4,12546.76
17570,17570,161,1,377.71
17571,17571,65,5,10719.81
17572,17572,72,5,16174.11
17573,17573,165,5,2455.33
17574,17574,163,2,3797.21
17575,17575,9,4,7868.98
17576,17576,21,4,4061.98
17577,17577,50,5,8022.24
17578,17578,128,5,1071.68
17579,17579,183,5,13427.6
17580,17580,112,4,13028.13
17581,17581,172,5,11683.09
17582,17582,40,3,13014.18
17583,17583,6,3,21150.77
17584,17584,55,2,6404.02
17585,17585,171,2,11785.29
17586,17586,80,5,23718.28
17587,17587,149,3,15111.25
17588,17588,92,2,15601.31
17589,17589,21,1,4061.98
17590,17590,188,1,996.04
17591,17591,119,2,5173.11
17592,17592,101,1,8547.18
17593,17593,101,1,8547.18
17594,17594,86,2,12094.11
17595,17595,63,5,7112.08
17596,17596,173,5,3363.26
17597,17597,197,4,10336.5
17598,17598,157,3,12947.92
17599,17599,115,2,19349.21
17600,17600,194,1,12707.5
17601,17601,69,1,7059.92
17602,17602,7,5,18492.28
17603,17603,139,3,4801.64
17604,17604,157,5,12947.92
17605,17605,21,4,4061.98
17606,17606,78,4,3968.49
17607,17607,39,5,17650.3
17608,17608,160,5,574.04
17609,17609,125,1,6220.2
17610,17610,53,1,878.34
17611,17611,14,5,1200.29
17612,17612,92,1,15601.31
17613,17613,5,5,1235.05
17614,17614,94,2,4040.83
17615,17615,190,3,4782.23
17616,17616,160,3,574.04
17617,17617,29,2,3278.0
17618,17618,17,2,19432.15
17619,17619,27,5,15343.35
17620,17620,91,1,24150.89
17621,17621,149,1,15111.25
17622,17622,6,3,21150.77
17623,17623,164,5,5452.82
17624,17624,154,1,23101.64
17625,17625,107,1,5735.07
17626,17626,86,2,12094.11
17627,17627,36,1,15665.94
17628,17628,58,2,2402.97
17629,17629,95,3,8444.18
17630,17630,96,5,20513.9
17631,17631,44,1,23468.86
17632,17632,29,1,3278.0
17633,17633,66,3,21839.21
17634,17634,109,3,1949.14
17635,17635,75,2,27545.83
17636,17636,154,1,23101.64
17637,17637,83,5,16795.16
17638,17638,124,3,7049.35
17639,17639,47,3,14713.56
17640,17640,39,1,17650.3
17641,17641,27,3,15343.35
17642,17642,187,3,11738.99
17643,17643,137,4,14887.13
17644,17644,129,5,9625.23
17645,17645,95,5,8444.18
17646,17646,140,5,3677.83
17647,17647,50,3,8022.24
17648,17648,169,1,16919.54
17649,17649,41,3,4660.83
17650,17650,6,4,21150.77
17651,17651,45,1,9921.88
17652,17652,184,5,2190.56
17653,17653,144,5,25378.87
17654,17654,157,3,12947.92
17655,17655,4,1,5202.8
17656,17656,127,4,7022.99
17657,17657,137,2,14887.13
17658,17658,161,4,377.71
17659,17659,20,5,5539.73
17660,17660,160,2,574.04
17661,17661,196,2,10134.09
17662,17662,81,1,19237.52
17663,17663,68,2,21527.67
17664,17664,96,1,20513.9
17665,17665,160,2,574.04
17666,17666,31,4,8530.85
17667,17667,52,3,1034.09
17668,17668,87,4,25821.69
17669,17669,76,3,6546.83
17670,17670,132,1,3487.55
17671,17671,139,2,4801.64
17672,17672,22,5,10992.16
17673,17673,93,1,18565.89
17674,17674,29,1,3278.0
17675,17675,69,1,7059.92
17676,17676,66,5,21839.21
17677,17677,198,2,7897.84
17678,17678,154,2,23101.64
17679,17679,160,4,574.04
17680,17680,45,5,9921.88
17681,17681,23,1,15541.22
17682,17682,149,4,15111.25
17683,17683,168,3,929.8
17684,17684,57,1,12361.23
17685,17685,175,1,24477.29
17686,17686,187,1,11738.99
17687,17687,187,5,11738.99
17688,17688,161,1,377.71
17689,17689,197,4,10336.5
17690,17690,11,1,11525.15
17691,17691,64,2,2967.21
17692,17692,141,1,23613.7
17693,17693,166,2,17663.18
17694,17694,83,2,16795.16
17695,17695,96,2,20513.9
17696,17696,190,3,4782.23
17697,17697,156,3,17418.26
17698,17698,105,1,9571.88
17699,17699,63,3,7112.08
17700,17700,157,3,12947.92
17701,17701,4,5,5202.8
17702,17702,120,4,8634.24
17703,17703,194,1,12707.5
17704,17704,123,5,12118.15
17705,17705,66,4,21839.21
17706,17706,61,2,3768.98
17707,17707,169,3,16919.54
17708,17708,195,4,16085.73
17709,17709,119,5,5173.11
17710,17710,107,1,5735.07
17711,17711,82,3,17607.83
17712,17712,103,4,6595.4
17713,17713,25,1,14280.01
17714,17714,41,4,4660.83
17715,17715,148,3,4657.5
17716,17716,84,2,27377.47
17717,17717,148,5,4657.5
17718,17718,10,4,27040.17
17719,17719,148,1,4657.5
17720,17720,26,5,12546.76
17721,17721,104,3,17468.31
17722,17722,95,3,8444.18
17723,17723,53,2,878.34
17724,17724,168,3,929.8
17725,17725,18,1,6431.52
17726,17726,135,5,21436.4
17727,17727,3,3,13312.12
17728,17728,121,2,14581.68
17729,17729,12,4,28934.67
17730,17730,16,2,6157.77
17731,17731,113,1,16263.55
17732,17732,39,4,17650.3
17733,17733,44,2,23468.86
17734,17734,97,2,15480.83
17735,17735,141,1,23613.7
17736,17736,172,1,11683.09
17737,17737,135,1,21436.4
17738,17738,30,1,4085.97
17739,17739,123,4,12118.15
17740,17740,108,4,14335.21
17741,17741,8,3,11385.66
17742,17742,128,4,1071.68
17743,17743,24,3,13804.57
17744,17744,190,4,4782.23
17745,17745,9,4,7868.98
17746,17746,81,2,19237.52
17747,17747,30,4,4085.97
17748,17748,159,3,5770.16
17749,17749,101,4,8547.18
17750,17750,6,5,21150.77
17751,17751,173,5,3363.26
17752,17752,96,4,20513.9
17753,17753,190,5,4782.23
17754,17754,90,2,16959.04
17755,17755,70,2,12988.47
17756,17756,169,4,16919.54
17757,17757,153,1,28994.85
17758,17758,193,2,9071.96
17759,17759,151,3,18344.56
17760,17760,179,3,13532.44
17761,17761,188,3,996.04
17762,17762,76,2,6546.83
17763,17763,86,4,12094.11
17764,17764,95,2,8444.18
17765,17765,120,2,8634.24
17766,17766,89,2,22077.15
17767,17767,22,2,10992.16
17768,17768,132,3,3487.55
17769,17769,84,2,27377.47
17770,17770,179,5,13532.44
17771,17771,144,5,25378.87
17772,17772,93,2,18565.89
17773,17773,73,2,896.37
17774,17774,67,4,10450.83
17775,17775,151,2,18344.56
17776,17776,42,5,3206.85
17777,17777,70,5,12988.47
17778,17778,86,3,12094.11
17779,17779,64,5,2967.21
17780,17780,124,3,7049.35
17781,17781,84,5,27377.47
17782,17782,11,3,11525.15
17783,17783,67,3,10450.83
17784,17784,185,1,17714.54
17785,17785,50,1,8022.24
17786,17786,91,2,24150.89
17787,17787,188,4,996.04
17788,17788,76,4,6546.83
17789,17789,88,4,10810.93
17790,17790,72,5,16174.11
17791,17791,4,4,5202.8
17792,17792,184,3,2190.56
17793,17793,58,1,2402.97
17794,17794,80,3,23718.28
17795,17795,191,1,955.75
17796,17796,100,4,12627.27
17797,17797,140,2,3677.83
17798,17798,70,4,12988.47
17799,17799,9,1,7868.98
17800,17800,24,1,13804.57
17801,17801,47,3,14713.56
17802,17802,13,2,10634.86
17803,17803,8,2,11385.66
17804,17804,69,3,7059.92
17805,17805,186,3,21268.61
17806,17806,66,3,21839.21
17807,17807,36,2,15665.94
17808,17808,175,4,24477.29
17809,17809,113,3,16263.55
17810,17810,45,3,9921.88
17811,17811,30,1,4085.97
17812,17812,15,1,10692.78
17813,17813,40,5,13014.18
17814,17814,58,1,2402.97
17815,17815,79,3,27672.78
17816,17816,10,5,27040.17
17817,17817,31,5,8530.85
17818,17818,136,5,16321.7
17819,17819,8,3,11385.66
17820,17820,194,3,12707.5
17821,17821,32,2,5374.36
17822,17822,19,1,21294.24
17823,17823,54,1,13304.66
17824,17824,65,3,10719.81
17825,17825,193,3,9071.96
17826,17826,134,2,904.04
17827,17827,159,4,5770.16
17828,17828,152,2,14395.46
17829,17829,185,3,17714.54
17830,17830,154,2,23101.64
17831,17831,109,3,1949.14
17832,17832,179,4,13532.44
17833,17833,160,5,574.04
17834,17834,186,5,21268.61
17835,17835,99,2,20431.12
17836,17836,59,2,8391.44
17837,17837,4,4,5202.8
17838,17838,13,3,10634.86
17839,17839,16,2,6157.77
17840,17840,27,4,15343.35
17841,17841,128,3,1071.68
17842,17842,149,3,15111.25
17843,17843,46,1,9915.48
17844,17844,91,2,24150.89
17845,17845,144,5,25378.87
17846,17846,79,3,27672.78
17847,17847,78,2,3968.49
17848,17848,176,3,4315.47
17849,17849,22,4,10992.16
17850,17850,70,1,12988.47
17851,17851,94,1,4040.83
17852,17852,198,2,7897.84
17853,17853,182,4,7031.34
17854,17854,82,4,17607.83
17855,17855,92,2,15601.31
17856,17856,25,3,14280.01
17857,17857,20,1,5539.73
17858,17858,7,1,18492.28
17859,17859,148,1,4657.5
17860,17860,111,5,14461.81
17861,17861,46,4,9915.48
17862,17862,34,4,3657.63
17863,17863,9,5,7868.98
17864,17864,2,2,15826.16
17865,17865,99,2,20431.12
17866,17866,104,3,17468.31
17867,17867,184,5,2190.56
17868,17868,139,4,4801.64
17869,17869,141,3,23613.7
17870,17870,6,1,21150.77
17871,17871,44,5,23468.86
17872,17872,117,2,20433.55
17873,17873,135,1,21436.4
17874,17874,141,5,23613.7
17875,17875,10,5,27040.17
17876,17876,25,4,14280.01
17877,17877,104,3,17468.31
17878,17878,50,4,8022.24
17879,17879,8,2,11385.66
17880,17880,26,2,12546.76
17881,17881,10,1,27040.17
17882,17882,199,5,14879.64
17883,17883,89,4,22077.15
17884,17884,52,3,1034.09
17885,17885,75,4,27545.83
17886,17886,152,1,14395.46
17887,17887,126,5,11041.81
17888,17888,12,1,28934.67
17889,17889,118,2,14798.89
17890,17890,198,4,7897.84
17891,17891,67,5,10450.83
17892,17892,200,2,20420.05
17893,17893,36,2,15665.94
17894,17894,17,2,19432.15
17895,17895,183,4,13427.6
17896,17896,80,1,23718.28
17897,17897,175,5,24477.29
17898,17898,185,2,17714.54
17899,17899,43,1,15077.83
17900,17900,26,3,12546.76
17901,17901,24,1,13804.57
17902,17902,183,5,13427.6
17903,17903,63,2,7112.08
17904,17904,93,5,18565.89
17905,17905,112,4,13028.13
17906,17906,191,2,955.75
17907,17907,106,5,16769.45
17908,17908,155,2,13686.84
17909,17909,85,5,3493.07
17910,17910,108,4,14335.21
17911,17911,21,2,4061.98
17912,17912,108,2,14335.21
17913,17913,70,2,12988.47
17914,17914,41,5,4660.83
17915,17915,123,5,12118.15
17916,17916,148,1,4657.5
17917,17917,188,4,996.04
17918,17918,125,1,6220.2
17919,17919,80,3,23718.28
17920,17920,48,1,11405.06
17921,17921,144,2,25378.87
17922,17922,12,5,28934.67
17923,17923,129,2,9625.23
17924,17924,16,4,6157.77
17925,17925,183,5,13427.6
17926,17926,158,3,24324.06
17927,17927,1,2,21191.29
17928,17928,66,1,21839.21
17929,17929,45,5,9921.88
17930,17930,3,3,13312.12
17931,17931,97,2,15480.83
17932,17932,148,2,4657.5
17933,17933,142,1,17820.58
17934,17934,199,3,14879.64
17935,17935,156,2,17418.26
17936,17936,124,2,7049.35
17937,17937,129,5,9625.23
17938,17938,114,4,12921.43
17939,17939,144,5,25378.87
17940,17940,76,4,6546.83
17941,17941,18,3,6431.52
17942,17942,139,2,4801.64
17943,17943,78,3,3968.49
17944,17944,36,5,15665.94
17945,17945,63,4,7112.08
17946,17946,132,5,3487.55
17947,17947,39,1,17650.3
17948,17948,27,4,15343.35
17949,17949,36,5,15665.94
17950,17950,68,1,21527.67
17951,17951,47,2,14713.56
17952,17952,139,4,4801.64
17953,17953,170,4,4852.6
17954,17954,73,3,896.37
17955,17955,135,5,21436.4
17956,17956,50,4,8022.24
17957,17957,142,2,17820.58
17958,17958,193,2,9071.96
17959,17959,140,2,3677.83
17960,17960,125,4,6220.2
17961,17961,99,4,20431.12
17962,17962,90,2,16959.04
17963,17963,49,5,9269.71
17964,17964,173,2,3363.26
17965,17965,114,4,12921.43
17966,17966,40,1,13014.18
17967,17967,184,3,2190.56
17968,17968,145,2,10429.51
17969,17969,175,5,24477.29
17970,17970,68,3,21527.67
17971,17971,58,3,2402.97
17972,17972,170,3,4852.6
17973,17973,67,4,10450.83
17974,17974,130,3,13160.01
17975,17975,79,2,27672.78
17976,17976,87,3,25821.69
17977,17977,73,3,896.37
17978,17978,55,5,6404.02
17979,17979,84,2,27377.47
17980,17980,85,5,3493.07
17981,17981,125,2,6220.2
17982,17982,114,3,12921.43
17983,17983,14,1,1200.29
17984,17984,64,4,2967.21
17985,17985,56,1,23513.58
17986,17986,96,5,20513.9
17987,17987,98,2,740.62
17988,17988,71,2,17028.76
17989,17989,156,1,17418.26
17990,17990,9,5,7868.98
17991,17991,144,3,25378.87
17992,17992,150,1,3511.86
17993,17993,171,3,11785.29
17994,17994,153,2,28994.85
17995,17995,61,4,3768.98
17996,17996,59,1,8391.44
17997,17997,46,4,9915.48
17998,17998,160,3,574.04
17999,17999,115,3,19349.21
18000,18000,39,1,17650.3
18001,18001,142,5,17820.58
18002,18002,133,5,2299.38
18003,18003,43,3,15077.83
18004,18004,134,4,904.04
18005,18005,64,1,2967.21
18006,18006,164,1,5452.82
18007,18007,147,2,17781.52
18008,18008,100,3,12627.27
18009,18009,28,4,16098.38
18010,18010,189,3,5861.15
18011,18011,200,3,20420.05
18012,18012,39,3,17650.3
18013,18013,119,5,5173.11
18014,18014,29,2,3278.0
18015,18015,3,2,13312.12
18016,18016,187,2,11738.99
18017,18017,90,5,16959.04
18018,18018,80,4,23718.28
18019,18019,98,5,740.62
18020,18020,151,2,18344.56
18021,18021,179,5,13532.44
18022,18022,2,4,15826.16
18023,18023,53,4,878.34
18024,18024,76,4,6546.83
18025,18025,37,2,19923.36
18026,18026,197,5,10336.5
18027,18027,112,2,13028.13
18028,18028,171,1,11785.29
18029,18029,77,2,16616.81
18030,18030,28,2,16098.38
18031,18031,37,4,19923.36
18032,18032,16,2,6157.77
18033,18033,103,3,6595.4
18034,18034,106,2,16769.45
18035,18035,98,2,740.62
18036,18036,61,1,3768.98
18037,18037,142,4,17820.58
18038,18038,28,5,16098.38
18039,18039,195,3,16085.73
18040,18040,141,5,23613.7
18041,18041,132,1,3487.55
18042,18042,101,5,8547.18
18043,18043,124,1,7049.35
18044,18044,19,3,21294.24
18045,18045,151,3,18344.56
18046,18046,72,4,16174.11
18047,18047,200,5,20420.05
18048,18048,135,1,21436.4
18049,18049,185,2,17714.54
18050,18050,106,3,16769.45
18051,18051,189,4,5861.15
18052,18052,131,5,9463.24
18053,18053,178,5,823.83
18054,18054,103,2,6595.4
18055,18055,127,1,7022.99
18056,18056,143,5,14111.6
18057,18057,145,4,10429.51
18058,18058,56,4,23513.58
18059,18059,16,4,6157.77
18060,18060,147,4,17781.52
18061,18061,164,3,5452.82
18062,18062,99,1,20431.12
18063,18063,64,1,2967.21
18064,18064,138,5,1398.1
18065,18065,118,2,14798.89
18066,18066,69,5,7059.92
18067,18067,160,5,574.04
18068,18068,115,1,19349.21
18069,18069,200,1,20420.05
18070,18070,26,3,12546.76
18071,18071,140,2,3677.83
18072,18072,115,1,19349.21
18073,18073,98,1,740.62
18074,18074,50,1,8022.24
18075,18075,102,3,13557.46
18076,18076,5,1,1235.05
18077,18077,197,5,10336.5
18078,18078,111,2,14461.81
18079,18079,154,4,23101.64
18080,18080,4,3,5202.8
18081,18081,3,5,13312.12
18082,18082,108,2,14335.21
18083,18083,134,1,904.04
18084,18084,89,4,22077.15
18085,18085,120,3,8634.24
18086,18086,78,1,3968.49
18087,18087,83,2,16795.16
18088,18088,6,5,21150.77
18089,18089,76,2,6546.83
18090,18090,150,1,3511.86
18091,18091,40,1,13014.18
18092,18092,112,4,13028.13
18093,18093,164,4,5452.82
18094,18094,149,5,15111.25
18095,18095,199,2,14879.64
18096,18096,175,4,24477.29
18097,18097,131,3,9463.24
18098,18098,193,4,9071.96
18099,18099,118,3,14798.89
18100,18100,80,1,23718.28
18101,18101,192,3,2957.41
18102,18102,160,4,574.04
18103,18103,80,4,23718.28
18104,18104,8,2,11385.66
18105,18105,110,5,28002.99
18106,18106,5,2,1235.05
18107,18107,126,3,11041.81
18108,18108,3,3,13312.12
18109,18109,143,5,14111.6
18110,18110,23,4,15541.22
18111,18111,4,2,5202.8
18112,18112,2,2,15826.16
18113,18113,24,2,13804.57
18114,18114,190,3,4782.23
18115,18115,160,1,574.04
18116,18116,107,2,5735.07
18117,18117,98,5,740.62
18118,18118,77,5,16616.81
18119,18119,61,4,3768.98
18120,18120,106,1,16769.45
18121,18121,13,2,10634.86
18122,18122,4,5,5202.8
18123,18123,156,3,17418.26
18124,18124,19,5,21294.24
18125,18125,27,4,15343.35
18126,18126,2,1,15826.16
18127,18127,133,2,2299.38
18128,18128,167,4,8144.35
18129,18129,14,5,1200.29
18130,18130,124,1,7049.35
18131,18131,192,3,2957.41
18132,18132,55,4,6404.02
18133,18133,130,1,13160.01
18134,18134,111,4,14461.81
18135,18135,195,3,16085.73
18136,18136,94,2,4040.83
18137,18137,96,3,20513.9
18138,18138,19,3,21294.24
18139,18139,19,2,21294.24
18140,18140,96,5,20513.9
18141,18141,79,3,27672.78
18142,18142,158,2,24324.06
18143,18143,197,1,10336.5
18144,18144,19,5,21294.24
18145,18145,70,5,12988.47
18146,18146,106,4,16769.45
18147,18147,26,3,12546.76
18148,18148,19,4,21294.24
18149,18149,75,3,27545.83
18150,18150,58,5,2402.97
18151,18151,200,4,20420.05
18152,18152,183,1,13427.6
18153,18153,194,1,12707.5
18154,18154,90,2,16959.04
18155,18155,130,4,13160.01
18156,18156,81,3,19237.52
18157,18157,63,5,7112.08
18158,18158,29,1,3278.0
18159,18159,64,1,2967.21
18160,18160,99,1,20431.12
18161,18161,78,5,3968.49
18162,18162,191,2,955.75
18163,18163,40,5,13014.18
18164,18164,57,1,12361.23
18165,18165,37,3,19923.36
18166,18166,40,1,13014.18
18167,18167,148,4,4657.5
18168,18168,130,5,13160.01
18169,18169,67,4,10450.83
18170,18170,52,5,1034.09
18171,18171,48,5,11405.06
18172,18172,151,5,18344.56
18173,18173,63,2,7112.08
18174,18174,185,1,17714.54
18175,18175,21,3,4061.98
18176,18176,126,4,11041.81
18177,18177,91,1,24150.89
18178,18178,1,1,21191.29
18179,18179,98,3,740.62
18180,18180,168,4,929.8
18181,18181,152,4,14395.46
18182,18182,45,1,9921.88
18183,18183,77,2,16616.81
18184,18184,56,4,23513.58
18185,18185,7,2,18492.28
18186,18186,147,4,17781.52
18187,18187,95,1,8444.18
18188,18188,54,1,13304.66
18189,18189,76,5,6546.83
18190,18190,119,3,5173.11
18191,18191,128,3,1071.68
18192,18192,45,1,9921.88
18193,18193,182,3,7031.34
18194,18194,176,2,4315.47
18195,18195,149,1,15111.25
18196,18196,140,2,3677.83
18197,18197,158,4,24324.06
18198,18198,142,5,17820.58
18199,18199,155,3,13686.84
18200,18200,39,3,17650.3
18201,18201,52,5,1034.09
18202,18202,148,3,4657.5
18203,18203,123,3,12118.15
18204,18204,110,1,28002.99
18205,18205,120,2,8634.24
18206,18206,135,3,21436.4
18207,18207,136,2,16321.7
18208,18208,22,1,10992.16
18209,18209,92,4,15601.31
18210,18210,167,5,8144.35
18211,18211,145,5,10429.51
18212,18212,199,4,14879.64
18213,18213,51,3,4582.1
18214,18214,157,1,12947.92
18215,18215,83,5,16795.16
18216,18216,44,1,23468.86
18217,18217,180,1,14598.18
18218,18218,31,5,8530.85
18219,18219,180,5,14598.18
18220,18220,68,5,21527.67
18221,18221,6,3,21150.77
18222,18222,70,3,12988.47
18223,18223,108,1,14335.21
18224,18224,191,1,955.75
18225,18225,41,3,4660.83
18226,18226,191,3,955.75
18227,18227,151,3,18344.56
18228,18228,37,2,19923.36
18229,18229,198,5,7897.84
18230,18230,63,4,7112.08
18231,18231,133,3,2299.38
18232,18232,80,5,23718.28
18233,18233,85,5,3493.07
18234,18234,60,3,5460.7
18235,18235,100,2,12627.27
18236,18236,196,1,10134.09
18237,18237,86,4,12094.11
18238,18238,145,1,10429.51
18239,18239,133,4,2299.38
18240,18240,87,3,25821.69
18241,18241,194,4,12707.5
18242,18242,174,3,17094.14
18243,18243,136,2,16321.7
18244,18244,97,5,15480.83
18245,18245,150,1,3511.86
18246,18246,198,3,7897.84
18247,18247,72,2,16174.11
18248,18248,49,2,9269.71
18249,18249,64,3,2967.21
18250,18250,10,2,27040.17
18251,18251,114,1,12921.43
18252,18252,61,4,3768.98
18253,18253,53,3,878.34
18254,18254,77,2,16616.81
18255,18255,142,3,17820.58
18256,18256,186,1,21268.61
18257,18257,62,5,17180.02
18258,18258,8,3,11385.66
18259,18259,53,3,878.34
18260,18260,12,4,28934.67
18261,18261,56,5,23513.58
18262,18262,26,4,12546.76
18263,18263,151,3,18344.56
18264,18264,63,2,7112.08
18265,18265,53,5,878.34
18266,18266,138,2,1398.1
18267,18267,68,1,21527.67
18268,18268,181,4,8035.92
18269,18269,136,2,16321.7
18270,18270,188,3,996.04
18271,18271,136,3,16321.7
18272,18272,178,1,823.83
18273,18273,58,2,2402.97
18274,18274,67,2,10450.83
18275,18275,156,1,17418.26
18276,18276,70,3,12988.47
18277,18277,164,2,5452.82
18278,18278,110,4,28002.99
18279,18279,48,2,11405.06
18280,18280,27,1,15343.35
18281,18281,92,5,15601.31
18282,18282,161,3,377.71
18283,18283,7,2,18492.28
18284,18284,178,2,823.83
18285,18285,112,4,13028.13
18286,18286,184,3,2190.56
18287,18287,192,4,2957.41
18288,18288,107,3,5735.07
18289,18289,32,4,5374.36
18290,18290,100,3,12627.27
18291,18291,136,5,16321.7
18292,18292,41,3,4660.83
18293,18293,9,3,7868.98
18294,18294,129,4,9625.23
18295,18295,130,5,13160.01
18296,18296,41,4,4660.83
18297,18297,22,5,10992.16
18298,18298,139,3,4801.64
18299,18299,66,1,21839.21
18300,18300,154,4,23101.64
18301,18301,157,5,12947.92
18302,18302,25,1,14280.01
18303,18303,103,3,6595.4
18304,18304,104,2,17468.31
18305,18305,47,4,14713.56
18306,18306,65,4,10719.81
18307,18307,188,4,996.04
18308,18308,111,2,14461.81
18309,18309,18,5,6431.52
18310,18310,107,3,5735.07
18311,18311,12,3,28934.67
18312,18312,32,2,5374.36
18313,18313,1,1,21191.29
18314,18314,68,3,21527.67
18315,18315,139,4,4801.64
18316,18316,53,5,878.34
18317,18317,161,5,377.71
18318,18318,135,5,21436.4
18319,18319,12,5,28934.67
18320,18320,17,3,19432.15
18321,18321,130,3,13160.01
18322,18322,35,5,16408.02
18323,18323,148,2,4657.5
18324,18324,130,2,13160.01
18325,18325,80,3,23718.28
18326,18326,134,1,904.04
18327,18327,12,1,28934.67
18328,18328,175,3,24477.29
18329,18329,91,2,24150.89
18330,18330,41,1,4660.83
18331,18331,61,3,3768.98
18332,18332,57,2,12361.23
18333,18333,185,1,17714.54
18334,18334,109,1,1949.14
18335,18335,4,4,5202.8
18336,18336,145,3,10429.51
18337,18337,141,3,23613.7
18338,18338,99,1,20431.12
18339,18339,23,2,15541.22
18340,18340,149,5,15111.25
18341,18341,127,4,7022.99
18342,18342,100,4,12627.27
18343,18343,9,2,7868.98
18344,18344,78,5,3968.49
18345,18345,134,1,904.04
18346,18346,196,4,10134.09
18347,18347,79,3,27672.78
18348,18348,50,2,8022.24
18349,18349,91,4,24150.89
18350,18350,159,3,5770.16
18351,18351,3,2,13312.12
18352,18352,97,1,15480.83
18353,18353,25,4,14280.01
18354,18354,115,3,19349.21
18355,18355,33,5,351.77
18356,18356,113,2,16263.55
18357,18357,82,3,17607.83
18358,18358,181,4,8035.92
18359,18359,94,4,4040.83
18360,18360,154,1,23101.64
18361,18361,157,2,12947.92
18362,18362,118,5,14798.89
18363,18363,119,3,5173.11
18364,18364,21,2,4061.98
18365,18365,123,1,12118.15
18366,18366,52,4,1034.09
18367,18367,151,1,18344.56
18368,18368,143,1,14111.6
18369,18369,11,1,11525.15
18370,18370,28,3,16098.38
18371,18371,78,5,3968.49
18372,18372,97,4,15480.83
18373,18373,98,2,740.62
18374,18374,54,4,13304.66
18375,18375,46,2,9915.48
18376,18376,108,5,14335.21
18377,18377,72,5,16174.11
18378,18378,114,1,12921.43
18379,18379,24,1,13804.57
18380,18380,144,2,25378.87
18381,18381,191,1,955.75
18382,18382,91,4,24150.89
18383,18383,172,3,11683.09
18384,18384,150,2,3511.86
18385,18385,196,1,10134.09
18386,18386,113,5,16263.55
18387,18387,74,1,7274.5
18388,18388,128,3,1071.68
18389,18389,163,5,3797.21
18390,18390,67,1,10450.83
18391,18391,179,4,13532.44
18392,18392,135,1,21436.4
18393,18393,172,3,11683.09
18394,18394,170,4,4852.6
18395,18395,64,3,2967.21
18396,18396,170,1,4852.6
18397,18397,33,1,351.77
18398,18398,182,1,7031.34
18399,18399,173,1,3363.26
18400,18400,86,2,12094.11
18401,18401,59,4,8391.44
18402,18402,107,1,5735.07
18403,18403,26,2,12546.76
18404,18404,189,1,5861.15
18405,18405,164,4,5452.82
18406,18406,19,2,21294.24
18407,18407,125,4,6220.2
18408,18408,79,1,27672.78
18409,18409,161,3,377.71
18410,18410,176,1,4315.47
18411,18411,46,4,9915.48
18412,18412,74,4,7274.5
18413,18413,76,2,6546.83
18414,18414,98,1,740.62
18415,18415,176,5,4315.47
18416,18416,84,5,27377.47
18417,18417,91,4,24150.89
18418,18418,199,5,14879.64
18419,18419,189,2,5861.15
18420,18420,110,5,28002.99
18421,18421,160,5,574.04
18422,18422,186,1,21268.61
18423,18423,142,5,17820.58
18424,18424,118,2,14798.89
18425,18425,153,1,28994.85
18426,18426,106,3,16769.45
18427,18427,78,1,3968.49
18428,18428,182,2,7031.34
18429,18429,148,2,4657.5
18430,18430,32,2,5374.36
18431,18431,134,3,904.04
18432,18432,119,4,5173.11
18433,18433,1,2,21191.29
18434,18434,164,5,5452.82
18435,18435,38,2,5822.86
18436,18436,49,1,9269.71
18437,18437,168,2,929.8
18438,18438,43,4,15077.83
18439,18439,90,4,16959.04
18440,18440,2,2,15826.16
18441,18441,113,3,16263.55
18442,18442,189,4,5861.15
18443,18443,73,5,896.37
18444,18444,193,1,9071.96
18445,18445,97,2,15480.83
18446,18446,136,4,16321.7
18447,18447,48,2,11405.06
18448,18448,170,1,4852.6
18449,18449,13,3,10634.86
18450,18450,156,2,17418.26
18451,18451,74,1,7274.5
18452,18452,11,3,11525.15
18453,18453,117,5,20433.55
18454,18454,192,1,2957.41
18455,18455,179,4,13532.44
18456,18456,95,1,8444.18
18457,18457,152,3,14395.46
18458,18458,64,3,2967.21
18459,18459,41,1,4660.83
18460,18460,47,5,14713.56
18461,18461,140,3,3677.83
18462,18462,172,2,11683.09
18463,18463,184,5,2190.56
18464,18464,108,2,14335.21
18465,18465,26,5,12546.76
18466,18466,147,1,17781.52
18467,18467,83,3,16795.16
18468,18468,18,5,6431.52
18469,18469,35,1,16408.02
18470,18470,39,4,17650.3
18471,18471,105,2,9571.88
18472,18472,62,5,17180.02
18473,18473,4,4,5202.8
18474,18474,168,4,929.8
18475,18475,39,3,17650.3
18476,18476,189,2,5861.15
18477,18477,5,3,1235.05
18478,18478,84,4,27377.47
18479,18479,24,1,13804.57
18480,18480,130,1,13160.01
18481,18481,101,1,8547.18
18482,18482,69,2,7059.92
18483,18483,155,4,13686.84
18484,18484,148,3,4657.5
18485,18485,87,5,25821.69
18486,18486,14,1,1200.29
18487,18487,182,2,7031.34
18488,18488,187,2,11738.99
18489,18489,105,2,9571.88
18490,18490,138,4,1398.1
18491,18491,64,5,2967.21
18492,18492,79,1,27672.78
18493,18493,4,5,5202.8
18494,18494,43,1,15077.83
18495,18495,73,2,896.37
18496,18496,113,2,16263.55
18497,18497,52,1,1034.09
18498,18498,52,4,1034.09
18499,18499,196,5,10134.09
18500,18500,175,4,24477.29
18501,18501,146,2,7872.91
18502,18502,175,2,24477.29
18503,18503,8,3,11385.66
18504,18504,43,1,15077.83
18505,18505,130,4,13160.01
18506,18506,172,5,11683.09
18507,18507,103,1,6595.4
18508,18508,133,1,2299.38
18509,18509,18,4,6431.52
18510,18510,63,5,7112.08
18511,18511,186,3,21268.61
18512,18512,173,1,3363.26
18513,18513,158,5,24324.06
18514,18514,193,4,9071.96
18515,18515,160,1,574.04
18516,18516,96,5,20513.9
18517,18517,158,1,24324.06
18518,18518,62,1,17180.02
18519,18519,88,1,10810.93
18520,18520,192,4,2957.41
18521,18521,33,2,351.77
18522,18522,36,2,15665.94
18523,18523,131,2,9463.24
18524,18524,35,3,16408.02
18525,18525,134,1,904.04
18526,18526,37,5,19923.36
18527,18527,173,3,3363.26
18528,18528,76,3,6546.83
18529,18529,160,1,574.04
18530,18530,100,5,12627.27
18531,18531,90,2,16959.04
18532,18532,133,4,2299.38
18533,18533,171,4,11785.29
18534,18534,127,3,7022.99
18535,18535,69,5,7059.92
18536,18536,16,2,6157.77
18537,18537,28,2,16098.38
18538,18538,58,3,2402.97
18539,18539,157,3,12947.92
18540,18540,116,2,3984.38
18541,18541,66,4,21839.21
18542,18542,92,2,15601.31
18543,18543,81,3,19237.52
18544,18544,64,3,2967.21
18545,18545,30,1,4085.97
18546,18546,153,3,28994.85
18547,18547,5,3,1235.05
18548,18548,75,2,27545.83
18549,18549,114,4,12921.43
18550,18550,86,4,12094.11
18551,18551,68,4,21527.67
18552,18552,115,1,19349.21
18553,18553,71,2,17028.76
18554,18554,105,2,9571.88
18555,18555,168,2,929.8
18556,18556,130,2,13160.01
18557,18557,53,1,878.34
18558,18558,9,1,7868.98
18559,18559,17,3,19432.15
18560,18560,63,3,7112.08
18561,18561,38,1,5822.86
18562,18562,133,5,2299.38
18563,18563,127,5,7022.99
18564,18564,78,2,3968.49
18565,18565,191,1,955.75
18566,18566,10,1,27040.17
18567,18567,135,1,21436.4
18568,18568,186,2,21268.61
18569,18569,73,2,896.37
18570,18570,162,3,6165.41
18571,18571,25,5,14280.01
18572,18572,16,3,6157.77
18573,18573,135,3,21436.4
18574,18574,147,2,17781.52
18575,18575,136,4,16321.7
18576,18576,65,5,10719.81
18577,18577,12,3,28934.67
18578,18578,3,1,13312.12
18579,18579,57,4,12361.23
18580,18580,89,4,22077.15
18581,18581,136,3,16321.7
18582,18582,42,3,3206.85
18583,18583,64,1,2967.21
18584,18584,158,5,24324.06
18585,18585,13,3,10634.86
18586,18586,105,4,9571.88
18587,18587,93,1,18565.89
18588,18588,37,1,19923.36
18589,18589,136,4,16321.7
18590,18590,13,2,10634.86
18591,18591,111,5,14461.81
18592,18592,69,1,7059.92
18593,18593,185,5,17714.54
18594,18594,108,4,14335.21
18595,18595,68,3,21527.67
18596,18596,73,4,896.37
18597,18597,56,5,23513.58
18598,18598,15,5,10692.78
18599,18599,2,4,15826.16
18600,18600,91,3,24150.89
18601,18601,82,5,17607.83
18602,18602,36,3,15665.94
18603,18603,57,5,12361.23
18604,18604,60,2,5460.7
18605,18605,130,4,13160.01
18606,18606,54,5,13304.66
18607,18607,106,3,16769.45
18608,18608,122,2,7649.28
18609,18609,53,3,878.34
18610,18610,148,5,4657.5
18611,18611,70,3,12988.47
18612,18612,122,4,7649.28
18613,18613,198,4,7897.84
18614,18614,118,4,14798.89
18615,18615,169,3,16919.54
18616,18616,5,2,1235.05
18617,18617,63,4,7112.08
18618,18618,104,1,17468.31
18619,18619,50,3,8022.24
18620,18620,178,3,823.83
18621,18621,77,3,16616.81
18622,18622,156,5,17418.26
18623,18623,40,5,13014.18
18624,18624,7,2,18492.28
18625,18625,180,2,14598.18
18626,18626,106,3,16769.45
18627,18627,12,2,28934.67
18628,18628,79,3,27672.78
18629,18629,150,4,3511.86
18630,18630,49,4,9269.71
18631,18631,16,3,6157.77
18632,18632,158,2,24324.06
18633,18633,70,4,12988.47
18634,18634,130,5,13160.01
18635,18635,28,1,16098.38
18636,18636,47,5,14713.56
18637,18637,2,1,15826.16
18638,18638,79,4,27672.78
18639,18639,120,5,8634.24
18640,18640,154,4,23101.64
18641,18641,60,1,5460.7
18642,18642,72,3,16174.11
18643,18643,181,4,8035.92
18644,18644,128,3,1071.68
18645,18645,1,2,21191.29
18646,18646,93,2,18565.89
18647,18647,76,4,6546.83
18648,18648,74,4,7274.5
18649,18649,25,2,14280.01
18650,18650,103,5,6595.4
18651,18651,109,5,1949.14
18652,18652,122,3,7649.28
18653,18653,44,3,23468.86
18654,18654,166,5,17663.18
18655,18655,178,2,823.83
18656,18656,22,2,10992.16
18657,18657,68,4,21527.67
18658,18658,140,5,3677.83
18659,18659,71,4,17028.76
18660,18660,183,5,13427.6
18661,18661,188,2,996.04
18662,18662,51,3,4582.1
18663,18663,175,3,24477.29
18664,18664,99,3,20431.12
18665,18665,51,1,4582.1
18666,18666,39,5,17650.3
18667,18667,31,4,8530.85
18668,18668,8,3,11385.66
18669,18669,194,3,12707.5
18670,18670,141,5,23613.7
18671,18671,78,4,3968.49
18672,18672,101,5,8547.18
18673,18673,153,2,28994.85
18674,18674,139,1,4801.64
18675,18675,20,3,5539.73
18676,18676,88,5,10810.93
18677,18677,56,1,23513.58
18678,18678,130,5,13160.01
18679,18679,153,5,28994.85
18680,18680,114,4,12921.43
18681,18681,62,4,17180.02
18682,18682,185,4,17714.54
18683,18683,188,3,996.04
18684,18684,87,4,25821.69
18685,18685,52,3,1034.09
18686,18686,58,5,2402.97
18687,18687,3,3,13312.12
18688,18688,55,1,6404.02
18689,18689,47,1,14713.56
18690,18690,100,4,12627.27
18691,18691,140,3,3677.83
18692,18692,117,5,20433.55
18693,18693,117,2,20433.55
18694,18694,197,1,10336.5
18695,18695,97,4,15480.83
18696,18696,59,1,8391.44
18697,18697,53,1,878.34
18698,18698,32,2,5374.36
18699,18699,2,5,15826.16
18700,18700,168,4,929.8
18701,18701,169,5,16919.54
18702,18702,110,5,28002.99
18703,18703,162,2,6165.41
18704,18704,16,2,6157.77
18705,18705,55,1,6404.02
18706,18706,50,1,8022.24
18707,18707,58,4,2402.97
18708,18708,193,3,9071.96
18709,18709,81,2,19237.52
18710,18710,150,2,3511.86
18711,18711,116,1,3984.38
18712,18712,127,3,7022.99
18713,18713,104,1,17468.31
18714,18714,61,4,3768.98
18715,18715,32,1,5374.36
18716,18716,130,1,13160.01
18717,18717,138,4,1398.1
18718,18718,90,3,16959.04
18719,18719,154,2,23101.64
18720,18720,121,5,14581.68
18721,18721,86,3,12094.11
18722,18722,38,2,5822.86
18723,18723,84,2,27377.47
18724,18724,37,2,19923.36
18725,18725,116,1,3984.38
18726,18726,99,2,20431.12
18727,18727,79,5,27672.78
18728,18728,69,1,7059.92
18729,18729,200,1,20420.05
18730,18730,120,2,8634.24
18731,18731,103,3,6595.4
18732,18732,62,4,17180.02
18733,18733,146,1,7872.91
18734,18734,107,4,5735.07
18735,18735,196,1,10134.09
18736,18736,168,2,929.8
18737,18737,136,4,16321.7
18738,18738,92,4,15601.31
18739,18739,14,3,1200.29
18740,18740,182,3,7031.34
18741,18741,197,3,10336.5
18742,18742,173,3,3363.26
18743,18743,117,1,20433.55
18744,18744,181,2,8035.92
18745,18745,181,5,8035.92
18746,18746,14,4,1200.29
18747,18747,124,5,7049.35
18748,18748,200,4,20420.05
18749,18749,4,4,5202.8
18750,18750,194,1,12707.5
18751,18751,6,4,21150.77
18752,18752,25,4,14280.01
18753,18753,10,5,27040.17
18754,18754,62,3,17180.02
18755,18755,132,1,3487.55
18756,18756,51,1,4582.1
18757,18757,98,2,740.62
18758,18758,104,3,17468.31
18759,18759,165,5,2455.33
18760,18760,6,1,21150.77
18761,18761,124,5,7049.35
18762,18762,125,5,6220.2
18763,18763,196,3,10134.09
18764,18764,199,4,14879.64
18765,18765,43,2,15077.83
18766,18766,197,1,10336.5
18767,18767,97,2,15480.83
18768,18768,161,5,377.71
18769,18769,16,3,6157.77
18770,18770,161,4,377.71
18771,18771,76,5,6546.83
18772,18772,34,2,3657.63
18773,18773,28,4,16098.38
18774,18774,151,4,18344.56
18775,18775,123,5,12118.15
18776,18776,108,2,14335.21
18777,18777,24,5,13804.57
18778,18778,178,2,823.83
18779,18779,4,4,5202.8
18780,18780,76,5,6546.83
18781,18781,41,4,4660.83
18782,18782,128,4,1071.68
18783,18783,14,2,1200.29
18784,18784,147,2,17781.52
18785,18785,151,2,18344.56
18786,18786,152,3,14395.46
18787,18787,142,1,17820.58
18788,18788,98,1,740.62
18789,18789,28,3,16098.38
18790,18790,145,5,10429.51
18791,18791,108,2,14335.21
18792,18792,185,2,17714.54
18793,18793,122,2,7649.28
18794,18794,156,2,17418.26
18795,18795,60,1,5460.7
18796,18796,174,4,17094.14
18797,18797,2,5,15826.16
18798,18798,196,2,10134.09
18799,18799,177,2,25108.98
18800,18800,33,4,351.77
18801,18801,40,1,13014.18
18802,18802,181,5,8035.92
18803,18803,78,3,3968.49
18804,18804,121,4,14581.68
18805,18805,144,2,25378.87
18806,18806,119,5,5173.11
18807,18807,152,4,14395.46
18808,18808,88,5,10810.93
18809,18809,174,3,17094.14
18810,18810,159,5,5770.16
18811,18811,23,2,15541.22
18812,18812,17,2,19432.15
18813,18813,178,1,823.83
18814,18814,128,4,1071.68
18815,18815,19,5,21294.24
18816,18816,102,2,13557.46
18817,18817,183,1,13427.6
18818,18818,18,1,6431.52
18819,18819,93,2,18565.89
18820,18820,62,1,17180.02
18821,18821,12,5,28934.67
18822,18822,25,5,14280.01
18823,18823,4,1,5202.8
18824,18824,196,1,10134.09
18825,18825,197,3,10336.5
18826,18826,196,4,10134.09
18827,18827,146,4,7872.91
18828,18828,126,5,11041.81
18829,18829,64,3,2967.21
18830,18830,175,5,24477.29
18831,18831,149,2,15111.25
18832,18832,140,3,3677.83
18833,18833,152,1,14395.46
18834,18834,18,4,6431.52
18835,18835,176,3,4315.47
18836,18836,85,5,3493.07
18837,18837,180,4,14598.18
18838,18838,123,5,12118.15
18839,18839,173,1,3363.26
18840,18840,176,4,4315.47
18841,18841,88,1,10810.93
18842,18842,121,5,14581.68
18843,18843,46,5,9915.48
18844,18844,169,4,16919.54
18845,18845,14,3,1200.29
18846,18846,135,5,21436.4
18847,18847,196,3,10134.09
18848,18848,121,5,14581.68
18849,18849,127,4,7022.99
18850,18850,31,2,8530.85
18851,18851,193,4,9071.96
18852,18852,171,2,11785.29
18853,18853,70,5,12988.47
18854,18854,31,3,8530.85
18855,18855,148,2,4657.5
18856,18856,193,1,9071.96
18857,18857,30,2,4085.97
18858,18858,154,4,23101.64
18859,18859,3,1,13312.12
18860,18860,96,2,20513.9
18861,18861,153,2,28994.85
18862,18862,132,2,3487.55
18863,18863,15,3,10692.78
18864,18864,110,3,28002.99
18865,18865,110,3,28002.99
18866,18866,44,5,23468.86
18867,18867,166,1,17663.18
18868,18868,109,5,1949.14
18869,18869,68,4,21527.67
18870,18870,51,5,4582.1
18871,18871,91,2,24150.89
18872,18872,148,2,4657.5
18873,18873,194,4,12707.5
18874,18874,41,1,4660.83
18875,18875,126,4,11041.81
18876,18876,80,3,23718.28
18877,18877,94,1,4040.83
18878,18878,78,3,3968.49
18879,18879,120,2,8634.24
18880,18880,55,1,6404.02
18881,18881,56,2,23513.58
18882,18882,88,2,10810.93
18883,18883,9,5,7868.98
18884,18884,138,1,1398.1
18885,18885,94,1,4040.83
18886,18886,176,3,4315.47
18887,18887,91,2,24150.89
18888,18888,151,3,18344.56
18889,18889,128,5,1071.68
18890,18890,194,2,12707.5
18891,18891,178,1,823.83
18892,18892,19,4,21294.24
18893,18893,14,1,1200.29
18894,18894,105,2,9571.88
18895,18895,70,5,12988.47
18896,18896,81,2,19237.52
18897,18897,51,1,4582.1
18898,18898,12,5,28934.67
18899,18899,148,4,4657.5
18900,18900,16,2,6157.77
18901,18901,22,1,10992.16
18902,18902,54,5,13304.66
18903,18903,18,2,6431.52
18904,18904,138,5,1398.1
18905,18905,60,2,5460.7
18906,18906,100,3,12627.27
18907,18907,31,2,8530.85
18908,18908,24,2,13804.57
18909,18909,175,3,24477.29
18910,18910,78,5,3968.49
18911,18911,103,4,6595.4
18912,18912,30,5,4085.97
18913,18913,3,2,13312.12
18914,18914,31,1,8530.85
18915,18915,175,2,24477.29
18916,18916,127,5,7022.99
18917,18917,193,3,9071.96
18918,18918,99,4,20431.12
18919,18919,87,3,25821.69
18920,18920,171,4,11785.29
18921,18921,126,3,11041.81
18922,18922,137,1,14887.13
18923,18923,39,5,17650.3
18924,18924,3,4,13312.12
18925,18925,22,5,10992.16
18926,18926,127,2,7022.99
18927,18927,174,5,17094.14
18928,18928,66,5,21839.21
18929,18929,49,3,9269.71
18930,18930,160,1,574.04
18931,18931,59,3,8391.44
18932,18932,42,2,3206.85
18933,18933,180,1,14598.18
18934,18934,70,5,12988.47
18935,18935,92,2,15601.31
18936,18936,154,2,23101.64
18937,18937,114,2,12921.43
18938,18938,162,4,6165.41
18939,18939,129,2,9625.23
18940,18940,111,2,14461.81
18941,18941,120,4,8634.24
18942,18942,117,1,20433.55
18943,18943,194,3,12707.5
18944,18944,55,5,6404.02
18945,18945,47,2,14713.56
18946,18946,168,3,929.8
18947,18947,10,2,27040.17
18948,18948,25,4,14280.01
18949,18949,131,5,9463.24
18950,18950,151,2,18344.56
18951,18951,172,5,11683.09
18952,18952,83,1,16795.16
18953,18953,18,1,6431.52
18954,18954,145,3,10429.51
18955,18955,83,4,16795.16
18956,18956,93,1,18565.89
18957,18957,113,1,16263.55
18958,18958,15,1,10692.78
18959,18959,131,4,9463.24
18960,18960,144,4,25378.87
18961,18961,122,5,7649.28
18962,18962,84,3,27377.47
18963,18963,38,4,5822.86
18964,18964,68,2,21527.67
18965,18965,42,1,3206.85
18966,18966,84,1,27377.47
18967,18967,112,5,13028.13
18968,18968,135,1,21436.4
18969,18969,162,3,6165.41
18970,18970,27,1,15343.35
18971,18971,134,4,904.04
18972,18972,187,3,11738.99
18973,18973,21,5,4061.98
18974,18974,121,5,14581.68
18975,18975,128,5,1071.68
18976,18976,90,1,16959.04
18977,18977,194,3,12707.5
18978,18978,50,3,8022.24
18979,18979,155,2,13686.84
18980,18980,173,1,3363.26
18981,18981,149,3,15111.25
18982,18982,30,1,4085.97
18983,18983,143,4,14111.6
18984,18984,36,3,15665.94
18985,18985,37,2,19923.36
18986,18986,185,5,17714.54
18987,18987,31,1,8530.85
18988,18988,62,1,17180.02
18989,18989,151,1,18344.56
18990,18990,46,2,9915.48
18991,18991,53,3,878.34
18992,18992,59,1,8391.44
18993,18993,51,3,4582.1
18994,18994,73,2,896.37
18995,18995,162,5,6165.41
18996,18996,91,4,24150.89
18997,18997,112,4,13028.13
18998,18998,47,2,14713.56
18999,18999,13,2,10634.86
19000,19000,48,4,11405.06
19001,19001,193,4,9071.96
19002,19002,80,3,23718.28
19003,19003,111,1,14461.81
19004,19004,146,4,7872.91
19005,19005,144,3,25378.87
19006,19006,13,1,10634.86
19007,19007,158,4,24324.06
19008,19008,87,2,25821.69
19009,19009,50,5,8022.24
19010,19010,7,2,18492.28
19011,19011,171,2,11785.29
19012,19012,120,5,8634.24
19013,19013,115,1,19349.21
19014,19014,189,3,5861.15
19015,19015,75,4,27545.83
19016,19016,137,2,14887.13
19017,19017,99,5,20431.12
19018,19018,12,2,28934.67
19019,19019,97,2,15480.83
19020,19020,200,2,20420.05
19021,19021,128,2,1071.68
19022,19022,132,5,3487.55
19023,19023,42,5,3206.85
19024,19024,76,4,6546.83
19025,19025,141,2,23613.7
19026,19026,14,2,1200.29
19027,19027,186,5,21268.61
19028,19028,18,2,6431.52
19029,19029,148,4,4657.5
19030,19030,163,5,3797.21
19031,19031,135,3,21436.4
19032,19032,130,5,13160.01
19033,19033,53,1,878.34
19034,19034,10,5,27040.17
19035,19035,118,3,14798.89
19036,19036,130,5,13160.01
19037,19037,62,4,17180.02
19038,19038,16,2,6157.77
19039,19039,135,5,21436.4
19040,19040,142,2,17820.58
19041,19041,21,3,4061.98
19042,19042,54,4,13304.66
19043,19043,50,1,8022.24
19044,19044,99,5,20431.12
19045,19045,54,3,13304.66
19046,19046,72,2,16174.11
19047,19047,188,1,996.04
19048,19048,9,4,7868.98
19049,19049,30,5,4085.97
19050,19050,44,2,23468.86
19051,19051,35,2,16408.02
19052,19052,192,2,2957.41
19053,19053,80,3,23718.28
19054,19054,138,4,1398.1
19055,19055,148,3,4657.5
19056,19056,189,2,5861.15
19057,19057,106,2,16769.45
19058,19058,31,4,8530.85
19059,19059,75,1,27545.83
19060,19060,155,5,13686.84
19061,19061,49,5,9269.71
19062,19062,172,4,11683.09
19063,19063,52,5,1034.09
19064,19064,63,1,7112.08
19065,19065,51,4,4582.1
19066,19066,111,2,14461.81
19067,19067,55,5,6404.02
19068,19068,65,5,10719.81
19069,19069,4,1,5202.8
19070,19070,131,1,9463.24
19071,19071,162,3,6165.41
19072,19072,198,1,7897.84
19073,19073,11,3,11525.15
19074,19074,163,1,3797.21
19075,19075,88,3,10810.93
19076,19076,116,3,3984.38
19077,19077,153,2,28994.85
19078,19078,126,1,11041.81
19079,19079,98,5,740.62
19080,19080,173,3,3363.26
19081,19081,190,4,4782.23
19082,19082,139,5,4801.64
19083,19083,182,4,7031.34
19084,19084,70,5,12988.47
19085,19085,24,4,13804.57
19086,19086,106,5,16769.45
19087,19087,91,1,24150.89
19088,19088,78,5,3968.49
19089,19089,36,5,15665.94
19090,19090,189,4,5861.15
19091,19091,180,5,14598.18
19092,19092,87,1,25821.69
19093,19093,60,5,5460.7
19094,19094,185,4,17714.54
19095,19095,118,1,14798.89
19096,19096,31,2,8530.85
19097,19097,178,1,823.83
19098,19098,126,4,11041.81
19099,19099,124,3,7049.35
19100,19100,188,2,996.04
19101,19101,132,5,3487.55
19102,19102,68,4,21527.67
19103,19103,176,3,4315.47
19104,19104,199,3,14879.64
19105,19105,189,2,5861.15
19106,19106,14,3,1200.29
19107,19107,23,2,15541.22
19108,19108,12,4,28934.67
19109,19109,67,5,10450.83
19110,19110,135,4,21436.4
19111,19111,7,2,18492.28
19112,19112,63,2,7112.08
19113,19113,176,4,4315.47
19114,19114,46,2,9915.48
19115,19115,25,3,14280.01
19116,19116,135,2,21436.4
19117,19117,28,3,16098.38
19118,19118,159,5,5770.16
19119,19119,40,4,13014.18
19120,19120,9,3,7868.98
19121,19121,125,3,6220.2
19122,19122,177,2,25108.98
19123,19123,148,5,4657.5
19124,19124,196,2,10134.09
19125,19125,10,5,27040.17
19126,19126,182,3,7031.34
19127,19127,172,5,11683.09
19128,19128,137,1,14887.13
19129,19129,50,2,8022.24
19130,19130,79,2,27672.78
19131,19131,116,2,3984.38
19132,19132,74,3,7274.5
19133,19133,26,5,12546.76
19134,19134,22,4,10992.16
19135,19135,125,2,6220.2
19136,19136,118,5,14798.89
19137,19137,121,4,14581.68
19138,19138,186,5,21268.61
19139,19139,81,2,19237.52
19140,19140,139,5,4801.64
19141,19141,91,4,24150.89
19142,19142,17,2,19432.15
19143,19143,157,3,12947.92
19144,19144,71,4,17028.76
19145,19145,77,3,16616.81
19146,19146,139,2,4801.64
19147,19147,100,2,12627.27
19148,19148,184,1,2190.56
19149,19149,61,2,3768.98
19150,19150,108,4,14335.21
19151,19151,180,5,14598.18
19152,19152,110,1,28002.99
19153,19153,85,1,3493.07
19154,19154,129,2,9625.23
19155,19155,131,4,9463.24
19156,19156,36,2,15665.94
19157,19157,36,1,15665.94
19158,19158,133,1,2299.38
19159,19159,50,2,8022.24
19160,19160,195,3,16085.73
19161,19161,132,5,3487.55
19162,19162,15,3,10692.78
19163,19163,13,1,10634.86
19164,19164,58,5,2402.97
19165,19165,66,3,21839.21
19166,19166,119,5,5173.11
19167,19167,124,4,7049.35
19168,19168,177,1,25108.98
19169,19169,181,3,8035.92
19170,19170,118,2,14798.89
19171,19171,139,4,4801.64
19172,19172,184,4,2190.56
19173,19173,173,2,3363.26
19174,19174,119,2,5173.11
19175,19175,129,2,9625.23
19176,19176,165,1,2455.33
19177,19177,150,3,3511.86
19178,19178,102,5,13557.46
19179,19179,112,4,13028.13
19180,19180,66,5,21839.21
19181,19181,86,1,12094.11
19182,19182,31,5,8530.85
19183,19183,18,2,6431.52
19184,19184,65,2,10719.81
19185,19185,36,1,15665.94
19186,19186,100,1,12627.27
19187,19187,119,4,5173.11
19188,19188,119,4,5173.11
19189,19189,196,1,10134.09
19190,19190,97,5,15480.83
19191,19191,48,3,11405.06
19192,19192,61,2,3768.98
19193,19193,88,4,10810.93
19194,19194,14,5,1200.29
19195,19195,167,5,8144.35
19196,19196,12,5,28934.67
19197,19197,141,2,23613.7
19198,19198,127,3,7022.99
19199,19199,56,2,23513.58
19200,19200,119,1,5173.11
19201,19201,192,5,2957.41
19202,19202,65,1,10719.81
19203,19203,52,2,1034.09
19204,19204,28,1,16098.38
19205,19205,164,1,5452.82
19206,19206,24,3,13804.57
19207,19207,142,2,17820.58
19208,19208,112,5,13028.13
19209,19209,174,4,17094.14
19210,19210,8,1,11385.66
19211,19211,116,4,3984.38
19212,19212,175,3,24477.29
19213,19213,31,2,8530.85
19214,19214,172,2,11683.09
19215,19215,200,2,20420.05
19216,19216,111,5,14461.81
19217,19217,111,2,14461.81
19218,19218,99,1,20431.12
19219,19219,163,1,3797.21
19220,19220,130,2,13160.01
19221,19221,97,1,15480.83
19222,19222,43,2,15077.83
19223,19223,155,3,13686.84
19224,19224,111,2,14461.81
19225,19225,93,4,18565.89
19226,19226,194,3,12707.5
19227,19227,132,5,3487.55
19228,19228,171,4,11785.29
19229,19229,147,3,17781.52
19230,19230,190,5,4782.23
19231,19231,42,3,3206.85
19232,19232,75,2,27545.83
19233,19233,161,4,377.71
19234,19234,131,1,9463.24
19235,19235,79,4,27672.78
19236,19236,121,5,14581.68
19237,19237,20,3,5539.73
19238,19238,12,2,28934.67
19239,19239,196,2,10134.09
19240,19240,108,5,14335.21
19241,19241,76,2,6546.83
19242,19242,103,3,6595.4
19243,19243,84,4,27377.47
19244,19244,194,4,12707.5
19245,19245,21,3,4061.98
19246,19246,177,4,25108.98
19247,19247,144,4,25378.87
19248,19248,33,3,351.77
19249,19249,71,5,17028.76
19250,19250,126,2,11041.81
19251,19251,56,5,23513.58
19252,19252,29,3,3278.0
19253,19253,54,1,13304.66
19254,19254,179,4,13532.44
19255,19255,159,1,5770.16
19256,19256,110,3,28002.99
19257,19257,35,2,16408.02
19258,19258,8,4,11385.66
19259,19259,91,1,24150.89
19260,19260,131,2,9463.24
19261,19261,127,4,7022.99
19262,19262,106,5,16769.45
19263,19263,58,4,2402.97
19264,19264,196,3,10134.09
19265,19265,186,2,21268.61
19266,19266,21,4,4061.98
19267,19267,79,4,27672.78
19268,19268,51,3,4582.1
19269,19269,154,1,23101.64
19270,19270,162,3,6165.41
19271,19271,153,3,28994.85
19272,19272,140,2,3677.83
19273,19273,83,4,16795.16
19274,19274,172,3,11683.09
19275,19275,85,3,3493.07
19276,19276,127,1,7022.99
19277,19277,88,1,10810.93
19278,19278,101,5,8547.18
19279,19279,194,5,12707.5
19280,19280,90,4,16959.04
19281,19281,184,5,2190.56
19282,19282,169,2,16919.54
19283,19283,176,5,4315.47
19284,19284,85,5,3493.07
19285,19285,37,3,19923.36
19286,19286,129,5,9625.23
19287,19287,97,5,15480.83
19288,19288,148,2,4657.5
19289,19289,5,1,1235.05
19290,19290,164,2,5452.82
19291,19291,6,4,21150.77
19292,19292,157,1,12947.92
19293,19293,16,1,6157.77
19294,19294,164,5,5452.82
19295,19295,175,3,24477.29
19296,19296,79,2,27672.78
19297,19297,10,3,27040.17
19298,19298,32,3,5374.36
19299,19299,108,2,14335.21
19300,19300,88,2,10810.93
19301,19301,46,4,9915.48
19302,19302,115,5,19349.21
19303,19303,7,5,18492.28
19304,19304,179,2,13532.44
19305,19305,179,4,13532.44
19306,19306,196,4,10134.09
19307,19307,167,1,8144.35
19308,19308,197,4,10336.5
19309,19309,198,1,7897.84
19310,19310,170,3,4852.6
19311,19311,171,4,11785.29
19312,19312,148,2,4657.5
19313,19313,122,2,7649.28
19314,19314,142,1,17820.58
19315,19315,34,4,3657.63
19316,19316,139,1,4801.64
19317,19317,98,1,740.62
19318,19318,30,4,4085.97
19319,19319,75,4,27545.83
19320,19320,169,5,16919.54
19321,19321,73,3,896.37
19322,19322,34,5,3657.63
19323,19323,27,3,15343.35
19324,19324,111,1,14461.81
19325,19325,178,2,823.83
19326,19326,91,4,24150.89
19327,19327,61,1,3768.98
19328,19328,25,5,14280.01
19329,19329,24,1,13804.57
19330,19330,191,2,955.75
19331,19331,112,1,13028.13
19332,19332,193,2,9071.96
19333,19333,189,5,5861.15
19334,19334,79,2,27672.78
19335,19335,16,5,6157.77
19336,19336,66,2,21839.21
19337,19337,146,3,7872.91
19338,19338,172,5,11683.09
19339,19339,159,3,5770.16
19340,19340,197,1,10336.5
19341,19341,102,3,13557.46
19342,19342,8,2,11385.66
19343,19343,177,5,25108.98
19344,19344,100,2,12627.27
19345,19345,191,4,955.75
19346,19346,89,5,22077.15
19347,19347,193,2,9071.96
19348,19348,160,1,574.04
19349,19349,17,5,19432.15
19350,19350,191,3,955.75
19351,19351,7,4,18492.28
19352,19352,102,3,13557.46
19353,19353,146,1,7872.91
19354,19354,60,1,5460.7
19355,19355,191,1,955.75
19356,19356,13,1,10634.86
19357,19357,11,1,11525.15
19358,19358,146,5,7872.91
19359,19359,94,2,4040.83
19360,19360,168,3,929.8
19361,19361,32,1,5374.36
19362,19362,39,4,17650.3
19363,19363,64,1,2967.21
19364,19364,167,2,8144.35
19365,19365,100,1,12627.27
19366,19366,14,2,1200.29
19367,19367,112,5,13028.13
19368,19368,91,1,24150.89
19369,19369,33,4,351.77
19370,19370,163,2,3797.21
19371,19371,130,1,13160.01
19372,19372,17,2,19432.15
19373,19373,137,5,14887.13
19374,19374,103,1,6595.4
19375,19375,161,4,377.71
19376,19376,63,3,7112.08
19377,19377,11,2,11525.15
19378,19378,85,5,3493.07
19379,19379,141,2,23613.7
19380,19380,55,2,6404.02
19381,19381,77,5,16616.81
19382,19382,67,4,10450.83
19383,19383,83,2,16795.16
19384,19384,113,5,16263.55
19385,19385,104,3,17468.31
19386,19386,129,5,9625.23
19387,19387,15,2,10692.78
19388,19388,6,2,21150.77
19389,19389,83,4,16795.16
19390,19390,107,5,5735.07
19391,19391,121,1,14581.68
19392,19392,37,4,19923.36
19393,19393,79,4,27672.78
19394,19394,6,3,21150.77
19395,19395,155,3,13686.84
19396,19396,95,1,8444.18
19397,19397,120,4,8634.24
19398,19398,170,3,4852.6
19399,19399,84,4,27377.47
19400,19400,71,1,17028.76
19401,19401,69,2,7059.92
19402,19402,108,1,14335.21
19403,19403,80,3,23718.28
19404,19404,29,2,3278.0
19405,19405,159,1,5770.16
19406,19406,199,3,14879.64
19407,19407,92,1,15601.31
19408,19408,38,4,5822.86
19409,19409,104,1,17468.31
19410,19410,182,3,7031.34
19411,19411,123,4,12118.15
19412,19412,110,5,28002.99
19413,19413,168,5,929.8
19414,19414,44,3,23468.86
19415,19415,12,4,28934.67
19416,19416,115,2,19349.21
19417,19417,14,5,1200.29
19418,19418,6,4,21150.77
19419,19419,149,5,15111.25
19420,19420,76,5,6546.83
19421,19421,118,4,14798.89
19422,19422,196,4,10134.09
19423,19423,105,3,9571.88
19424,19424,49,3,9269.71
19425,19425,181,2,8035.92
19426,19426,48,3,11405.06
19427,19427,88,1,10810.93
19428,19428,191,2,955.75
19429,19429,187,2,11738.99
19430,19430,168,5,929.8
19431,19431,10,4,27040.17
19432,19432,17,2,19432.15
19433,19433,137,2,14887.13
19434,19434,141,2,23613.7
19435,19435,71,4,17028.76
19436,19436,88,1,10810.93
19437,19437,109,2,1949.14
19438,19438,83,4,16795.16
19439,19439,19,2,21294.24
19440,19440,189,1,5861.15
19441,19441,4,5,5202.8
19442,19442,143,2,14111.6
19443,19443,157,4,12947.92
19444,19444,157,1,12947.92
19445,19445,37,3,19923.36
19446,19446,32,1,5374.36
19447,19447,179,4,13532.44
19448,19448,199,4,14879.64
19449,19449,49,1,9269.71
19450,19450,135,3,21436.4
19451,19451,46,5,9915.48
19452,19452,114,2,12921.43
19453,19453,48,4,11405.06
19454,19454,193,1,9071.96
19455,19455,157,5,12947.92
19456,19456,47,2,14713.56
19457,19457,90,2,16959.04
19458,19458,188,1,996.04
19459,19459,32,2,5374.36
19460,19460,127,3,7022.99
19461,19461,166,1,17663.18
19462,19462,53,4,878.34
19463,19463,162,5,6165.41
19464,19464,128,2,1071.68
19465,19465,55,5,6404.02
19466,19466,160,3,574.04
19467,19467,98,1,740.62
19468,19468,144,3,25378.87
19469,19469,37,3,19923.36
19470,19470,95,5,8444.18
19471,19471,31,3,8530.85
19472,19472,197,4,10336.5
19473,19473,30,3,4085.97
19474,19474,73,4,896.37
19475,19475,178,1,823.83
19476,19476,149,2,15111.25
19477,19477,30,1,4085.97
19478,19478,99,4,20431.12
19479,19479,19,4,21294.24
19480,19480,165,5,2455.33
19481,19481,59,4,8391.44
19482,19482,50,2,8022.24
19483,19483,145,1,10429.51
19484,19484,49,2,9269.71
19485,19485,84,1,27377.47
19486,19486,8,1,11385.66
19487,19487,120,3,8634.24
19488,19488,19,3,21294.24
19489,19489,87,4,25821.69
19490,19490,165,4,2455.33
19491,19491,27,2,15343.35
19492,19492,49,5,9269.71
19493,19493,91,2,24150.89
19494,19494,29,2,3278.0
19495,19495,98,2,740.62
19496,19496,40,2,13014.18
19497,19497,19,2,21294.24
19498,19498,157,5,12947.92
19499,19499,174,1,17094.14
19500,19500,188,2,996.04
19501,19501,23,1,15541.22
19502,19502,25,4,14280.01
19503,19503,163,2,3797.21
19504,19504,78,4,3968.49
19505,19505,54,3,13304.66
19506,19506,156,2,17418.26
19507,19507,37,1,19923.36
19508,19508,166,1,17663.18
19509,19509,26,3,12546.76
19510,19510,54,5,13304.66
19511,19511,59,4,8391.44
19512,19512,117,1,20433.55
19513,19513,41,2,4660.83
19514,19514,126,5,11041.81
19515,19515,123,4,12118.15
19516,19516,70,3,12988.47
19517,19517,151,2,18344.56
19518,19518,100,3,12627.27
19519,19519,187,5,11738.99
19520,19520,107,3,5735.07
19521,19521,166,2,17663.18
19522,19522,148,4,4657.5
19523,19523,123,4,12118.15
19524,19524,148,2,4657.5
19525,19525,107,5,5735.07
19526,19526,68,3,21527.67
19527,19527,44,1,23468.86
19528,19528,148,5,4657.5
19529,19529,46,3,9915.48
19530,19530,48,3,11405.06
19531,19531,148,4,4657.5
19532,19532,4,4,5202.8
19533,19533,163,2,3797.21
19534,19534,91,4,24150.89
19535,19535,36,3,15665.94
19536,19536,22,3,10992.16
19537,19537,103,1,6595.4
19538,19538,79,4,27672.78
19539,19539,82,1,17607.83
19540,19540,85,5,3493.07
19541,19541,97,1,15480.83
19542,19542,119,4,5173.11
19543,19543,155,2,13686.84
19544,19544,182,2,7031.34
19545,19545,152,1,14395.46
19546,19546,191,4,955.75
19547,19547,4,2,5202.8
19548,19548,70,4,12988.47
19549,19549,28,2,16098.38
19550,19550,194,4,12707.5
19551,19551,70,4,12988.47
19552,19552,175,3,24477.29
19553,19553,67,5,10450.83
19554,19554,88,5,10810.93
19555,19555,42,5,3206.85
19556,19556,86,1,12094.11
19557,19557,32,1,5374.36
19558,19558,176,5,4315.47
19559,19559,87,4,25821.69
19560,19560,85,1,3493.07
19561,19561,173,2,3363.26
19562,19562,57,3,12361.23
19563,19563,121,2,14581.68
19564,19564,70,3,12988.47
19565,19565,45,2,9921.88
19566,19566,7,2,18492.28
19567,19567,76,4,6546.83
19568,19568,46,2,9915.48
19569,19569,175,5,24477.29
19570,19570,2,2,15826.16
19571,19571,44,1,23468.86
19572,19572,147,3,17781.52
19573,19573,80,4,23718.28
19574,19574,90,2,16959.04
19575,19575,92,2,15601.31
19576,19576,109,4,1949.14
19577,19577,16,4,6157.77
19578,19578,135,3,21436.4
19579,19579,94,2,4040.83
19580,19580,132,2,3487.55
19581,19581,156,1,17418.26
19582,19582,121,1,14581.68
19583,19583,143,2,14111.6
19584,19584,177,2,25108.98
19585,19585,193,1,9071.96
19586,19586,49,2,9269.71
19587,19587,147,3,17781.52
19588,19588,23,2,15541.22
19589,19589,66,2,21839.21
19590,19590,150,2,3511.86
19591,19591,61,2,3768.98
19592,19592,161,3,377.71
19593,19593,113,3,16263.55
19594,19594,155,2,13686.84
19595,19595,127,5,7022.99
19596,19596,20,3,5539.73
19597,19597,133,1,2299.38
19598,19598,107,3,5735.07
19599,19599,62,2,17180.02
19600,19600,159,1,5770.16
19601,19601,144,3,25378.87
19602,19602,160,3,574.04
19603,19603,181,3,8035.92
19604,19604,165,4,2455.33
19605,19605,154,3,23101.64
19606,19606,134,2,904.04
19607,19607,159,1,5770.16
19608,19608,186,3,21268.61
19609,19609,84,5,27377.47
19610,19610,149,2,15111.25
19611,19611,141,3,23613.7
19612,19612,67,2,10450.83
19613,19613,54,1,13304.66
19614,19614,157,5,12947.92
19615,19615,142,5,17820.58
19616,19616,81,5,19237.52
19617,19617,30,2,4085.97
19618,19618,156,1,17418.26
19619,19619,49,4,9269.71
19620,19620,53,5,878.34
19621,19621,12,3,28934.67
19622,19622,177,3,25108.98
19623,19623,184,3,2190.56
19624,19624,65,2,10719.81
19625,19625,27,2,15343.35
19626,19626,164,1,5452.82
19627,19627,2,2,15826.16
19628,19628,83,3,16795.16
19629,19629,147,3,17781.52
19630,19630,145,1,10429.51
19631,19631,148,4,4657.5
19632,19632,156,4,17418.26
19633,19633,129,2,9625.23
19634,19634,11,1,11525.15
19635,19635,19,1,21294.24
19636,19636,18,3,6431.52
19637,19637,200,5,20420.05
19638,19638,30,2,4085.97
19639,19639,89,3,22077.15
19640,19640,87,1,25821.69
19641,19641,71,4,17028.76
19642,19642,99,5,20431.12
19643,19643,155,4,13686.84
19644,19644,188,3,996.04
19645,19645,32,2,5374.36
19646,19646,155,2,13686.84
19647,19647,66,3,21839.21
19648,19648,12,3,28934.67
19649,19649,58,2,2402.97
19650,19650,15,5,10692.78
19651,19651,114,2,12921.43
19652,19652,51,3,4582.1
19653,19653,126,5,11041.81
19654,19654,59,2,8391.44
19655,19655,33,5,351.77
19656,19656,194,5,12707.5
19657,19657,179,2,13532.44
19658,19658,118,3,14798.89
19659,19659,177,2,25108.98
19660,19660,156,1,17418.26
19661,19661,27,2,15343.35
19662,19662,72,3,16174.11
19663,19663,102,1,13557.46
19664,19664,170,1,4852.6
19665,19665,13,1,10634.86
19666,19666,34,5,3657.63
19667,19667,90,3,16959.04
19668,19668,132,5,3487.55
19669,19669,68,5,21527.67
19670,19670,39,3,17650.3
19671,19671,1,5,21191.29
19672,19672,80,4,23718.28
19673,19673,146,3,7872.91
19674,19674,28,3,16098.38
19675,19675,131,1,9463.24
19676,19676,140,5,3677.83
19677,19677,80,1,23718.28
19678,19678,139,3,4801.64
19679,19679,99,1,20431.12
19680,19680,186,1,21268.61
19681,19681,123,5,12118.15
19682,19682,82,2,17607.83
19683,19683,11,1,11525.15
19684,19684,23,3,15541.22
19685,19685,14,4,1200.29
19686,19686,54,5,13304.66
19687,19687,96,2,20513.9
19688,19688,31,5,8530.85
19689,19689,59,4,8391.44
19690,19690,34,2,3657.63
19691,19691,12,3,28934.67
19692,19692,165,3,2455.33
19693,19693,186,1,21268.61
19694,19694,103,4,6595.4
19695,19695,145,2,10429.51
19696,19696,47,1,14713.56
19697,19697,107,5,5735.07
19698,19698,33,3,351.77
19699,19699,29,4,3278.0
19700,19700,152,3,14395.46
19701,19701,160,4,574.04
19702,19702,124,5,7049.35
19703,19703,89,2,22077.15
19704,19704,10,1,27040.17
19705,19705,119,4,5173.11
19706,19706,196,1,10134.09
19707,19707,20,2,5539.73
19708,19708,171,2,11785.29
19709,19709,101,3,8547.18
19710,19710,54,5,13304.66
19711,19711,111,3,14461.81
19712,19712,70,5,12988.47
19713,19713,49,3,9269.71
19714,19714,16,2,6157.77
19715,19715,28,2,16098.38
19716,19716,65,4,10719.81
19717,19717,103,2,6595.4
19718,19718,34,2,3657.63
19719,19719,193,2,9071.96
19720,19720,148,2,4657.5
19721,19721,46,4,9915.48
19722,19722,90,1,16959.04
19723,19723,157,3,12947.92
19724,19724,14,1,1200.29
19725,19725,87,3,25821.69
19726,19726,91,3,24150.89
19727,19727,34,1,3657.63
19728,19728,82,4,17607.83
19729,19729,85,5,3493.07
19730,19730,39,3,17650.3
19731,19731,165,2,2455.33
19732,19732,45,3,9921.88
19733,19733,37,5,19923.36
19734,19734,197,4,10336.5
19735,19735,46,5,9915.48
19736,19736,111,3,14461.81
19737,19737,71,5,17028.76
19738,19738,199,5,14879.64
19739,19739,1,1,21191.29
19740,19740,132,3,3487.55
19741,19741,80,2,23718.28
19742,19742,147,3,17781.52
19743,19743,105,2,9571.88
19744,19744,165,4,2455.33
19745,19745,41,2,4660.83
19746,19746,182,5,7031.34
19747,19747,24,3,13804.57
19748,19748,129,2,9625.23
19749,19749,122,4,7649.28
19750,19750,24,5,13804.57
19751,19751,15,5,10692.78
19752,19752,124,5,7049.35
19753,19753,15,5,10692.78
19754,19754,124,5,7049.35
19755,19755,197,3,10336.5
19756,19756,168,2,929.8
19757,19757,147,5,17781.52
19758,19758,114,3,12921.43
19759,19759,186,4,21268.61
19760,19760,105,5,9571.88
19761,19761,34,4,3657.63
19762,19762,123,2,12118.15
19763,19763,177,1,25108.98
19764,19764,74,2,7274.5
19765,19765,9,3,7868.98
19766,19766,95,2,8444.18
19767,19767,127,1,7022.99
19768,19768,64,1,2967.21
19769,19769,74,2,7274.5
19770,19770,84,2,27377.47
19771,19771,50,3,8022.24
19772,19772,9,5,7868.98
19773,19773,149,3,15111.25
19774,19774,113,3,16263.55
19775,19775,6,5,21150.77
19776,19776,176,4,4315.47
19777,19777,160,2,574.04
19778,19778,89,3,22077.15
19779,19779,36,2,15665.94
19780,19780,147,5,17781.52
19781,19781,49,1,9269.71
19782,19782,179,2,13532.44
19783,19783,67,4,10450.83
19784,19784,192,5,2957.41
19785,19785,96,1,20513.9
19786,19786,122,5,7649.28
19787,19787,99,5,20431.12
19788,19788,13,5,10634.86
19789,19789,136,3,16321.7
19790,19790,67,2,10450.83
19791,19791,98,3,740.62
19792,19792,170,1,4852.6
19793,19793,188,4,996.04
19794,19794,84,5,27377.47
19795,19795,199,4,14879.64
19796,19796,122,2,7649.28
19797,19797,169,3,16919.54
19798,19798,185,4,17714.54
19799,19799,148,2,4657.5
19800,19800,18,3,6431.52
19801,19801,69,1,7059.92
19802,19802,68,5,21527.67
19803,19803,50,5,8022.24
19804,19804,6,2,21150.77
19805,19805,133,4,2299.38
19806,19806,86,5,12094.11
19807,19807,193,2,9071.96
19808,19808,84,4,27377.47
19809,19809,96,2,20513.9
19810,19810,186,2,21268.61
19811,19811,165,1,2455.33
19812,19812,53,1,878.34
19813,19813,33,1,351.77
19814,19814,52,4,1034.09
19815,19815,174,3,17094.14
19816,19816,27,3,15343.35
19817,19817,167,5,8144.35
19818,19818,3,1,13312.12
19819,19819,127,2,7022.99
19820,19820,70,2,12988.47
19821,19821,161,4,377.71
19822,19822,50,1,8022.24
19823,19823,103,4,6595.4
19824,19824,181,5,8035.92
19825,19825,60,4,5460.7
19826,19826,114,5,12921.43
19827,19827,46,4,9915.48
19828,19828,111,3,14461.81
19829,19829,158,3,24324.06
19830,19830,118,2,14798.89
19831,19831,76,4,6546.83
19832,19832,95,3,8444.18
19833,19833,57,1,12361.23
19834,19834,105,4,9571.88
19835,19835,116,3,3984.38
19836,19836,53,2,878.34
19837,19837,104,4,17468.31
19838,19838,10,2,27040.17
19839,19839,141,5,23613.7
19840,19840,126,4,11041.81
19841,19841,19,5,21294.24
19842,19842,196,4,10134.09
19843,19843,92,1,15601.31
19844,19844,145,1,10429.51
19845,19845,63,3,7112.08
19846,19846,157,4,12947.92
19847,19847,22,4,10992.16
19848,19848,196,3,10134.09
19849,19849,178,5,823.83
19850,19850,154,4,23101.64
19851,19851,164,1,5452.82
19852,19852,56,2,23513.58
19853,19853,30,5,4085.97
19854,19854,40,5,13014.18
19855,19855,109,4,1949.14
19856,19856,108,3,14335.21
19857,19857,85,4,3493.07
19858,19858,98,1,740.62
19859,19859,47,1,14713.56
19860,19860,42,2,3206.85
19861,19861,15,4,10692.78
19862,19862,78,1,3968.49
19863,19863,183,3,13427.6
19864,19864,56,2,23513.58
19865,19865,86,5,12094.11
19866,19866,162,5,6165.41
19867,19867,194,1,12707.5
19868,19868,112,3,13028.13
19869,19869,80,5,23718.28
19870,19870,84,2,27377.47
19871,19871,70,1,12988.47
19872,19872,131,5,9463.24
19873,19873,11,4,11525.15
19874,19874,2,2,15826.16
19875,19875,136,3,16321.7
19876,19876,82,4,17607.83
19877,19877,28,5,16098.38
19878,19878,68,3,21527.67
19879,19879,139,5,4801.64
19880,19880,35,3,16408.02
19881,19881,107,3,5735.07
19882,19882,145,5,10429.51
19883,19883,81,2,19237.52
19884,19884,167,1,8144.35
19885,19885,18,1,6431.52
19886,19886,19,2,21294.24
19887,19887,128,5,1071.68
19888,19888,71,4,17028.76
19889,19889,81,5,19237.52
19890,19890,82,3,17607.83
19891,19891,19,2,21294.24
19892,19892,101,2,8547.18
19893,19893,152,5,14395.46
19894,19894,165,5,2455.33
19895,19895,112,5,13028.13
19896,19896,65,4,10719.81
19897,19897,63,2,7112.08
19898,19898,147,2,17781.52
19899,19899,40,1,13014.18
19900,19900,4,3,5202.8
19901,19901,148,4,4657.5
19902,19902,199,1,14879.64
19903,19903,141,3,23613.7
19904,19904,67,3,10450.83
19905,19905,175,3,24477.29
19906,19906,75,3,27545.83
19907,19907,41,1,4660.83
19908,19908,28,4,16098.38
19909,19909,150,2,3511.86
19910,19910,183,2,13427.6
19911,19911,178,5,823.83
19912,19912,45,5,9921.88
19913,19913,59,2,8391.44
19914,19914,30,3,4085.97
19915,19915,95,1,8444.18
19916,19916,20,3,5539.73
19917,19917,140,3,3677.83
19918,19918,154,3,23101.64
19919,19919,36,4,15665.94
19920,19920,29,2,3278.0
19921,19921,192,4,2957.41
19922,19922,114,4,12921.43
19923,19923,85,4,3493.07
19924,19924,15,5,10692.78
19925,19925,166,2,17663.18
19926,19926,5,1,1235.05
19927,19927,148,5,4657.5
19928,19928,171,2,11785.29
19929,19929,189,3,5861.15
19930,19930,9,4,7868.98
19931,19931,103,2,6595.4
19932,19932,17,2,19432.15
19933,19933,196,2,10134.09
19934,19934,189,3,5861.15
19935,19935,154,3,23101.64
19936,19936,169,5,16919.54
19937,19937,117,5,20433.55
19938,19938,5,5,1235.05
19939,19939,54,3,13304.66
19940,19940,160,3,574.04
19941,19941,156,1,17418.26
19942,19942,116,1,3984.38
19943,19943,131,2,9463.24
19944,19944,141,5,23613.7
19945,19945,150,4,3511.86
19946,19946,14,1,1200.29
19947,19947,171,4,11785.29
19948,19948,23,4,15541.22
19949,19949,86,3,12094.11
19950,19950,9,3,7868.98
19951,19951,75,4,27545.83
19952,19952,159,1,5770.16
19953,19953,169,5,16919.54
19954,19954,115,4,19349.21
19955,19955,155,2,13686.84
19956,19956,3,2,13312.12
19957,19957,50,1,8022.24
19958,19958,94,2,4040.83
19959,19959,42,2,3206.85
19960,19960,62,2,17180.02
19961,19961,85,4,3493.07
19962,19962,49,4,9269.71
19963,19963,58,1,2402.97
19964,19964,1,4,21191.29
19965,19965,6,4,21150.77
19966,19966,140,1,3677.83
19967,19967,141,1,23613.7
19968,19968,165,1,2455.33
19969,19969,127,4,7022.99
19970,19970,169,1,16919.54
19971,19971,197,2,10336.5
19972,19972,56,1,23513.58
19973,19973,137,2,14887.13
19974,19974,17,3,19432.15
19975,19975,22,5,10992.16
19976,19976,47,5,14713.56
19977,19977,92,1,15601.31
19978,19978,22,5,10992.16
19979,19979,58,3,2402.97
19980,19980,104,5,17468.31
19981,19981,88,5,10810.93
19982,19982,28,3,16098.38
19983,19983,46,3,9915.48
19984,19984,138,5,1398.1
19985,19985,101,5,8547.18
19986,19986,25,4,14280.01
19987,19987,175,3,24477.29
19988,19988,78,1,3968.49
19989,19989,71,1,17028.76
19990,19990,122,4,7649.28
19991,19991,200,1,20420.05
19992,19992,2,1,15826.16
19993,19993,59,2,8391.44
19994,19994,47,5,14713.56
19995,19995,146,3,7872.91
19996,19996,183,5,13427.6
19997,19997,27,4,15343.35
19998,19998,46,5,9915.48
19999,19999,21,4,4061.98
20000,20000,100,5,12627.27
